english,arabic,arabic_normalized,malayalam
Father,أَب,اب,അച്ഛൻ
Mother,أُمّ,ام,അമ്മ
Brother,أَخ,اخ,സഹോദരൻ
Sister,أُخْت,اخت,സഹോദരി
Family,أُسْرَة,اسرة,കുടുംബം
Son,إِبْن,ابن,മകൻ
Daughter,إِبْنَة,ابنة,മകൾ
Uncle (Paternal),عَمّ,عم,അമ്മാവൻ (പിതൃവഴി)
Aunt (Paternal),عَمَّة,عمة,അമ്മായി (പിതൃവഴി)
Uncle (Maternal),خَال,خال,അമ്മാവൻ (മാതൃവഴി)
Aunt (Maternal),خَالَة,خالة,അമ്മായി (മാതൃവഴി)
Grandfather,جَدّ,جد,മുത്തശ്ശൻ
Grandmother,جَدَّة,جدة,മുത്തശ്ശി
Grandson,حَفِيد,حفيد,കൊച്ചുമകൻ
Granddaughter,حَفِيدَة,حفيدة,കൊച്ചുമകൾ
Husband,زَوْج,زوج,ഭർത്താവ്
Wife,زَوْجَة,زوجة,ഭാര്യ
Boy / Child,وَلَد,ولد,കുട്ടി / ആൺകുട്ടി
Girl,بِنْت,بنت,പെൺകുട്ടി
Child,طِفْل,طفل,കുട്ടി
Baby (Male),رَضِيع,رضيع,ആൺകുഞ്ഞ്
Baby (Female),رَضِيعَة,رضيعة,പെൺകുഞ്ഞ്
Man,رَجُل,رجل,പുരുഷൻ
Woman,امْرَأَة,امراة,സ്ത്രീ
Young Man / Youth,شَابّ,شاب,യുവാവ്
Young Woman,شَابَّة,شابة,യുവതി
Old Man / Sheikh,شَيْخ,شيخ,മുതിർന്നയാൾ / ഷെയ്ഖ്
Old Woman,عَجُوز,عجوز,വയോധിക
Friend (Male),صَدِيق,صديق,കൂട്ടുകാരൻ
Friend (Female),صَدِيقَة,صديقة,കൂട്ടുകാരി
Companion / Friend,رَفِيق,رفيق,സുഹൃത്ത്
Neighbor (Male),جَار,جار,അയൽവാസി (ആൺ)
Neighbor (Female),جَارَة,جارة,അയൽവാസി (പെൺ)
Guest,ضَيْف,ضيف,അതിഥി
Fiancé (Male),خَطِيب,خطيب,നിശ്ചയിക്കപ്പെട്ടയാൾ (ആൺ)
Fiancée (Female),خَطِيبَة,خطيبة,നിശ്ചയിക്കപ്പെട്ടയാൾ (പെൺ)
Groom,عَرِيس,عريس,മണവാളൻ
Bride,عَرُوس,عروس,മണവാട്ടി
Father-in-law,حَمُ,حم,അമ്മായിയപ്പൻ
Mother-in-law,حَمَاة,حماة,അമ്മായിയമ്മ
Son-in-law,صِهْر,صهر,മരുമകൻ
Daughter-in-law,كَنَّة,كنة,മരുമകൾ
Stepfather,زَوْجُ الأُمّ,زوج الام,രണ്ടാം പിതാവ്
Stepmother,زَوْجَةُ الأَب,زوجة الاب,രണ്ടാം മാതാവ്
Orphan,يَتِيم,يتيم,അനാഥൻ
Guardian / Custodian,وَلِيّ,ولي,രക്ഷാധികാരി
Relative,قَرِيب,قريب,ബന്ധു
Stranger,أَجْنَبِيّ,اجنبي,അന്യൻ / അപരിചിതൻ
Lion,أَسَد,اسد,സിംഹം
Rabbit,أَرْنَب,ارنب,മുയൽ
Snake / Viper,أَفْعَى,افعي,പാമ്പ് / അണലി
Cat,قِطّ,قط,പൂച്ച
Dog,كَلْب,كلب,നായ
Camel (General),جَمَل,جمل,ഒട്ടകം
She-Camel,نَاقَة,ناقة,പെൺ ഒട്ടകം
Horse,حِصَان,حصان,കുതിര
Donkey,حِمَار,حمار,കഴുത
Mule,بَغْل,بغل,കോവർകഴുത
Cow,بَقَرَة,بقرة,പശു
Bull / Ox,ثَوْر,ثور,കാള
Calf,عِجْل,عجل,കാളക്കുട്ടി
Sheep / Goat,شَاة,شاة,ആട്
Ram,كَبْش,كبش,ആട്ടുകൊറ്റൻ
Goat,مَعْز,معز,വഴിയാട് / ആട്
Elephant,فِيل,فيل,ആന
Giraffe,زَرَافَة,زرافة,ഒട്ടകപ്പക്ഷി / ജിറാഫ്
Bear,دُبّ,دب,കരടി
Wolf,ذِئْب,ذيب,ചെന്നായ്
Fox,ثَعْلَب,ثعلب,കുറുക്കൻ
Tiger / Leopard,نَمِر,نمر,കടുവ / പുള്ളിപ്പുലി
Cheetah,فَهْد,فهد,ചിറ്റപ്പുലി
Monkey,قِرْد,قرد,കുരങ്ങൻ
Pig / Boar,خِنْزِير,خنزير,പന്നി
Deer / Gazelle,غَزَال,غزال,മാൻ
Mouse / Rat,فَأْر,فار,എലി
Hedgehog,قُنْفُذ,قنفذ,മുള്ളൻപന്നി
Frog,ضَفْدَع,ضفدع,തവള
Crocodile,تِمْسَاح,تمساح,മുതല
Turtle,سُلَحْفَاة,سلحفاة,ആമ
Whale,حُوت,حوت,തിമിംഗലം
Shark,قِرْش,قرش,സ്രാവ്
Dolphin,دُلْفِين,دلفين,ഡോൾഫിൻ
Fish,سَمَك,سمك,മീൻ
Bird,طَائِر,طاير,പക്ഷി
Falcon / Hawk,صَقْر,صقر,പരുന്ത് / പ്രാപ്യൻ
Eagle,نَسْر,نسر,കഴുകൻ / പരുന്ത്
Crow / Raven,غُرَاب,غراب,കാക്ക
Pigeon / Dove,حَمَامَة,حمامة,പ്രാവ്
Rooster,دِيك,ديك,പൂവൻകോഴി
Chicken / Hen,دَجَاجَة,دجاجة,കോഴി
Duck,بَطَّة,بطة,താറാവ്
Owl,بُومَة,بومة,മൂങ്ങ
Bee,نَحْلَة,نحلة,തേനീച്ച
Ant,نَمْلَة,نملة,ഉറുമ്പ്
Fly,ذُبَابَة,ذبابة,ഈച്ച
Mosquito,بَعُوضَة,بعوضة,കൊതുക്
Spider,عَنْكَبُوت,عنكبوت,ചിലന്തി
Scorpion,عَقْرَب,عقرب,തേൾ
Ear,أُذُن,اذن,ചെവി
Nose,أَنْف,انف,മൂക്ക്
Finger / Toe,أُصْبُع,اصبع,വിരൽ
Head,رَأْس,راس,തല
Hair,شَعْر,شعر,മുടി
Face,وَجْه,وجه,മുഖം
Eye,عَيْن,عين,കണ്ണ്
Eyebrow,حَاجِب,حاجب,പുരികം
Eyelash,رَمْش,رمش,കണ്പീലി
Mouth,فَم,فم,വായ്
Tooth,سِنّ,سن,പല്ല്
Tongue,لِسَان,لسان,നാവ്
Lip,شَفَة,شفة,ചുണ്ട്
Cheek,خَدّ,خد,കവിൾ
Chin,ذَقَن,ذقن,താടി (താടിമുട്ട്)
Neck,عُنُق,عنق,കഴുത്ത്
Throat,حَلْق,حلق,തൊണ്ട
Shoulder,كَتِف,كتف,തോൾ
Chest,صَدْر,صدر,നെഞ്ച്
Heart,قَلْب,قلب,ഹൃദയം
Stomach / Belly,بَطْن,بطن,വയർ
Back,ظَهْر,ظهر,മുതുക്
Waist,خَصْر,خصر,ഇടുപ്പ്
Arm,ذِرَاع,ذراع,കൈ (മുഴുവൻ)
Elbow,مِرْفَق,مرفق,മുട്ടുകൈ
Hand / Arm,يَد,يد,കൈ
Wrist,مِعْصَم,معصم,കൈക്കുഴ
Fingernail / Toenail,ظُفْر,ظفر,നഖം
Leg,سَاق,ساق,കാൽ (മുഴുവൻ)
Thigh,فَخِذ,فخذ,തുട
Knee,رُكْبَة,ركبة,മുട്ടുകാൽ
Foot,قَدَم,قدم,പാദം
Ankle,كَاحِل,كاحل,കണങ്കാൽ
Heel,عَقِب,عقب,കുതികാൽ
Skin,جِلْد,جلد,ചർമ്മം / തോൽ
Bone,عَظْم,عظم,എല്ല്
Blood,دَم,دم,രക്തം
Vein / Artery,عِرْق,عرق,ഞരമ്പ്
Muscle,عَضَلَة,عضلة,പേശി
Brain,مُخّ,مخ,മസ്തിഷ്കം / തലച്ചോറ്
Liver,كَبِد,كبد,കថ្ល്
Kidney,كُلْيَة,كلية,വൃക്ക
Lungs,رِئَة,رية,ശ്വാസകോശം
I (First person singular),أَنَا,انا,ഞാൻ
You (Masculine singular),أَنْتَ,انت,നീ (ആൺ)
You (Feminine singular),أَنْتِ,انت,നീ (പെൺ)
You two (Dual),أَنْتُمَا,انتما,നിങ്ങൾ രണ്ടുപേരും
You all (Masculine plural),أَنْتُمْ,انتم,നിങ്ങൾ (ആണുങ്ങൾ)
You all (Feminine plural),أَنْتُنَّ,انتن,നിങ്ങൾ (പെണ്ണുങ്ങൾ)
We,نَحْنُ,نحن,ഞങ്ങൾ / നമ്മൾ
He / It (Masculine),هُوَ,هو,അവൻ
She / It (Feminine),هِيَ,هي,അവൾ
They two (Dual),هُمَا,هما,അവർ രണ്ടുപേരും
They (Masculine plural),هُمْ,هم,അവർ (ആണുങ്ങൾ)
They (Feminine plural),هُنَّ,هن,അവർ (പെണ്ണുങ്ങൾ)
This (Masculine singular),هَذَا,هذا,ഇത് (ആൺ)
This (Feminine singular),هَذِهِ,هذه,ഇത് (പെൺ)
These two (Masculine),هَذَانِ,هذان,ഈ രണ്ടുപേർ (ആൺ)
These two (Feminine),هَاتَانِ,هاتان,ഈ രണ്ടുപേർ (പെൺ)
These (Plural),هَؤُلاَءِ,هولاء,ഇവർ / ഇവ
That (Masculine singular),ذَلِكَ,ذلك,അത് (ആൺ)
That (Feminine singular),تِلْكَ,تلك,അത് (പെൺ)
Those two (Masculine),ذَانِكَ,ذانك,ആ രണ്ടുപേർ (ആൺ)
Those two (Feminine),تَانِكَ,تانك,ആ രണ്ടുപേർ (പെൺ)
Those (Plural),أُولَئِكَ,اوليك,അവർ / അവ
Who / Which (Masculine singular),الَّذِي,الذي,ആര് / ഏത് (ആൺ)
Who / Which (Feminine singular),الَّتِي,التي,ആര് / ഏത് (പെൺ)
Who / Which (Masculine dual),الَّذَانِ,الذان,ആര് / ഏത് (രണ്ടു ആൺ)
Who / Which (Feminine dual),الَّتَانِ,التان,ആര് / ഏത് (രണ്ടു പെൺ)
Who / Which (Masculine plural),الَّذِينَ,الذين,ആര് / ഏത് (ആണുങ്ങൾ)
Who / Which (Feminine plural),اللاَّتِي / اللَّائِي,اللاتي / اللايي,ആര് / ഏത് (പെണ്ണുങ്ങൾ)
Who?,مَنْ,من,ആര്?
What?,مَا / مَاذَا,ما / ماذا,എന്ത്?
Where?,أَيْنَ,اين,എവിടെ?
When?,مَتَى,متي,എപ്പോൾ?
Why?,لِمَاذَا,لماذا,എന്തുകൊണ്ട്?
How?,كَيْفَ,كيف,എങ്ങനെ?
How much / How many?,كَمْ,كم,എത്ര?
Which?,أَيّ,اي,ഏത്?
Red,أَحْمَر,احمر,ചുവപ്പ്
Green,أَخْضَر,اخضر,പച്ച
Yellow,أَصْفَر,اصفر,മഞ്ഞ
Blue,أَزْرَق,ازرق,നീല
Black,أَسْوَد,اسود,കറുപ്പ്
White,أَبْيَض,ابيض,വെള്ള
Brown,بُنِّي,بني,തവിട്ടുനിറം
Orange,بُرْتُقَالِي,برتقالي,ഓറഞ്ച് നിറം
Pink,وَرْدِي,وردي,പിങ്ക് നിറം
Purple / Violet,بَنَفْسَجِي,بنفسجي,പർപ്പിൾ / വയലറ്റ്
Grey,رَمَادِي,رمادي,ചാരനിറം
Gold / Golden,ذَهَبِي,ذهبي,സ്വർണ്ണനിറം
Silver / Silver color,فِضِّي,فضي,വെള്ളിനിറം
Beige,بِيج,بيج,ബീജ് നിറം
Rice,أَرُزّ,ارز,അരി / ചോറ്
Food / Meal,أَكْل / طَعَام,اكل / طعام,ഭക്ഷണം
Bread,خُبْز,خبز,അപ്പം / റൊട്ടി
Water,مَاء,ماء,വെള്ളം
Milk,حَلِيب / لَبَن,حليب / لبن,പാൽ
Tea,شَاي,شاي,ചായ
Coffee,قَهْوَة,قهوة,കാപ്പി
Juice,عَصِير,عصير,ജൂസ്
Meat,لَحْم,لحم,ഇറച്ചി
Chicken (Meat),دَجَاج,دجاج,കോഴിയറച്ചി
Fish (Food),سَمَك,سمك,മീൻ
Egg,بَيْضَة,بيضة,മുട്ട
Cheese,جُبْن,جبن,ചീസ്
Butter,زُبْدَة,زبدة,വെണ്ണ
Honey,عَسَل,عسل,തേൻ
Sugar,سُكَّر,سكر,പഞ്ചസാര
Salt,مِلْح,ملح,ഉപ്പ്
Pepper,فِلْفِل,فلفل,കുരുമുളക്
Oil,زَيْت,زيت,എണ്ണ
Soup,حَسَاء / شُورْبَة,حساء / شوربة,സൂപ്പ്
Fruit,فَاكِهَة,فاكهة,പഴം
Apple,تُفَّاح,تفاح,ആപ്പിൾ
Banana,مَوْز,موز,വാഴപ്പഴം
Orange (Fruit),بُرْتُقَال,برتقال,ഓറഞ്ച്
Dates,تَمْر,تمر,ഈന്തപ്പഴം
Grapes,عِنَب,عنب,മുന്തിരി
Watermelon,بِطِّيخ,بطيخ,തണ്ണിമത്തൻ
Mango,مَانْجُو,مانجو,മാമ്പഴം
Pomegranate,رُمَّان,رمان,മാതളനാരങ്ങ
Lemon,لَيْمُون,ليمون,നാരങ്ങ
Fig,تِين,تين,അത്തിപ്പഴം
Olive,زَيْتُون,زيتون,ഒലിവ്
Vegetables,خُضَار / خَضْرَاوَات,خضار / خضراوات,പച്ചക്കറികൾ
Tomato,طَمَاطِم,طماطم,തക്കാളി
Potato,بَطَاطِس,بطاطس,ഉരുളക്കിഴങ്ങ്
Onion,بَصَل,بصل,സവാള / ഉള്ളി
Garlic,ثَوْم,ثوم,വെളുത്തുള്ളി
Cucumber,خِيَار,خيار,വെള്ളരി
Carrot,جَزَر,جزر,കാരറ്റ്
Land / Earth,أَرْض,ارض,ഭൂമി / സ്ഥലം
Tree,شَجَرَة,شجرة,മരം
Plant,نَبَات,نبات,ചെടി
Flower,زَهْرَة / وَرْدَة,زهرة / وردة,പൂവ്
Grass,عُشْب,عشب,പുല്ല്
Leaf,وَرَقَة,ورقة,ഇല
Branch,غُصْن / فَرْع,غصن / فرع,ചില്ല / കൊമ്പ്
Root,جِذْر,جذر,വേര്
Seed,بَذْرَة,بذرة,വിത്ത്
Fruit (on plant),ثَمَرَة,ثمرة,കായ് / ഫലം
Trunk / Stem,جِذْع,جذع,തടി / തണ്ട്
Thorn,شَوْكَة,شوكة,മുള്ള്
Forest,غَابَة,غابة,കാട്
Garden / Park,حَدِيقَة / بُسْتَان,حديقة / بستان,തോട്ടം / പൂന്തോട്ടം
Farm / Field,مَزْرَعَة,مزرعة,കൃഷിയിടം
Palm Tree,نَخْلَة,نخلة,ഈന്തപ്പന
Wheat,قَمْح,قمح,ഗോതമ്പ്
Barley,شَعِير,شعير,ബാർലി
Cotton,قُطْن,قطن,പരുത്തി
Sky,سَمَاء,سماء,ആകാശം
Sun,شَمْس,شمس,സൂര്യൻ
Moon,قَمَر,قمر,ചന്ദ്രൻ
Star,نَجْم,نجم,നക്ഷത്രം
Cloud,سَحَاب / غَيْم,سحاب / غيم,മേഘം
Rain,مَطَر,مطر,മഴ
Wind / Air,رِيح / هَوَاء,ريح / هواء,കാറ്റ് / വായു
Snow / Ice,ثَلْج,ثلج,മഞ്ഞ് / ഐസ്
Sea / Ocean,بَحْر,بحر,കടൽ
River,نَهْر,نهر,പുഴ / നദി
Mountain,جَبَل,جبل,മല / പർവ്വതം
Hill,تَلّ,تل,കുന്ന്
Valley,وَادِي,وادي,താഴ്വര
Desert,صَحْرَاء,صحراء,മരുഭൂമി
Island,جَزِيرَة,جزيرة,ദ്വീപ്
Fire,نَار,نار,തീ
Dust,غُبَار / تُرَاب,غبار / تراب,പൊടി
Light,نُور / ضَوْء,نور / ضوء,വെളിച്ചം
Darkness,ظَلاَم / ظُلْمَة,ظلام / ظلمة,ഇരുട്ട്
Wave,مَوْج,موج,തിരമാല
To / Towards,إِلَى,الي,ലേക്ക് / വരെ
From / Of,مِنْ,من,നിന്ന് / പാട്
In / At,فِي,في,ഇൽ / ൽ
On / Upon,عَلَى,علي,മേൽ / മുകളിൽ
About / Away from,عَنْ,عن,കുറിച്ച് / ൽ നിന്ന്
With / By (using),بِـ,ب,കൊണ്ട് / ഉപകരിച്ച്
For / To (belonging),لِـ,ل,വേണ്ടി / ക്ക്
Like / As,كَـ,ك,പോലെ
Until / Even,حَتَّى,حتي,വരെ
With / Together with,مَعَ,مع,കൂടെ / ഒപ്പം
Before (time/space),قَبْلَ,قبل,മുമ്പ്
After,بَعْدَ,بعد,ശേഷം / കഴിഞ്ഞ്
Above / Over,فَوْقَ,فوق,മുകളിൽ
Under / Below,تَحْتَ,تحت,താഴെ
In front of,أَمَامَ,امام,മുമ്പിൽ
Behind,وَرَاءَ / خَلْفَ,وراء / خلف,പിന്നിൽ
Between,بَيْنَ,بين,ഇടയിൽ
Beside / Next to,بِجَانِبِ / عِنْدَ,بجانب / عند,അടുത്ത് / വശത്ത്
Around,حَوْلَ,حول,ചുറ്റും
Inside,دَاخِلَ,داخل,അകത്ത്
Outside,خَارِجَ,خارج,പുറത്ത്
Yesterday,أَمْس,امس,ഇന്നലെ
Today,اليَوْم,اليوم,ഇന്ന്
Tomorrow,غَداً,غدا,നാളെ
Day,يَوْم,يوم,പകൽ / ദിവസം
Night,لَيْل / لَيْلَة,ليل / ليلة,രാത്രി
Morning,صَبَاح,صباح,രാവിലെ
Evening,مَسَاء,مساء,വൈകുന്നേരം
Noon / Midday,ظُهْر,ظهر,ഉച്ച
Afternoon,عَصْر,عصر,ഉച്ചയ്ക്ക് ശേഷം
Dawn / Early Morning,فَجْر,فجر,പുലർച്ചെ
Hour / Clock / Watch,سَاعَة,ساعة,മണിക്കൂർ / സമയം
Minute,دَقِيقَة,دقيقة,മിനിറ്റ്
Second,ثَانِيَة,ثانية,സെക്കൻഡ്
Week,أُسْبُوع,اسبوع,ആഴ്ച
Month,شَهْر,شهر,മാസം
Year,سَنَة / عَام,سنة / عام,വർഷം / കൊല്ലം
Sunday,الأَحَد,الاحد,ഞായർ
Monday,الإِثْنَيْن,الاثنين,തിങ്കൾ
Tuesday,الثُّلاَثَاء,الثلاثاء,ചൊവ്വ
Wednesday,الأَرْبِعَاء,الاربعاء,ബുധൻ
Thursday,الخَمِيس,الخميس,വ്യാഴം
Friday,الجُمُعَة,الجمعة,വെള്ളി
Saturday,السَّبْت,السبت,ശനി
Now,الآنَ,الان,ഇപ്പോൾ
Always,دَائِماً,دايما,എപ്പോഴും
Sometimes,أَحْيَاناً,احيانا,ചിലപ്പോൾ
Never,أَبَداً,ابدا,ഒരിക്കലുമില്ല
Early,مُبَكِّراً,مبكرا,നേരത്തെ
Late,مُتَأَخِّراً,متاخرا,വൈകി
Shirt,قَمِيص,قميص,ഷർട്ട് / കുപ്പായം
Pants / Trousers,بَنْنَطَلُون / سِرْوَال,بننطلون / سروال,പാന്റ്സ്
Dress / Garment,ثَوْب / فُسْتَان,ثوب / فستان,വസ്ത്രം / ഉടുപ്പ്
Coat / Jacket,مِعْطَف,معطف,കോട്ട് / ജാക്കറ്റ്
Shoes,حِذَاء,حذاء,ഷൂസ് / ചെരുപ്പ്
Socks,جَوْرَب,جورب,സോക്സ്
Hat / Cap,قُبَّعَة,قبعة,തൊപ്പി
Glasses,نَظَّارَة,نظارة,കണ്ണട
Belt,حِزَام,حزام,ബെൽറ്റ്
Ring,خَاتَم,خاتم,മോതിരം
Watch / Clock,سَاعَة,ساعة,വാച്ച്
Bag / Purse,حَقِيبَة,حقيبة,ബാഗ്
Abaya / Cloak,عَبَاءَة,عباءة,അബായ / പരദ
Scarf / Veil,حِجَاب / خِمَار,حجاب / خمار,തട്ടം / സ്കാർഫ്
Happiness / Joy,فَرَح / سَعَادَة,فرح / سعادة,സന്തോഷം
Sadness / Grief,حُزْن,حزن,സങ്കടം / ദുഃഖം
Anger,غَضَب,غضب,ദേഷ്യം
Fear,خَوْف,خوف,ഭയം / പേടി
Love,حُبّ,حب,സ്നേഹം
Hatred,كُرْه / بَغْضَاء,كره / بغضاء,വെറുപ്പ്
Surprise / Wonder,تَعَجُّب / دَهْشَة,تعجب / دهشة,അത്ഭുതം
Hope,أَمَل / رَجَاء,امل / رجاء,പ്രതീക്ഷ
Despair,يَأْس,ياس,നിരാശ
Peace / Safety,أَمْن / سَلاَم,امن / سلام,സമാധാനം / സുരക്ഷിതത്വം
Shyme / Embarrassment,خَجَل / حَيَاء,خجل / حياء,ലജ്ജ / നാണം
Jealousy / Envy,حَسَد / غَيْرَة,حسد / غيرة,അസൂയ
Big / Large,كَبِير,كبير,വലിയ
Small,صَغِير,صغير,ചെറിയ
Long / Tall,طَوِيل,طويل,നീളമുള്ള / ഉയരമുള്ള
Short,قَصِير,قصير,കുറിയ / നീളം കുറഞ്ഞ
Heavy,ثَقِيل,ثقيل,ഭാരമുള്ള
Light (weight),خَفِيف,خفيف,ഭാരം കുറഞ്ഞ
New,جَدِيد,جديد,പുതിയ
Old (not new),قَدِيم,قديم,പഴയ
Good / Beautiful,جَمِيل / حَسَن,جميل / حسن,നല്ല / ഭംഗിയുള്ള
Ugly / Bad,قَبِيح,قبيح,വികൃതമായ / മോശം
Clean,نَظِيف,نظيف,വൃത്തിയുള്ള
Dirty,وَسِخ / وَسِخَة,وسخ / وسخة,അഴുക്കായ
Fast / Quick,سَرِيع,سريع,വേഗതയുള്ള
Slow,بَطِيء,بطيء,മെല്ലെയുള്ള / പതുക്കെയുള്ള
Hard / Difficult,صَعْب / شَدِيد,صعب / شديد,കഠിനമായ / പ്രയാസമുള്ള
Easy,سَهْل,سهل,എളുപ്പമുള്ള
Hot,حَارّ,حار,ചൂടുള്ള
Cold,بَارِد,بارد,തണുത്ത
Near / Close,قَرِيب,قريب,അടുത്തുള്ള
Far / Distant,بَعِيد,بعيد,ദൂരെയുള്ള
Rich,غَنِيّ,غني,ധനികനായ
Poor,فَقِير,فقير,പാവപ്പെട്ട / ദരിദ്രനായ
Strong,قَوِيّ,قوي,ശക്തനായ
Weak,ضَعِيف,ضعيف,ബലഹീനനായ
Happy,سَعِيد,سعيد,സന്തോഷമുള്ള
Sad,حَزِين,حزين,വിഷമമുള്ള
Wise / Intelligent,ذَكِيّ / حَكِيم,ذكي / حكيم,ബുദ്ധിമാനായ
Stupid / Foolish,غَبِيّ / أَحْمَق,غبي / احمق,മണ്ടനായ
True / Correct,صَحِيح / حَقّ,صحيح / حق,ശരിയായ / സത്യമായ
False / Wrong,خَطَأ / بَاطِل,خطا / باطل,തെറ്റായ / വ്യാജമായ
Quickly,بِسُرْعَة,بسرعة,വേഗത്തിൽ
Slowly,بِبُطْء,ببطء,പതുക്കെ
Very / Much,جِدّاً / كَثِيراً,جدا / كثيرا,വളരെ / വളരെയധികം
A little,قَلِيلاً,قليلا,കുറച്ച്
Well / Good,جَيِّداً,جيدا,നന്നായി
Together,مَعاً,معا,ഒരുമിച്ച്
Alone,وَحْدَهُ,وحده,ഒറ്റയ്ക്ക്
Here,هُنَا,هنا,ഇവിടെ
There,هُنَاكَ,هناك,അവിടെ
Everywhere,فِي كُلِّ مَكَان,في كل مكان,എല്ലായിടത്തും
House / Home,بَيْت / دَار,بيت / دار,വീട്
Door,بَاب,باب,വാതിൽ
Window,شُبَّاك / نَافِذَة,شباك / نافذة,ജനൽ
Room,غُرْفَة,غرفة,മുറി
Table,طَاوِلَة / مَكْتَب,طاولة / مكتب,മേശ
Chair,كُرْسِيّ,كرسي,കസേര
Bed,سَرِير,سرير,കട്ടിൽ / കിടക്ക
Book,كِتَاب,كتاب,പുസ്തകം
Pen / Pencil,قَلَم,قلم,പേന
Paper,وَرَقَة,ورقة,പേപ്പർ / കടലാസ്
Car,سَيَّارَة,سيارة,കാർ / വാഹനം
Key,مِفْتَاح,مفتاح,താക്കോൽ
Money,مَال / فُلُوس,مال / فلوس,പണം
City / Town,مَدِينَة,مدينة,നഗരം
Country / Land,بَلَد / دَوْلَة,بلد / دولة,രാജ്യം
Street / Road,شَارِع / طَرِيق,شارع / طريق,റോഡ് / തെരുവ്
School,مَدْرَسَة,مدرسة,സ്കൂൾ
University,جَامِعَة,جامعة,സർവ്വകലാശാല
Hospital,مُسْتَشْفَى,مستشفي,ആശുപത്രി
Mosque,مَسْجِد,مسجد,പള്ളി / മസ്ജിദ്
Market,سُوق,سوق,മാർക്കറ്റ് / ചന്ത
To order / command,أَمَرَ,امر,കൽപ്പിക്കുക
To take,أَخَذَ,اخذ,എടുക്കുക
To eat,أَكَلَ,اكل,കഴിക്കുക
To hope / wish,أَمَلَ,امل,ആഗ്രഹിക്കുക / പ്രതീക്ഷിക്കുക
To come,أَتَى / جَاءَ,اتي / جاء,വരിക
To write,كَتَبَ,كتب,എഴുതുക
To read,قَرَأَ,قرا,വായിക്കുക
To drink,شَرِبَ,شرب,കുടിക്കുക
To go,ذَهَبَ,ذهب,പോവുക
To see / look,رَأَى / نَظَرَ,راي / نظر,കാണുക / നോക്കുക
To hear / listen,سَمِعَ,سمع,കേൾക്കുക
To speak / talk,تَكَلَّمَ / قَالَ,تكلم / قال,സംസാരിക്കുക
To sit,جَلَسَ,جلس,ഇരിക്കുക
To stand / stop,وَقَفَ / قَامَ,وقف / قام,നിൽക്കുക
To sleep,نَامَ,نام,ഉറങ്ങുക
To wake up,إِسْتَيْقَظَ,استيقظ,ഉണരുക
To walk,مَشَى,مشي,നടക്കുക
To run,جَرَى / رَكَضَ,جري / ركض,ഓടുക
To play,لَعِبَ,لعب,കളിക്കുക
To work,عَمِلَ,عمل,ജോലി ചെയ്യുക
To study / learn,دَرَسَ / تَعَلَّمَ,درس / تعلم,പഠിക്കുക
To teach,عَلَّمَ / دَرَّسَ,علم / درس,പഠിപ്പിക്കുക
To know,عَرَفَ / عَلِمَ,عرف / علم,അറിയുക
To understand,فَهِمَ,فهم,മനസ്സിലാക്കുക
To think / consider,فَكَّرَ,فكر,ചിന്തിക്കുക
To want / desire,أَرَادَ,اراد,ആഗ്രഹിക്കുക
To like / love,أَحَبَّ,احب,ഇഷ്ടപ്പെടുക / സ്നേഹിക്കുക
To give,أَعْطَى,اعطي,നൽകുക / കൊടുക്കുക
To open,فَتَحَ,فتح,തുറക്കുക
To close,أَغْلَقَ,اغلق,അടയ്ക്കുക
To buy,إِشْتَرَى,اشتري,വാങ്ങുക
To sell,بَاعَ,باع,വില്ക്കുക
To pay,دَفَعَ,دفع,പണം നൽകുക
To enter,دَخَلَ,دخل,പ്രവേശിക്കുക
To exit / leave,خَرَجَ,خرج,പുറത്തുകടക്കുക
To return,رَجَعَ / عَادَ,رجع / عاد,മടങ്ങുക
To travel,سَافَرَ,سافر,യാത്ര ചെയ്യുക
To arrive,وَصَلَ,وصل,എത്തിച്ചേരുക
To ask,سَأَلَ,سال,ചോദിക്കുക
To answer,أَجَابَ,اجاب,മറുപടി നൽകുക
To help,سَاعَدَ,ساعد,സഹായിക്കുക
To make / do,فَعَلَ / صَنَعَ,فعل / صنع,ചെയ്യുക / ഉണ്ടാക്കുക
To find,وَجَدَ,وجد,കണ്ടെത്തുക
To lose,فَقَدَ,فقد,നഷ്ടപ്പെടുക
To wash,غَسَلَ,غسل,കഴുകുക
To cook,طَبَخَ,طبخ,പാചകം ചെയ്യുക
To laugh,ضَحِكَ,ضحك,ചിരിക്കുക
To cry,بَكَى,بكي,കരയുക
To smile,تَبَسَّمَ,تبسم,പുഞ്ചിരിക്കുക
To live / reside,سَكَنَ / عَاشَ,سكن / عاش,താമസിക്കുക / ജീവിക്കുക
To die,مَاتَ,مات,മരിക്കുക
To kill,قَتَلَ,قتل,കൊല്ലുക
To hit / strike,ضَرَبَ,ضرب,അടിക്കുക
To cut,قَطَعَ,قطع,മുറിക്കുക
To carry,حَمَلَ,حمل,ചുമക്കുക / എടുക്കുക
To put / place,وَضَعَ,وضع,വെക്കുക
To throw,رَمَى,رمي,എറിയുക
To catch / hold,مَسَكَ,مسك,പിടിക്കുക
To pull,سَحَبَ,سحب,വലിക്കുക
To push,دَفَعَ,دفع,തള്ളുക
To change,غَيَّرَ,غير,മാറ്റുക
To clean,نَظَّفَ,نظف,വൃത്തിയാക്കുക
To wait,إِنْتَظَرَ,انتظر,കാത്തിരിക്കുക
To forget,نَسِيَ,نسي,മറക്കുക
To remember,تَذَكَّرَ,تذكر,ഓർക്കുക
To try / attempt,حَاوَلَ,حاول,ശ്രമിക്കുക
To succeed,نَجَحَ,نجح,വിജയിക്കുക
To fail,فَشِلَ,فشل,പരാജയപ്പെടുക
To start / begin,بَدَأَ,بدا,തുടങ്ങുക
To finish / end,أَنِهَى / إِنْتَهَى,انهي / انتهي,അവസാനിപ്പിക്കുക
To pray,صَلَّى / دَعَا,صلي / دعا,പ്രാർത്ഥിക്കുക / നമസ്കരിക്കുക
To fast,صَامَ,صام,നോമ്പ് നോൽക്കുക
To thank,شَكَرَ,شكر,നന്ദി പറയുക
To praise,حَمِدَ,حمد,സ്തുതിക്കുക
To worship,عَبَدَ,عبد,ആരാധിക്കുക
To create,خَلَقَ,خلق,സൃഷ്ടിക്കുക
To send,أَرْسَلَ,ارسل,അയക്കുക
To receive / accept,إِسْتَلَمَ / قَبِلَ,استلم / قبل,സ്വീകരിക്കുക
To show,أَرَى / أَظْهَرَ,اري / اظهر,കാണിച്ചുകൊടുക്കുക
To explain,شَرَحَ / وَضَّحَ,شرح / وضح,വിശദീകരിക്കുക
To promise,وَعَدَ,وعد,വാഗ്ദാനം ചെയ്യുക
To fear / dread,خَافَ / خَشِيَ,خاف / خشي,ഭയപ്പെടുക
To hope for,رَجَا,رجا,പ്രതീക്ഷിക്കുക
To trust,وَثِقَ / آمَنَ,وثق / امن,വിശ്വസിക്കുക
To lie,كَذَبَ,كذب,കള്ളം പറയുക
To tell truth,صَدَقَ,صدق,സത്യം പറയുക
To steal,سَرَقَ,سرق,മോഷ്ടിക്കുക
To forgive,غَفَرَ / سَامَحَ,غفر / سامح,പൊറുക്കുക / മാപ്പ് നൽകുക
To agree,وَافَقَ,وافق,സമ്മതിക്കുക
To refuse,رَفَضَ,رفض,നിഷേധിക്കുക
To choose,إِخْتَارَ,اختار,തിരഞ്ഞെടുക്കുക
To decide,قَرَّرَ,قرر,തീരുമാനിക്കുക
To grow / increase,نَمَا / زَادَ,نما / زاد,വളരുക / കൂടുക
To decrease,قَلَّ / نَقَصَ,قل / نقص,കുറയുക
To fall,سَقَطَ / وَقَعَ,سقط / وقع,വീഴുക
To fly,طَارَ,طار,പറക്കുക
To swim,سَبَحَ,سبح,നീന്തുക
To drive,قَادَ / سَاقَ,قاد / ساق,ഓടിക്കുക (വാഹനം)
To ride,رَكِبَ,ركب,സവാരി ചെയ്യുക
To wear,لَبِسَ,لبس,ധരിക്കുക
To take off (clothing),خَلَعَ,خلع,അഴിച്ചുമാറ്റുക
To touch,لَمَسَ,لمس,തൊടുക
To smell,شَمَّ,شم,മണക്കുക
To taste,ذَاقَ,ذاق,രുചിക്കുക
To feel / sense,شَعَرَ / أَحَسَّ,شعر / احس,അനുഭവപ്പെടുക
To suffer / pain,تَأَلَّمَ,تالم,വേദനിക്കുക
To heal / cure,شَفَى,شفي,സുഖപ്പെടുക / സുഖപ്പെടുത്തുക
To get sick,مَرِضَ,مرض,അസുഖം വരിക
To rest,إِسْتَرَاحَ,استراح,വിശ്രമിക്കുക
To sing,غَنَّى,غني,പാടുക
To dance,رَقَصَ,رقص,നൃത്തം ചെയ്യുക
To draw / paint,رَسَمَ,رسم,വരയ്ക്കുക
To build / construct,بَنَى,بني,പണിയുക / നിർമ്മിക്കുക
To destroy,دَمَّرَ / هَدَمَ,دمر / هدم,നശിപ്പിക്കുക
To burn,حَرَقَ / إِحْتَرَقَ,حرق / احترق,കത്തുക / കത്തിക്കുക
To break,كَسَرَ,كسر,പൊട്ടിക്കുക / ഉടയ്ക്കുക
To repair / fix,صَلَّحَ / أَصْلَحَ,صلح / اصلح,നന്നാക്കുക
To mix,خَلَطَ,خلط,കലർത്തുക
To separate,فَصَلَ,فصل,വേർപെടുത്തുക
To count,عَدَّ,عد,എണ്ണുക
To measure,قَاسَ,قاس,അളക്കുക
To weigh,وَزَنَ,وزن,തൂക്കുക
To add,أَضَافَ,اضاف,കൂട്ടിച്ചേർക്കുക
To subtract / deduct,طَرَحَ / خَصَمَ,طرح / خصم,കുറയ്ക്കുക
To multiply,ضَرَبَ,ضرب,ഗുണിക്കുക
To divide,قَسَمَ,قسم,വകുക്കുക / പങ്കിടുക
To win,فَازَ / كَسَبَ,فاز / كسب,ജയിക്കുക
To lose (game/money),خَسِرَ,خسر,തോൽക്കുക / നഷ്ടപ്പെടുക
To spend (money),أَنْفَقَ / صَرَفَ,انفق / صرف,ചിലവഴിക്കുക
To save (money/life),إِدَّخَرَ / أَنْقَذَ,ادخر / انقذ,സൂക്ഷിക്കുക / രക്ഷിക്കുക
To waste,ضَيَّعَ / إِسْرَاف,ضيع / اسراف,പാഴാക്കുക
To protect / guard,حَمَى / حَفِظَ,حمي / حفظ,സംരക്ഷിക്കുക
To attack,هَجَمَ,هجم,ആക്രമിക്കുക
To defend,دَافَعَ,دافع,പ്രതിരോധിക്കുക
To hide,إِخْتَفَى / خَبَّأَ,اختفي / خبا,ഒളിക്കുക / മറയ്ക്കുക
To search / look for,بَحَثَ / فَتَّشَ,بحث / فتش,തിരയുക / അന്വേഷിക്കുക
To discover,إِكْتَشَفَ,اكتشف,കണ്ടെത്തുക / വെളിപ്പെടുത്തുക
To collect / gather,جَمَعَ,جمع,ശേഖരിക്കുക / ഒരുമിച്ച് കൂട്ടുക
To spread / scatter,نَشَرَ / نَثَرَ,نشر / نثر,പരത്തുക / വിതറുക
To fill,مَلَأَ,ملا,നിറയ്ക്കുക
To empty,أَفْرَغَ,افرغ,ശൂന്യമാക്കുക / ഒഴുക്കികളയുക
To turn on / light,شَغَّلَ / أَشْعَلَ,شغل / اشعل,ഓൺ ചെയ്യുക / കത്തിക്കുക
To turn off / extinguish,أَطْفَأَ,اطفا,ഓഫ് ചെയ്യുക / അണയ്ക്കുക
To connect / link,رَبَطَ / وَصَلَ,ربط / وصل,ബന്ധിപ്പിക്കുക
To disconnect / cut off,قَطَعَ / فَصَلَ,قطع / فصل,വിച്ഛേദിക്കുക
To borrow,إِسْتَعَارَ / إِقْتَرَضَ,استعار / اقترض,കടം വാങ്ങുക
To lend,أَعَارَ / أَقْرَضَ,اعار / اقرض,കടം കൊടുക്കുക
To invite,دَعَا / عَزَمَ,دعا / عزم,ക്ഷണിക്കുക
To welcome,رَحَّبَ,رحب,സ്വീകരിക്കുക / സ്വാഗതം ചെയ്യുക
To visit,زَارَ,زار,സന്ദർശിക്കുക
To meet,الْتَقَى / قَابَلَ,التقي / قابل,കണ്ടുമുട്ടുക
To accompany,رَافَقَ,رافق,കൂടെപ്പോവുക
To leave behind / abandon,تَرَكَ,ترك,ഉപേക്ഷിച്ച് പോവുക
To stay / remain,بَقِيَ / المَكْث,بقي / المكث,നിലനിൽക്കുക / തുടരുക
To become,أَصْبَحَ / صَارَ,اصبح / صار,ആയിത്തീരുക
To continue,إِسْتَمَرَّ,استمر,തുടരുക
To stop / cease,تَوَقَّفَ / إِنْتَهَى,توقف / انتهي,അവസാനിക്കുക / നിർത്തുക
To repeat,كَرَّرَ / أَعَادَ,كرر / اعاد,ആവർത്തിക്കുക
To practice / exercise,مَارَسَ / تَدَرَّبَ,مارس / تدرب,പരിശീലിക്കുക
To prepare / get ready,إِسْتَعَدَّ / جَهَّزَ,استعد / جهز,തയ്യാറാകുക / ഒരുക്കുക
To organize / arrange,نَظَّمَ / رَتَّبَ,نظم / رتب,ക്രമീകരിക്കുക
To plan,خَطَّطَ,خطط,അസൂത്രണം ചെയ്യുക
To control / rule,سَيْطَرَ / حَكَمَ,سيطر / حكم,നിയന്ത്രിക്കുക / ഭരണ നടത്തുക
To obey,أَطَاعَ,اطاع,അനുസരിക്കുക
To disobey,عَصَى,عصي,അനുസരിക്കാതിരിക്കുക
To warn,حَذَّرَ / أَنْذَرَ,حذر / انذر,താക്കീതു നൽകുക
To advise,نَصَحَ,نصح,ഉപദേശിക്കുക
To suggest,إِقْتَرَحَ,اقترح,നിർദ്ദേശിക്കുക
To agree upon,إِتَّفَقَ,اتفق,ഒത്തുതീർപ്പിലെത്തുക
To argue / dispute,جَادَلَ / نَازَعَ,جادل / نازع,തർക്കിക്കുക
To fight / war,حَارَبَ / قَاتَلَ,حارب / قاتل,യുദ്ധം ചെയ്യുക / പോരാടുക
To surrender,إِسْتَسْلَمَ,استسلم,കീഴടങ്ങുക
To escape / flee,هَرَبَ / فَرَّ,هرب / فر,രക്ഷപ്പെടുക / ഓടിപ്പോവുക
To hide oneself,إِخْتَبَأَ,اختبا,ഒളിച്ചിരിക്കുക
To show off,تَفَاخَرَ,تفاخر,പ്രദർശിപ്പിക്കുക / പ്രശംസിക്കുക
To pretend,تَظَاهَرَ,تظاهر,അഭിനയിക്കുക / നടിക്കുക
To imagine,تَخَيَّلَ,تخيل,സങ്കൽപ്പിക്കുക
To dream,حَلَمَ,حلم,സ്വപ്നം കാണുക
To suffer / endure,صَبَرَ / تَحَمَّلَ,صبر / تحمل,സഹിക്കുക
To complain,شَكَا,شكا,പരാതി പറയുക
To blame,لاَمَ,لام,കുറ്റപ്പെടുത്തുക
To criticize,نَقَدَ,نقد,വിമർശിക്കുക
To encourage,شَجَّعَ,شجع,പ്രോത്സാഹിപ്പിക്കുക
To support,دَعَمَ / سَانَدَ,دعم / ساند,പിന്തുണയ്ക്കുക
To respect,إِحْتَرَمَ,احترم,ബഹുമാനിക്കുക
To insult,أَهَانَ / شَتَمَ,اهان / شتم,അപമാനിക്കുക
To honor,كَرَّمَ,كرم,ആദരിക്കുക
To reward,كَافَأَ,كافا,സമ്മാനം നൽകുക
To punish,عَاقَبَ,عاقب,ശിക്ഷിക്കുക
To warn / alert,نَبَّهَ,نبه,ശ്രദ്ധയിൽപ്പെടുത്തുക
To surprise,فَاجَأَ,فاجا,അത്ഭുതപ്പെടുത്തുക
To confuse,أَرْبَكَ / حَيَّرَ,اربك / حير,ആശയക്കുഴപ്പത്തിലാക്കുക
To convince,أَقْنَعَ,اقنع,ബോധ്യപ്പെടുത്തുക
To force / compel,أَجْبَرَ / إِكْرَاه,اجبر / اكراه,നിർബന്ധിക്കുക
To permit / allow,سَمَحَ / أَذِنَ,سمح / اذن,അനുവദിക്കുക
To prevent / forbid,مَنَعَ / حَرَّمَ,منع / حرم,തടയുക / വിലക്കുക
To order / request,طَلَبَ,طلب,ആവശ്യപ്പെടുക
To offer / present,قَدَّمَ / عَرَضَ,قدم / عرض,സമർപ്പിക്കുക / നൽകുക
To accept / agree,قَبِلَ,قبل,സ്വീകരിക്കുക
To reject,رَفَضَ / رَدَّ,رفض / رد,തള്ളിക്കളയുക
To prove,أَثْبَتَ,اثبت,തെളിയിക്കുക
To deny,أَنْكَرَ / نَفَى,انكر / نفي,നിഷേധിക്കുക
To doubt,شَكَّ,شك,സംശയിക്കുക
To suspect,إِشْتَبَهَ,اشتبه,സംശയം തോന്നുക
To confirm,أَكَّدَ,اكد,ഉറപ്പുവരുത്തുക
To guarantee,ضَمِنَ,ضمن,ഉറപ്പുനൽകുക
To fulfill / perform,أَدَّى / وَفَّى,ادي / وفي,പൂർത്തിയാക്കുക
To break (a promise),خَلَفَ / نَقَضَ,خلف / نقض,ലംഘിക്കുക
To betray,خَانَ,خان,വഞ്ചിക്കുക
To deceive / cheat,خَدَعَ / غَشَّ,خدع / غش,വഞ്ചിക്കുക / പറ്റിക്കുക
To protect / defend,حَرَسَ / حَفِظَ,حرس / حفظ,കാത്തുസൂക്ഷിക്കുക
To rescue / save,أَنْقَذَ / نَجَّى,انقذ / نجي,രക്ഷപ്പെടുത്തുക
To warn / caution,أَنْذَرَ,انذر,മുന്നറിയിപ്പ് നൽകുക
To guide / direct,هَدَى / أرْشَدَ,هدي / ارشد,വഴികാട്ടുക
To lead / conduct,قَادَ,قاد,നയിക്കുക
To follow,تَبِعَ / إِتَّبَعَ,تبع / اتبع,പിന്തുടരുക
To accompany,صَاحَبَ,صاحب,ഒപ്പം പോവുക
To avoid / shun,تَجَنَّبَ / إِبْتَعَدَ,تجنب / ابتعد,ഒഴിവാക്കുക
To escape from,نَجَا,نجا,തപ്പിയോടുക / രക്ഷപ്പെടുക
To hide (something),أَخْفَى,اخفي,മറച്ചുവെക്കുക
To reveal / uncover,كَشَفَ / أَعْلَنَ,كشف / اعلن,വെളിപ്പെടുത്തുക
To express,عَبَّرَ,عبر,പ്രകടിപ്പിക്കുക
To announce,أَعْلَنَ,اعلن,പ്രഖ്യാപിക്കുക
To publish,نَشَرَ,نشر,പ്രസിദ്ധീകരിക്കുക
To record / register,سَجَّلَ,سجل,രേഖപ്പെടുത്തുക
To sign (signature),وَقَّعَ,وقع,ഒപ്പുവെക്കുക
To print,طَبَعَ,طبع,അച്ചടിക്കുക
To copy / duplicate,نَسَخَ,نسخ,പകർത്തിയെഴുതുക
To erase / wipe,مَحَا / مَسَحَ,محا / مسح,മായ്ച്ചുകളയുക
To correct / fix,صَحَّحَ,صحح,തിരുത്തുക
To translate,تَرْجَمَ,ترجم,തർജ്ജമ ചെയ്യുക
To summarize,لَخَّصَ,لخص,ചുരുക്കി എഴുതുക
To analyze,حَلَّلَ,حلل,വിശകലനം ചെയ്യുക
To calculate,حَسَبَ,حسب,കണക്കുകൂട്ടുക
To count / estimate,قَدَّرَ,قدر,എണ്ണുക / അനുമാനിക്കുക
To weigh (options/items),وَزَنَ,وزن,തൂക്കി നോക്കുക
To measure (length/size),قَاسَ,قاس,അളന്നുനോക്കുക
To compare,قَارَنَ,قارن,താരതമ്യം ചെയ്യുക
To differentiate,مَيَّزَ / فَرَّقَ,ميز / فرق,വേർതിരിച്ചറിയുക
To connect / attach,وَصَلَ / أَرْفَقَ,وصل / ارفق,ബന്ധിപ്പിക്കുക
To combine / join,دَمَجَ / جَمَعَ,دمج / جمع,തുന്നിച്ചേർക്കുക / കൂട്ടിച്ചേർക്കുക
To divide / split,قَسَّمَ / جَزَّأَ,قسم / جزا,ഭാഗിക്കുക
To multiply / double,ضَاعَفَ,ضاعف,ഇരട്ടിയാക്കുക
To reduce / limit,حَدَّ / قَلَّلَ,حد / قلل,പരിമിതപ്പെടുത്തുക
To expand / widen,وَسَّعَ / مَدَّ,وسع / مد,വികസിപ്പിക്കുക
To stretch / extend,مَدَّ / بَسَطَ,مد / بسط,നീട്ടുക
To bend / fold,طَوَى / ثَنَى,طوي / ثني,മടക്കുക / വളയ്ക്കുക
To break / fracture,كَسَرَ,كسر,ഒടിക്കുക
To tear / rip,مَزَّقَ,مزق,കീറുക
To cut / chop,قَطَّعَ,قطع,കഷ്ണങ്ങളാക്കുക
To grind / crush,طَحَنَ / سَحَقَ,طحن / سحق,പൊടിക്കുക
To squeeze / press,عَصَرَ,عصر,പിഴിയുക
To melt / dissolve,ذَابَ / أَذَابَ,ذاب / اذاب,അലിയിക്കുക / ഉരുകുക
To freeze / solidify,تَجَمَّدَ,تجمد,ഉറയുക / മരവിക്കുക
To boil / cook,غَلَى,غلي,തിളപ്പിക്കുക
To fry,قَلَى,قلي,വറുക്കുക
To bake,خَبَزَ,خبز,ചുടുക (റൊട്ടി മുതലായവ)
To roast / grill,شَوَى,شوي,ചുടുക (ഇറച്ചി മുതലായവ)
To pour,صَبَّ / سَكَبَ,صب / سكب,ഒഴിക്കുക
To fill up,مَلَأَ,ملا,നിറച്ചു വെക്കുക
To spill / leak,سَكَبَ / تَسَرَّبَ,سكب / تسرب,ചീറ്റുക / ഒഴുകിപ്പോവുക
To dry / wipe dry,جَفَّفَ / نَشَّفَ,جفف / نشف,ഉണക്കുക
To wet / moisten,بَلَّلَ,بلل,നനയ്ക്കുക
To clean / scrub,مَسَحَ / نَظَّفَ,مسح / نظف,തുടച്ചു വൃത്തിയാക്കുക
To sweep / vacuum,كَنَسَ,كنس,അടിച്ചുവാരുക
To wash (clothes),غَسَلَ,غسل,അലക്കുക
To iron (clothes),كَوَى,كوي,ഇസ്തിരി ഇടുക
To sew / stitch,خَاطَ,خاط,തുന്നുക
To tie / bind,رَبَطَ,ربط,കെട്ടുക
To untie / loosen,فَكَّ / حَلَّ,فك / حل,അഴിക്കുക
To hang / suspend,عَلَّقَ,علق,തൂക്കിയിടുക
To lift / raise,رَفَعَ,رفع,ഉയർത്തുക
To lower / drop,خَفَضَ / أَنْزَلَ,خفض / انزل,താഴ്ത്തുക
To push / shove,دَفَعَ,دفع,തള്ളിമാറ്റുക
To pull / drag,سَحَبَ / جَرَّ,سحب / جر,വലിച്ചുകൊണ്ടുപോവുക
To carry / transport,نَقَلَ / حَمَلَ,نقل / حمل,ചുമന്നുകൊണ്ടുപോവുക
To drop / let fall,أَسْقَطَ / أَوْقَعَ,اسقط / اوقع,താഴെയിടുക
To throw away / discard,رَمَى / أَلْقَى,رمي / القي,എറിഞ്ഞുകളയുക
To catch (ball/object),إِلْتَقَطَ / مَسَكَ,التقط / مسك,പിടിച്ചെടുക്കുക
To hold / store,إِحْتَفَظَ / مَسَكَ,احتفظ / مسك,കൈവശം വെക്കുക
To release / free,أَطْلَقَ / حَرَّرَ,اطلق / حرر,സ്വതന്ത്രമാക്കുക / വിട്ടയക്കുക
To trap / catch,صَادَ / اِحْتَجَزَ,صاد / احتجز,കെണിയിൽപ്പെടുത്തുക
To lock,قَفَلَ / أَغْلَقَ,قفل / اغلق,പൂട്ടുക
To unlock,فَتَحَ,فتح,തുറക്കുക (പൂട്ട്)
To turn / rotate,أَدَارَ / دَارَ,ادار / دار,തിരിക്കുക / കറങ്ങുക
To move / shift,حَرَّكَ / تَحَرَّكَ,حرك / تحرك,ചലിപ്പിക്കുക / നീങ്ങുക
To stop / freeze,تَوَقَّفَ / ثَبَتَ,توقف / ثبت,നിശ്ചലമാകുക
To bend down / bow,إِنْحَنَى / رَكَعَ,انحني / ركع,കുനിയുക / കുമ്പിടുക
To kneel,جَثَا / جَلَسَ عَلَى رُكْبَتَيْهِ,جثا / جلس علي ركبتيه,മുട്ടുകുത്തുക
To lie down / recline,إِسْتَلْقَى / اِضْطَجَعَ,استلقي / اضطجع,കിടക്കുക / ചരിഞ്ഞുകിടക്കുക
To jump / leap,قَفَزَ,قفز,ചാടുക
To climb / ascend,صَعِدَ / تسَلَّقَ,صعد / تسلق,കയറുക
To descend / go down,نَزَلَ,نزل,ഇറങ്ങുക
To slip / slide,إِنْزَلَقَ,انزلق,വഴുതിവീഴുക
To stumble / trip,تَعَثَّرَ,تعثر,തട്ടി വീഴുക
To bleed,نَزَفَ,نزف,രക്തം വരിക
To swell / puff up,إِنْتَفَخَ / وَرِمَ,انتفخ / ورم,വീർക്കുക
To breathe,تَنَفَّسَ,تنفس,ശ്വാസമെടുക്കുക
To cough,سَعَلَ,سعل,ചുമയ്ക്കുക
To sneeze,عَطَسَ,عطس,തുമ്മുക
To yawn,تَثَاءَبَ,تثاءب,ഹാംബിക്കുക / കൊട്ടുവായ വിടുക
To sweat / perspire,عَرِقَ,عرق,വിയർക്കുക
To shiver / tremble,إِرْتَجَفَ / ارْتَعَدَ,ارتجف / ارتعد,വിറയ്ക്കുക
To faint / pass out,أُغْمِيَ عَلَيْهِ,اغمي عليه,ബോധക്ഷയം വരിക
To recover / get well,تَعَافَى / شُفِيَ,تعافي / شفي,സുഖം പ്രാപിക്കുക
To bleed to death,نَزَفَ حَتَّى المَوْت,نزف حتي الموت,രക്തം വാർന്ന് മരിക്കുക
To choke / suffocate,إِخْتَنَقَ,اختنق,ശ്വാസം മുട്ടുക
To drown,غَرِقَ,غرق,മുങ്ങിമരിക്കുക
To burn / get burned,إِحْتَرَقَ,احترق,പൊള്ളലേൽക്കുക
To injure / wound,جَرَحَ / أَصَابَ,جرح / اصاب,പരിക്കേൽപ്പിക്കുക
To cure / treat,عَالَجَ,عالج,ചികിത്സിക്കുക
To operate (surgery),أَجْرَى عَمَلِيَّة,اجري عملية,ശസ്ത്രക്രിയ ചെയ്യുക
To examine (doctor),فَحَصَ,فحص,പരിശോധിക്കുക
To prescribe (medicine),وَصَفَ دَوَاءً,وصف دواء,മരുന്ന് കുറിക്കുക
To swallow,بَلَعَ,بلع,വിഴുങ്ങുക
To chew,مَضَغَ,مضغ,ചവയ്ക്കുക
To bite,عَضَّ,عض,കടിക്കുക
To lick,لَعِقَ,لعق,നക്കുക
To spit,بَصَقَ,بصق,തുപ്പുക
To blow (wind/mouth),نَفَخَ,نفخ,ഊതുക
To whistle,صَفَّرَ,صفر,വിസില്‍ അടിക്കുക
To shout / scream,صَرَخَ / صَاحَ,صرخ / صاح,നിലവിളിക്കുക / ബഹളം വെക്കുക
To whisper,هَمَسَ,همس,രഹസ്യം പറയുക / മന്ത്രിക്കുക
To call out / summon,نَادَى / دَعَا,نادي / دعا,വിളിക്കുക
To name / call,سَمَّى,سمي,പേരിടുക
To greet,سَلَّمَ / حَيَّا,سلم / حيا,അഭിവാദ്യം ചെയ്യുക
To wave (hand),لَوَّحَ,لوح,കൈവീശുക
To point at,أَشَارَ إِلَى,اشار الي,ചൂണ്ടിക്കാണിക്കുക
To nod (head),أَوْمَأَ / هَزَّ رَأْسَهُ,اوما / هز راسه,തലയാട്ടുക
To shake hands,صَافَحَ,صافح,ഹസ്തദാനം ചെയ്യുക
To hug / embrace,عَانَقَ / حَضَنَ,عانق / حضن,ആലിംഗനം ചെയ്യുക
To kiss,قَبَّلَ,قبل,ചുംബിക്കുക
To hit / strike gently,طَرَقَ / لَمَسَ,طرق / لمس,തട്ടുക / മുട്ടുക
To knock (door),طَرَقَ البَابَ,طرق الباب,മുട്ടുക (വാതിലിൽ)
To ring (bell/phone),رَنَّ / جَرَسَ,رن / جرس,മണി അടിക്കുക / ബെൽ അടിക്കുക
To applaud / clap,صَفَّقَ,صفق,കൈയടിക്കുക
To snap (fingers),فَرْقَعَ أَصَابِعَهُ,فرقع اصابعه,വിരൽ ഞൊടിക്കുക
To scratch,حَكَّ / خَدَشَ,حك / خدش,ചൊറിയുക
To rub,دَلَكَ / مَسَحَ,دلك / مسح,ഉരസുക / തിരുമ്മുക
To squeeze / pinch,قرَصَ,قرص,നുള്ളുക
To tickle,دَغْدَغَ,دغدغ,കിചുകിചാക്കുക
To comfort / console,وَاسَى / هَدَّأَ,واسي / هدا,ആശ്വസിപ്പിക്കുക
To disturb / annoy,أَزْعَجَ / ضَايَقَ,ازعج / ضايق,ശല്യപ്പെടുത്തുക
To frighten / scare,أَخَافَ / رَوَّعَ,اخاف / روع,ഭയപ്പെടുത്തുക
To calm down,هَدَأَ,هدا,ശാന്തനാകുക
To relax,إِسْتَرْخَى,استرخي,ആശ്വാസം കൊള്ളുക
To worry,قَلِقَ,قلق,ആകുലപ്പെടുക
To regret,نَدِمَ,ندم,ഖേദിക്കുക
To feel ashamed,خَجِلَ / إِسْتَحْيَا,خجل / استحيا,നാണിക്കുക / ലജ്ജിക്കുക
To envy,حَسَدَ,حسد,അസൂയപ്പെടുക
To admire,أُعْجِبَ بِـ,اعجب ب,അത്ഭുതപ്പെടുക / പ്രശംസിക്കുക
To respect highly,إِجَلَّ / كَرَّمَ,اجل / كرم,വളരെയധികം ബഹുമാനിക്കുക
To despise / hate,إِحْتَقَرَ / كَرِهَ,احتقر / كره,വെറുക്കുക / നിന്ദിക്കുക
To ignore / neglect,تَجَاهَلَ / أَهْمَلَ,تجاهل / اهمل,അവഗണിക്കുക
To notice / observe,لاَحَظَ / لاَحَظَ,لاحظ / لاحظ,ശ്രദ്ധിക്കുക / നിരീക്ഷിക്കുക
To pay attention,إِنْتَبَهَ / إِهْتَمَّ,انتبه / اهتم,ശ്രദ്ധ കൊടുക്കുക
To concentrate,رَكَّزَ,ركز,ശ്രദ്ധ കേന്ദ്രീകരിക്കുക
To memorize,حَفِظَ,حفظ,മനഃപാഠമാക്കുക
To remind,ذَكَّرَ,ذكر,ഓർമ്മിപ്പിക്കുക
To recognize,تَعَرَّفَ عَلَى,تعرف علي,തിരിച്ചറിയുക
To realize,أَدْرَكَ,ادرك,തിരിച്ചറിയുക / മനസ്സിലാക്കുക
To assume / suppose,إِفْتَرَضَ / ظَنَّ,افترض / ظن,വിചാരിക്കുക / ഊഹിക്കുക
To guess,خَمَّنَ,خمن,ഊഹിച്ചു പറയുക
To expect,تَوَقَّعَ,توقع,പ്രതീക്ഷിക്കുക
To believe (think),إِعْتَقَدَ / ظَنَّ,اعتقد / ظن,വിശ്വസിക്കുക / കരുതുക
To doubt / question,إِشْتَبَهَ / شَكَّ,اشتبه / شك,സംശയിക്കുക
To prefer,فَضَّلَ,فضل,മുൻഗണന നൽകുക / ഇഷ്ടപ്പെടുക
To insist,أَصَرَّ,اصر,വാശിപിടിക്കുക / നിർബന്ധിക്കുക
To hesitate,تَرَدَّدَ,تردد,മടിക്കുക / സംശയിച്ചു നിൽക്കുക
To intend / plan,نَوَى / قَصَدَ,نوي / قصد,ഉദ്ദേശിക്കുക
To mean / signify,عَنَى / قَصَدَ,عني / قصد,ഉദ്ദേശിക്കുക / അർത്ഥമാക്കുക
To require / need,إِحْتَاجَ / إِكْتَفَى,احتاج / اكتفي,ആവശ്യമായി വരിക
To suit / fit,نَاسَبَ / لاَءَمَ,ناسب / لاءم,അനുയോജ്യമാകുക
To depend on,إِعْتَمَدَ عَلَى,اعتمد علي,ആശ്രയിക്കുക
To belong to,إِنْتَمَى إِلَى / يَعُودُ لِـ,انتمي الي / يعود ل,ഉടമസ്ഥതയിലായിരിക്കുക
To seem / appear,بَدَا / ظَهَرَ,بدا / ظهر,തോന്നിക്കുക / കാണപ്പെടുക
To disappear,إِخْتَفَى / غَابَ,اختفي / غاب,അപ്രത്യക്ഷമാകുക
To happen / occur,حَدَثَ / جَرَى,حدث / جري,സംഭവിക്കുക
To cause,سَبَّبَ / أَثَارَ,سبب / اثار,കാരണമാകുക
To result in,أَدَّى إِلَى / نَتَجَ عَنْ,ادي الي / نتج عن,ഫലമായി തീരുക
To affect / influence,أَثَّرَ عَلَى,اثر علي,സ്വധീനിക്കുക / ബാധിക്കുക
To change / alter,غَيَّرَ / عَدَّلَ,غير / عدل,മാറ്റം വരുത്തുക
To adapt / adjust,تَكَيَّفَ / تَعَوَّدَ,تكيف / تعود,ഇണങ്ങിപ്പോവുക
To improve,تَحَسَّنَ / طَوَّرَ,تحسن / طور,മെച്ചപ്പെടുക
To worsen,سَاءَ / تَدَهْوَرَ,ساء / تدهور,മോശമാകുക
To develop,طَوَّرَ / نَمَّى,طور / نمي,വികസിപ്പിക്കുക
To maintain / keep,حَافَظَ عَلَى,حافظ علي,നിലനിർത്തുക
To protect / save,صَانَ / حَمَى,صان / حمي,സംരക്ഷിച്ചു നിർത്തുത
To damage / spoil,أَتْلَفَ / أَفْسَدَ,اتلف / افسد,കേടുവരുത്തുക
To ruin / destroy completely,دَمَّرَ بِالكَالِ,دمر بالكال,പാടെ നശിപ്പിക്കുക
To construct / erect,أَقَامَ / شَيَّدَ,اقام / شيد,നിർമ്മിക്കുക
To establish / found,أَسَّسَ / أَنْشَأَ,اسس / انشا,സ്ഥാപിക്കുക
To design,صَمَّمَ,صمم,രൂപകൽപ്പന ചെയ്യുക
To invent,إِخْتَرَعَ,اخترع,കണ്ടുപിടിക്കുക
To create / make,صَنَعَ / ابْتَكَرَ,صنع / ابتكر,ഉണ്ടാക്കുക
To produce,أَنْتَجَ,انتج,ഉൽപ്പാദിപ്പിക്കുക
To supply / provide,زَوَّدَ / أَمَدَّ,زود / امد,നൽകുക / വിതരണം ചെയ്യുക
To serve,خَدَمَ,خدم,സേവനം ചെയ്യുക
To manage / run,أَدَارَ / إِدارَة,ادار / ادارة,നിയന്ത്രിക്കുക / നടത്തുക
To direct / guide,وَجَّهَ / أَرْشَدَ,وجه / ارشد,മാർഗ്ഗനിർദ്ദേശം നൽകുക
To supervise / oversee,أَشْرَفَ عَلَى,اشرف علي,മേൽനോട്ടം വഹിക്കുക
To assign / appoint,عَيَّنَ / كَلَّفَ,عين / كلف,ചുമതലപ്പെടുത്തുക / നിയമിക്കുക
To hire / employ,وَظَّفَ / إِسْتَأْجَرَ,وظف / استاجر,ജോലിക്ക് എടുക്കുക
To fire / dismiss,فَصَلَ / طَرَدَ,فصل / طرد,പിരിച്ചുവിടുക
To resign,إِسْتَقَالَ,استقال,രാജി വെക്കുക
To retire,تَقَاعَدَ,تقاعد,വിരമിക്കുക
To earn (money/respect),كَسَبَ / إِكْتَسَبَ,كسب / اكتسب,സമ്പാദിക്കുക
To win (prize/competition),فَازَ بِـ / نَالَ,فاز ب / نال,നേടുക / ജയിക്കുക
To lose (game/opportunity),خَسِرَ / ضَاعَ,خسر / ضاع,കൈവിട്ടുപോവുക
To invest,إِسْتَثْمَرَ,استثمر,നിക്ഷേപിക്കുക
To profit / gain,رَبِحَ,ربح,ലാഭം നേടുക
To suffer a loss,خَسِرَ,خسر,നഷ്ടം സംഭവിക്കുക
To trade / deal,تَاجَرَ / تَبَادَلَ,تاجر / تبادل,കച്ചവടം ചെയ്യുക
To export,صَدَّرَ,صدر,കയറ്റി അയക്കുക
To import,إِسْتَوْرَدَ,استورد,ഇറക്കുമതി ചെയ്യുക
To advertise,أَعْلَنَ عَنْ,اعلن عن,പരസ്യം ചെയ്യുക
To negotiate,فَاوَضَ / تَنَاوَلَ,فاوض / تناول,ചർച്ച നടത്തുക
To sign a contract,وَقَّعَ عَقْداً,وقع عقدا,കരാറിൽ ഒപ്പുവെക്കുക
To cancel / annul,ألْغَى / أبْطَلَ,الغي / ابطل,റദ്ദാക്കുക
To delay / postpone,أَجَّلَ / أَخَّرَ,اجل / اخر,വൈകിപ്പിക്കുക / മാറ്റിവെക്കുക
To advance / speed up,قَدَّمَ / عَجَّلَ,قدم / عجل,മുമ്പോട്ടു കൊണ്ടുപോവുക
To schedule,جَدْوَلَ,جدول,സമയക്രമം നിശ്ചയിക്കുക
To confirm (appointment),أَكَّدَ Мَوْعِداً,اكد Мوعدا,ഉറപ്പാക്കുക
To attend (meeting/event),حَضَرَ,حضر,പങ്കെടുക്കുക
To miss (event/bus),فَاتَهُ / غَابَ عَنْ,فاته / غاب عن,നഷ്ടപ്പെടുക / വൈകുക
To participate,شَارَكَ / سَاهَمَ,شارك / ساهم,പങ്കാളിയാകുക
To collaborate,تَعَاوَنَ,تعاون,സഹകരിച്ചു പ്രവർത്തിക്കുക
To compete,تَنَافَسَ / سَابَقَ,تنافس / سابق,മത്സരിക്കുക
To challenge,تَحَدَّى,تحدي,വെല്ലുവിളിക്കുക
To overcome,تَغَلَّبَ عَلَى / تَجَاوَزَ,تغلب علي / تجاوز,അതിജീവിക്കുക
To achieve / attain,حَقَّقَ / أَنْجَزَ,حقق / انجز,കൈവരിക്കുക / നേടുക
To fail to achieve,أَخْفَقَ / لَمْ يَحْظَ,اخفق / لم يحظ,നേടാൻ കഴിയാതെ പോവുക
To celebrate,إِحْتَفَلَ,احتفل,ആഘോഷിക്കുക
To congratulate,هَنَّأَ / بَارَكَ,هنا / بارك,അഭിനന്ദിക്കുക
To honor / respect,كَرَّمَ / إِحْتَرَمَ,كرم / احترم,ആദരിക്കുക
To commemorate,إِحْتَفَى بِـ / إِحْيَاء ذِكْرَى,احتفي ب / احياء ذكري,ഓർമ്മ പുതുക്കുക
To pray for / bless,دَعَا لِـ / بَارَكَ,دعا ل / بارك,അനുഗ്രഹിക്കുക / പ്രാർത്ഥിക്കുക
To curse,لَعَنَ,لعن,ശപിക്കുക
To swear / take an oath,حَلَفَ / أَقْسَمَ,حلف / اقسم,സത്യം ചെയ്യുക
To admit / confess,إِعْتَرَفَ,اعترف,സമ്മതിക്കുക / ഏറ്റുപറയുക
To apologize,إِعْتَذَرَ,اعتذر,ക്ഷമ ചോദിക്കുക
To forgive / pardon,عَفَا عَنْ / سَامَحَ,عفا عن / سامح,മാപ്പു നൽകുക
To reconcile,صَالَحَ / تَصَالَحَ,صالح / تصالح,രമ്യതയിലാകുക
To separate / divorce,إِنْفَصَلَ / طَلَّقَ,انفصل / طلق,വേർപിരിയുക / വിവാഹബന്ധം വേർപെടുത്തുക
To marry,تَزَوَّجَ,تزوج,വിവാഹം കഴിക്കുക
To propose (marriage),خَطَبَ,خطب,വിവാഹഭ്യർത്ഥന നടത്തുക
To give birth,وَلَدَتْ / أَنْجَبَتْ,ولدت / انجبت,പ്രസവിക്കുക
To raise / rear (child),رَبَّى / نَشَّأَ,ربي / نشا,വളർത്തുക
To adopt (child),تَبَنَّى,تبني,ദത്തെടുക്കുക
To inherit,وَرِثَ,ورث,അനന്തരാവകാശമായി ലഭിക്കുക
To pass away / die,تُُوُفِّيَ / مَاتَ,توفي / مات,മരണപ്പെടുക
To bury,دَفَنَ,دفن,അടക്കം ചെയ്യുക
To mourn,حَزِنَ / حَادَّ,حزن / حاد,ദുഃഖം ആചരിക്കുക
To comfort / sympathize,عَزَّى / وَاسَى,عزي / واسي,സഹതാപം അറിയിക്കുക
To construct / make,صَنَعَ,صنع,നിർമ്മിക്കുക
To test / try,إِخْتَبَرَ / جَرَّبَ,اختبر / جرب,പരിശോധിക്കുക / പരീക്ഷിക്കുക
To inspect / examine,فَتَّشَ / فَحَصَ,فتش / فحص,തപാസിക്കുക / പരിശോധിക്കുക
To prove / demonstrate,أَثْبَتَ / بَرْهَنَ,اثبت / برهن,തെളിയിച്ചു കാണിക്കുക
To disprove / refute,دَحَضَ / نَفَى,دحض / نفي,ഖണ്ഡിക്കുക / തെറ്റാണെന്ന് തെളിയിക്കുക
To research / investigate,بَحَثَ / حَقَّقَ,بحث / حقق,ഗവേഷണം നടത്തുക
To explore,إِسْتَكْشَفَ,استكشف,കണ്ടെത്താൻ ശ്രമിക്കുക / പര്യവേക്ഷണം ചെയ്യുക
To observe / monitor,رَاقَبَ / لاَحَظَ,راقب / لاحظ,നിരീക്ഷിച്ചു കൊണ്ടിരിക്കുക
To track / follow up,تَتَبَّعَ / تَابَعَ,تتبع / تابع,പിന്തുടർന്നു പരിശോധിക്കുക
To record / note down,دَوَّنَ / سَجَّلَ,دون / سجل,കുറിച്ചുവെക്കുക
To report,أَبْلَغَ / رَفَعَ تَقْرِيراً,ابلغ / رفع تقريرا,റിപ്പോർട്ട് ചെയ്യുക
To inform / notify,أَخْبَرَ / أَعْلَمَ,اخبر / اعلم,അറിയിക്കുക
To warn / alert,حَذَّرَ / نَبَّهَ,حذر / نبه,മുന്നറിയിപ്പ് നൽകുക
To remind someone,ذَكَّرَ فُلاَناً,ذكر فلانا,ഒരാളെ ഓർമ്മിപ്പിക്കുക
To convince / persuade,أَقْنَعَ,اقنع,വിശ്വസിപ്പിക്കുക
To encourage / inspire,إِلْهَام / شَجَّعَ,الهام / شجع,പ്രചോദിപ്പിക്കുക
To discourage,إِحْبَاط / ثَبَّطَ,احباط / ثبط,നിരുത്സാഹപ്പെടുത്തുക
To influence,أَثَّرَ فِي,اثر في,സ്വാധീനിക്കുക
To force / compel,أَجْبَرَ,اجبر,ബലമായി ചെയ്യിക്കുക
To threaten,هَدَّدَ,هدد,ഭീഷണിപ്പെടുത്തുക
To blackmail,إِبْتَزَّ,ابتز,ഭീഷണിപ്പെടുത്തി പണം തട്ടുക
To deceive / trick,خَدَعَ / المَكْر,خدع / المكر,വഞ്ചിക്കുക
To cheat / defraud,غَشَّ / إِحْتَالَ,غش / احتال,തട്ടിപ്പ് നടത്തുക
To rob / plunder,سَلَبَ / نَهَبَ,سلب / نهب,കൊള്ളയടിക്കുക
To kidnap / abduct,خَطَفَ,خطف,തട്ടിക്കൊണ്ടുപോവുക
To arrest / detain,اعْتَقَلَ / قَبَضَ عَلَى,اعتقل / قبض علي,അറസ്റ്റ് ചെയ്യുക
To imprison / jail,سَجَنَ / حَبَسَ,سجن / حبس,തടവിലാക്കുക
To judge / sentence,حَكَمَ عَلَى,حكم علي,വിധിക്കുക (കോടതി)
To pardon / release,أَفْرَجَ عَنْ / عَفَا,افرج عن / عفا,മോചിപ്പിക്കുക
To sue / prosecute,قَاضَى / رَفَعَ دَعْوَى,قاضي / رفع دعوي,കേസ് കൊടുക്കുക
To defend (in court),دَافَعَ عَنْ,دافع عن,വാദിക്കുക / പ്രതിരോധിക്കുക
To accuse / charge,إِتَّهَمَ,اتهم,കുറ്റപ്പെടുത്തുക / കേസ് ചുമത്തുക
To suspect someone,إِشْتَبَهَ بِـ,اشتبه ب,ഒരാളെ സംശയിക്കുക
To investigate (crime),حَقَّقَ فِي,حقق في,അന്വേഷണം നടത്തുക
To search (place/person),فَتَّشَ,فتش,സോദ ചെയ്യുക
To confess / admit guilt,إِعْتَرَفَ بِالذَّنْبِ,اعترف بالذنب,കുറ്റം ഏറ്റുപറയുക
To deny charges,أَنْكَرَ التُّهْمَةَ,انكر التهمة,കുറ്റം നിഷേധിക്കുക
To witness / testify,شَهِدَ,شهد,സാക്ഷി പറയുക
To sentence to death,حَكَمَ بِالإِعْدَامِ,حكم بالاعدام,വധശിക്ഷ വിധിക്കുക
To execute / carry out,نَفَّذَ,نفذ,നടപ്പിലാക്കുക / നടപ്പാക്കുക
To escape prison,هَرَبَ مِنَ السِّجْنِ,هرب من السجن,ജയിൽ ചാടുക
To surrender to police,سَلَّمَ نَفْسَهُ,سلم نفسه,കീഴടങ്ങുക
To protect citizens,حَمَى المُواطِنِينَ,حمي المواطنين,പൗരന്മാരെ സംരക്ഷിക്കുക
To save lives,أَنْقَذَ الأَرْوَاحَ,انقذ الارواح,ജീവ രക്ഷിക്കുക
To extinguish fire,أَطْفَأَ النَّارَ,اطفا النار,തീ അണയ്ക്കുക
To treat patients,عَالَجَ المَرْضَى,عالج المرضي,രോഗികളെ ചികിത്സിക്കുക
To perform surgery,أَجْرَى جِرَاحَةً,اجري جراحة,സർജറി ചെയ്യുക
To prescribe medicine,وَصَفَ العِلاَجَ,وصف العلاج,മരുന്ന് നൽകുക
To vaccinate / inject,طَعَّمَ / حَقَنَ,طعم / حقن,കുത്തിവെപ്പ് എടുക്കുക / വാക്സിൻ നൽകുക
To examine patient,فَحَصَ المَرِيضَ,فحص المريض,രോഗിയെ പരിശോധിക്കുക
To diagnose disease,شَخَّصَ المَرَضَ,شخص المرض,രോഗം നിർണ്ണയിക്കുക
To prevent infection,مَنَعَ العَدْوَى,منع العدوي,അണുബാധ തടയുക
To spread (disease),إِنْتَشَرَ,انتشر,പടരുക (രോഗം)
To isolate / quarantine,عَزَلَ,عزل,ക്വാറന്റൈൻ ചെയ്യുക / മാറ്റിപ്പാർപ്പിക്കുക
To recover completely,شُفِيَ تَمَاماً,شفي تماما,പൂർണ്ണമായി സുഖപ്പെടുക
To suffer from illness,عَانَى مِنَ المَرَضِ,عاني من المرض,രോഗം കൊണ്ട് കഷ്ടപ്പെടുക
To faint / lose consciousness,فَقَدَ الوَعْيَ,فقد الوعي,ബോധം കെട്ടുവീഴുക
To regain consciousness,إِسْتَعَادَ الوَعْيَ,استعاد الوعي,ബോധം തിരികെ ലഭിക്കുക
To bleed heavily,نَزَفَ بِشِدَّةٍ,نزف بشدة,കഠിനമായി രക്തം വരിക
To bandage / dress wound,ضَمَّدَ الجُرْحَ,ضمد الجرح,മുറിവ് വെച്ചുകെട്ടുക
To operate a vehicle,شَغَّلَ المَرْكَبَةَ,شغل المركبة,വാഹനം പ്രവർത്തിപ്പിക്കുക
To steer / drive,قَادَ / وَجَّهَ,قاد / وجه,സ്റ്റിയറിംഗ് തിരിക്കുക / ഓടിക്കുക
To brake / stop vehicle,فَرْمَلَ / ضَغَطَ المَكَابِحَ,فرمل / ضغط المكابح,ബ്രേക്ക് ഇടുക
To accelerate / speed up,سَرَّعَ / زَادَ السُّرْعَةَ,سرع / زاد السرعة,വേഗത കൂട്ടുക
To slow down vehicle,خَفَّضَ السُّرْعَةَ,خفض السرعة,വേഗത കുറയ്ക്കുക
To park (car),أَوْقَفَ / رَكَنَ السَّيَّارَةَ,اوقف / ركن السيارة,പാർക്ക് ചെയ്യുക
To reverse (car),تَرَاجَعَ إِلَى الخَلْفِ,تراجع الي الخلف,റിവേഴ്സ് എടുക്കുക
To overtake (car),تَجَاوَزَ / تَخَطَّى,تجاوز / تخطي,ഓവർടേക്ക് ചെയ്യുക
To crash / collide,إِصْطَدَمَ / تَصَادَمَ,اصطدم / تصادم,കൂട്ടിയിടിക്കുക
To overturn / capsize,إِنْقَلَبَتِ السَّيَّارَةُ,انقلبت السيارة,മറിയുക (വാഹനം)
To repair vehicle,صَلَّحَ المَرْكَبَةَ,صلح المركبة,വാഹനം റിപ്പയർ ചെയ്യുക
To refuel / fill gas,زَوَّدَ بِالوُقُودِ,زود بالوقود,ഇന്ധനം അടിക്കുക
To wash car,غَسَلَ السَّيَّارَةَ,غسل السيارة,കാർ കഴുകുക
To board (bus/train/plane),رَكِبَ / صَعِدَ إِلَى,ركب / صعد الي,കയറുക (ബസ്സ്/ട്രെയിൻ)
To disembark / get off,نَزَلَ مِنْ,نزل من,ഇറങ്ങുക
To take off (airplane),أَقْلَعَتِ الطَّائِرَةُ,اقلعت الطايرة,ടേക്ക് ഓഫ് ചെയ്യുക (വിമാനം)
To land (airplane),هَبَطَتِ الطَّائِرَةُ,هبطت الطايرة,ലാൻഡ് ചെയ്യുക (വിമാനം)
To fly a plane,قَادَ الطَّائِرَةَ,قاد الطايرة,വിമാനം പറത്തുക
To sail a ship,أَبْحَرَ / قَادَ السَّفِينَةَ,ابحر / قاد السفينة,കപ്പൽ ഓടിക്കുക
To sink (ship),غَرِقَتِ السَّفِينَةُ,غرقت السفينة,മുങ്ങിപ്പോവുക (കപ്പൽ)
To float on water,طَفَا عَلَى المَاءِ,طفا علي الماء,വെള്ളത്തിൽ പൊങ്ങിനിൽക്കുക
To dive into water,غَاصَ فِي المَاءِ,غاص في الماء,ഡൈവ് ചെയ്യുക / മുങ്ങാംകുഴി ഇടുക
To row a boat,جَدَّفَ,جدف,തുഴയുക
To anchor (ship),أَرْسَى السَّفِينَةَ,ارسي السفينة,നങ്കൂരമിടുക
To cross (road/river),عَبَرَ / عَبَرَ الطَّرِيقَ,عبر / عبر الطريق,റോഡ്/നദി മുറിച്ചുകടക്കുക
To block (road),سَدَّ الطَّرِيقَ / عَرَّقَلَ,سد الطريق / عرقل,വഴി തടസ്സപ്പെടുത്തുക
To clear (road/obstacle),إِزَالَةُ العَقَبَاتِ,ازالة العقبات,തടസ്സം മാറ്റുക
To pave road,رَصَفَ الطَّرِيقَ,رصف الطريق,റോഡ് ടാർ ചെയ്യുക / നിർമ്മിക്കുക
To build bridge,بَنَى جِسْراً,بني جسرا,പാലം പണിയുക
To dig a hole/well,حَفَرَ بِئْراً / حُفْرَةً,حفر بيرا / حفرة,കുഴിയെടുക്കുക / കിണർ കുഴിക്കുക
To plant trees,غَرَسَ الأَشْجَارَ,غرس الاشجار,മരങ്ങൾ നടുക
To water plants,سَقَى النَّبَاتَاتِ,سقي النباتات,ചെടികൾക്ക് നനയ്ക്കുക
To harvest crops,حَصَدَ المَحَاصِيلَ,حصد المحاصيل,വിളവെടുക്കുക
To plow the field,حَرَثَ الأَرْضَ,حرث الارض,നിലം ഉഴുതുമറിക്കുക
To sow seeds,بَذَرَ البُذُورَ,بذر البذور,വിത്ത് വിതറുക
To breed animals,رَبَّى المَوَاشِيَ,ربي المواشي,മൃഗങ്ങളെ വളർത്തുക
To milk a cow,حَلَبَ البَقَرَةَ,حلب البقرة,പശുവെ കറക്കുക
To feed animals,أَطْعَمَ الحَيَوَانَاتِ,اطعم الحيوانات,തീറ്റ കൊടുക്കുക
To slaughter animal,ذَبَحَ الحَيَوَانَ,ذبح الحيوان,അറുക്കുക (മൃഗങ്ങളെ)
To hunt animals,صَادَ الحَيَوَانَاتِ,صاد الحيوانات,വേട്ടയാടുക
To catch fish,صَادَ الأَسْمَاكَ,صاد الاسماك,മീൻ പിടിക്കുക
To cook meal,إِعْدَادُ الطَّعَامِ / طَبَخَ,اعداد الطعام / طبخ,ഭക്ഷണം ഉണ്ടാക്കുക
To set the table,رَتَّبَ الطَّاوِلَةَ,رتب الطاولة,മേശ ഒരുക്കുക
To serve food,قَدَّمَ الطَّعَامَ,قدم الطعام,ഭക്ഷണം വിളമ്പുക
To clear the table,نَظَّفَ الطَّاوِلَةَ,نظف الطاولة,മേശ വൃത്തിയാക്കുക
To wash dishes,غَسَلَ الأَطْبَاقَ,غسل الاطباق,പാത്രങ്ങൾ കഴുകുക
To dry dishes,جَفَّفَ الأَطْبَاقَ,جفف الاطباق,പാത്രങ്ങൾ തുടയ്ക്കുക
To order food (restaurant),طَلَبَ الطَّعَامَ,طلب الطعام,ഓർഡർ ചെയ്യുക
To pay bill,دَفَعَ الحِسَابَ,دفع الحساب,ബില്ല് അടയ്ക്കുക
To leave a tip,تَرَكَ بَقْشِيشاً,ترك بقشيشا,ടിപ്പ് നൽകുക
To taste good,كَانَ لَذِيذاً,كان لذيذا,നല്ല രുചിയുണ്ടാകുക
To taste bad,كَانَ سَيِّئَ الطَّعْمِ,كان سيي الطعم,മോശം രുചിയുണ്ടാകുക
To spoil (food),فَسَدَ الطَّعَامُ,فسد الطعام,ഭക്ഷണം കേടാകുക
To preserve food,حَفِظَ الطَّعَامَ,حفظ الطعام,ഭക്ഷണം കേടുകൂടാതെ സൂക്ഷിക്കുക
To freeze food,جَمَّدَ الطَّعَامَ,جمد الطعام,ഫ്രീസ് ചെയ്യുക
To heat / warm food,سَخَّنَ الطَّعَامَ,سخن الطعام,ഭക്ഷണം ചൂടാക്കുക
To cool down food,بَرَّدَ الطَّعَامَ,برد الطعام,ആറ്റുക / തണുപ്പിക്കുക
To chop vegetables,قَطَّعَ الخُضَارَ,قطع الخضار,പച്ചക്കറികൾ അരിയുക
To peel fruit,قَشَّرَ الفَاكِهَةَ,قشر الفاكهة,തോൽ കളയുക
To stir / mix food,حَرَّكَ / خَلَطَ,حرك / خلط,ഇളക്കുക (ഭക്ഷണം)
To boil water,غَلَى المَاءَ,غلي الماء,വെള്ളം തിളപ്പിക്കുക
To pour drink,سَكَبَ المَشْرُوبَ,سكب المشروب,ജ്യൂസ്/വെള്ളം ഒഴിക്കുക
To add salt/sugar,أَضَافَ المِلْحَ/السُّكَّرَ,اضاف الملح/السكر,ഉപ്പ്/പഞ്ചസാര ഇടുക
To knead dough,عَجَنَ العَجِينَةَ,عجن العجينة,മാവ് കുഴക്കുക
To roll out dough,فَرَدَ العَجِينَ,فرد العجين,മാവ് പരത്തുക
To bake bread,خَبَزَ الخُبْزَ,خبز الخبز,റൊട്ടി ചുട്ടെടുക്കുക
To fry fish/meat,قَلَى السَّمَكَ/اللَّحْمَ,قلي السمك/اللحم,മീൻ/ഇറച്ചി വറുക്കുക
To grill meat,شَوَى اللَّحْمَ,شوي اللحم,ഇറച്ചി ഗ്രിൽ ചെയ്യുക
To steam food,طَبَخَ عَلَى البُخَارِ,طبخ علي البخار,ആവിയിൽ വേവിക്കുക
To filter / strain water,صَفَّى المَاءَ,صفي الماء,വെള്ളം അരിച്ചെടുക്കുക
To store in fridge,وَضَعَ فِي الثَّلاَّجَةِ,وضع في الثلاجة,ഫ്രിഡ്ജിൽ വെക്കുക
To light a candle/fire,أَشْعَلَ الشَّمْعَةَ/النَّارَ,اشعل الشمعة/النار,മെഴുകുതിരി/തീ കത്തിക്കുക
To blow out candle,أَطْفَأَ الشَّمْعَةَ بِالنَّفْخِ,اطفا الشمعة بالنفخ,മെഴുകുതിരി ഊതി അണയ്ക്കുക
To shine (sun/light),أَشْرَقَتِ الشَّمْسُ,اشرقت الشمس,സൂര്യൻ പ്രകാശിക്കുക
To set (sun),غَرَبَتِ الشَّمْسُ,غربت الشمس,സൂര്യൻ അസ്തമിക്കുക
To rain heavy,أَمْطَرَتْ بِغَزَارَةٍ,امطرت بغزارة,കനത്ത മഴ പെയ്യുക
To blow (strong wind),هَبَّتِ الرِّيحُ,هبت الريح,ശക്തമായ കാറ്റടിക്കുക
To thunder,رَعَدَتِ السَّمَاءُ,رعدت السماء,ഇടിമിന്നലുണ്ടാകുക
To flash (lightning),بَرَقَتِ السَّمَاءُ,برقت السماء,മിന്നലുണ്ടാകുക
To freeze (weather),تَجَمَّدَ الطَّقْسُ,تجمد الطقس,കഠിനമായി തണുക്കുക
To melt (ice/snow),ذَابَ الثَّلْجُ,ذاب الثلج,മഞ്ഞ് ഉരുകുക
To flow (river),جَرَى النَّهْرُ / فَالَ,جري النهر / فال,പുഴ ഒഴുകുക
To flood / overflow,فَاضَ المَاءُ / إِذَا فَالَ,فاض الماء / اذا فال,വെള്ളപ്പൊക്കം ഉണ്ടാകുക
To shake (earthquake),زُلْزِلَتِ الأَرْضُ,زلزلت الارض,ഭൂകമ്പം ഉണ്ടാകുക
To blow dust,ثَارَ الغُبَارُ,ثار الغبار,പൊടിക്കാറ്റടിക്കുക
To change seasons,تَغَيَّرَتِ الفُصُولُ,تغيرت الفصول,ഋതുക്കൾ മാറുക
To rise (moon/star),طَلَعَ القَمَرُ,طلع القمر,ചന്ദ്രൻ ഉദിക്കുക
To eclipse (sun/moon),خَسَفَ / كَسَفَ,خسف / كسف,ഗ്രഹണം ഉണ്ടാകുക
To bloom (flower),تَفَتَّحَتِ الزَّهْرَةُ,تفتحت الزهرة,പൂവ് വിരിയുക
To wither / fade (plant),ذَبُلَتِ النَّبَاتَاتُ,ذبلت النباتات,ഇലകൾ/ചെടികൾ വാടുക
To grow tall (tree),نَمَتِ الشَّجَرَةُ,نمت الشجرة,മരം വളരുക
To drop leaves (autumn),تَسَاقَطَتِ الأَوْرَاقُ,تساقطت الاوراق,ഇലകൾ പൊഴിയുക
To bear fruit,أَثْمَرَتِ الشَّجَرَةُ,اثمرت الشجرة,കായ്ക്കുക / ഫലം തരുക
To chirp (birds),غَرَّدَتِ الطُّيُورُ,غردت الطيور,പക്ഷികൾ ചിലയ്ക്കുക
To roar (lion),زَأَرَ الأَسَدُ,زار الاسد,സിംഹം ഗർജ്ജിക്കുക
To bark (dog),نَبَحَ الكَلْبُ,نبح الكلب,നായ കുരയ്ക്കുക
To meow (cat),مَوَّتِ القِطَّةُ,موت القطة,പൂച്ച മ്യാവൂ പറയുക
To neigh (horse),صَهَلَ الحِصَانُ,صهل الحصان,കുതിര കറങ്ങുക / കരയുക
To bray (donkey),نَهَقَ الحِمَارُ,نهق الحمار,കഴുത കരയുക
To bleat (sheep/goat),ثَغَتِ الشَّاةُ,ثغت الشاة,ആട് കരയുക
To moo (cow),خَارَتِ البَقَرَةُ,خارت البقرة,പശു അലറുക / കരയുക
To crow (rooster),صَاحَ الدِّيكُ,صاح الديك,പൂവൻകോഴി കൂവുക
To buzz (bee/fly),طَنَّتِ النَّحْلَةُ,طنت النحلة,ഈച്ച/തേനീച്ച മൂളുക
To hiss (snake),فَحَّتِ الأَفْعَى,فحت الافعي,പാമ്പ് ചീറ്റുക
To howl (wolf),عَوَى الذِّئْبُ,عوي الذيب,ചെന്നായ് ഓലിയിടുക
To croak (frog),نَقَّتِ الضَّفْدَعُ,نقت الضفدع,തവള കരയുക
To fly high (eagle),حَلَّقَ النَّسْرُ,حلق النسر,പരുന്ത് ഉയരത്തിൽ പറക്കുക
To swim deep (fish),سَبَحَتِ السَّمَكَةُ,سبحت السمكة,മീൻ ആഴത്തിൽ നീന്തുക
To crawl (snake/insect),زَحَفَ / زَحَفَتْ,زحف / زحفت,ഇഴയുക
To run fast (cheetah),جَرَى بِسُرْعَةٍ,جري بسرعة,വേഗത്തിൽ ഓടുക
To jump high (kangaroo),قَفَزَ عَالِياً,قفز عاليا,ഉയരത്തിൽ ചാടുക
To hide in cave,إِخْتَبَأَ فِي الكَهْفِ,اختبا في الكهف,ഗുഹയിൽ ഒളിക്കുക
To hunt prey,إِفْتَرَسَ / صَادَ الفَرِيسَةَ,افترس / صاد الفريسة,ഇര തേടുക / വേട്ടയാടുക
To build nest (bird),بَنَى العُشَّ,بني العش,കൂട് പണിയുക
To lay eggs,بَاضَتْ,باضت,മുട്ടയിടുക
To hatch eggs,فَقَسَتِ البَيْضَةُ,فقست البيضة,മുട്ട വിരിയിക്കുക
To feed chicks,أَطْعَمَتِ صِغَارَهَا,اطعمت صغارها,കുഞ്ഞുങ്ങൾക്ക് തീറ്റ കൊടുക്കുക
To protect young,حَمَتْ صِغَارَهَا,حمت صغارها,കുഞ്ഞുങ്ങളെ സംരക്ഷിക്കുക
To migrate (birds),هَاجَرَتِ الطُّيُورُ,هاجرت الطيور,ദേശാടനം ചെയ്യുക
To hibernate,إِسْتَكَنَ / بَيَات شَتَوِي,استكن / بيات شتوي,ശീതകാല ഉറക്കത്തിലാകുക
To adapt to environment,تَكَيَّفَ مَعَ البِيئَةِ,تكيف مع البيية,പാരിസ്ഥിതികമായി ഇണങ്ങുക
To survive in wild,بَقِيَ عَلَى قَيْدِ الحَيَاةِ,بقي علي قيد الحياة,കാട്ടിൽ അതിജീവിക്കുക
To become extinct,إِنْقَرَضَ,انقرض,വംശനാശം സംഭവിക്കുക
To seize (chance),إِنْتَهَزَ,انتهز,അവസരം മുതലാക്കുക
To break / be broken,إِنْكَسَرَ,انكسر,പൊട്ടുക
To cut off / disconnect,إِنْقََطَعَ,انقطع,മുറിഞ്ഞുപോകുക
To join / merge,إِنْضَمَّ,انضم,ഉൾപ്പെടുക
To set off / launch,إِنْطَلَقَ,انطلق,പുറപ്പെടുക
To reflect / be reflected,إِنْعَكَسَ,انعكس,പ്രതിഫലിക്കുക
To decrease / drop,إِنْخَفَضَ,انخفض,കുറയുക
To be busy / occupied,إِنْشَغَلَ,انشغل,തിരക്കിലാകുക
To care / be interested,إِهْتَمَّ,اهتم,ശ്രദ്ധിക്കുക
To shake / vibrate,إِهْتَزَّ,اهتز,കുലുങ്ങുക
Papa / Dad,بَابَا,بابا,പപ്പ / അച്ഛൻ
Girl / Daughter,بِنْت,بنت,പെൺകുട്ടി / മകൾ
Girls / Daughters,بَنَات,بنات,പെൺകുട്ടികൾ / മക്കൾ
Sons / Children,بَنُونَ,بنون,ആൺമക്കൾ / മക്കൾ
Mankind / Human,بَشَر,بشر,മനുഷ്യൻ
Husband / Lord,بَعْل,بعل,ഭർത്താവ്
Hero / Champion,بَطَل,بطل,നായകൻ / വീരൻ
Heroine,بَطَلَة,بطلة,നായിക
Santa Claus,بَابَا نُوِيل,بابا نويل,സാന്താക്ലോസ്
Postman,بَرِيدِيّ,بريدي,തപാലുകാരൻ
Cows,بَقَر,بقر,പശുക്കൾ
Ducks,بَطّ,بط,താറാവുകൾ
Parrot,بَبَّغَاء,ببغاء,തത്ത
Flea,بَرَغُوث,برغوث,ചെള്ള്
Chameleon,بُوحَاء,بوحاء,ഓന്ത്
Panther / Leopard,بَغِيل,بغيل,പുള്ളിപ്പുലി
Sea lion / Seal,بَطْرِيق,بطريق,കടൽനായ
Sea cow / Dugong,بَقَرُ البَحْر,بقر البحر,കടൽപ്പശു
Bedbug,بَقّ,بق,മൂട്ട
Camels (herd),بَعِير,بعير,ഒട്ടകക്കൂട്ടം
Sheep (pl.),بَهَائِم,بهايم,ആടുകൾ
Wild animal,بَهْمَة,بهمة,കാട്ടുമൃഗം
Falcon / Hawk,بَاز,باز,പരുന്ത്
Nightjar / Nighthawk,بَبَغَاءُ اللَّيْل,ببغاء الليل,രാപ്പക്ഷി
Albino animal,بَاقُور,باقور,വെളുത്ത മൃഗം
Belly / Stomach,بَطْن,بطن,വയർ
Skin / Complexion,بَشَرَة,بشرة,ചർമ്മം / തോൽ
Sight / Vision,بَصَر,بصر,കാഴ്ച
Throat / Voice box,بَلْعُوم,بلعوم,തൊണ്ട
Phlegm / Mucus,بَلْغَم,بلغم,കഫം
Urine,بَوْل,بول,മൂത്രം
Fingerprint,بَصْمَة,بصمة,വിരലടയാളം
Groin / Armpit,إِبْط,ابط,കക്ഷം / ഇടുപ്പ്
Armpit,إِبْط,ابط,കക്ഷം
Pupil of eye,بُؤْبُؤ,بوبو,കണ്ണിലെ കൃഷ്ണമണി
Glans / Tip,بَضَعَة,بضعة,അഗ്രം
Arm / Forearm,بَاع,باع,കൈമുട്ട് / ബാഹു
Body / Torso,بَدَن,بدن,ശരീരം
Pimple / Zit,بَثْرَة,بثرة,കുരു
Sperm / Seed,بَذْرَةُ المَنِيّ,بذرة المني,ബീജം
Eggs,بَيْض,بيض,മുട്ടകൾ
Orange,بُرْتُقَال,برتقال,ഓറഞ്ച്
Okra / Ladyfinger,بَامِيَة,بامية,വെണ്ടയ്ക്ക
Eggplant,بَاذِنْجَان,باذنجان,വഴുതനങ്ങ
Parsley,بَقْدُونَس,بقدونس,മല്ലിയില / പാര്സ്ലി
Spices / Seasoning,بُهَارَات,بهارات,മസാലകൾ
Ice cream,بُوظَة,بوظة,ഐസ്ക്രീം
Biscuits / Cookies,بَسْكَوِيت,بسكويت,ബിസ്കറ്റ്
Coffee bean / Coffee,بُنّ,بن,കാപ്പിക്കുരു / കാപ്പി
Legumes / Pulses,بُقُول,بقول,പയറുവർഗ്ഗങ്ങൾ
Pastry / Bakery goods,بَتِيفُور,بتيفور,ബേക്കറി പലഹാരങ്ങൾ
Plum / Prune,بَرْقُوق,برقوق,പ്ലം പഴം
Bean / Fava bean,بَاقِلاَء,باقلاء,പയർ / ബീൻസ്
Citrus / Bitter orange,بُشْرَى,بشري,നാരങ്ങ വർഗ്ഗം
Wheat / Grain,بُرّ,بر,ഗോതമ്പ് / ധാന്യം
Cold drink / Soda,بَارِد,بارد,തണുത്ത പാനീയം
Seeds,بُذُور,بذور,വിത്തുകൾ
Garden / Orchard,بُسْتَان,بستان,തോട്ടം
Petal / Bud,بَتَلَة,بتلة,പൂവിതൾ / മുകുളം
Bamboo,بَامْبُو,بامبو,മുള
Sprout / Shoot,بُرْعُم,برعم,മുളച്ച ഇല
Oak / Acorn tree,بَلُّوط,بلوط,ഓക്ക് മരം
Herbal plant / Herb,بَقْلَة,بقلة,മൂലിക / പച്ചമരുന്ന്
Papyrus,بَرْدِيّ,بردي,പപ്പൈറസ് ചെടി
Chamomile,بَابُونِج,بابونج,ചാമോമൈൽ പൂവ്
Forest / Jungle,بِيئَةٌ حَرَشِيَّة,بيية حرشية,കാട്
Vegetation / Greens,بَسَاتِين,بساتين,പച്ചപ്പ്
Lotus,بَشْنِين,بشنين,താമര
Rattan / Cane,بُوص,بوص,ചൂരൽ
Basin of plant,بُقْعَةُ النَّبَات,بقعة النبات,ചെടിച്ചട്ടി / തടം
Seas,بِحَار,بحار,കടലുകൾ
Lake,بُحَيْرَة,بحيرة,തടാകം
Steam / Vapor,بُخَار,بخار,ആവി
Lightning,بَرْق,برق,മിന്നൽ
Hail / Coldness,بَرَد,برد,ആലിപ്പഴം
Volcano,بُرْكَان,بركان,അഗ്നിപർവ്വതം
Land / Countryside,بَرّ,بر,കര / മരുഭൂമി
Puddle / Pond,بِرْكَة,بركة,കുളം / വെള്ളക്കെട്ട്
Well (Water),بِئْر,بير,കിണർ
Swamp / Marsh,بُطْحَة,بطحة,ചതുപ്പ്
Ocean,بَحْرٌ أَعْظَم,بحر اعظم,മഹാസമുദ്രം
Glacier / Ice,بَرَدِيَّة,بردية,മഞ്ഞുപാളി
Plain / Field,بَقْعَة,بقعة,സമതലം
Environment / Habitat,بِيئَة,بيية,പരിസ്ഥിതി
With / In / By,بِـ,ب,കൊണ്ട് / ഇൽ
After,بَعْدَ,بعد,ശേഷം
Beside / Next to,بِجَانِبِ,بجانب,അടുത്ത്
Without,بِدُونِ,بدون,കൂടാതെ / ഇല്ലാതെ
Because of,بِسَبَبِ,بسبب,കാരണം
Instead of,بَدَلاً مِنْ,بدلا من,പകരം
Despite / Although,بِالرَّغْمِ مِنْ,بالرغم من,എങ്കിലും
Inside / Within,بِدَاخِلِ,بداخل,അകത്ത്
By means of / Via,بِوَاسِطَةِ,بواسطة,വഴി / മുഖേന
Early,بَكِير / بُكْرَة,بكير / بكرة,നേരത്തെ
Hardly / Barely,بِصُعُوبَة,بصعوبة,വിഷമത്തോടെ
Easily,بِسُهُولَة,بسهولة,എളുപ്പത്തിൽ
Quickly / Fast,بِسُرْعَة,بسرعة,വേഗത്തിൽ
Directly / Straight,مُبَاشَرَةً,مباشرة,നേരിട്ട്
Always / Forever,بِاسْتِمْرَار,باستمرار,എപ്പോഴും
Tomorrow,بُكْرَة,بكرة,നാളെ
Clearly,بِوُضُوح,بوضوح,വ്യക്തമായി
Early morning,بُكْرَة / بُكُور,بكرة / بكور,പ്രഭാതം
Dawn / Morning,بَاكِر,باكر,പുലർച്ചെ
Unseasonable time,بَعْدَ إِبَّانِهِ,بعد ابانه,അവസരമില്ലാത്ത സമയം
Duration / Period,بُرْهَة,برهة,കാലയളവ്
Moment / Instant,بُرْهَةٌ وَجِيزَة,برهة وجيزة,നിമിഷം
Eternity / Forever,بَقَاء,بقاء,എന്നേക്കും
Suit / Outfit,بَدْلَة,بدلة,സൂട്ട് / കോട്ട്
Pants / Trousers,بَنْنَطَلُون,بننطلون,പാന്റ്സ്
Pyjamas,بِجَامَة,بجامة,പൈജാമ
Overalls / Jumpsuit,بَدْلَةٌ كَامِلَة,بدلة كاملة,ജമ്പ് സൂട്ട്
Burqa / Veil,بُرْقُع,برقع,പർദ്ദ / ബുർഖ
Boots,بَسْتَار,بستار,ബൂട്ട്സ് ഷൂസ്
Beret / Cap,بَرِيه,بريه,തൊപ്പി
Fabric / Cloth,بَزّ,بز,തുണി
Pink,بِمْبِي,بمبي,പിങ്ക് നിറം
Purple / Violet,بَنَفْسَجِي,بنفسجي,പർപ്പിൾ നിറം
Orange color,بُرْتُقَالِي,برتقالي,ഓറഞ്ച് നിറം
Beige color,بِيج,بيج,ബീജ് നിറം
Burgundy color,بُرْغُنْدِي,برغندي,ബർഗണ്ടി നിറം
Joy / Good news,بُشْرَى,بشري,സന്തോഷവാർത്ത
Joy / Happiness,بَهْجَة,بهجة,സന്തോഷം
Hatred / Enmity,بَغْضَاء,بغضاء,വെറുപ്പ് / ശത്രുത
Heroism / Bravery,بَطُولَة,بطولة,ധീരത
Misery / Distress,بُؤْس,بوس,കഷ്ടപ്പാട്
Cool / Cold,بَارِد,بارد,തണുത്ത
Innocent,بَرِيء,بريء,തെറ്റില്ലാത്ത / നിഷ്കളങ്കൻ
Simple / Easy,بَسِيط,بسيط,ലളിതമായ
Stingy / Miserly,بَخِيل,بخيل,പിശുക്കനായ
Slow,بَطِيء,بطيء,പതുക്കെയുള്ള
Brave / Heroic,بَاسِل,باسل,ധീരനായ
Obvious / Evident,بَاهِر,باهر,വ്യക്തമായ
Elegance / Splendor,بَهِيج,بهيج,മനോഹരമായ
Remaining / Leftover,بَاقٍ / بَاقِيَة,باق / باقية,ബാക്കിയുള്ള
Mute / Dumb,أَبْكَم / بَكْمَاء,ابكم / بكماء,സംസാരശേഷിയില്ലാത്ത
Barren / Arid,بُور,بور,വറണ്ട / വരണ്ട
Promising / Good,بَشِير,بشير,ശുഭപ്രതീക്ഷയുള്ള
Bright / Shining,بَرَّاق,براق,തിളക്കമുള്ള
Plain / Unadorned,بَحْت,بحت,സാധാരണയായ
Door / Gate / Chapter,بَاب,باب,വാതിൽ / അധ്യായം
House / Poetry verse,بَيْت,بيت,വീട് / കവിതാവരി
Country / Land,بَلَد,بلد,രാജ്യം / നാട്
Goods / Merchandise,بَضَاعَة,بضاعة,സാധനങ്ങൾ / ചരക്ക്
Mail / Post,بَرِيد,بريد,തപാൽ / പോസ്റ്റ്
Program / Software,بَرْنَامَج,برنامج,പ്രോഗ്രാം
Tower / Zodiac sign,بُرْج,برج,ടവർ / ഗോപുരം
Proof / Evidence,بُرْهَان,برهان,തെളിവ്
Pistol / Gun,بُنْدُقِيَّة,بندقية,തോക്ക്
Card / Tag,بِطَاقَة,بطاقة,കാർഡ് / ടാഗ്
Suitcase / Trunk,بَقْشَة,بقشة,പെട്ടി
Steamship / Liner,بَاخِرَة,باخرة,കപ്പൽ
Petroleum / Oil,بَتْرُول,بترول,പെട്രോളിയം
Building / Structure,بِنَاء,بناء,കെട്ടിടം
Invention,إِبْتِكَار,ابتكار,കണ്ടുപിടുത്തം
Infrastructure,بُنْيَةٌ تَحْتِيَّة,بنية تحتية,അടിസ്ഥാന സൗകര്യം
Declaration / Statement,بَيَان,بيان,പ്രസ്താവന
Environment,بِيئَة,بيية,പരിസ്ഥിതി
Protocol / Code,بَرُوتُوكُول,بروتوكول,പ്രോട്ടോക്കോൾ
Patent,بَرَاءَةُ إِخْتِرَاع,براءة اختراع,പേറ്റന്റ്
Mosque / Shrine,بُقْعَةٌ مُقَدَّسَة,بقعة مقدسة,മസ്ജിദ്
Spot / Stain,بُقْعَة,بقعة,പുള്ളി / കറ
Grocer / Pantry,بَقَّالَة,بقالة,പലചരക്ക് കട
Parachute,بَارَاشُوت,باراشوت,പാരഷൂട്ട്
Compass,بُوصَلَة,بوصلة,ദിശാസൂചി
Pipe / Tube,بُورِيّ,بوري,പൈപ്പ്
Stock exchange / Bourse,بُورْصَة,بورصة,ഓഹരി വിപണി
Battery,بَطَّارِيَّة,بطارية,ബാറ്ററി
Blanket,بَطَّانِيَّة,بطانية,പുതപ്പ്
To begin / start,بَدَأَ,بدا,തുടങ്ങുക
To search / look for,بَحَثَ,بحث,അന്വേഷിക്കുക
To build / construct,بَنَى,بني,പണിയുക
To remain / stay,بَقِيَ,بقي,നിലനിൽക്കുക
To appear / seem,بَدَا,بدا,കാണപ്പെടുക
To smile,بَتَسَمَ / إِبْتَسَمَ,بتسم / ابتسم,പുഞ്ചിരിക്കുക
To innovate / invent,إِبْتَكَرَ,ابتكر,കണ്ടുപിടിക്കുക
To reach / arrive,بَلَغَ,بلغ,എത്തുക
To send / dispatch,بَعَثَ,بعث,അയക്കുക
To cry / weep,بَكَى,بكي,കരയുക
To change / replace,بَدَّلَ,بدل,മാറ്റുക
To spend / exert,بَذَلَ,بذل,ചിലവഴിക്കുക
To inform / convey news,بَشَّرَ,بشر,സന്തോഷവാർത്ത അറിയിക്കുക
To gladden / delight,بَهَجَ,بهج,സന്തോഷിപ്പിക്കുക
To shine / sparkle,بَرَقَ,برق,തിളങ്ങുക
To prove / demonstrate,بَرَهَنَ,برهن,തെളിയിക്കുക
To scatter / disperse,بَعْثَرَ,بعثر,വിതറുക
To bless,بَارَكَ,بارك,അനുഗ്രഹിക്കുക
To initiate / hasten,بَادَرَ,بادر,മുമ്പോട്ടുവരിക
To exaggerate,بَالَغَ,بالغ,അതിശയോക്തി പറയുക
To pledge allegiance,بَايَعَ,بايع,അനുസരണപ്രതിജ്ഞ ചെയ്യുക
To distance oneself,بَاعَدَ,باعد,അകന്നുനിൽക്കുക
To keep away,بَعَّدَ,بعد,അകറ്റുക
To simplify,بَسَّطَ,بسط,ലളിതമാക്കുക
To clarify / explain,بَيَّنَ,بين,വ്യക്തമാക്കുക
To inform / notify,بَلَّغَ,بلغ,അറിയിക്കുക
To cool down,بَرَّدَ,برد,തണുപ്പിക്കുക
To justify / acquit,بَرَّرَ,برر,ന്യായീകരിക്കുക
To crystallize,بَلْوَرَ,بلور,വ്യക്തമാകുക
To adopting an idea,إِبْتَلَعَ,ابتلع,സ്വീകരിക്കുക
To walk proudly / strut,بَغْدَدَ,بغدد,ഗമയിൽ നടക്കുക
To start first,إِبْتَدَأَ,ابتدا,ആദ്യം തുടങ്ങുക
To smile broadly,إِبْتَسَمَ,ابتسم,പുഞ്ചിരിക്കുക
To test / afflict,إِبْتَلَى,ابتلي,പരീക്ഷിക്കുക
To get wet / soaked,إِبْتَلَّ,ابتل,നനയുക
To extort / blackmail,إِبْتَزَّ,ابتز,ഭീഷണിപ്പെടുത്തുക
To move away,إِبْتَعَدَ,ابتعد,അകന്നുപോവുക
To be delighted,إِبْتَهَجَ,ابتهج,സന്തോഷിക്കുക
To pray humbly / beseech,إِبْتَهَلَ,ابتهل,പ്രാർത്ഥിക്കുക
To buy / purchase,إِبْتَاعَ,ابتاع,വാങ്ങുക
To test / trial,إِبْتُلِيَ,ابتلي,പരീക്ഷിക്കപ്പെടുക
To invent / originate,إِبْتَدَعَ,ابتدع,പുതിയത് ഉണ്ടാക്കുക
To swallow up,إِبْتَلَعَ,ابتلع,വിഴുങ്ങുക
To smile softly,إِبْتَسَمَ خَفِيفاً,ابتسم خفيفا,മൃദുവായി പുഞ്ചിരിക്കുക
To stay away from,إِبْتَعَدَ عَنْ,ابتعد عن,വിട്ടുനിൽക്കുക
To keep distance,إِبْتَعَدَ كَثِيراً,ابتعد كثيرا,അകലം പാലിക്കുക
To start again,إِبْتَدَأَ مِنْ جَدِيد,ابتدا من جديد,വീണ്ടും തുടങ്ങുക
To show joy,إِبْتَهَجَ بِـ,ابتهج ب,സന്തോഷം പ്രകടിപ്പിക്കുക
To pray earnestly,إِبْتَهَلَ إِلَى الله,ابتهل الي الله,ആത്മാർത്ഥമായി പ്രാർത്ഥിക്കുക
To buy goods,إِشْتَرَى / إِبْتَاعَ,اشتري / ابتاع,സാധനങ്ങൾ വാങ്ങുക
To swallow whole,إِبْتَلَعَ كَالِماً,ابتلع كالما,മുഴുവനായി വിഴുങ്ങുക
To innovate daily,إِبْتَكَرَ يَوْمِيًّا,ابتكر يوميا,ദിനംപ്രതി കണ്ടുപിടിക്കുക
To extortion / force,إِبْتَزَّ المَال,ابتز المال,നിർബന്ധിച്ച് വാങ്ങുക
To move back,إِبْتَعَدَ إِلَى الخَلْف,ابتعد الي الخلف,പിന്നോട്ട് മാറുക
To spread out / extend,بَسَطَ,بسط,പരത്തുക
To cut / sever,بَتَرَ,بتر,മുറിച്ചുമാറ്റുക
To look attentively / gaze,بَصُرَ,بصر,ഉറ്റുനോക്കുക
To oppress / transgress,بَغَى,بغي,അതിക്രമം കാണിക്കുക
To surprise / overtake,بَغَتَ,بغت,പെട്ടെന്ന് വന്നെത്തുക
To stay / abide,قَطَنَ / بَقِيَ,قطن / بقي,താമസിക്കുക
To excel / surpass,بَرَعَ,برع,മികച്ചുനിൽക്കുക
To heal / cure,بَرِئَ,بري,സുഖപ്പെടുക
To sharpen (pencil),بَرَى,بري,സീവുക / മൂർച്ച കൂട്ടുക
To emerge / stand out,بَرَزَ,برز,പുറത്തുവരിക
To grow cold / freeze,بَرَدَ,برد,തണുക്കുക
To file / polish metal,بَرَدَ المَعْدِن,برد المعدن,അരയ്ക്കുക / മിനുക്കുക
To prove innocence,بَرَّأَ,برا,കുറ്റവിമുക്തനാക്കുക
To show out / display,أَبْرَزَ,ابرز,പ്രദർശിപ്പിക്കുക
To ratify / confirm,أَبْرَمَ,ابرم,അംഗീകരിക്കുക
To heal (wound),إِنْدَمَلَ / بَرِئَ,اندمل / بري,ഉണങ്ങുക (മുറിവ്)
To shine bright,بَرَقَ شَدِيداً,برق شديدا,ശോഭിക്കുക
To excel in studies,بَرَعَ فِي الدِّرَاسَة,برع في الدراسة,പഠനത്തിൽ മിടുക്കനാകുക
To sharpen pencil,بَرَى القَلَم,بري القلم,പെൻസിൽ സീവുക
To emerge clearly,بَرَزَ بِوُضُوح,برز بوضوح,വ്യക്തമായി പുറത്തുവരിക
To reach adulthood,بَلَغَ أَشُدَّهُ,بلغ اشده,പ്രായപൂർത്തിയാകുക
To inform everyone,بَلَّغَ الجَمِيع,بلغ الجميع,എല്ലാവരെയും അറിയിക്കുക
To wet slightly,بَلَّ,بل,ലൈറ്റായി നനയ്ക്കുക
To soak completely,بَلَّلَ,بلل,നന്നായി നനയ്ക്കുക
To achieve goal,بَلَغَ الهَدَف,بلغ الهدف,ലക്ഷ്യത്തിൽ എത്തുക
To deliver message,بَلَّغَ الرِّسَالَة,بلغ الرسالة,സന്ദേശം എത്തിക്കുക
To reach limit,بَلَغَ الحَدّ,بلغ الحد,അതിർത്ഥിയിൽ എത്തുക
To be articulate,بَلُغَ,بلغ,വ്യക്തമായി സംസാരിക്കുക
To wear out / decay,بَلِيَ,بلي,പഴകുക
To test / try severely,بَلاَ,بلا,പരീക്ഷിക്കുക
To build a home,بَنَى بَيْتاً,بني بيتا,വീട് പണിയുക
To establish foundation,بَنَى الأَسَاس,بني الاساس,അടിത്തറ ഇടുക
To adopt son,تَبَنَّى,تبني,മകനായി സ്വീകരിക്കുക
To be built / constructed,بُنِيَ,بني,പണിയപ്പെടുക
To construct wall,بَنَى الجِدَار,بني الجدار,മതിൽ പണിയുക
To adopt plan,تَبَنَّى الخُطَّة,تبني الخطة,പ്ലാൻ അംഗീകരിക്കുക
To structure speech,بَنَى الكَلاَم,بني الكلام,സംസാരം ഘടനയാക്കുക
To rebuild,أَعَادَ البِنَاء,اعاد البناء,വീണ്ടും പണിയുക
To adopt child,تَبَنَّى الطِّفْل,تبني الطفل,കുട്ടിയെ ദത്തെടുക്കുക
To build empire,بَنَى الإِمْبِرَاطُورِيَّة,بني الامبراطورية,സാമ്രാജ്യം കെട്ടിപ്പടുക്കുക
To sell goods,بَاعَ البَضَائِع,باع البضايع,സാധനങ്ങൾ വിൽക്കുക
To sell cheap,بَاعَ بِرُخْص,باع برخص,കുറഞ്ഞവിലയ്ക്ക് വിൽക്കുക
To sell dear / expensive,بَاعَ بِغَلاَء,باع بغلاء,കൂടിയവിലയ്ക്ക് വിൽക്കുക
To trade / deal,بَاعَ وَاشْتَرَى,باع واشتري,വ്യാപാരം ചെയ്യുക
To sell out,بَاعَ الكُلّ,باع الكل,മുഴുവൻ വിറ്റുതീർക്കുക
To allegiance / pledge,بَايَعَ,بايع,കരാർ ചെയ്യുക
To offer for sale,عَرَضَ لِلْبَيْع,عرض للبيع,വില്പനയ്ക്ക് വെക്കുക
To re-sell,أَعَادَ البَيْع,اعاد البيع,മറിച്ച് വിൽക്കുക
To sell house,بَاعَ البَيْت,باع البيت,വീട് വിൽക്കുക
To sell car,بَاعَ السَّيَّارَة,باع السيارة,കാർ വിൽക്കുക
To spend money,بَذَلَ المَال,بذل المال,പണം ചിലവഴിക്കുക
To make effort,بَذَلَ الجُهْد,بذل الجهد,ശ്രമിക്കുക
To sacrifice life,بَذَلَ النَّفْس,بذل النفس,ജീവൻ നൽകുക
To sow seeds,بَذَرَ البُذُور,بذر البذور,വിത്ത് വിതറുക
To waste / squander,بَذَّرَ,بذر,പാഴാക്കുക
To give generously,بَذَلَ بِسَخَاء,بذل بسخاء,ദാനമായി നൽകുക
To scatter seeds,بَذَرَ فِي الأَرْض,بذر في الارض,വിത്തുകൾ വിതറുക
To dissipate wealth,بَذَّرَ المَال,بذر المال,സ്വത്ത് നശിപ്പിക്കുക
To do utmost,بَذَلَ قُصَارَى جُهْدِهِ,بذل قصاري جهده,പരമാവധി ശ്രമിക്കുക
To sow discord,بَذَرَ الشِقَاق,بذر الشقاق,അഭിപ്രായവ്യത്യാസം ഉണ്ടാക്കുക
To replace old with new,بَدَّلَ القَدِيمَ بِالجَدِيد,بدل القديم بالجديد,പഴയതിന് പകരം പുതിയതാക്കുക
To change clothes,بَدَّلَ المَلاَبِس,بدل الملابس,വസ്ത്രം മാറുക
To exchange positions,تَبَادَلَ المَوَاِقِع,تبادل المواقع,സ്ഥാനങ്ങൾ മാറുക
To start work,بَدَأَ العَمَل,بدا العمل,ജോലി തുടങ്ങുക
To start lesson,بَدَأَ الدَّرْس,بدا الدرس,പാഠം തുടങ്ങുക
To seem clear,بَدَا وَاضِحاً,بدا واضحا,വ്യക്തമായി കാണപ്പെടുക
To appear on horizon,بَدَا فِي الأُفُق,بدا في الافق,ആകാശത്ത് കാണപ്പെടുക
To begin journey,بَدَأَ الرِّحْلَة,بدا الرحلة,യാത്ര തുടങ്ങുക
To change mind,بَدَّلَ رَأْيَهُ,بدل رايه,അഭിപ്രായം മാറുക
To start over,بَدَأَ مِنْ جَدِيد,بدا من جديد,വീണ്ടും തുടങ്ങുക
To look carefully,بَصُرَ بِـ,بصر ب,ശ്രദ്ധിച്ചു നോക്കുക
To give sight / enlighten,بَصَّرَ,بصر,കാഴ്ച നൽകുക / ചിന്തിപ്പിക്കുക
To stamp fingerprint,بَصَمَ,بصم,വിരലടയാളം പതിക്കുക
To spit out,بَصَقَ عَالِياً,بصق عاليا,പുറത്തേക്ക് തുപ്പുക
To perceive truth,أَبْصَرَ الحَقّ,ابصر الحق,സത്യം മനസ്സിലാക്കുക
To sign / stamp,بَصَمَ عَلَى الوَثِيقَة,بصم علي الوثيقة,ഒപ്പുവെക്കുക
To see clearly,أَبْصَرَ جَيِّداً,ابصر جيدا,വ്യക്തമായി കാണുക
To insight / reflect,تَبَصَّرَ فِي الأَمْر,تبصر في الامر,ചിന്തിച്ചു മനസ്സിലാക്കുക
To spit on ground,بَصَقَ عَلَى الأَرْض,بصق علي الارض,നിലത്ത് തുപ്പുക
To mark fingerprint,بَصَمَ بِالإِصْبُع,بصم بالاصبع,കയ്യൊപ്പ് വെക്കുക
To simplify problem,بَسَّطَ المُشْكِلَة,بسط المشكلة,പ്രശ്നം ലളിതമാക്കുക
To spread hands,بَسَطَ يَدَيْهِ,بسط يديه,കൈകൾ നീട്ടുക
To smile broadly,بَسَمَ,بسم,തുറന്നു പുഞ്ചിരിക്കുക
To make happy / cheerful,بَسَطَ النَّفْس,بسط النفس,സന്തോഷിപ്പിക്കുക
To explain simply,بَسَّطَ الشَّرْح,بسط الشرح,എളുപ്പത്തിൽ വിശദീകരിക്കുക
To stretch out carpet,بَسَطَ السَّجَّادَة,بسط السجادة,പായ പരത്തുക
To smile politely,إِبْتَسَمَ بِأَدَب,ابتسم بادب,മര്യാദയോടെ പുഞ്ചിരിക്കുക
To simplify procedure,بَسَّطَ الإِجْرَاءَات,بسط الاجراءات,രീതി ലളിതമാക്കുക
To expand power,بَسَطَ نُفُوذَهُ,بسط نفوذه,അധികാരം വികസിപ്പിക്കുക
To smile warmly,إِبْتَسَمَ بِدِفْء,ابتسم بدفء,സ്നേഹത്തോടെ പുഞ്ചിരിക്കുക
To explain clearly,بَيَّنَ بِوُضُوح,بين بوضوح,വ്യക്തമായി വിശദീകരിക്കുക
To declare statement,أَبَانَ عَنْ رَأْيِهِ,ابان عن رايه,പ്രസ്താവന നടത്തുക
To clarify truth,بَيَّنَ الحَقِيقَة,بين الحقيقة,സത്യം വ്യക്തമാക്കുക
To demonstrate proof,أَوْضَحَ / بَيَّنَ,اوضح / بين,തെളിവ് വ്യക്തമാക്കുക
To become clear,تَبَيَّنَ,تبين,വ്യക്തമായിത്തീരുക
To spend night,بَاتَ,بات,രാത്രി കഴിച്ചുകൂട്ടുക
To stay overnight,بَاتَ لَيْلَتَهُ,بات ليلته,രാത്രി ഉറങ്ങുക
To clarify details,بَيَّنَ التَّفَاصِيل,بين التفاصيل,വിവരങ്ങൾ വ്യക്തമാക്കുക
To show difference,بَيَّنَ الفَرْق,بين الفرق,വ്യത്യാസം കാണിക്കുക
To ascertain truth,تَبَيَّنَ الأَمْر,تبين الامر,സത്യം അന്വേഷിച്ചു മനസ്സിലാക്കുക
To give glad tidings,بَشَّرَ بِالخَيْر,بشر بالخير,സന്തോഷവാർത്ത നൽകുക
To announce success,بَشَّرَ بِالنَّجَاح,بشر بالنجاح,വിജയം അറിയിക്കുക
To smile / be cheerful,بَشَّ فِي وَجْهِهِ,بش في وجهه,പ്രസന്നവദനനാകുക
To perform duty directly,بَاشَرَ العَمَل,باشر العمل,നേരിട്ട് ജോലി ചെയ്യുക
To start task directly,بَاشَرَ المَهَام,باشر المهام,ഉടൻ ആരംഭിക്കുക
To carry out plan,بَاشَرَ الخُطَّة,باشر الخطة,പ്ലാൻ നടപ്പിലാക്കുക
To bring good news,أَبْشَرَ,ابشر,നല്ല വാർത്ത കൊണ്ടുവരിക
To rejoice at news,إِسْتَبْشَرَ,استبشر,വാർത്തയിൽ സന്തോഷിക്കുക
To supervise directly,بَاشَرَ الإِشْرَاف,باشر الاشراف,നേരിട്ട് മേൽനോട്ടം വഹിക്കുക
To manage directly,بَاشَرَ الإِدَارَة,باشر الادارة,നേരിട്ട് നിയന്ത്രിക്കുക
To send messenger,بَعَثَ رَسُولاً,بعث رسولا,ദൂതനെ അയക്കുക
To raise from dead,بَعَثَ مِنَ المَوْت,بعث من الموت,ഉയിർത്തെഴുന്നേൽപ്പിക്കുക
To send letter,بَعَثَ رِسَالَة,بعث رسالة,കത്ത് അയക്കുക
To scatter things,بَعْثَرَ الأَشْيَاء,بعثر الاشياء,സാധനങ്ങൾ ചിതറിക്കുക
To disarrange room,بَعْثَرَ الغُرْفَة,بعثر الغرفة,മുറി കുഴപ്പത്തിലാക്കുക
To send delegation,بَعَثَ وَفْداً,بعث وفدا,പ്രതിനിധിയെ അയക്കുക
To awaken / arouse,بَعَثَ أَمَلاً,بعث املا,ഉണർത്തുക / പ്രചോദിപ്പിക്കുക
To scatter papers,بَعْثَرَ الأَوْرَاق,بعثر الاوراق,കടലാസുകൾ ചിതറിക്കുക
To send greeting,بَعَثَ تَحِيَّة,بعث تحية,അഭിവാദ്യം അയക്കുക
To inspire hope,بَعَثَ الرَّجَاء,بعث الرجاء,പ്രതീക്ഷ നൽകുക
To keep away from bad,بَاعَدَ عَنِ الشَّرّ,باعد عن الشر,ചീത്ത കാര്യത്തിൽ നിന്ന് അകലുക
To go far away,إِبْتَعَدَ كَثِيراً,ابتعد كثيرا,വളരെ ദൂരെ പോവുക
To alienate people,بَعَّدَ النَّاس,بعد الناس,ആളുകളെ അകറ്റുക
To distance step by step,بَاعَدَ بَيْنَهُمَا,باعد بينهما,പതുക്കെ അകറ്റുക
To stretch distance,بَاعَدَ المَسَافَة,باعد المسافة,ദൂരം കൂട്ടുക
To exclude option,إِسْتَبْعَدَ الخِيَار,استبعد الخيار,ഓപ്ഷൻ മാറ്റിവെക്കുക
To consider unlikely,إِسْتَبْعَدَ الأَمْر,استبعد الامر,അസാധ്യമെന്ന് കരുതുക
To keep away danger,بَعَّدَ الخَطَر,بعد الخطر,അപകടം അകറ്റി നിർത്തുക
To remove doubt,إِسْتَبْعَدَ الشَّكّ,استبعد الشك,സംശയം മാറ്റുക
To push far off,بَعَّدَ إِلَى البَعِيد,بعد الي البعيد,ദൂരേക്ക് തള്ളുക
To bless time,بَارَكَ فِي الوَقْت,بارك في الوقت,സമയത്തിൽ ബറക്കത്ത് നൽകുക
To bless food,بَارَكَ فِي الطَّعَام,بارك في الطعام,ഭക്ഷണത്തിൽ ബറക്കത്ത് നൽകുക
To congratulate on marriage,بَارَكَ الزَّوَاج,بارك الزواج,വിവാഹത്തിന് അഭിനന്ദിക്കുക
To initiate effort,بَادَرَ بِالعَمَل,بادر بالعمل,ശ്രമം ആദ്യമേ തുടങ്ങുക
To take step first,بَادَرَ بِالخُطْوَة,بادر بالخطوة,ആദ്യ ചുവടുവെപ്പ് നടത്തുക
To exchange greetings,تَبَادَلَ التَّحِيَّة,تبادل التحية,അഭിവാദ്യം കൈമാറുക
To exchange ideas,تَبَادَلَ الآَرَاء,تبادل الاراء,അഭിപ്രായങ്ങൾ കൈമാറുക
To bless life,بَارَكَ الحَيَاة,بارك الحياة,ജീവിതം അനുഗ്രഹിക്കുക
To congratulate on success,بَارَكَ النَّجَاح,بارك النجاح,വിജയത്തിൽ അഭിനന്ദിക്കുക
To offer help first,بَادَرَ بِالمُسَاعَدَة,بادر بالمساعدة,സഹായം വാഗ്ദാനം ചെയ്യുക
To cool water,بَرَّدَ المَاء,برد الماء,വെള്ളം തണുപ്പിക്കുക
To freeze / get cold,بَرَدَ الجَوّ,برد الجو,തണുത്തു ഉറയുക
To justify action,بَرَّرَ الفِعْل,برر الفعل,പ്രവർത്തിയെ ന്യായീകരിക്കുക
To justify mistake,بَرَّرَ الخَطَأ,برر الخطا,തെറ്റ് ന്യായീകരിക്കുക
To heal completely,بَرِئَ تَمَاماً,بري تماما,മുഴുവനായി സുഖപ്പെടുക
To prove innocence in court,تَبَرَّأَ فِي المَحْكَمَة,تبرا في المحكمة,കോടതിയിൽ കുറ്റവിമുക്തനാകുക
To donate money,تَبَرَّعَ بِالمَال,تبرع بالمال,പണം ദാനം ചെയ്യുക
To donate blood,تَبَرَّعَ بِالدَّم,تبرع بالدم,രക്തം ദാനം ചെയ്യുക
To disown action,تَبَرَّأَ مِنَ الفِعْل,تبرا من الفعل,പ്രവർത്തിയുമായി ബന്ധമില്ലെന്ന് പറയുക
To justify absence,بَرَّرَ الغِيَاب,برر الغياب,ഹാജരാകാത്തത് ന്യായീകരിക്കുക
To exaggerate story,بَالَغَ فِي القِصَّة,بالغ في القصة,കഥ അതിശയോക്തിയായി പറയുക
To exaggerate danger,بَالَغَ فِي الخَطَر,بالغ في الخطر,അപകടം വലുതായി കാണിക്കുക
To reach climax,بَلَغَ الذِّرْوَة,بلغ الذروة,പാരമ്യത്തിൽ എത്തുക
To reach destination,بَلَغَ المَقْصِد,بلغ المقصد,ലക്ഷ്യസ്ഥാനത്ത് എത്തുക
To try hard / strain,بَالَغَ فِي الجُهْد,بالغ في الجهد,കഠിനമായി ശ്രമിക്കുക
To overstate problem,بَالَغَ فِي المُشْكِلَة,بالغ في المشكلة,പ്രശ്നം വലുതാക്കി പറയുക
To reach mature age,بَلَغَ سِنَّ الرُّشْد,بلغ سن الرشد,പ്രായപൂർത്തിയാകുക
To convey order,بَلَّغَ الأَمْر,بلغ الامر,ഉത്തരവ് അറിയിക്കുക
To reach high level,بَلَغَ مُسْتَوَى عَالِياً,بلغ مستوي عاليا,ഉയർന്ന തലത്തിൽ എത്തുക
To overdo praise,بَالَغَ فِي المَدْح,بالغ في المدح,വളരെയധികം പ്രശംസിക്കുക
To pledge loyalty,بَايَعَ عَلَى الطَّاعَة,بايع علي الطاعة,വിശ്വസ്തത പ്രതിജ്ഞ ചെയ്യുക
To pledge support,بَايَعَ بِالدَّعْم,بايع بالدعم,പിന്തുണ വാഗ്ദാനം ചെയ്യുക
To remain patient,بَقِيَ صَابِراً,بقي صابرا,ക്ഷമയോടെ നിൽക്കുക
To remain silent,بَقِيَ صَامِتاً,بقي صامتا,മിണ്ടാതിരിക്കുക
To remain firm / steadfast,بَقِيَ ثَابِتاً,بقي ثابتا,ഉറച്ചുനിൽക്കുക
To survive trial,بَقِيَ حَيًّا,بقي حيا,പരീക്ഷണം അതിജീവിക്കുക
To stay home,بَقِيَ فِي البَيْت,بقي في البيت,വീട്ടിൽ തന്നെ ഇരിക്കുക
To stay awake,بَقِيَ مُسْتَيْقِظاً,بقي مستيقظا,ഉണർന്നിരിക്കുക
To remain calm,بَقِيَ هَادِئاً,بقي هاديا,ശാന്തമായിരിക്കുക
To last long,بَقِيَ طَوِيلاً,بقي طويلا,വളരെക്കാലം നിലനിൽക്കുക
To weep bitterly,بَكَى بِشِدَّة,بكي بشدة,കഠിനമായി കരയുക
To cry out of fear,بَكَى مِنَ الخَوْف,بكي من الخوف,പേടിച്ച് കരയുക
To cry out of joy,بَكَى مِنَ الفَرَح,بكي من الفرح,സന്തോഷം കൊണ്ട് കരയുക
To make someone cry,أَبْكَى,ابكي,ഒരാളെ കരയിപ്പിക്കുക
To weep silently,بَكَى بِصَمْت,بكي بصمت,ശബ്ദമില്ലാതെ കരയുക
To mourn and cry,بَكَى حُزْناً,بكي حزنا,സങ്കടപ്പെട്ട് കരയുക
To cry for help,بَكَى طَلَباً لِلْمُسَاعَدَة,بكي طلبا للمساعدة,സഹായത്തിന് കരയുക
To cry loud,بَكَى بِصَوْتٍ عَالٍ,بكي بصوت عال,ഉച്ചത്തിൽ കരയുക
To weep over loss,بَكَى عَلَى الخَسَارَة,بكي علي الخسارة,നഷ്ടത്തിൽ കരയുക
To bring to tears,أَبْكَى الحَاضِرِينَ,ابكي الحاضرين,കണ്ണീരിലാഴ്ത്തുക
To shine bright (star),بَرَقَ النَّجْم,برق النجم,നക്ഷത്രം തിളങ്ങുക
To flash lightning,بَرَقَتِ السَّمَاء,برقت السماء,മിന്നൽ മിന്നുക
To gladden heart,بَهَجَ القَلْب,بهج القلب,ഹൃദയം സന്തോഷിപ്പിക്കുക
To dazzle eyes,بَهَرَ الأَبْصَار,بهر الابصار,കണ്ണഞ്ചിപ്പിക്കുക
To amaze everyone,بَهَرَ الجَمِيع,بهر الجميع,എല്ലാവരെയും അത്ഭുതപ്പെടുത്തുക
To shine gold,بَرَقَ الذَّهَب,برق الذهب,സ്വർണ്ണം തിളങ്ങുക
To delight mind,بَهَجَ النَّفْس,بهج النفس,മനസ്സിന് സന്തോഷം നൽകുക
To dazzle audience,بَهَرَ الحُضُور,بهر الحضور,പ്രേക്ഷകരെ അത്ഭുതപ്പെടുത്തുക
To sparkle crystal,بَرَقَ الكِرِيسْتَال,برق الكريستال,ക്രിസ്റ്റൽ തിളങ്ങുക
To bring joy,أَبْهَجَ,ابهج,സന്തോഷം കൊണ്ടുവരിക
To scatter dust,بَعْثَرَ التُّرَاب,بعثر التراب,പൊടി വിതറുക
To confuse order,بَعْثَرَ النِّظَام,بعثر النظام,ക്രമം തെറ്റിക്കുക
To waste time,بَذَّرَ الوَقْت,بذر الوقت,സമയം പാഴാക്കുക
To waste resources,بَذَّرَ المَوَارِد,بذر الموارد,സമ്പത്ത് പാഴാക്കുക
To scatter money,بَعْثَرَ المَال,بعثر المال,പണം ചിതറിക്കുക
To mess up plan,بَعْثَرَ الخُطَّة,بعثر الخطة,പ്ലാൻ തകരാറിലാക്കുക
To squander fortune,بَذَّرَ الثَّرْوَة,بذر الثروة,സമ്പാദ്യം പാഴാക്കുക
To scatter thoughts,بَعْثَرَ الأَفْكَار,بعثر الافكار,ചിന്തകൾ ചിതറിക്കുക
To waste energy,بَذَّرَ الطَّاقَة,بذر الطاقة,ഊർജ്ജം പാഴാക്കുക
To mix up items,بَعْثَرَ المَفْرُوشَات,بعثر المفروشات,സാധനങ്ങൾ കൂട്ടിക്കലർത്തുക
To initiate project,بَادَرَ بِالمَشْرُوع,بادر بالمشروع,പ്രോജക്റ്റ് തുടങ്ങുക
To take lead,بَادَرَ بِالقِيَادَة,بادر بالقيادة,നേതൃത്വം എടുക്കുക
To initiate peace,بَادَرَ بِالسَّلاَم,بادر بالسلام,സമാധാനത്തിന് മുമ്പോട്ടുവരിക
To offer solution first,بَادَرَ بِالحَلّ,بادر بالحل,ആദ്യം പരിഹാരം പറയുക
To exchange visits,تَبَادَلَ الزِّيَارَات,تبادل الزيارات,സന്ദർശനങ്ങൾ കൈമാറുക
To exchange gifts,تَبَادَلَ الهَدَايَا,تبادل الهدايا,സമ്മാനങ്ങൾ കൈമാറുക
To exchange messages,تَبَادَلَ الرَّسَائِل,تبادل الرسايل,സന്ദേശങ്ങൾ കൈമാറുക
To exchange business,تَبَادَلَ التِّجَارَة,تبادل التجارة,കച്ചവടം കൈമാറുക
To initiate conversation,بَادَرَ بِالحَدِيث,بادر بالحديث,സംസാരം തുടങ്ങുക
To exchange respect,تَبَادَلَ الاِحْتِرَام,تبادل الاحترام,ബഹുമാനം പരസ്പരം നൽകുക
To clarify policy,بَيَّنَ السِّيَاسَة,بين السياسة,നയം വ്യക്തമാക്കുക
To declare position,أَبَانَ المَوْقِف,ابان الموقف,നിലപാട് വ്യക്തമാക്കുക
To show cause,بَيَّنَ السَّبَب,بين السبب,കാരണം കാണിക്കുക
To become evident,تَبَيَّنَ بَوُضُوح,تبين بوضوح,വ്യക്തമായിത്തീരുക
To clarify misunderstanding,بَيَّنَ السُّوءَ الفَهْم,بين السوء الفهم,തെറ്റിദ്ധാരണ മാറ്റുക
To explain procedure,بَيَّنَ الخُطُوَات,بين الخطوات,രീതി വ്യക്തമാക്കുക
To verify facts,تَبَيَّنَ الحَقَائِق,تبين الحقايق,സത്യവസ്തുത പരിശോധിക്കുക
To show interest,أَبْدَى إِهْتِمَاماً,ابدي اهتماما,താല്പര്യം കാണിക്കുക
To express opinion,أَبْدَى رَأْيَهُ,ابدي رايه,അഭിപ്രായം പ്രകടിപ്പിക്കുക
To show readiness,أَبْدَى إِسْتِعْدَادَهُ,ابدي استعداده,സന്നദ്ധത പ്രകടിപ്പിക്കുക
To innovate solution,إِبْتَكَرَ حَلًّ,ابتكر حل,പുതിയ പരിഹാരം കണ്ടെത്തുക
To invent technology,إِبْتَكَرَ تِكْنُولُوجِيَا,ابتكر تكنولوجيا,സാങ്കേതികവിദ്യ കണ്ടുപിടിക്കുക
To innovate method,إِبْتَكَرَ طَرِيقَةً,ابتكر طريقة,പുതിയ രീതി ഉണ്ടാക്കുക
To originate idea,إِبْتَكَرَ فِكْرَةً,ابتكر فكرة,പുതിയ ആശയം കൊണ്ടുവരിക
To design new device,إِبْتَكَرَ جَهَازاً,ابتكر جهازا,പുതിയ ഉപകരണം ഉണ്ടാക്കുക
To smile warmly at guest,إِبْتَسَمَ لِلضَّيْف,ابتسم للضيف,അതിഥിയോട് പുഞ്ചിരിക്കുക
To smile in face of hardship,إِبْتَسَمَ رَغْمَ الصُّعُوبَة,ابتسم رغم الصعوبة,പ്രയാസത്തിലും പുഞ്ചിരിക്കുക
To innovate new product,إِبْتَكَرَ مُنْتَجاً,ابتكر منتجا,പുതിയ ഉൽപ്പന്നം ഉണ്ടാക്കുക
To create new style,إِبْتَكَرَ أُسْلُوباً,ابتكر اسلوبا,പുതിയ ശൈലി ഉണ്ടാക്കുക
To smile cheerfully,إِبْتَسَمَ بِفَرَح,ابتسم بفرح,സന്തോഷത്തോടെ പുഞ്ചിരിക്കുക
To begin work early,بَدَأَ العَمَلَ بَاكِراً,بدا العمل باكرا,നേരത്തെ ജോലി തുടങ്ങുക
To begin reading,بَدَأَ القِرَاءَةَ,بدا القراءة,വായന തുടങ്ങുക
To begin writing,بَدَأَ الكِتَابَةَ,بدا الكتابة,എഴുത്ത് തുടങ്ങുക
To begin speaking,بَدَأَ الكَلاَمَ,بدا الكلام,സംസാരം തുടങ്ങുക
To begin meeting,بَدَأَ الاِجْتِمَاعَ,بدا الاجتماع,മീറ്റിംഗ് തുടങ്ങുക
To appear suddenly,بَدَا فَجْأَةً,بدا فجاة,പെട്ടെന്ന് കാണപ്പെടുക
To seem difficult,بَدَا صَعْباً,بدا صعبا,പ്രയാസമെന്ന് തോന്നുക
To seem easy,بَدَا سَهْلاً,بدا سهلا,എളുപ്പമെന്ന് തോന്നുക
To begin study,بَدَأَ الدِّرَاسَةَ,بدا الدراسة,പഠനം തുടങ്ങുക
To begin trip,بَدَأَ السَّفَرَ,بدا السفر,യാത്ര ആരംഭിക്കുക
To search for truth,بَحَثَ عَنِ الحَقِيقَةِ,بحث عن الحقيقة,സത്യം അന്വേഷിക്കുക
To search for job,بَحَثَ عَنْ عَمَلٍ,بحث عن عمل,ജോലി അന്വേഷിക്കുക
To search for book,بَحَثَ عَنِ الكِتَابِ,بحث عن الكتاب,പുസ്തകം തിരയുക
To discuss problem,بَحَثَ المُشْكِلَةَ,بحث المشكلة,പ്രശ്നം ചർച്ച ചെയ്യുക
To research topic,بَحَثَ المَوْضُوعَ,بحث الموضوع,വിഷയം ഗവേഷണം ചെയ്യുക
To search everywhere,بَحَثَ فِي كُلِّ مَكَانٍ,بحث في كل مكان,എല്ലായിടത്തും തിരയുക
To search for solution,بَحَثَ عَنْ حَلٍّ,بحث عن حل,പരിഹാരം അന്വേഷിക്കുക
To search online,بَحَثَ عَبْرَ الإِنْتَرْنِت,بحث عبر الانترنت,ഓൺലൈനിൽ തിരയുക
To research deeply,بَحَثَ عَمِيقاً,بحث عميقا,ആഴത്തിൽ ഗവേഷണം ചെയ്യുക
To search for key,بَحَثَ عَنِ المِفْتَاحِ,بحث عن المفتاح,താക്കോൽ തിരയുക
To build future,بَنَى المُسْتَقْبَلَ,بني المستقبل,ഭാവിയെ കെട്ടിപ്പടുക്കുക
To build nation,بَنَى الأُمَّةَ,بني الامة,രാഷ്ടം കെട്ടിപ്പടുക്കുക
To build mosque,بَنَى مَسْجِداً,بني مسجدا,പള്ളി പണിയുക
To build school,بَنَى مَدْرَسَةً,بني مدرسة,സ്കൂൾ പണിയുക
To build hospital,بَنَى مُسْتَشْفَى,بني مستشفي,ആശുപത്രി പണിയുക
To establish relations,بَنَى العَلاَقَاتِ,بني العلاقات,ബന്ധങ്ങൾ കെട്ടിപ്പടുക്കുക
To build trust,بَنَى الثِّقَةَ,بني الثقة,വിശ്വാസം വളർത്തുക
To build bridge of love,بَنَى جِسْرَ المَحَبَّةِ,بني جسر المحبة,സ്നേഹത്തിന്റെ പാലം പണിയുക
To construct building,بَنَى العِمَارَةَ,بني العمارة,കെട്ടിടം പണിയുക
To build career,بَنَى المَسَارَ المِهْنِيَّ,بني المسار المهني,കരിയർ കെട്ടിപ്പടുക്കുക
To stay hopeful,بَقِيَ مُتَفَائِلاً,بقي متفايلا,പ്രതീക്ഷയോടെ ഇരിക്കുക
To stay alive,بَقِيَ عَلَى قَيْدِ الحَيَاةِ,بقي علي قيد الحياة,ജീവനോടെ ഇരിക്കുക
To stay focused,بَقِيَ مُرَكِّزاً,بقي مركزا,ശ്രദ്ധയോടെ ഇരിക്കുക
To stay in city,بَقِيَ فِي المَدِينَةِ,بقي في المدينة,നഗരത്തിൽ തന്നെ തുടരുക
To remain balance,بَقِيَ الرَّصِيدُ,بقي الرصيد,ബാക്കി നിൽക്കുക
To stay connected,بَقِيَ عَلَى إِتِّصَالٍ,بقي علي اتصال,ബന്ധത്തിൽ തുടരുക
To stay calm in danger,بَقِيَ هَادِئاً فِي الخَطَرِ,بقي هاديا في الخطر,അപകടത്തിലും ശാന്തനായിരിക്കുക
To remain true,بَقِيَ صَادِقاً,بقي صادقا,സത്യസന്ധനായി തുടരുക
To stay strong,بَقِيَ قَوِيًّا,بقي قويا,ശക്തനായി തുടരുക
To remain unchanged,بَقِيَ كَمَا هُوَ,بقي كما هو,മാറ്റമില്ലാതെ തുടരുക
To send letter by post,بَعَثَ رِسَالَةً بِالبَرِيدِ,بعث رسالة بالبريد,തപാലിൽ കത്തയക്കുക
To send email,بَعَثَ بَرِيداً إِلكْتُرُونِيًّا,بعث بريدا الكترونيا,ഇമെയിൽ അയക്കുക
To send gift,بَعَثَ هَدِيَّةً,بعث هدية,സമ്മാനം അയക്കുക
To send invitation,بَعَثَ دَعْوَةً,بعث دعوة,ക്ഷണക്കത്ത് അയക്കുക
To send army,بَعَثَ جَيْشاً,بعث جيشا,സൈന്യത്തെ അയക്കുക
To send signal,بَعَثَ إِشَارَةً,بعث اشارة,സിഗ്നൽ അയക്കുക
To send peace message,بَعَثَ رِسَالَةَ سَلاَمٍ,بعث رسالة سلام,സമാധാന സന്ദേശം അയക്കുക
To send team,بَعَثَ فَرِيقاً,بعث فريقا,ടീമിനെ അയക്കുക
To send representative,بَعَثَ مُمَثِّلاً,بعث ممثلا,പ്രതിനിധിയെ അയക്കുക
To send help,بَعَثَ المُسَاعَدَةَ,بعث المساعدة,സഹായം അയക്കുക
To smile with happiness,إِبْتَسَمَ بِسَعَادَةٍ,ابتسم بسعادة,സന്തോഷത്തോടെ പുഞ്ചിരിക്കുക
To smile at child,إِبْتَسَمَ لِلطِّفْلِ,ابتسم للطفل,കുട്ടിയോട് പുഞ്ചിരിക്കുക
To smile with hope,إِبْتَسَمَ بِأَمَلٍ,ابتسم بامل,പ്രതീക്ഷയോടെ പുഞ്ചിരിക്കുക
To smile gently,إِبْتَسَمَ بِرِقَّةٍ,ابتسم برقة,മൃദുവായി പുഞ്ചിരിക്കുക
To smile quietly,إِبْتَسَمَ بِهَدُوءٍ,ابتسم بهدوء,നിശ്ശബ്ദമായി പുഞ്ചിരിക്കുക
To smile brightly,إِبْتَسَمَ بِإِشْرَاقٍ,ابتسم باشراق,പ്രകാശത്തോടെ പുഞ്ചിരിക്കുക
To smile with love,إِبْتَسَمَ بِحُبٍّ,ابتسم بحب,സ്നേഹത്തോടെ പുഞ്ചിരിക്കുക
To smile proudly,إِبْتَسَمَ بِفَخْرٍ,ابتسم بفخر,അഭിമാനത്തോടെ പുഞ്ചിരിക്കുക
To smile in picture,إِبْتَسَمَ لِلصُّورَةِ,ابتسم للصورة,ഫോട്ടോയ്ക്ക് പുഞ്ചിരിക്കുക
To smile always,إِبْتَسَمَ دَائِماً,ابتسم دايما,എപ്പോഴും പുഞ്ചിരിക്കുക
To clarify plan,بَيَّنَ الخُطَّةَ,بين الخطة,പ്ലാൻ വ്യക്തമാക്കുക
To clarify vision,بَيَّنَ الرُّؤْيَةَ,بين الروية,കാഴ്ചപ്പാട് വ്യക്തമാക്കുക
To clarify role,بَيَّنَ الدَّوْرَ,بين الدور,പങ്ക് വ്യക്തമാക്കുക
To clarify rule,بَيَّنَ القَاعِدَةَ,بين القاعدة,നിയമം വ്യക്തമാക്കുക
To clarify task,بَيَّنَ المَهَمَّةَ,بين المهمة,ചുമതല വ്യക്തമാക്കുക
To clarify idea,بَيَّنَ الفِكْرَةَ,بين الفكرة,ആശയം വ്യക്തമാക്കുക
To clarify path,بَيَّنَ الطَّرِيقَ,بين الطريق,വഴി വ്യക്തമാക്കുക
To clarify answer,بَيَّنَ الإِجَابَةَ,بين الاجابة,ഉത്തരം വ്യക്തമാക്കുക
To clarify result,بَيَّنَ النَّتِيجَةَ,بين النتيجة,ഫലം വ്യക്തമാക്കുക
To clarify meaning,بَيَّنَ المَعْنَى,بين المعني,അർത്ഥം വ്യക്തമാക്കുക
To sell car fast,بَاعَ السَّيَّارَةَ سَرِيعاً,باع السيارة سريعا,കാർ വേഗത്തിൽ വിൽക്കുക
To sell house high price,بَاعَ البَيْتَ بِسِعْرٍ عَالٍ,باع البيت بسعر عال,വീട് നല്ല വിലയ്ക്ക് വിൽക്കുക
To sell goods online,بَاعَ البَضَائِعَ عَبْرَ الإِنْتَرْنِت,باع البضايع عبر الانترنت,സാധനങ്ങൾ ഓൺലൈനിൽ വിൽക്കുക
To sell fruit in market,بَاعَ الفَاكِهَةَ فِي السُّوقِ,باع الفاكهة في السوق,പഴങ്ങൾ മാർക്കറ്റിൽ വിൽക്കുക
To sell products,بَاعَ المُنْتَجَاتِ,باع المنتجات,ഉൽപ്പന്നങ്ങൾ വിൽക്കുക
To sell land,بَاعَ الأَرْضَ,باع الارض,സ്ഥലം വിൽക്കുക
To sell book,بَاعَ الكِتَابَ,باع الكتاب,പുസ്തകം വിൽക്കുക
To sell food,بَاعَ الطَّعَامَ,باع الطعام,ഭക്ഷണം വിൽക്കുക
To sell clothes,بَاعَ المَلاَبِسَ,باع الملابس,വസ്ത്രങ്ങൾ വിൽക്കുക
To sell ticket,بَاعَ التَّذْكِرَةَ,باع التذكرة,ടിക്കറ്റ് വിൽക്കുക
To make full effort,بَذَلَ كُلَّ جُهْدِهِ,بذل كل جهده,മുഴുവൻ ശ്രമവും നടത്തുക
To spend all money,بَذَلَ كُلَّ مَالِهِ,بذل كل ماله,എല്ലാ പണവും ചിലവഴിക്കുക
To give best performance,بَذَلَ أَفْضَلَ مَا لَدَيْهِ,بذل افضل ما لديه,മികച്ച പ്രകടനം പുറത്തെടുക്കുക
To exert time and energy,بَذَلَ الوَقْتَ وَالطَّاقَةَ,بذل الوقت والطاقة,സമയവും ഊർജ്ജവും നൽകുക
To sow goodness,بَذَرَ الخَيْرَ,بذر الخير,നന്മ വിതറുക
To sow love,بَذَرَ المَحَبَّةَ,بذر المحبة,സ്നേഹം വിതറുക
To sow hope,بَذَرَ الأَمَلَ,بذر الامل,പ്രതീക്ഷ വിതറുക
To waste money foolishly,بَذَّرَ المَالَ بِغَبَاءٍ,بذر المال بغباء,പണം മണ്ടത്തരത്തിൽ പാഴാക്കുക
To make effort for peace,بَذَلَ الجُهْدَ لِلسَّلاَمِ,بذل الجهد للسلام,സമാധാനത്തിനായി ശ്രമിക്കുക
To make effort for success,بَذَلَ الجُهْدَ لِلنَّجَاحِ,بذل الجهد للنجاح,വിജയത്തിനായി കഠിനാധ്വാനം ചെയ്യുക
To exchange good wishes,تَبَادَلَ التَّمَنِّيَاتِ الطَّيِّبَةَ,تبادل التمنيات الطيبة,നല്ല ആശംസകൾ കൈമാറുക
To exchange view points,تَبَادَلَ وُجْهَاتِ النَّظَرِ,تبادل وجهات النظر,കാഴ്ചപ്പാടുകൾ കൈമാറുക
To initiate conversation warmly,بَادَرَ بِالحَدِيثِ بِدِفْءٍ,بادر بالحديث بدفء,സ്നേഹത്തോടെ സംഭാഷണം തുടങ്ങുക
To exchange smile,تَبَادَلَ الاِبْتِسَامَةَ,تبادل الابتسامة,പരസ്പരം പുഞ്ചിരിക്കുക
To initiate good deed,بَادَرَ بِالخَيْرِ,بادر بالخير,നല്ല പ്രവർത്തനം ആദ്യം ചെയ്യുക
To exchange knowledge,تَبَادَلَ المَعْرِفَةَ,تبادل المعرفة,അറിവ് കൈമാറുക
To exchange culture,تَبَادَلَ الثَّقَافَةَ,تبادل الثقافة,സംസ്കാരം കൈമാറുക
To initiate apology,بَادَرَ بِالاِعْتِذَارِ,بادر بالاعتذار,ആദ്യം ക്ഷമ ചോദിക്കുക
To exchange experience,تَبَادَلَ الخِبْرَةَ,تبادل الخبرة,അനുഭവം കൈമാറുക
To exchange trust,تَبَادَلَ الثَّقَةَ,تبادل الثقة,വിശ്വാസം പരസ്പരം കൈമാറുക
To inform good news to family,بَشَّرَ العَائِلَةَ بِالخَيْرِ,بشر العايلة بالخير,കുടുംബത്തെ സന്തോഷവാർത്ത അറിയിക്കുക
To announce victory to people,بَشَّرَ النَّاسَ بِالنَّصْرِ,بشر الناس بالنصر,ജനങ്ങളെ വിജയം അറിയിക്കുക
To start work directly now,بَاشَرَ العَمَلَ الآنَ,باشر العمل الان,ഇപ്പോൾ തന്നെ ജോലി തുടങ്ങുക
To start duty directly today,بَاشَرَ المَهَمَّةَ اليَوْمَ,باشر المهمة اليوم,ഇന്ന് തന്നെ ചുമതലയേൽക്കുക
To smile warmly at all,بَشَّ فِي وَجْهِ الجَمِيعِ,بش في وجه الجميع,എല്ലാവരോടും പ്രസന്നമായി പെരുമാറുക
To bring glad tidings of peace,بَشَّرَ بِالسَّلاَمِ,بشر بالسلام,സമാധാനത്തിന്റെ സന്തോഷവാർത്ത അറിയിക്കുക
To start business directly,بَاشَرَ التِّجَارَةَ,باشر التجارة,ബിസിനസ്സ് നേരിട്ട് ആരംഭിക്കുക
To start project directly,بَاشَرَ المَشْرُوعَ,باشر المشروع,പ്രോജക്റ്റ് നേരിട്ട് തുടങ്ങുക
To rejoice at good news,إِسْتَبْشَرَ بِالخَبَرِ الطَّيِّبِ,استبشر بالخبر الطيب,നല്ല വാർത്തയിൽ സന്തോഷിക്കുക
To rejoice at rain,إِسْتَبْشَرَ بِالمَطَرِ,استبشر بالمطر,മഴയിൽ സന്തോഷിക്കുക
To keep away bad thoughts,بَعَّدَ الأَفْكَارَ السَّيِّئَةَ,بعد الافكار السيية,ചീത്ത ചിന്തകൾ അകറ്റി നിർത്തുക
To stay far from crime,إِبْتَعَدَ عَنِ الجَرِيمَةِ,ابتعد عن الجريمة,കുറ്റകൃത്യങ്ങളിൽ നിന്ന് അകന്നുനിൽക്കുക
To exclude bad option,إِسْتَبْعَدَ الخِيَارَ السَّيِّئَ,استبعد الخيار السيي,മോശം ഓപ്ഷൻ ഒഴിവാക്കുക
To distance from danger,إِبْتَعَدَ عَنِ الخَطَرِ,ابتعد عن الخطر,അപകടത്തിൽ നിന്ന് അകലുക
To keep away evil,بَعَّدَ الشَّرَّ,بعد الشر,തിന്മ അകറ്റുക
To rule out doubt,إِسْتَبْعَدَ الشُّبْهَةَ,استبعد الشبهة,സംശയം തള്ളിക്കളയുക
To stay far from conflict,إِبْتَعَدَ عَنِ النِّزَاعِ,ابتعد عن النزاع,തർക്കങ്ങളിൽ നിന്ന് വിട്ടുനിൽക്കുക
To keep safe distance,بَاعَدَ المَسَافَةَ الآمِنَةَ,باعد المسافة الامنة,സുരക്ഷിതമായ അകലം പാലിക്കുക
To rule out failure,إِسْتَبْعَدَ الفَشَلَ,استبعد الفشل,പരാജയം അസാധ്യമെന്ന് കരുതുക
To distance from bad friends,إِبْتَعَدَ عَنْ أَصْدِقَاءِ السُّوءِ,ابتعد عن اصدقاء السوء,മോശം കൂട്ടുകാരിൽ നിന്ന് അകലുക
To bless new home,بَارَكَ البَيْتَ الجَدِيدَ,بارك البيت الجديد,പുതിയ വീടിനെ അനുഗ്രഹിക്കുക
To bless work,بَارَكَ العَمَلَ,بارك العمل,ജോലിയെ അനുഗ്രഹിക്കുക
To bless family,بَارَكَ العَائِلَةَ,بارك العايلة,കുടുംബത്തെ അനുഗ്രഹിക്കുക
To bless children,بَارَكَ الأَطْفَالَ,بارك الاطفال,കുട്ടികളെ അനുഗ്രഹിക്കുക
To bless health,بَارَكَ الصِّحَّةَ,بارك الصحة,ആരോഗ്യത്തെ അനുഗ്രഹിക്കുക
To bless life journey,بَارَكَ مَسِيرَةَ الحَيَاةِ,بارك مسيرة الحياة,ജീവിതയാത്രയെ അനുഗ്രഹിക്കുക
To congratulate on achievement,بَارَكَ الإِنْجَازَ,بارك الانجاز,നേട്ടത്തിൽ അഭിനന്ദിക്കുക
To bless business,بَارَكَ التِّجَارَةَ,بارك التجارة,കച്ചവടത്തെ അനുഗ്രഹിക്കുക
To bless study,بَارَكَ الدِّرَاسَةَ,بارك الدراسة,പഠനത്തെ അനുഗ്രഹിക്കുക
To bless step,بَارَكَ الخُطْوَةَ,بارك الخطوة,ചുവടുവെപ്പിനെ അനുഗ്രഹിക്കുക
To reach excellence,بَلَغَ القِمَّةَ,بلغ القمة,മികവിന്റെ അറ്റത്തെത്തുക
To convey truth to all,بَلَّغَ الحَقَّ لِلْجَمِيعِ,بلغ الحق للجميع,എല്ലാവരിലേക്കും സത്യം എത്തിക്കുക
To reach high score,بَلَغَ الدَّرَجَةَ العَالِيَةَ,بلغ الدرجة العالية,ഉയർന്ന മാർക്ക് നേടുക
To overstate issue in news,بَالَغَ فِي الخَبَرِ,بالغ في الخبر,വാർത്തയിൽ പ്രയാസം വലുതാക്കി പറയുക
To reach target speed,بَلَغَ السُّرْعَةَ المَطْلُوبَةَ,بلغ السرعة المطلوبة,ലക്ഷ്യമാക്കിയ വേഗതയിലെത്തുക
To convey message clearly,بَلَّغَ الرِّسَالَةَ بِوُضُوحٍ,بلغ الرسالة بوضوح,സന്ദേശം വ്യക്തമായി എത്തിക്കുക
To reach agreement,بَلَغَ الاِتِّفَاقَ,بلغ الاتفاق,ഒത്തുതീർപ്പിൽ എത്തുക
To overdo reaction,بَالَغَ فِي الرَّدِّ,بالغ في الرد,പ്രതികരണം അതിരു കടക്കുക
To reach safe zone,بَلَغَ المَنْطِقَةَ الآمِنَةَ,بلغ المنطقة الامنة,സുരക്ഷിത മേഖലയിൽ എത്തുക
To convey gratitude,بَلَّغَ الشُّكْرَ,بلغ الشكر,നന്ദി അറിയിക്കുക
To weep with gratitude,بَكَى شُكْراً,بكي شكرا,നന്ദിയോടെ കരയുക
To weep during prayer,بَكَى فِي الصَّلاَةِ,بكي في الصلاة,പ്രാർത്ഥനയിൽ കരയുക
To shine bright in sky,بَرَقَ فِي السَّمَاءِ,برق في السماء,ആകാശത്ത് ശോഭിക്കുക
To dazzle eyes with beauty,بَهَرَ الأَعْيُنَ بِالجَمَالِ,بهر الاعين بالجمال,ഭംഗി കൊണ്ട് കണ്ണഞ്ചിപ്പിക്കുക
To scatter papers on floor,بَعْثَرَ الأَوْرَاقَ عَلَى الأَرْضِ,بعثر الاوراق علي الارض,കടലാസുകൾ നിലത്ത് ചിതറിക്കുക
To waste money on luxury,بَذَّرَ المَالَ فِي التَّرَفِ,بذر المال في الترف,ആഡംബരത്തിൽ പണം പാഴാക്കുക
To start trip early morning,بَدَأَ الرِّحْلَةَ صَبَاحاً,بدا الرحلة صباحا,അതിരാവിലെ യാത്ര തുടങ്ങുക
To search for truth sincerely,بَحَثَ عَنِ الحَقِيقَةِ بِإِخْلاَصٍ,بحث عن الحقيقة باخلاص,ആത്മാർത്ഥമായി സത്യം അന്വേഷിക്കുക
To build future with work,بَنَى المُسْتَقْبَلَ بِالعَمَلِ,بني المستقبل بالعمل,അദ്ധ്വാനം കൊണ്ട് ഭാവി കെട്ടിപ്പടുക്കുക
To stay patient in trouble,بَقِيَ صَابِراً فِي البَلاَءِ,بقي صابرا في البلاء,പ്രയാസത്തിൽ ക്ഷമയോടെ ഇരിക്കുക
To be firm / proven,ثَبَتَ,ثبت,ഉറച്ചുനിന്നു
To fix / confirm / consolidate,ثَبَّتَ,ثبت,ഉറപ്പിച്ചു
To persevere / persist,ثَابَرَ,ثابر,സ്ഥിരതയോടെ തുടർന്നു
To be sluggish / slow,ثَبُطَ,ثبط,മന്ദഗതിയിലായി
To discourage / detain,ثَبَطَ,ثبط,പിന്തിരിപ്പിച്ചു
To hinder / delay,ثَبَطَّ,ثبط,വൈകിച്ചു
To render obscure / confuse,ثَبَجَ,ثبج,ആശയക്കുഴപ്പത്തിലാക്കി
To chatter / babble,ثَرَثَرَ,ثرثر,അനാവശ്യം പറഞ്ഞു
To moisten / enrich soil,ثَرَى,ثري,ഈറനണിയിച്ചു
To multiply / increase in wealth,ثَرَأَ,ثرا,സമ്പന്നനായി
To bore / pierce,ثَقَبَ,ثقب,ദ്വാരമുണ്ടാക്കി
To pierce through / penetrate,ثَقَّبَ,ثقب,തുളച്ചുകയറി
To gain wisdom / become cultured,ثَقُفَ,ثقف,വിദ്യാഭ്യാസം നേടി
To educate / refine / cultivate,ثَقَّفَ,ثقف,വിദ്യാഭ്യാസം നൽകി
To heavy / weigh down,ثَقُلَ,ثقل,ഭാരമുള്ളതാക്കി
To burden / make heavy,ثَقَّلَ,ثقل,ഭാരം ചുമത്തി
To make a gap / breach,ثَلَمَ,ثلم,വിടവുണ്ടാക്കി
To damage / notch,ثَلَّمَ,ثلم,കേടുവരുത്തി
To blame / censure,ثَلَبَ,ثلب,കുറ്റപ്പെടുത്തി
To slander / defame,ثَلَّبَ,ثلب,അപമാനിച്ചു
To stay / reside / settle,ثَوَى,ثوي,താമസിച്ചു
To accommodate / lodge,أَثْوَى,اثوي,പാർപ്പിച്ചു
To revolt / rebel / explode,ثَارَ,ثار,പ്രക്ഷോഭം നടത്തി
To agitate / incite / excite,أَثَارَ,اثار,ഇളക്കിവിട്ടു
To discuss / raise an issue,ثَوَّرَ,ثور,ചർച്ചയാക്കി
To return / repent,ثَابَ,ثاب,മടങ്ങിവന്നു
To reward / compensate,أَثَابَ,اثاب,പ്രതിഫലം നൽകി
To praise / commend,أَثْنَى,اثني,പ്രശംസിച്ചു
To fold / bend / divert,ثَنَى,ثني,മടക്കി
To double / repeat,ثَنَّى,ثني,രണ്ടട്ടിയാക്കി
To make fruitful / bear fruit,أَثْمَرَ,اثمر,ഫലം നൽകി
To produce fruit,ثَمَرَ,ثمر,കായ്ച്ചു
To evaluate / appraise,ثَمَّنَ,ثمن,വിലയിരുത്തി
To appreciate / value,أَثْمَنَ,اثمن,വിലമതിച്ചു
To make eightfold,ثَمَنَ,ثمن,എട്ടാക്കി
To divide into eight parts,ثَمَّنَ,ثمن,എട്ടു ഭാഗമാക്കി
To divide into three parts,ثَلَّثَ,ثلث,മൂന്നു ഭാഗമാക്കി
To make threefold / triple,ثَلَثَ,ثلث,മൂന്നിരട്ടിയാക്കി
To pierce through,ثَغَرَ,ثغر,കുത്തിത്തുളച്ചു
To make an opening / breach,ثَغَّرَ,ثغر,വഴിയുണ്ടാക്കി
To grieve / bereave,ثَكِلَ,ثكل,ദുഃഖിപ്പിച്ചു
To cause loss of a child,أَثْكَلَ,اثكل,കുട്ടിയെ നഷ്ടപ്പെടുത്തി
To overcome / defeat severe illness,ثَخَنَ,ثخن,തളർത്തിക്കളഞ്ഞു
To weaken / subdue completely,أَثْخَنَ,اثخن,ശക്തിക്ഷയിപ്പിച്ചു
To establish firm foundation,ثَبَّتَ الأَسَاسَ,ثبت الاساس,അടിത്തറയുണ്ടാക്കി
To confirm accuracy,ثَبَّتَ الدِّقَّةَ,ثبت الدقة,കൃത്യത ഉറപ്പുവരുത്തി
To prove presence,ثَبَتَ الحُضُورُ,ثبت الحضور,സാന്നിധ്യം തെളിയിച്ചു
To fix the date,ثَبَّتَ المَوْعِدَ,ثبت الموعد,തീയതി ഉറപ്പിച്ചു
To prove guilt,ثَبَتَتِ التُّهْمَةُ,ثبتت التهمة,കുറ്റം തെളിയിച്ചു
To stand firm in trial,ثَبَتَ فِي البَلاَءِ,ثبت في البلاء,പരീക്ഷണത്തിൽ ഉറച്ചുനിന്നു
To fix price,ثَبَّتَ السِّعْرَ,ثبت السعر,വില ഉറപ്പിച്ചു
To confirm appointment,ثَبَّتَ التَّعْيِينَ,ثبت التعيين,നിയമനം ഉറപ്പിച്ചു
To prove fact,ثَبَتَتِ الحَقِيقَةُ,ثبتت الحقيقة,വസ്തുത തെളിയിച്ചു
To consolidate power,ثَبَّتَ النُّفُوذَ,ثبت النفوذ,അധികാരം ഉറപ്പിച്ചു
To incite anger,أَثَارَ الغَضَبَ,اثار الغضب,കോപം ഇളക്കിവിട്ടു
To raise doubt,أَثَارَ الشَّكَّ,اثار الشك,സംശയം ഉണ്ടാക്കി
To raise issue / question,أَثَارَ المََسْأَلَةَ,اثار المسالة,ചോദ്യം ഉന്നയിച്ചു
To provoke conflict,أَثَارَ النِّزَاعَ,اثار النزاع,തർക്കം ഉണ്ടാക്കി
To stir emotion,أَثَارَ المَشَاعِرَ,اثار المشاعر,വികാരം ഇളക്കിവിട്ടു
To raise public concern,أَثَارَ الاِهْتِمَامَ,اثار الاهتمام,പൊതുജനശ്രദ്ധ നേടികൊടുത്തു
To spark debate,أَثَارَ الجَدَلَ,اثار الجدل,ചർച്ചയ്ക്ക് വഴിവെച്ചു
To incite rebellion,أَثَارَ الثَّوْرَةَ,اثار الثورة,കലാപം ഇളക്കിവിട്ടു
To stir dust,أَثَارَ الغُبَارَ,اثار الغبار,പൊടിപടലം ഉയർത്തി
To raise suspicion,أَثَارَ الشُّبْهَةَ,اثار الشبهة,സംശയം ജനിപ്പിച്ചു
To praise work,أَثْنَى عَلَى العَمَلِ,اثني علي العمل,പ്രവർത്തിയെ പ്രശംസിച്ചു
To praise effort,أَثْنَى عَلَى الجُهْدِ,اثني علي الجهد,ശ്രമത്തെ പ്രശംസിച്ചു
To praise courage,أَثْنَى عَلَى الشَّجَاعَةِ,اثني علي الشجاعة,ധൈര്യത്തെ പ്രശംസിച്ചു
To praise success,أَثْنَى عَلَى النَّجَاحِ,اثني علي النجاح,വിജയത്തെ പ്രശംസിച്ചു
To praise student,أَثْنَى عَلَى الطَّالِبِ,اثني علي الطالب,വിദ്യാർത്ഥിയെ പ്രശംസിച്ചു
To praise honesty,أَثْنَى عَلَى الصِّدْقِ,اثني علي الصدق,സത്യസന്ധതയെ പ്രശംസിച്ചു
To praise patience,أَثْنَى عَلَى الصَّبْرِ,اثني علي الصبر,ക്ഷമയെ പ്രശംസിച്ചു
To praise role,أَثْنَى عَلَى الدَّوْرِ,اثني علي الدور,പങ്കിനെ പ്രശംസിച്ചു
To praise leadership,أَثْنَى عَلَى القِيَادَةِ,اثني علي القيادة,നേതൃത്വത്തെ പ്രശംസിച്ചു
To praise sacrifice,أَثْنَى عَلَى التَّضْحِيَةِ,اثني علي التضحية,ത്യാഗത്തെ പ്രശംസിച്ചു
To bear good fruit,أَثْمَرَ نَتَائِجَ طَيِّبَةً,اثمر نتايج طيبة,നല്ല ഫലം നൽകി
To yield high profit,أَثْمَرَ أَرْبَاحاً عَالِيَةً,اثمر ارباحا عالية,ഉയർന്ന ലാഭം നൽകി
To bear effort fruit,أَثْمَرَتِ الجُهُودُ,اثمرت الجهود,ശ്രമം ഫലം കണ്ടു
To produce tree fruit,أَثْمَرَتِ الشَّجَرَةُ,اثمرت الشجرة,മരം കായ്ച്ചു
To yield success,أَثْمَرَ نَجَاحاً,اثمر نجاحا,വിജയം ഫലമായി ലഭിച്ചു
To bear positive results,أَثْمَرَ نَتَائِجَ إِيجَابِيَّةً,اثمر نتايج ايجابية,അനുകൂല ഫലം നൽകി
To bear long-term fruit,أَثْمَرَ عَلَى المَدَى الطَّوِيلِ,اثمر علي المدي الطويل,ദീർഘകാല ഫലം നൽകി
To yield cooperation,أَثْمَرَ تَعَاوُناً,اثمر تعاونا,സഹകരണം ഫലമായി ലഭിച്ചു
To bear project fruit,أَثْمَرَ المَشْرُوعُ,اثمر المشروع,പ്രോജക്ട് ഫലം നൽകി
To yield stability,أَثْمَرَ اسْتِقْرَاراً,اثمر استقرارا,സ്ഥിരത കൈവരിച്ചു
To educate youth,ثَقَّفَ الشَّبَابَ,ثقف الشباب,യുവാക്കളെ വിദ്യാസമ്പന്നരാക്കി
To educate mind,ثَقَّفَ العَقْلَ,ثقف العقل,ചിന്തകളെ മൂർച്ചകൂട്ടി
To enlighten society,ثَقَّفَ المُجْتَمَعَ,ثقف المجتمع,സമൂഹത്തെ ബോധവത്കരിച്ചു
To refine character,ثَقَّفَ الخُلُقَ,ثقف الخلق,സ്വഭാവം സംസ്കരിച്ചു
To educate public,ثَقَّفَ الجَمَاهِيرَ,ثقف الجماهير,പൊതുജനങ്ങളെ ബോധവത്കരിച്ചു
To gain culture / education,ثَقُفَ الفَرْدُ,ثقف الفرد,സംസ്കാരം നേടി
To educate generation,ثَقَّفَ الجِيلَ,ثقف الجيل,തലമുറയെ ബോധവത്കരിച്ചു
To develop skills,ثَقَّفَ المَهَارَاتِ,ثقف المهارات,കഴിവുകൾ വികസിപ്പിച്ചു
To spread knowledge,ثَقَّفَ ثَقَافِيًّا,ثقف ثقافيا,അറിവ് പ്രചരിപ്പിച്ചു
To enlighten people,ثَقَّفَ النَّاسَ,ثقف الناس,ആളുകളെ സാംസ്കാരിക സമ്പന്നരാക്കി
To burden budget,ثَقُلَ عَلَى المِيزَانِيَّةِ,ثقل علي الميزانية,ബജറ്റിൽ ഭാരം വരുത്തി
To make responsibility heavy,ثَقُلَتِ المَسْؤُولِيَّةُ,ثقلت المسوولية,ഉത്തരവാദിത്തം ഭാരമുള്ളതാക്കി
To weigh down steps,ثَقُلَتِ الخُطُوَاتُ,ثقلت الخطوات,നടത്തത്തിന് ഭാരം കൂടി
To burden chest / heart,ثَقُلَ الصَّدْرُ,ثقل الصدر,ഹൃദയത്തിൽ ഭാരം അനുഭവപ്പെട്ടു
To grow heavy in weight,ثَقُلَ الوَزْنُ,ثقل الوزن,ഭാരം വർദ്ധിച്ചു
To burden soul,ثَقَّلَ النَّفْسَ,ثقل النفس,ആത്മാവിനെ ഭാരപ്പെടുത്തി
To weigh heavily on mind,ثَقُلَ عَلَى العَقْلِ,ثقل علي العقل,മനസ്സിൽ ഭാരമായി തീർന്നു
To burden shoulders,ثَقُلَ عَلَى الكَتِفِ,ثقل علي الكتف,തോളുകളിൽ ഭാരമായി
To make air heavy,ثَقُلَ الهَوَاءُ,ثقل الهواء,അന്തരീക്ഷം ഭാരമുള്ളതാക്കി
To burden duty,ثَقُلَتِ المَهَمَّةُ,ثقلت المهمة,ചുമതല ഭാരമേറിയതാക്കി
To pierce shield,ثَقَبَ الدِّرْعَ,ثقب الدرع,പരിച തകർത്തു
To bore hole in wall,ثَقَبَ الجِدَارَ,ثقب الجدار,മതിലിൽ ദ്വാരമുണ്ടാക്കി
To pierce ear,ثَقَبَ الأُذُنَ,ثقب الاذن,കാതു കുത്തി
To bore iron,ثَقَبَ الحَدِيدَ,ثقب الحديد,ഇരുമ്പ് തുളച്ചു
To pierce board,ثَقَبَ اللَّوْحَ,ثقب اللوح,ബോർഡ് തുളച്ചു
To penetrate obstacle,ثَقَبَ العَائِقَ,ثقب العايق,തടസ്സം മറികടന്നു
To bore stone,ثَقَبَ الحَجَرَ,ثقب الحجر,കല്ല് തുളച്ചു
To pierce target,ثَقَبَ الهَدَفَ,ثقب الهدف,ലക്ഷ്യം തുളച്ചുകയറി
To bore paper,ثَقَبَ الوَرَقَةَ,ثقب الورقة,പേപ്പർ തുളച്ചു
To penetrate darkness,ثَقَبَ الظَّلاَمَ,ثقب الظلام,ഇരുട്ട് തുളച്ചുപോയി
To value effort,ثَمَّنَ الجُهْدَ,ثمن الجهد,ശ്രമത്തെ വിലമതിച്ചു
To evaluate property,ثَمَّنَ العَقَارَ,ثمن العقار,സ്വത്ത് വിലയിരുത്തി
To appreciate stance,ثَمَّنَ المَوْقِفَ,ثمن الموقف,നിലപാടിനെ വിലമതിച്ചു
To appraise goods,ثَمَّنَ البَضَاعَةَ,ثمن البضاعة,ചരക്കിന് വിലയിട്ടു
To value contribution,ثَمَّنَ المُسَاهَمَةَ,ثمن المساهمة,സംഭാവനയെ വിലമതിച്ചു
To evaluate role,ثَمَّنَ الدَّوْرَ,ثمن الدور,പങ്കിനെ വിലയിരുത്തി
To value support,ثَمَّنَ الدَّعْمَ,ثمن الدعم,പിന്തുണയെ വിലമതിച്ചു
To evaluate house,ثَمَّنَ البَيْتَ,ثمن البيت,വീടിന്റെ വില നിശ്ചയിച്ചു
To value friendship,ثَمَّنَ الصَّدَاقَةَ,ثمن الصداقة,സൗഹൃദത്തെ വിലമതിച്ചു
To appraise asset,ثَمَّنَ الأُصُولَ,ثمن الاصول,സമ്പത്തിന്റെ വില തട്ടിച്ചു
To persevere in study,ثَابَرَ فِي الدِّرَاسَةِ,ثابر في الدراسة,പഠനത്തിൽ സ്ഥിരത കാട്ടി
To persist in work,ثَابَرَ فِي العَمَلِ,ثابر في العمل,ജോലിയിൽ സ്ഥിരത പുലർത്തി
To persevere until end,ثَابَرَ حَتَّى النِّهَايَةِ,ثابر حتي النهاية,അവസാനം വരെ സ്ഥിരത കാട്ടി
To persist in patience,ثَابَرَ عَلَى الصَّبْرِ,ثابر علي الصبر,ക്ഷമയിൽ സ്ഥിരത പുലർത്തി
To persevere in training,ثَابَرَ فِي التَّدْرِيبِ,ثابر في التدريب,പരിശീലനത്തിൽ സ്ഥിരത കാട്ടി
To persist in research,ثَابَرَ فِي البَحْثِ,ثابر في البحث,ഗവേഷണത്തിൽ തുടർച്ച കാട്ടി
To persevere in goal,ثَابَرَ عَلَى الهَدَفِ,ثابر علي الهدف,ലക്ഷ്യത്തിനായി സ്ഥിരമായി ശ്രമിച്ചു
To persist despite hardship,ثَابَرَ رَغْمَ الصُّعُوبَةِ,ثابر رغم الصعوبة,പ്രയാസത്തിലും സ്ഥിരത കാട്ടി
To persevere in service,ثَابَرَ فِي الخِدْمَةِ,ثابر في الخدمة,സേവനത്തിൽ സ്ഥിരത പുലർത്തി
To persist in learning,ثَابَرَ عَلَى التَّعَلُّمِ,ثابر علي التعلم,പഠനത്തിൽ തുടർന്നും ശ്രദ്ധിച്ചു
To chatter loudly,ثَرَثَرَ بِصَوْتٍ عَالٍ,ثرثر بصوت عال,ഉച്ചത്തിൽ വർത്തമാനം പറഞ്ഞു
To babble without stop,ثَرَثَرَ دُونَ تَوَقُّفٍ,ثرثر دون توقف,നിർത്താതെ വർത്തമാനം പറഞ്ഞു
To chatter about useless things,ثَرَثَرَ فِي أُمُورٍ تَافِهَةٍ,ثرثر في امور تافهة,അനാവശ്യം പറഞ്ഞുനടന്നു
To chatter with friends,ثَرَثَرَ مَعَ الأَصْدِقَاءِ,ثرثر مع الاصدقاء,കൂട്ടുകാരോട് അനാവശ്യം പറഞ്ഞു
To babble all day,ثَرَثَرَ طَوَالَ اليَوْمِ,ثرثر طوال اليوم,ദിവസമത്രയും സംസാരിച്ചുകൊണ്ടിരുന്നു
To chatter in meeting,ثَرَثَرَ فِي الاِجْتِمَاعِ,ثرثر في الاجتماع,മീറ്റിംഗിൽ അനാവശ്യം പറഞ്ഞു
To babble about secret,ثَرَثَرَ بِالسِّرِّ,ثرثر بالسر,രഹസ്യം വിളിച്ചുപറഞ്ഞു
To chatter on phone,ثَرَثَرَ فِي الهَاتِفِ,ثرثر في الهاتف,ഫോണിൽ അനാവശ്യം പറഞ്ഞു
To babble constantly,ثَرَثَرَ بِاسْتِمْرَارٍ,ثرثر باستمرار,എപ്പോഴും വർത്തമാനം പറഞ്ഞു
To chatter without benefit,ثَرَثَرَ بِلاَ فَائِدَةٍ,ثرثر بلا فايدة,ഒരു പ്രയോജനവുമില്ലാതെ സംസാരിച്ചു
To bend iron wire,ثَنَى السِّلْكَ الحَدِيدِيَّ,ثني السلك الحديدي,ഇരുമ്പുകമ്പി മടക്കി
To fold paper,ثَنَى الوَرَقَةَ,ثني الورقة,കടലാസ് മടക്കി
To bend branch,ثَنَى الغُصْنَ,ثني الغصن,ചില്ല മടക്കി
To fold cloth,ثَنَى الثَّوْبَ,ثني الثوب,തുണി മടക്കി
To double effort,ثَنَّى الجُهْدَ,ثني الجهد,ശ്രമം രണ്ടട്ടിയാക്കി
To bend knee,ثَنَى الرُّكْبَةَ,ثني الركبة,മുട്ടുമടക്കി
To fold arm,ثَنَى الذِّرَاعَ,ثني الذراع,കൈ മടക്കി
To double praise,ثَنَّى الثَّنَاءَ,ثني الثناء,പ്രശംസ വീണ്ടും ആവർത്തിച്ചു
To bend rod,ثَنَى القَضِيبَ,ثني القضيب,വടി മടക്കി
To fold map,ثَنَى الخَرِيطَةَ,ثني الخريطة,മാപ്പ് മടക്കിവെച്ചു
To revolt against oppression,ثَارَ ضِدَّ الظُّلْمِ,ثار ضد الظلم,അക്രമത്തിനെതിരെ പ്രക്ഷോഭം നടത്തി
To rebel against rule,ثَارَ ضِدَّ الحُكْمِ,ثار ضد الحكم,ഭരണത്തിനെതിരെ പ്രക്ഷോഭം നടത്തി
To explode volcano,ثَارَ بُرْكَانٌ,ثار بركان,അഗ്നിപർവ്വതം പൊട്ടിത്തെറിച്ചു
To revolt for freedom,ثَارَ لِلْحُرِّيَّةِ,ثار للحرية,സ്വാതന്ത്ര്യത്തിനായി പ്രക്ഷോഭം നടത്തി
To rebel against corruption,ثَارَ ضِدَّ الفَسَادِ,ثار ضد الفساد,അഴിമതിക്കെതിരെ പ്രക്ഷോഭം നടത്തി
To revolt for justice,ثَارَ لِلْعَدْلِ,ثار للعدل,നീതിക്കായി പ്രക്ഷോഭം നടത്തി
To stir up sea / storm,ثَارَ البَحْرُ,ثار البحر,കടൽ ഇളകിമറിഞ്ഞു
To revolt for rights,ثَارَ لِلْحُقُوقِ,ثار للحقوق,അവകാശങ്ങൾക്കായി പ്രക്ഷോഭം നടത്തി
To rebel in anger,ثَارَ غَضَباً,ثار غضبا,ദേഷ്യത്തിൽ പ്രക്ഷോഭം നടത്തി
To revolt everywhere,ثَارَ فِي كُلِّ مَكَانٍ,ثار في كل مكان,എല്ലായിടത്തും പ്രക്ഷോഭം ഉയർന്നു
To return to senses / truth,ثَابَ إِلَى الرُّشْدِ,ثاب الي الرشد,സത്യത്തിലേക്ക് മടങ്ങിവന്നു
To repent to God,ثَابَ إِلَى اللهِ,ثاب الي الله,ദൈവത്തിലേക്ക് മടങ്ങി
To reward good worker,أَثَابَ العَامِلَ الطَّيِّبَ,اثاب العامل الطيب,നല്ല തൊഴിലാളിക്ക് പ്രതിഫലം നൽകി
To return to path,ثَابَ إِلَى الطَّرِيقِ,ثاب الي الطريق,നേർവഴിയിലേക്ക് മടങ്ങിവന്നു
To reward patience,أَثَابَ الصَّبْرَ,اثاب الصبر,ക്ഷമയ്ക്ക് പ്രതിഫലം നൽകി
To return to wisdom,ثَابَ إِلَى الصَّوَابِ,ثاب الي الصواب,ബുദ്ധിയിലേക്ക് മടങ്ങിവന്നു
To reward effort,أَثَابَ الجُهْدَ,اثاب الجهد,ശ്രമത്തിന് പ്രതിഫലം നൽകി
To return from error,ثَابَ عَنِ الخَطَأِ,ثاب عن الخطا,തെറ്റിൽ നിന്ന് മടങ്ങിവന്നു
To reward sincerity,أَثَابَ الإِخْلاَصَ,اثاب الاخلاص,ആത്മാർത്ഥതയ്ക്ക് പ്രതിഫലം നൽകി
To return to calm,ثَابَ إِلَى الهُدُوءِ,ثاب الي الهدوء,ശാന്തതയിലേക്ക് മടങ്ങിവന്നു
To discourage from work,ثَبَطَ عَنِ العَمَلِ,ثبط عن العمل,ജോലിയിൽ നിന്ന് പിന്തിരിപ്പിച്ചു
To hinder progress,ثَبَطَّ التَّقَدُّمَ,ثبط التقدم,പുരോഗതി വൈകിച്ചു
To discourage attempt,ثَبَطَ المُحَاوَلَةَ,ثبط المحاولة,ശ്രമത്തിൽ നിന്ന് പിന്തിരിപ്പിച്ചു
To delay implementation,ثَبَطَّ التَّنْفِيذَ,ثبط التنفيذ,നടപ്പാക്കൽ വൈകിച്ചു
To discourage enthusiasm,ثَبَطَ الحَمَاسَ,ثبط الحماس,ആവേശം തണപ്പിച്ചു
To hinder process,ثَبَطَّ العَمَلِيَّةَ,ثبط العملية,നടപടികൾ വൈകിച്ചു
To discourage spirit,ثَبَطَ العَزِيمَةَ,ثبط العزيمة,വീര്യം കുറച്ചു
To delay resolution,ثَبَطَّ القَرَارَ,ثبط القرار,തീരുമാനം വൈകിച്ചു
To discourage step,ثَبَطَ الخُطْوَةَ,ثبط الخطوة,ചുവടുവെപ്പിൽ നിന്ന് പിന്തിരിപ്പിച്ചു
To hinder movement,ثَبَطَّ الحَرَكَةَ,ثبط الحركة,ചലനം വൈകിച്ചു
To reside in city,ثَوَى فِي المَدِينَةِ,ثوي في المدينة,നഗരത്തിൽ താമസിച്ചു
To lodge guest,أَثْوَى الضَّيْفَ,اثوي الضيف,അതിഥിയെ പാർപ്പിച്ചു
To settle in village,ثَوَى فِي القَرْيَةِ,ثوي في القرية,ഗ്രാമത്തിൽ താമസമാക്കി
To lodge traveler,أَثْوَى المُسَافِرَ,اثوي المسافر,യാത്രക്കാരനെ പാർപ്പിച്ചു
To reside long time,ثَوَى طَوِيلاً,ثوي طويلا,വളരെക്കാലം താമസിച്ചു
To accommodate visitor,أَثْوَى الزَّائِرَ,اثوي الزاير,സന്ദർശകനെ പാർപ്പിച്ചു
To settle in country,ثَوَى فِي البَلاَدِ,ثوي في البلاد,രാജ്യത്ത് സ്ഥിരതാമസമാക്കി
To lodge friend,أَثْوَى الصَّدِيقَ,اثوي الصديق,കൂട്ടുകാരനെ പാർപ്പിച്ചു
To reside in home,ثَوَى فِي البَيْتِ,ثوي في البيت,വീട്ടിൽ കഴിഞ്ഞുകൂടി
To accommodate team,أَثْوَى الفَرِيقَ,اثوي الفريق,ടീമിന് വസതി നൽകി
Fruit / Consequence,ثَمَرَة,ثمرة,ഫലം / കായ്
Fruits,ثِمَار / أَثْمَار,ثمار / اثمار,ഫലങ്ങൾ / കായ്കൾ
Price / Cost / Value,ثَمَن,ثمن,വില / മൂല്യം
Prices / Costs,أَثْمَان,اثمان,വിലകൾ
Garment / Dress / Cloth,ثَوْب,ثوب,വസ്ത്രം
Garments / Clothes,ثِيَاب / أَثْوَاب,ثياب / اثواب,വസ്ത്രങ്ങൾ
Bull / Ox,ثَوْر,ثور,കാള / കാളക്കൂറ്റൻ
Bulls / Oxen,ثِيرَان,ثيران,കാളകൾ
الثَّوْرَةُ,വിപ്ലവം / പ്രക്ഷോഭം,വിപ്ലവം / പ്രക്ഷോഭം,Revolution / Uprising
الثَّوْرَاتُ,വിപ്ലവങ്ങൾ,വിപ്ലവങ്ങൾ,Revolutions
Wealth / Fortune / Riches,ثَرْوَة,ثروة,സമ്പത്ത് / ഐശ്വര്യം
Wealths / Fortunes,ثَرَوَات,ثروات,സമ്പത്തുകൾ
Fox / Jackal,ثَعْلَب,ثعلب,കുറുക്കൻ
Foxes,ثَعَالِب,ثعالب,കുറുക്കന്മാർ
Snake / Serpent,ثُعْبَان,ثعبان,പാമ്പ്
Snakes / Serpents,ثَعَابِين,ثعابين,പാമ്പുകൾ
Hole / Piercing / Aperture,ثَقْب,ثقب,ദ്വാരം / സുഷിരം
Holes / Piercings,ثُقُوب,ثقوب,ദ്വാരങ്ങൾ
الثَّقَافَةُ,സംസ്കാരം / വിദ്യാഭ്യാസം,സംസ്കാരം / വിദ്യാഭ്യാസം,Culture / Education
والثَّقَافَاتُ,സംസ്കാരങ്ങൾ,സംസ്കാരങ്ങൾ,Cultures
الثِّقَلُ,ഭാരം / കനം,ഭാരം / കനം,Weight / Heaviness
الأَثْقَالُ,ഭാരങ്ങൾ,ഭാരങ്ങൾ,Weights / Burdens
الثَّلْجُ,മഞ്ഞ് / ഐസ്,മഞ്ഞ് / ഐസ്,Ice / Snow
الثُّلُوجُ,മഞ്ഞുകൾ,മഞ്ഞുകൾ,Snows / Ices
الثُّلُثُ,മൂന്നിലൊന്ന്,മൂന്നിലൊന്ന്,One-third / Third part
الأَثْلاَثُ,മൂന്നിലൊന്നുകൾ,മൂന്നിലൊന്നുകൾ,One-thirds
الثُّثْنُ,എട്ടിലൊന്ന്,എട്ടിലൊന്ന്,One-eighth / Eighth part
الأَثْمَانُ,എട്ടിലൊന്നുകൾ,എട്ടിലൊന്നുകൾ,One-eighths
الثَّانِيَةُ,സെക്കൻഡ്,സെക്കൻഡ്,Second (Time unit)
الثَّوَانِي,സെക്കൻഡുകൾ,സെക്കൻഡുകൾ,Seconds
الثُّقْبَةُ,ചെറിയ ദ്വാരം,ചെറിയ ദ്വാരം,Small hole / Slot
الثُّقَبُ,ചെറിയ ദ്വാരങ്ങൾ,ചെറിയ ദ്വാരങ്ങൾ,Small holes
الثُغْرَةُ,വിടവ് / വിടവുകൾ,വിടവ് / വിടവുകൾ,Gap / Breach / Loophole
الثُّغَرُ,വിടവുകൾ,വിടവുകൾ,Gaps / Breaches
الثَّدْيُ,സ്തനം / അകിട്,സ്തനം / അകിട്,Breast / Udder
الأَثْدَاءُ,സ്തനങ്ങൾ,സ്തനങ്ങൾ,Breasts / Udders
الثُؤْلُولُ,അരു / ഉണ്ണിയുരുള,അരു / ഉണ്ണിയുരുള,Wart / Verruca
والثَّآلِيلُ,അരുക്കൾ,അരുക്കൾ,Warts
الثُومُ,വെളുത്തുള്ളി,വെളുത്തുള്ളി,Garlic
الثَّرَى,ഈറൻ മണ്ണ് / മണ്ണ്,ഈറൻ മണ്ണ് / മണ്ണ്,Moist earth / Soil
الثَّكَلُ,സന്താനനഷ്ടം,സന്താനനഷ്ടം,Bereavement / Loss of child
الثَّوَابُ,പ്രതിഫലം / പുണ്യം,പ്രതിഫലം / പുണ്യം,Reward / Recompense
الثَّنَاءُ,പ്രശംസ / സ്തുതി,പ്രശംസ / സ്തുതി,Praise / Commendation
الثَّغْرُ,മുൻപല്ല് / വായ / തുറമുഖം,മുൻപല്ല് / വായ / തുറമുഖം,Front teeth / Mouth / Port
الثُّغُورُ,തുറമുഖങ്ങൾ / അതിർത്തികൾ,തുറമുഖങ്ങൾ / അതിർത്തികൾ,Ports / Frontiers
الثَّرَثَارُ,വാചാലൻ / സംസാരി,വാചാലൻ / സംസാരി,Chatterbox / Talkative
الثَّرَثَارُونَ,വാചാലന്മാർ,വാചാലന്മാർ,Chatterboxes
الثَّابِتُ,സ്ഥിരമായ / ഉറച്ച,സ്ഥിരമായ / ഉറച്ച,Constant / Fixed / Firm
الثَّوَابِتُ,സ്ഥിരതയുള്ളവ,സ്ഥിരതയുള്ളവ,Constants / Fixed principles
الثَّائِرُ,വിപ്ലവകാരി / പ്രക്ഷോഭകാരി,വിപ്ലവകാരി / പ്രക്ഷോഭകാരി,Rebel / Revolutionary
الثُّوَّارُ,വിപ്ലവകാരികൾ,വിപ്ലവകാരികൾ,Rebels / Revolutionaries
الثَّمِينُ,വിലയേറിയ / വിലപിടിപ്പുള്ള,വിലയേറിയ / വിലപിടിപ്പുള്ള,Precious / Valuable
الثَّقِيلُ,ഭാരമുള്ള / കനത്ത,ഭാരമുള്ള / കനത്ത,Heavy / Weighty
الثِّقَالُ,ഭാരമുള്ളവ,ഭാരമുള്ളവ,Heavy items
الثُّلَاثَاءُ,ചൊവ്വാഴ്ച,ചൊവ്വാഴ്ച,Tuesday
الثَّالِثُ,മൂന്നാമത്തെ,മൂന്നാമത്തെ,Third (3rd)
الثَّامِنُ,എട്ടാമത്തെ,എട്ടാമത്തെ,Eighth (8th)
الثَّانِي,രണ്ടാമത്തെ,രണ്ടാമത്തെ,Second (2nd)
الثَّلاَثَةُ,മൂന്ന്,മൂന്ന്,Three (3)
الثَّمَانِيَةُ,എട്ട്,എട്ട്,Eight (8)
الثَّلاَثُونَ,മുപ്പത്,മുപ്പത്,Thirty (30)
الثَّمَانُونَ,എൺപത്,എൺപത്,Eighty (80)
الثِّقَةُ,വിശ്വാസം / ആത്മവിശ്വാസം,വിശ്വാസം / ആത്മവിശ്വാസം,Trust / Confidence
الثَّنِيَّةُ,മടക്ക് / ചുരം / മുൻപല്ല്,മടക്ക് / ചുരം / മുൻപല്ല്,Fold / Mountain pass / Incisor
الثَّنَايَا,മടക്കുകൾ / ചുരങ്ങൾ,മടക്കുകൾ / ചുരങ്ങൾ,Folds / Mountain passes
الثَّلّاجَةُ,ഫ്രിഡ്ജ് / തണുപ്പുകട്ട,ഫ്രിഡ്ജ് / തണുപ്പുകട്ട,Refrigerator / Fridge
الثَّلاَّجَاتُ,ഫ്രിഡ്ജുകൾ,ഫ്രിഡ്ജുകൾ,Refrigerators
الثَّانَوِيَّةُ,സെക്കൻഡറി സ്കൂൾ,സെക്കൻഡറി സ്കൂൾ,Secondary school / High school
الثَّبَاتُ,സ്ഥിരത / ഉറപ്പ്,സ്ഥിരത / ഉറപ്പ്,Stability / Firmness
الثَّامِنَةُ,എട്ടു മണി,എട്ടു മണി,Eight o'clock
الثَّالِثَةُ,മൂന്നു മണി,മൂന്നു മണി,Three o'clock
الثَّانِيَةُ,രണ്ടു മണി,രണ്ടു മണി,Two o'clock
الثُّكْنَةُ,പട്ടാളബാരക്ക്,പട്ടാളബാരക്ക്,Barracks / Outpost
الثُّكَنُ,പട്ടാളബാരക്കുകൾ,പട്ടാളബാരക്കുകൾ,Barracks
الثَّلَمُ,വിള്ളൽ / കേട്,വിള്ളൽ / കേട്,Notch / Crack / Breach
الأَثْلاَمُ,വിള്ളലുകൾ,വിള്ളലുകൾ,Notches / Cracks
الثَّمَلُ,ലഹരി / മദ്യപിത്തം,ലഹരി / മദ്യപിത്തം,Drunkenness / Intoxication
الثَّوَانِي,മന്ദത / അലസത,മന്ദത / അലസത,Lethargy / Sluggishness
الثُّلاَثِيُّ,മൂന്നടങ്ങുന്ന / ത്രയം,മൂന്നടങ്ങുന്ന / ത്രയം,Triple / Trio / Tripartite
الثُّمَانِيُّ,എട്ടടങ്ങുന്ന / അഷ്ടകോൺ,എട്ടടങ്ങുന്ന / അഷ്ടകോൺ,Octagonal / Eightfold
الثُّنَائِيُّ,രണ്ടടങ്ങുന്ന / ദ്വയം,രണ്ടടങ്ങുന്ന / ദ്വയം,Dual / Binary / Duo
الثَّقَافِيُّ,സാംസ്കാരികമായ,സാംസ്കാരികമായ,Cultural / Educational
الثَّوْرِيُّ,വിപ്ലവകരമായ,വിപ്ലവകരമായ,Revolutionary
الثُّلاَثِيَّةُ,ത്രയഗ്രന്ഥം / മൂന്നുഭാഗം,ത്രയഗ്രന്ഥം / മൂന്നുഭാഗം,Trilogy
الثُّنَائِيَّةُ,ദ്വൈതം / രണ്ടെണ്ണം,ദ്വൈതം / രണ്ടെണ്ണം,Duality / Dyad
الثُّمَانِيَّةُ,അഷ്ടകം,അഷ്ടകം,Octet
الثَّمِينَةُ,വിലപിടിപ്പുള്ള വസ്തു,വിലപിടിപ്പുള്ള വസ്തു,Valuable item
الثَّقِيلَةُ,ഭാരമുള്ള വസ്തു,ഭാരമുള്ള വസ്തു,Heavy item / Burden
الثِّقَلُ النوعِيُّ,ആപേക്ഷിക സാന്ദ്രത,ആപേക്ഷിക സാന്ദ്രത,Specific gravity
الثَّقْبُ الأَسْوَدُ,കൃഷ്ണവിവരം,കൃഷ്ണവിവരം,Black hole
الثَّلْجُ الجَافُّ,ഡ്രൈ ഐസ്,ഡ്രൈ ഐസ്,Dry ice
الثَّوْرَةُ الصِّنَاعِيَّةُ,വ്യവസായ വിപ്ലവം,വ്യവസായ വിപ്ലവം,Industrial Revolution
الثَّوْرَةُ المَعْلُومَاتِيَّةُ,വിവരസാങ്കേതിക വിപ്ലവം,വിവരസാങ്കേതിക വിപ്ലവം,Information Revolution
الثَّقَافَةُ العَامَّةُ,പൊതുവിജ്ഞാനം,പൊതുവിജ്ഞാനം,General knowledge / Culture
الثِّقَةُ بِالنَّفْسِ,ആത്മവിശ്വാസം,ആത്മവിശ്വാസം,Self-confidence
الثَّمَنُ الإِجْمَالِيُّ,ആകെ തുക / മൊത്തം വില,ആകെ തുക / മൊത്തം വില,Total price / Cost
الثَّرَوَاتُ الطَّبِيعِيَّةُ,പ്രകൃതിവിഭവങ്ങൾ,പ്രകൃതിവിഭവങ്ങൾ,Natural resources
الثَّمَرَةُ النَّاجِحَةُ,വിജയകരമായ ഫലം,വിജയകരമായ ഫലം,Successful result
الثَّوْبُ الرَّسْمِيُّ,ഔദ്യോഗിക വസ്ത്രം,ഔദ്യോഗിക വസ്ത്രം,Official dress / Uniform
الثَّبَاتُ الإِنْفِعَالِيُّ,വൈകാരിക സ്ഥിരത,വൈകാരിക സ്ഥിരത,Emotional stability
الثَّقَافَةُ الشَّعْبِيَّةُ,ജനകീയ സംസ്കാരം,ജനകീയ സംസ്കാരം,Popular culture
الثَّلْجُ المَتَسَاقِطُ,മഞ്ഞുപൊഴിച്ചിൽ,മഞ്ഞുപൊഴിച്ചിൽ,Snowfall
الثَّوْرَةُ العِلْمِيَّةُ,ശാസത്രീയ വിപ്ലവം,ശാസത്രീയ വിപ്ലവം,Scientific Revolution
الثِّقَةُ المُمُتَبَادَلَةُ,പരസ്പര വിശ്വാസം,പരസ്പര വിശ്വാസം,Mutual trust
الثَّمَنُ المُنَاسِبُ,ഉചിതമായ വില,ഉചിതമായ വില,Reasonable price
الثَّرَوَاتُ المَعْدِنِيَّةُ,ഖനന വിഭവങ്ങൾ,ഖനന വിഭവങ്ങൾ,Mineral resources
الثَّمَرَةُ المُرَّاةُ,കയ്പേറിയ ഫലം,കയ്പേറിയ ഫലം,Bitter fruit / Result
الثَّوْبُ التقلِيدِيُّ,പാരമ്പര്യ വസ്ത്രം,പാരമ്പര്യ വസ്ത്രം,Traditional dress
الثَّقَافَةُ المَحَلِّيَّةُ,പ്രാദേശിക സംസ്കാരം,പ്രാദേശിക സംസ്കാരം,Local culture
الثَّلْجُ الذَّائِبُ,ഉരുകുന്ന മഞ്ഞ്,ഉരുകുന്ന മഞ്ഞ്,Melting ice
الثِّقَةُ المَطْلُوقَةُ,പൂർണ്ണവിശ്വാസം,പൂർണ്ണവിശ്വാസം,Absolute trust
الثَّمَنُ البَاهِظُ,വളരെ ഉയർന്ന വില,വളരെ ഉയർന്ന വില,Exorbitant price
الثَّرْوَةُ الحَيَوَانِيَّةُ,മൃഗസമ്പത്ത്,മൃഗസമ്പത്ത്,Livestock / Animal wealth
الثَّمَرَةُ النَّاضِجَةُ,പഴുത്ത പഴം,പഴുത്ത പഴം,Ripe fruit
الثَّوْبُ الجَدِيدُ,പുതിയ വസ്ത്രം,പുതിയ വസ്ത്രം,New dress
الثَّقَافَةُ العَالَمِيَّةُ,ആഗോള സംസ്കാരം,ആഗോള സംസ്കാരം,Global culture
الثَّلْجُ الصَّلْبُ,കട്ടിയുള്ള ഐസ്,കട്ടിയുള്ള ഐസ്,Hard ice
الثِّقَةُ العَامَّةُ,പൊതുവിശ്വാസം,പൊതുവിശ്വാസം,Public trust
الثَّمَنُ الرَّخِيصُ,കുറഞ്ഞ വില,കുറഞ്ഞ വില,Cheap price
الثَّرْوَةُ السَّمَكِيَّةُ,മത്സ്യസമ്പത്ത്,മത്സ്യസമ്പത്ത്,Fishery wealth
الثَّمَرَةُ الطَّازَجَةُ,പുതിയ പഴം,പുതിയ പഴം,Fresh fruit
الثَّوْبُ النَّظِيفُ,വൃത്തിയുള്ള വസ്ത്രം,വൃത്തിയുള്ള വസ്ത്രം,Clean dress
الثَّقَافَةُ المَهْنِيَّةُ,തൊഴിൽ സംസ്കാരം,തൊഴിൽ സംസ്കാരം,Professional culture
الثَّلْجُ النَّقِيُّ,വിശുദ്ധമായ മഞ്ഞ്,വിശുദ്ധമായ മഞ്ഞ്,Pure snow
الثِّقَةُ المَالِيَّةُ,സാമ്പത്തിക വിശ്വാസ്യത,സാമ്പത്തിക വിശ്വാസ്യത,Financial confidence
الثَّمَنُ المَقْبُولُ,സ്വീകാര്യമായ വില,സ്വീകാര്യമായ വില,Acceptable price
الثَّرْوَةُ الزِّرَاعِيَّةُ,കാർഷിക സമ്പത്ത്,കാർഷിക സമ്പത്ത്,Agricultural wealth
الثَّمَرَةُ اللَّذِيذَةُ,രുചികരമായ പഴം,രുചികരമായ പഴം,Delicious fruit
الثَّوْبُ الأَبْيَضُ,വെളുത്ത വസ്ത്രം,വെളുത്ത വസ്ത്രം,White dress
الثَّقَافَةُ الرَّقْمِيَّةُ,ഡിജിറ്റൽ സംസ്കാരം,ഡിജിറ്റൽ സംസ്കാരം,Digital culture
الثَّلْجُ المَجْرُوشُ,പൊടിച്ച ഐസ്,പൊടിച്ച ഐസ്,Crushed ice
الثِّقَةُ المُنَاسِبَةُ,അനുയോജ്യമായ വിശ്വാസം,അനുയോജ്യമായ വിശ്വാസം,Appropriate trust
الثَّمَنُ الرَّمْزِيُّ,പ്രതീകാത്മക വില,പ്രതീകാത്മക വില,Token price
الثَّرْوَةُ البَشَرِيَّةُ,മനുഷ്യസമ്പത്ത്,മനുഷ്യസമ്പത്ത്,Human resources / Wealth
الثَّمَرَةُ المُنَاسِبَةُ,അനുയോജ്യമായ ഫലം,അനുയോജ്യമായ ഫലം,Suitable fruit
الثَّوْبُ الفَاخِرُ,വിലകൂടിയ വസ്ത്രം,വിലകൂടിയ വസ്ത്രം,Luxury dress
الثَّقَافَةُ الوَطَنِيَّةُ,ദേശീയ സംസ്കാരം,ദേശീയ സംസ്കാരം,National culture
الثَّلْجُ النَّاعِمُ,മൃദുവായ മഞ്ഞ്,മൃദുവായ മഞ്ഞ്,Soft snow
الثِّقَةُ المُمُتَابَعَةُ,തുടരുന്ന വിശ്വാസം,തുടരുന്ന വിശ്വാസം,Continued trust
الثَّمَنُ الصَافِي,അറ്റവില,അറ്റവില,Net price
الثَّرْوَةُ المَالِيَّةُ,സാമ്പത്തിക സമ്പത്ത്,സാമ്പത്തിക സമ്പത്ത്,Financial wealth
الثَّمَرَةُ الحُلْوَةُ,മധുരമുള്ള പഴം,മധുരമുള്ള പഴം,Sweet fruit
الثَّوْبُ المُمَزَّقُ,കീറിയ വസ്ത്രം,കീറിയ വസ്ത്രം,Torn dress
الثَّقَافَةُ المَكْتُوبَةُ,എഴുതപ്പെട്ട സംസ്കാരം,എഴുതപ്പെട്ട സംസ്കാരം,Written culture
الثَّلْجُ المُنْهَارُ,മഞ്ഞുവീഴ്ച / ഹിമപാതം,മഞ്ഞുവീഴ്ച / ഹിമപാതം,Avalanche
الثِّقَةُ الكَامِلَةُ,പൂർണ്ണമായ വിശ്വാസം,പൂർണ്ണമായ വിശ്വാസം,Complete trust
الثَّمَنُ الثَّابِتُ,സ്ഥിരമായ വില,സ്ഥിരമായ വില,Fixed price
الثَّرْوَةُ الفِكْرِيَّةُ,ബൗദ്ധിക സമ്പത്ത്,ബൗദ്ധിക സമ്പത്ത്,Intellectual property / Wealth
الثَّمَرَةُ المُفِيدَةُ,ഉപകാരപ്രദമായ ഫലം,ഉപകാരപ്രദമായ ഫലം,Useful fruit / Result
الثَّوْبُ الصُّوفِيُّ,ഉടുപ്പ് / കമ്പിളി വസ്ത്രം,ഉടുപ്പ് / കമ്പിളി വസ്ത്രം,Woolen dress
الثَّقَافَةُ المَرْئِيَّةُ,ദൃശ്യ സംസ്കാരം,ദൃശ്യ സംസ്കാരം,Visual culture
الثَّلْجُ الاصْطِنَاعِيُّ,കൃത്രിമ മഞ്ഞ്,കൃത്രിമ മഞ്ഞ്,Artificial ice
الثِّقَةُ العَالِيَةُ,ഉയർന്ന ആത്മവിശ്വാസം,ഉയർന്ന ആത്മവിശ്വാസം,High confidence
الثَّمَنُ المُخَفَّضُ,ഇളവുചെയ്ത വില,ഇളവുചെയ്ത വില,Discounted price
الثَّرْوَةُ العَقَارِيَّةُ,റിഫ്ലക്സ് സമ്പത്ത്,റിഫ്ലക്സ് സമ്പത്ത്,Real estate wealth
الثَّمَرَةُ الجَيِّدَةُ,നല്ല ഫലം,നല്ല ഫലം,Good fruit
الثَّوْبُ القُطْنِيُّ,കോട്ടൺ വസ്ത്രം,കോട്ടൺ വസ്ത്രം,Cotton dress
الثَّقَافَةُ الصَّوْتِيَّةُ,ശ്രവ്യ സംസ്കാരം,ശ്രവ്യ സംസ്കാരം,Audio culture
الثَّلْجُ الكَثِيفُ,കട്ടിയുള്ള മഞ്ഞ്,കട്ടിയുള്ള മഞ്ഞ്,Dense snow
الثِّقَةُ الإِيجَابِيَّةُ,അനുകൂല വിശ്വാസം,അനുകൂല വിശ്വാസം,Positive trust
الثَّمَنُ العَادِلُ,ന്യായമായ വില,ന്യായമായ വില,Fair price
الثَّرْوَةُ الوَطَنِيَّةُ,ദേശീയ സമ്പത്ത്,ദേശീയ സമ്പത്ത്,National wealth
الثَّمَرَةُ السَّرِيعَةُ,പെട്ടെന്നുള്ള ഫലം,പെട്ടെന്നുള്ള ഫലം,Quick fruit / Result
الثَّوْبُ الحَرِيرِيُّ,പട്ടു വസ്ത്രം,പട്ടു വസ്ത്രം,Silk dress
الثَّقَافَةُ الفَنِّيَّةُ,കലാ സംസ്കാരം,കലാ സംസ്കാരം,Artistic culture
الثَّلْجُ الخَفِيفُ,നേർത്ത മഞ്ഞ്,നേർത്ത മഞ്ഞ്,Light snow
الثِّقَةُ القَوِيَّةُ,ശക്തമായ വിശ്വാസം,ശക്തമായ വിശ്വാസം,Strong confidence
الثَّمَنُ المُرْتَفِعُ,ഉയർന്ന വില,ഉയർന്ന വില,High price
الثَّرْوَةُ النَّفْطِيَّةُ,എണ്ണസമ്പത്ത്,എണ്ണസമ്പത്ത്,Oil wealth
الثَّمَرَةُ العَظِيمَةُ,വലിയ ഫലം,വലിയ ഫലം,Great fruit / Result
الثَّوْبُ الطَّوِيلُ,നീളമുള്ള വസ്ത്രം,നീളമുള്ള വസ്ത്രം,Long dress
الثَّقَافَةُ الأَدَبِيَّةُ,സാഹിത്യ സംസ്കാരം,സാഹിത്യ സംസ്കാരം,Literary culture
الثَّلْجُ المُرَاكَمُ,കൂട്ടിവെച്ച മഞ്ഞ്,കൂട്ടിവെച്ച മഞ്ഞ്,Accumulated snow
الثِّقَةُ المُنْخَفِضَةُ,കുറഞ്ഞ വിശ്വാസം,കുറഞ്ഞ വിശ്വാസം,Low trust
الثَّمَنُ المُنْخَفِضُ,കുറഞ്ഞ വില,കുറഞ്ഞ വില,Low price
الثَّرْوَةُ القَوْمِيَّةُ,ദേശീയ സമ്പത്ത്,ദേശീയ സമ്പത്ത്,National wealth
الثَّمَرَةُ المَرْجُوَّةُ,ആഗ്രഹിച്ച ഫലം,ആഗ്രഹിച്ച ഫലം,Desired fruit / Result
الثَّوْبُ القَصِيرُ,ചെറിയ വസ്ത്രം,ചെറിയ വസ്ത്രം,Short dress
الثَّقَافَةُ التَّارِيخِيَّةُ,ചരിത്ര സംസ്കാരം,ചരിത്ര സംസ്കാരം,Historical culture
الثَّلْجُ المَخْلُوطُ,കലർന്ന ഐസ്,കലർന്ന ഐസ്,Mixed ice
الثِّقَةُ المَتِينَةُ,ഉറച്ച വിശ്വാസം,ഉറച്ച വിശ്വാസം,Solid trust
الثَّمَنُ النَّهَائِيُّ,അവസാന വില,അവസാന വില,Final price
الثَّرْوَةُ الثَّقَافِيَّةُ,സാംസ്കാരിക സമ്പത്ത്,സാംസ്കാരിക സമ്പത്ത്,Cultural wealth
الثَّمَرَةُ المُبَاشِرَةُ,നേരിട്ടുള്ള ഫലം,നേരിട്ടുള്ള ഫലം,Direct fruit / Result
الثَّوْبُ المُنَاسِبُ,അനുയോജ്യമായ വസ്ത്രം,അനുയോജ്യമായ വസ്ത്രം,Suitable dress
الثَّقَافَةُ السِّيَاسِيَّةُ,രാഷ്ട്രീയ സംസ്കാരം,രാഷ്ട്രീയ സംസ്കാരം,Political culture
الثَّلْجُ المَحَلِّيُّ,പ്രാദേശിക മഞ്ഞ്,പ്രാദേശിക മഞ്ഞ്,Local snow
الثِّقَةُ المُنَاسِبَةُ,അനുയോജ്യമായ വിശ്വാസം,അനുയോജ്യമായ വിശ്വാസം,Proper trust
الثَّمَنُ الاِفْتِرَاضِيُّ,കണക്കാക്കിയ വില,കണക്കാക്കിയ വില,Estimated price
الثَّرْوَةُ الروُحِيَّةُ,ആത്മീയ സമ്പത്ത്,ആത്മീയ സമ്പത്ത്,Spiritual wealth
الثَّمَرَةُ الدَّائِمَةُ,സ്ഥിരമായ ഫലം,സ്ഥിരമായ ഫലം,Lasting fruit
الثَّوْبُ المُمَيَّزُ,പ്രത്യേക വസ്ത്രം,പ്രത്യേക വസ്ത്രം,Distinct dress
الثَّقَافَةُ الاِقْتِصَادِيَّةُ,സാമ്പത്തിക സംസ്കാരം,സാമ്പത്തിക സംസ്കാരം,Economic culture
الثَّلْجُ المَطْمُورُ,മൂടപ്പെട്ട മഞ്ഞ്,മൂടപ്പെട്ട മഞ്ഞ്,Buried ice
الثِّقَةُ الإِضَافِيَّةُ,അധിക വിശ്വാസം,അധിക വിശ്വാസം,Extra trust
الثَّمَنُ المَقْبُولُ,സ്വീകാര്യമായ തുക,സ്വീകാര്യമായ തുക,Fair cost
الثَّرْوَةُ العلمِيَّةُ,ശാസ്ത്രീയ സമ്പത്ത്,ശാസ്ത്രീയ സമ്പത്ത്,Scientific wealth
الثَّمَرَةُ الإِيجَابِيَّةُ,അനുകൂല ഫലം,അനുകൂല ഫലം,Positive fruit
الثَّوْبُ المُرِيحُ,ആശ്വാസമുള്ള വസ്ത്രം,ആശ്വാസമുള്ള വസ്ത്രം,Comfortable dress
الثَّقَافَةُ الإِجْتِمَاعِيَّةُ,സാമൂഹിക സംസ്കാരം,സാമൂഹിക സംസ്കാരം,Social culture
الثَّلْجُ المُتَسَاقِطُ بِغَزَارَةٍ,ശക്തമായ മഞ്ഞുവീഴ്ച,ശക്തമായ മഞ്ഞുവീഴ്ച,Heavy snowfall
الثِّقَةُ الرَّسْمِيَّةُ,ഔദ്യോഗിക വിശ്വാസം,ഔദ്യോഗിക വിശ്വാസം,Official confidence
الثَّمَنُ الحَقِيقِيُّ,യഥാർത്ഥ വില,യഥാർത്ഥ വില,Real price
الثَّرْوَةُ التجَارِيَّةُ,വാണിജ്യ സമ്പത്ത്,വാണിജ്യ സമ്പത്ത്,Commercial wealth
الثَّمَرَةُ الطَيِّبَةُ,നല്ല ഫലം,നല്ല ഫലം,Goodly fruit
الثَّوْبُ المُمَتاَزُ,മികച്ച വസ്ത്രം,മികച്ച വസ്ത്രം,Excellent dress
الثَّقَافَةُ الروُحِيَّةُ,ആത്മീയ സംസ്കാരം,ആത്മീയ സംസ്കാരം,Spiritual culture
الثَّلْجُ الصَافِي,വ്യക്തമായ മഞ്ഞ്,വ്യക്തമായ മഞ്ഞ്,Clear ice
الثِّقَةُ العَمَلِيَّةُ,പ്രായോഗിക വിശ്വാസം,പ്രായോഗിക വിശ്വാസം,Practical trust
الثَّمَنُ التَّقْدِيرِيُّ,തോராயമായ വില,തോராயമായ വില,Approximate price
الثَّرْوَةُ الخَاصَّةُ,സ്വകാര്യ സമ്പത്ത്,സ്വകാര്യ സമ്പത്ത്,Private wealth
الثَّمَرَةُ المُبَارَكَةُ,അനുഗൃഹീത ഫലം,അനുഗൃഹീത ഫലം,Blessed fruit
الثَّوْبُ האَنِيقُ,മനോഹരമായ വസ്ത്രം,മനോഹരമായ വസ്ത്രം,Elegant dress
الثَّقَافَةُ العلمِيَّةُ,ശാസ്ത്രീയ സംസ്കാരം,ശാസ്ത്രീയ സംസ്കാരം,Scientific culture
الثَّلْجُ المَذَابُ,ഉരുകിയ മഞ്ഞ്,ഉരുകിയ മഞ്ഞ്,Melted snow
الثِّقَةُ المِهْنِيَّةُ,തൊഴിൽപരമായ വിശ്വാസം,തൊഴിൽപരമായ വിശ്വാസം,Professional trust
الثَّمَنُ المُنَاسِبُ جِدًّا,വളരെ അനുയോജ്യമായ വില,വളരെ അനുയോജ്യമായ വില,Very suitable price
الثَّرْوَةُ العَامَّةُ,പൊതുസമ്പത്ത്,പൊതുസമ്പത്ത്,Public wealth
الثَّمَرَةُ המَطْلُوبَةُ,ആവശ്യപ്പെട്ട ഫലം,ആവശ്യപ്പെട്ട ഫലം,Desired fruit
الثَّوْبُ الخَفِيفُ,നേർത്ത വസ്ത്രം,നേർത്ത വസ്ത്രം,Light dress
الثَّقَافَةُ המُعَاصِرَةُ,ആധുനിക സംസ്കാരം,ആധുനിക സംസ്കാരം,Contemporary culture
الثَّلْجُ المَضْغُوطُ,അമർത്തിയ മഞ്ഞ്,അമർത്തിയ മഞ്ഞ്,Compressed ice
الثِّقَةُ הדَائِمَةُ,സ്ഥിരമായ വിശ്വാസം,സ്ഥിരമായ വിശ്വാസം,Lasting confidence
الثَّمَنُ المعْقُولُ,ന്യായമായ തുക,ന്യായമായ തുക,Reasonable cost
الثَّرْوَةُ الكَبِيرَةُ,വലിയ സമ്പത്ത്,വലിയ സമ്പത്ത്,Great wealth
الثَّمَرَةُ המُمَيَّزَةُ,പ്രത്യേക ഫലം,പ്രത്യേക ഫലം,Special fruit
الثَّوْبُ הَثَقِيلُ,കട്ടിയുള്ള വസ്ത്രം,കട്ടിയുള്ള വസ്ത്രം,Heavy dress
الثَّقَافَةُ היَومِيَّةُ,ദിനചര്യ സംസ്കാരം,ദിനചര്യ സംസ്കാരം,Daily culture
الثَّلْجُ الرَّقِيقُ,നേർത്ത മഞ്ഞുപാളി,നേർത്ത മഞ്ഞുപാളി,Thin ice
الثِّقَةُ המَشْرُوطَةُ,വ്യവസ്ഥാപിത വിശ്വാസം,വ്യവസ്ഥാപിത വിശ്വാസം,Conditional trust
الثَّمَنُ הרَسْمِيُّ,ഔദ്യോഗിക വില,ഔദ്യോഗിക വില,Official price
الثَّرْوَةُ الضَخْمَةُ,വമ്പിച്ച സമ്പത്ത്,വമ്പിച്ച സമ്പത്ത്,Huge wealth
الثَّمَرَةُ المُمِتَازَةُ,മികച്ച ഫലം,മികച്ച ഫലം,Excellent fruit
الثَّوْبُ המُلَوَّنُ,നിറമുള്ള വസ്ത്രം,നിറമുള്ള വസ്ത്രം,Colored dress
الثَّقَافَةُ השَامِلَةُ,സമഗ്ര സംസ്കാരം,സമഗ്ര സംസ്കാരം,Comprehensive culture
الثَّلْجُ الجَبَلِيُّ,മലമുകളിലെ മഞ്ഞ്,മലമുകളിലെ മഞ്ഞ്,Mountain snow
الثِّقَةُ المُمُتَازَةُ,മികച്ച വിശ്വാസം,മികച്ച വിശ്വാസം,Excellent trust
الثَّمَنُ المَحَدَّدُ,നിശ്ചയിച്ച വില,നിശ്ചയിച്ച വില,Specified price
الثَّرْوَةُ המُسْتَدَامَةُ,സുസ്ഥിര സമ്പത്ത്,സുസ്ഥിര സമ്പത്ത്,Sustainable wealth
الثَّمَرَةُ האَكِيدَةُ,ഉറപ്പായ ഫലം,ഉറപ്പായ ഫലം,Sure result
الثَّوْبُ הבَسِيطُ,സാധാരണ വസ്ത്രം,സാധാരണ വസ്ത്രം,Simple dress
الثَّقَافَةُ البيئِيَّةُ,പരിസ്ഥിതി സംസ്കാരം,പരിസ്ഥിതി സംസ്കാരം,Environmental culture
الثَّلْجُ المائيُّ,വെള്ളമുള്ള ഐസ്,വെള്ളമുള്ള ഐസ്,Watery ice
الثِّقَةُ الشَّخْصِيَّةُ,വ്യക്തിഗത വിശ്വാസം,വ്യക്തിഗത വിശ്വാസം,Personal trust
الثَّمَنُ المعِيَارِيُّ,മാനദണ്ഡ വില,മാനദണ്ഡ വില,Standard price
الثَّرْوَةُ האَسَاسِيَّةُ,അടിസ്ഥാന സമ്പത്ത്,അടിസ്ഥാന സമ്പത്ത്,Basic wealth
الثَّمَرَةُ الوَاضِحَةُ,വ്യക്തമായ ഫലം,വ്യക്തമായ ഫലം,Clear fruit / Result
الثَّوْبُ המُمَاثِلُ,സമാനമായ വസ്ത്രം,സമാനമായ വസ്ത്രം,Similar dress
الثَّقَافَةُ ההُمَامَةُ,പ്രധാന സംസ്കാരം,പ്രധാന സംസ്കാരം,Important culture
الثَّلْجُ התَجَارِيُّ,വാണിജ്യ ഐസ്,വാണിജ്യ ഐസ്,Commercial ice
الثِّقَةُ הרُوحِيَّةُ,ആത്മീയ വിശ്വാസം,ആത്മീയ വിശ്വാസം,Spiritual confidence
الثَّمَنُ התَنَافُسِيُّ,മത്സരാധിഷ്ഠിത വില,മത്സരാധിഷ്ഠിത വില,Competitive price
الثَّرْوَةُ الهَائِلَةُ,അപാരമായ സമ്പത്ത്,അപാരമായ സമ്പത്ത്,Enormous wealth
الثَّمَرَةُ المُسْتَقْبَلِيَّةُ,ഭാവി ഫലം,ഭാവി ഫലം,Future fruit / Result
الثَّوْبُ المُطَرَّزُ,തുന്നൽ പണിയുള്ള വസ്ത്രം,തുന്നൽ പണിയുള്ള വസ്ത്രം,Embroidered dress
الثَّقَافَةُ المُﺘَﻜَﺎﻣِﻠَﺔُ,സംയോജിത സംസ്കാരം,സംയോജിത സംസ്കാരം,Integrated culture
الثَّلْجُ الصَّبَاحِيُّ,രാവിലത്തെ മഞ്ഞ്,രാവിലത്തെ മഞ്ഞ്,Morning snow
الثِّقَةُ الكَبِيرَةُ,വലിയ വിശ്വാസം,വലിയ വിശ്വാസം,Great trust
الثَّمَنُ الأَصْلِيُّ,അസൽ വില,അസൽ വില,Original price
الثَّرْوَةُ المَوْرُوثَةُ,പാരമ്പര്യ സമ്പത്ത്,പാരമ്പര്യ സമ്പത്ത്,Inherited wealth
الثَّمَرَةُ القَيِّمَةُ,വിലപ്പെട്ട ഫലം,വിലപ്പെട്ട ഫലം,Valuable result
الثَّوْبُ الجَمِيلُ,മനോഹരമായ വസ്ത്രം,മനോഹരമായ വസ്ത്രം,Beautiful dress
الثَّقَافَةُ المُمَيَّزَةُ,പ്രത്യേക സംസ്കാരം,പ്രത്യേക സംസ്കാരം,Special culture
الثَّلْجُ اللَّيْلِيُّ,രാത്രിയിലെ മഞ്ഞ്,രാത്രിയിലെ മഞ്ഞ്,Night snow
الثِّقَةُ المُتَزَايِدَةُ,വർദ്ധിച്ചുവരുന്ന വിശ്വാസം,വർദ്ധിച്ചുവരുന്ന വിശ്വാസം,Growing confidence
الثَّمَنُ המُنَاسِبُ لِلْجَمِيعِ,എല്ലാവർക്കും അനുയോജ്യമായ വില,എല്ലാവർക്കും അനുയോജ്യമായ വില,Affordable price for all
الثَّرْوَةُ האَسَاسِيَّةُ لِلْبَلاَدِ,രാജ്യത്തിന്റെ പ്രധാന സമ്പത്ത്,രാജ്യത്തിന്റെ പ്രധാന സമ്പത്ത്,Nation's primary wealth
الثَّمَرَةُ האَخِيرَةُ,അവസാന ഫലം,അവസാന ഫലം,Final fruit / Outcome
الثَّوْبُ المُنَاسِبُ لِلْحَفْلِ,പാർട്ടി വസ്ത്രം,പാർട്ടി വസ്ത്രം,Party dress
الثَّقَافَةُ الأَصِيلَةُ,യഥാർത്ഥ സംസ്കാരം,യഥാർത്ഥ സംസ്കാരം,Authentic culture
الثَّلْجُ البَارِدُ,തണുത്ത മഞ്ഞ്,തണുത്ത മഞ്ഞ്,Cold snow / Ice
الثِّقَةُ التَّامَّةُ,പൂർണ്ണ വിശ്വാസം,പൂർണ്ണ വിശ്വാസം,Full trust
الثَّمَنُ המَقْبُولُ جدًّا,വളരെ സ്വീകാര്യമായ വില,വളരെ സ്വീകാര്യമായ വില,Highly acceptable price
الثَّرْوَةُ الحَقِيقِيَّةُ,യഥാർത്ഥ സമ്പത്ത്,യഥാർത്ഥ സമ്പത്ത്,True wealth
الثَّمَرَةُ المُمْتَازَةُ لِلْعَمَلِ,മികച്ച പ്രവൃത്തി ഫലം,മികച്ച പ്രവൃത്തി ഫലം,Excellent work result
الثَّوْبُ النَّاعِمُ,മൃദുവായ വസ്ത്രം,മൃദുവായ വസ്ത്രം,Soft dress
الثَّقَافَةُ المُنَفَتِحَةُ,തുറന്ന സംസ്കാരം,തുറന്ന സംസ്കാരം,Open culture
الثَّلْجُ المُتَرَاكِمُ,കൂടിക്കിടക്കുന്ന മഞ്ഞ്,കൂടിക്കിടക്കുന്ന മഞ്ഞ്,Accumulated snow
الثِّقَةُ المُﺘَﺒَﺎدَلَةُ بَيْنَ الطَّرَفَيْنِ,ഇരുപക്ഷവും തമ്മിലുള്ള പരസ്പരവിശ്വാസം,ഇരുപക്ഷവും തമ്മിലുള്ള പരസ്പരവിശ്വാസം,Mutual trust between both sides
الثَّمَنُ المُخَفَّضُ كَثِيراً,വളരെ കുറഞ്ഞ വില,വളരെ കുറഞ്ഞ വില,Highly discounted price
الثَّرْوَةُ العَظِيمَةُ لِلأُمَّةِ,രാഷ്ട്രത്തിന്റെ വലിയ സമ്പത്ത്,രാഷ്ട്രത്തിന്റെ വലിയ സമ്പത്ത്,Nation's great wealth
الثَّمَرَةُ המُرْضِيَةُ,തൃപ്തികരമായ ഫലം,തൃപ്തികരമായ ഫലം,Satisfactory result
الثَّوْبُ الدافِئُ,ചൂടുള്ള വസ്ത്രം,ചൂടുള്ള വസ്ത്രം,Warm dress
الثَّقَافَةُ المُمْتَازَةُ,മികച്ച സംസ്കാരം,മികച്ച സംസ്കാരം,Excellent culture
الثَّلْجُ الصَّافِي جِدًّا,വളരെ വ്യക്തമായ ഐസ്,വളരെ വ്യക്തമായ ഐസ്,Very clear ice
الثِّقَةُ القَوِيَّةُ جِدًّا,വളരെ ശക്തമായ വിശ്വാസം,വളരെ ശക്തമായ വിശ്വാസം,Very strong confidence
الثَّمَنُ المُنَاسِبُ لِلشِّرَاءِ,വാങ്ങാൻ അനുയോജ്യമായ വില,വാങ്ങാൻ അനുയോജ്യമായ വില,Best price to buy
الثَّرْوَةُ המُتَجَدِّدَةُ,പുനരുൽപ്പാദിപ്പിക്കാവുന്ന സമ്പത്ത്,പുനരുൽപ്പാദിപ്പിക്കാവുന്ന സമ്പത്ത്,Renewable wealth
الثَّمَرَةُ الإِيجَابِيَّةُ لِلْجُهْدِ,ശ്രമത്തിന്റെ അനുകൂല ഫലം,ശ്രമത്തിന്റെ അനുകൂല ഫലം,Positive result of effort
الثَّوْبُ المُتَنَاسِقُ,ഇണങ്ങുന്ന വസ്ത്രം,ഇണങ്ങുന്ന വസ്ത്രം,Matching dress
الثَّقَافَةُ الرَّائِعَةُ,അത്ഭുതകരമായ സംസ്കാരം,അത്ഭുതകരമായ സംസ്കാരം,Wonderful culture
الثَّلْجُ النَّاصِعُ,വെളുത്ത മഞ്ഞ്,വെളുത്ത മഞ്ഞ്,Pure white snow
الثِّقَةُ المُطْلَقَةُ فِي العَمَلِ,ജോലിയിലെ പൂർണ്ണ വിശ്വാസം,ജോലിയിലെ പൂർണ്ണ വിശ്വാസം,Absolute trust in work
الثَّمَنُ המُنَاسِبُ لِلْجَمِيعِ,എല്ലാവർക്കും താങ്ങാവുന്ന തുക,എല്ലാവർക്കും താങ്ങാവുന്ന തുക,Affordable cost for all
الثَّرْوَةُ الفِكْرِيَّةُ العَالِيَةُ,ഉയർന്ന ബൗദ്ധിക സമ്പത്ത്,ഉയർന്ന ബൗദ്ധിക സമ്പത്ത്,High intellectual wealth
الثَّمَرَةُ المُمْتَازَةُ لِلتَّدْرِيبِ,പരിശീലനത്തിന്റെ മികച്ച ഫലം,പരിശീലനത്തിന്റെ മികച്ച ഫലം,Excellent result of training
الثَّوْبُ המُمَيَّزُ جِدًّا,വളരെ പ്രത്യേകതയുള്ള വസ്ത്രം,വളരെ പ്രത്യേകതയുള്ള വസ്ത്രം,Very distinct dress
الثَّقَافَةُ المَحَلِّيَّةُ الأَصِيلَةُ,യഥാർത്ഥ പ്രാദേശിക സംസ്കാരം,യഥാർത്ഥ പ്രാദേശിക സംസ്കാരം,Authentic local culture
الثَّلْجُ الخَفِيفُ الصَّبَاحِيُّ,രാവിലത്തെ നേർത്ത മഞ്ഞ്,രാവിലത്തെ നേർത്ത മഞ്ഞ്,Light morning snow
الثِّقَةُ الكَبِيرَةُ بَيْنَ الأَصْدِقَاءِ,കൂട്ടുകാർക്കിടയിലെ വലിയ വിശ്വാസം,കൂട്ടുകാർക്കിടയിലെ വലിയ വിശ്വാസം,Great trust among friends
الثَّمَنُ المُخَفَّضُ لِلْمُنْتَجِ,ഉൽപ്പന്നത്തിന്റെ ഇളവ് ചെയ്ത വില,ഉൽപ്പന്നത്തിന്റെ ഇളവ് ചെയ്ത വില,Discounted product price
الثَّرْوَةُ الطَّبِيعِيَّةُ لِلْبَلاَدِ,രാജ്യത്തിന്റെ പ്രകൃതിസമ്പത്ത്,രാജ്യത്തിന്റെ പ്രകൃതിസമ്പത്ത്,Country's natural wealth
الثَّمَرَةُ המُرْضِيَةُ لِلْجَمِيعِ,എല്ലാവർക്കും തൃപ്തികരമായ ഫലം,എല്ലാവർക്കും തൃപ്തികരമായ ഫലം,Satisfactory result for all
الثَّوْبُ האَنِيقُ جِدًّا,വളരെ മനോഹരമായ വസ്ത്രം,വളരെ മനോഹരമായ വസ്ത്രം,Very elegant dress
الثَّقَافَةُ المَكْتُوبَةُ القَدِيمَةُ,പുരാതന എഴുതപ്പെട്ട സംസ്കാരം,പുരാതന എഴുതപ്പെട്ട സംസ്കാരം,Ancient written culture
الثَّلْجُ المَذَابُ بِسُرْعَةٍ,വേഗത്തിൽ ഉരുകുന്ന മഞ്ഞ്,വേഗത്തിൽ ഉരുകുന്ന മഞ്ഞ്,Quickly melting ice
الثِّقَةُ المُمُتَازَةُ فِي الفَرِيقِ,ടീമിലുള്ള മികച്ച വിശ്വാസം,ടീമിലുള്ള മികച്ച വിശ്വാസം,Excellent trust in team
الثَّمَنُ المَعْقُولُ لِلْخِدْمَةِ,സേവനത്തിന്റെ ന്യായമായ തുക,സേവനത്തിന്റെ ന്യായമായ തുക,Reasonable service price
الثَّرْوَةُ المَالِيَّةُ الكَبِيرَةُ,വലിയ സാമ്പത്തിക സമ്പത്ത്,വലിയ സാമ്പത്തിക സമ്പത്ത്,Great financial wealth
الثَّمَرَةُ العَظِيمَةُ لِلصَّبْرِ,ക്ഷമയുടെ വലിയ ഫലം,ക്ഷമയുടെ വലിയ ഫലം,Great fruit of patience
الثَّوْبُ الرَّسْمِيُّ المُمَيَّزُ,പ്രത്യേക ഔദ്യോഗിക വസ്ത്രം,പ്രത്യേക ഔദ്യോഗിക വസ്ത്രം,Distinct official dress
الثَّقَافَةُ العَالَمِيَّةُ المُعَاصِرَةُ,ആധുനിക ആഗോള സംസ്കാരം,ആധുനിക ആഗോള സംസ്കാരം,Contemporary global culture
الثَّلْجُ الصَّلْبُ جِدًّا,വളരെ കട്ടിയുള്ള ഐസ്,വളരെ കട്ടിയുള്ള ഐസ്,Very hard ice
الثِّقَةُ العَالِيَةُ بِالنَّفْسِ,ഉയർന്ന ആത്മവിശ്വാസം,ഉയർന്ന ആത്മവിശ്വാസം,High self-confidence
الثَّمَنُ المَقْبُولُ لِلْجَمِيعِ,എല്ലാവർക്കും സ്വീകാര്യമായ വില,എല്ലാവർക്കും സ്വീകാര്യമായ വില,Acceptable price for all
الثَّرْوَةُ הבَشَرِيَّةُ الهَائِلَةُ,അപാരമായ മനുഷ്യസമ്പത്ത്,അപാരമായ മനുഷ്യസമ്പത്ത്,Enormous human wealth
الثَّمَرَةُ المُنَاسِبَةُ لِلْعَمَلِ,ജോലിക്ക് അനുയോജ്യമായ ഫലം,ജോലിക്ക് അനുയോജ്യമായ ഫലം,Suitable work result
الثَّوْبُ הَجَدِيدُ المُمَتاَزُ,മികച്ച പുതിയ വസ്ത്രം,മികച്ച പുതിയ വസ്ത്രം,Excellent new dress
الثَّقَافَةُ השَّعْبِيَّةُ الأَصِيلَةُ,യഥാർത്ഥ ജനകീയ സംസ്കാരം,യഥാർത്ഥ ജനകീയ സംസ്കാരം,Authentic popular culture
الثَّلْجُ المُنْهَارُ كَثِيراً,വലിയ ഹിമപാതം,വലിയ ഹിമപാതം,Massive avalanche
الثِّقَةُ المَتِينَةُ فِي العَلاَقَةِ,ബന്ധത്തിലെ ഉറച്ച വിശ്വാസം,ബന്ധത്തിലെ ഉറച്ച വിശ്വാസം,Solid trust in relationship
الثَّمَنُ הנَّهَائِيُّ لِلْمُنْتَجِ,ഉൽപ്പന്നത്തിന്റെ അവസാന വില,ഉൽപ്പന്നത്തിന്റെ അവസാന വില,Final product price
الثَّرْوَةُ החَقِيقِيَّةُ لِلإِنْسَانِ,മനുഷ്യന്റെ യഥാർത്ഥ സമ്പത്ത്,മനുഷ്യന്റെ യഥാർത്ഥ സമ്പത്ത്,Human's true wealth
الثَّمَرَةُ האَكِيدَةُ لِلنَّجَاحِ,വിജയത്തിന്റെ ഉറപ്പായ ഫലം,വിജയത്തിന്റെ ഉറപ്പായ ഫലം,Sure fruit of success
الثَّوْبُ المُطَرَّزُ الجَمِيلُ,മനോഹരമായ തുന്നൽ വസ്ത്രം,മനോഹരമായ തുന്നൽ വസ്ത്രം,Beautiful embroidered dress
الثَّقَافَةُ الشَّامِلَةُ لِلْمُجْتَمَعِ,സമൂഹത്തിന്റെ സമഗ്ര സംസ്കാരം,സമൂഹത്തിന്റെ സമഗ്ര സംസ്കാരം,Society's comprehensive culture
الثَّلْجُ الجَبَلِيُّ الصَّافِي,മലമുകളിലെ തെളിഞ്ഞ മഞ്ഞ്,മലമുകളിലെ തെളിഞ്ഞ മഞ്ഞ്,Clear mountain snow
الثِّقَةُ التَّامَّةُ فِي القِيَادَةِ,നേതൃത്വത്തിലുള്ള പൂർണ്ണ വിശ്വാസം,നേതൃത്വത്തിലുള്ള പൂർണ്ണ വിശ്വാസം,Full trust in leadership
الثَّمَنُ המُنَاسِبُ لِلشَّرَاءِ الآنَ,ഇപ്പോൾ വാങ്ങാൻ അനുയോജ്യമായ വില,ഇപ്പോൾ വാങ്ങാൻ അനുയോജ്യമായ വില,Best price to buy now
الثَّرْوَةُ המُسْتَدَامَةُ لِلأَجْيَالِ,തലമുറകൾക്കുള്ള സുസ്ഥിര സമ്പത്ത്,തലമുറകൾക്കുള്ള സുസ്ഥിര സമ്പത്ത്,Sustainable wealth for generations
الثَّمَرَةُ المُمِتَازَةُ لِلشَّرِكَةِ,കമ്പനിയുടെ മികച്ച ഫലം,കമ്പനിയുടെ മികച്ച ഫലം,Company's excellent result
الثَّوْبُ הבَسِيطُ الأَنِيقُ,സാധാരണ മനോഹരമായ വസ്ത്രം,സാധാരണ മനോഹരമായ വസ്ത്രം,Simple elegant dress
الثَّقَافَةُ הביئِيَّةُ المُمُتَازَةُ,മികച്ച പരിസ്ഥിതി സംസ്കാരം,മികച്ച പരിസ്ഥിതി സംസ്കാരം,Excellent environmental culture
الثَّلْجُ الكَثِيفُ فِي الشِّتَاءِ,ശൈത്യകാലത്തെ കട്ടിയുള്ള മഞ്ഞ്,ശൈത്യകാലത്തെ കട്ടിയുള്ള മഞ്ഞ്,Dense winter snow
الثِّقَةُ השَّخْصِيَّةُ العَالِيَةُ,ഉയർന്ന വ്യക്തിഗത വിശ്വാസം,ഉയർന്ന വ്യക്തിഗത വിശ്വാസം,High personal trust
الثَّمَنُ المَعْقُولُ لِلْكُلِّ,എല്ലാവർക്കും ന്യായമായ വില,എല്ലാവർക്കും ന്യായമായ വില,Reasonable price for all
الثَّرْوَةُ העَظِيمَةُ لِلشَّعْبِ,ജനങ്ങളുടെ വലിയ സമ്പത്ത്,ജനങ്ങളുടെ വലിയ സമ്പത്ത്,People's great wealth
الثَّمَرَةُ הУَالِيَةُ لِلْجُهْدِ,ശ്രമത്തിന്റെ ഉയർന്ന ഫലം,ശ്രമത്തിന്റെ ഉയർന്ന ഫലം,High result of effort
الثَّوْبُ المُمَازُ لِلْحَفْلَةِ,പാർട്ടിക്കുള്ള മികച്ച വസ്ത്രം,പാർട്ടിക്കുള്ള മികച്ച വസ്ത്രം,Excellent party dress
الثَّقَافَةُ ההُمَامَةُ لِلْجِيلِ,തലമുറയ്ക്കുള്ള പ്രധാന സംസ്കാരം,തലമുറയ്ക്കുള്ള പ്രധാന സംസ്കാരം,Important culture for generation
الثَّلْجُ التَّجَارِيُّ النَّقِيُّ,ശുദ്ധമായ വാണിജ്യ ഐസ്,ശുദ്ധമായ വാണിജ്യ ഐസ്,Pure commercial ice
الثِّقَةُ الرُّوحِيَّةُ القَوِيَّةُ,ശക്തമായ ആത്മീയ വിശ്വാസം,ശക്തമായ ആത്മീയ വിശ്വാസം,Strong spiritual confidence
الثَّمَنُ التَّنَافُسِيُّ لِلسُّوقِ,മാർക്കറ്റിലെ മത്സര വില,മാർക്കറ്റിലെ മത്സര വില,Market competitive price
الثَّرْوَةُ الهَائِلَةُ لِلْمَمْلَكَةِ,രാജ്യത്തിന്റെ അപാരമായ സമ്പത്ത്,രാജ്യത്തിന്റെ അപാരമായ സമ്പത്ത്,Kingdom's enormous wealth
الثَّمَرَةُ المُسْتَقْبَلِيَّةُ لِلْمَشْرُوعِ,പ്രോജക്ടിന്റെ ഭാവി ഫലം,പ്രോജക്ടിന്റെ ഭാവി ഫലം,Project's future result
الثَّوْبُ المُطَرَّزُ הפَاخِرُ,വിലകൂടിയ തുന്നൽ വസ്ത്രം,വിലകൂടിയ തുന്നൽ വസ്ത്രം,Luxury embroidered dress
الثَّقَافَةُ المُتَكَامِلَةُ لِلأُمَّةِ,രാഷ്ട്രത്തിന്റെ സംയോജിത സംസ്കാരം,രാഷ്ട്രത്തിന്റെ സംയോജിത സംസ്കാരം,Nation's integrated culture
الثَّلْجُ الصَّبَاحِيُّ الخَفِيفُ,രാവിലത്തെ നേർത്ത മഞ്ഞ്,രാവിലത്തെ നേർത്ത മഞ്ഞ്,Light morning snow
الثِّقَةُ الكَبِيرَةُ فِي العَمَلِ,ജോലിയിലുള്ള വലിയ വിശ്വാസം,ജോലിയിലുള്ള വലിയ വിശ്വാസം,Great trust in work
الثَّمَنُ الأَصْلِيُّ لِلْمُنْتَجِ,ഉൽപ്പന്നത്തിന്റെ അസൽ വില,ഉൽപ്പന്നത്തിന്റെ അസൽ വില,Product's original price
الثَّرْوَةُ المَوْرُوثَةُ مِنَ الأَجْدَادِ,മുത്തശ്ശിമാരിൽ നിന്ന് ലഭിച്ച പാരമ്പര്യ സമ്പത്ത്,മുത്തശ്ശിമാരിൽ നിന്ന് ലഭിച്ച പാരമ്പര്യ സമ്പത്ത്,Wealth inherited from ancestors
الثَّمَرَةُ القَيِّمَةُ لِلْعِلْمِ,അറിവിന്റെ വിലപ്പെട്ട ഫലം,അറിവിന്റെ വിലപ്പെട്ട ഫലം,Valuable result of knowledge
الثَّوْبُ الجَمِيلُ جِدًّا,വളരെ മനോഹരമായ വസ്ത്രം,വളരെ മനോഹരമായ വസ്ത്രം,Very beautiful dress
الثَّقَافَةُ المُمَيَّزَةُ لِلْمُجْتَمَعِ,സമൂഹത്തിന്റെ പ്രത്യേക സംസ്കാരം,സമൂഹത്തിന്റെ പ്രത്യേക സംസ്കാരം,Society's special culture
الثَّلْجُ اللَّيْلِيُّ الكَثِيفُ,രാത്രിയിലെ കട്ടിയുള്ള മഞ്ഞ്,രാത്രിയിലെ കട്ടിയുള്ള മഞ്ഞ്,Dense night snow
الثِّقَةُ المُتَزَايِدَةُ بَيْنَنَا,നമുക്കിടയിൽ വർദ്ധിച്ചുവരുന്ന വിശ്വാസം,നമുക്കിടയിൽ വർദ്ധിച്ചുവരുന്ന വിശ്വാസം,Growing confidence between us
Forest wealth,ثَرْوَةٌ غَابِيَّة,ثروة غابية,വനസമ്പത്ത്
Pittance / Low price,ثَمَنٌ خَبَخ,ثمن خبخ,തുച്ഛമായ വില
Exorbitant price,ثَمَنٌ بَاهِظ,ثمن باهظ,വളരെ ഉയർന്ന വില
Fair price,ثَمَنٌ عَادِل,ثمن عادل,ന്യായമായ വില
Reasonable price,ثَمَنٌ مُنَاسِب,ثمن مناسب,അനുയോജ്യമായ വില
To collect / gather,جَمَعَ,جمع,ശേഖരിച്ചു / ഒരുമിച്ചുകൂട്ടി
To sit,جَلَسَ,جلس,ഇരുന്നു
To run / flow,جَرَى,جري,ഓടി / ഒഴുകി
To come / arrive,جَاءَ,جاء,വന്നു
To make / cause,جَعَلَ,جعل,ആക്കി / ഉണ്ടാക്കി
To strive / struggle,جَاهَدَ,جاهد,ശ്രമിച്ചു / പോരാടി
To argue / debate,جَادَلَ,جادل,തർക്കിച്ചു
To answer / reply,جَاوبَ,جاوب,മറുപടി നൽകി
To test / try / experiment,جَرَّبَ,جرب,പരീക്ഷിച്ചു / പരീക്ഷിച്ചുനോക്കി
To prepare / equip,جَهَّزَ,جهز,തയ്യാറാക്കി
To renew / renovate,جَدَّدَ,جدد,പുതുക്കി
To embody / represent,جَسَّدَ,جسد,മൂർത്തിമദ്ഭവിപ്പിച്ചു
To beautify / decorate,جَمَّلَ,جمل,അലങ്കരിച്ചു / ഭംഗിയാക്കി
To freeze / solidify,جَمُدَ,جمد,തണുത്തുറഞ്ഞു
To dry / dry up,جَفَّ,جف,ഉണങ്ങി
To dry / dehydrate,جَفَّفَ,جفف,ഉണക്കി
To attract / pull,جَذَبَ,جذب,ആകർഷിച്ചു / വലിച്ചു
To wound / injure,جَرَحَ,جرح,പരുക്കേൽപ്പിച്ചു
To pull / drag,جَرَّ,جر,വലിച്ചിഴച്ചു
To reward / punish,جَازَى,جازي,പ്രതിഫലം നൽകി / ശിക്ഷിച്ചു
To be ignorant,جَهِلَ,جهل,അജ്ഞനായി ഇരുന്നു
To ignore,جَهَلَ,جهل,അവഗണിച്ചു
To speak aloud / declare,جَهَرَ,جهر,ഉച്ചത്തിൽ പറഞ്ഞു / പരസ്യമാക്കി
To force / compel / restore,جَبَرَ,جبر,നിർബന്ധിച്ചു / കൂട്ടിച്ചേർത്തു
To be cowardly,جَبُنَ,جبن,ഭീരുവായി
To tour / roam,جَوَّلَ,جول,സഞ്ചരിച്ചു / ചുറ്റിസഞ്ചരിച്ചു
To be permissible / pass,جَازَ,جاز,അനുവദനീയമായി / കടന്നുപോയി
To be hungry,جَاعَ,جاع,വിശന്നു
To be generous / excel,جَادَ,جاد,ഉദാരമനസ്കനായി / മികച്ചുനിന്നു
To traverse / explore,جَابَ,جاب,ചുറ്റിക്കണ്ടു / സഞ്ചരിച്ചു
To roam / wander,جَالَ,جال,ചുറ്റിനടന്നു
To avoid / side with,جَانَبَ,جانب,ഒഴിവാക്കി
To neighbor / be adjacent,جَاوَرَ,جاور,അയൽപക്കത്തായിരിന്നു
To exceed / surpass,جَاوَزَ,جاوز,മറികടന്നു / അതിക്രമിച്ചു
To risk / gamble,جَازَفَ,جازف,സാഹസം ചെയ്തു / അപകടസാധ്യത എടുത്തു
To unite with / copulate,جَامَعَ,جامع,ഒരുമിച്ചു ചേർന്നു
To be impatient,جَازَعَ,جازع,ക്ഷമകെട്ടു
To sit with / keep company,جَالَسَ,جالس,കൂടെയിരുന്നു
To flatter / be polite,جَامَلَ,جامل,പുകഴ്ത്തി / മര്യാദ കാണിച്ചു
To confront / face,جَابَهَ,جابه,നേരിട്ടു
To strip / bare / abstract,جَرَّدَ,جرد,ഒഴിവാക്കി / നഗ്നമാക്കി
To criminalize / incriminate,جَرَّمَ,جرم,കുറ്റകരമാക്കി
To ring / chime,جَرَسَ,جرس,മണി മുഴക്കി
To wash away / sweep,جَرَّفَ,جرف,ഒഴുക്കിക്കൊണ്ടുപോയി
To swallow / gulp,جَرَعَ,جرع,വിഴുങ്ങി
To make gulp / administer,جَرَّعَ,جرع,കുടിപ്പിച്ചു / വിഴുങ്ങിച്ചു
To panic / fret,جَزَعَ,جزع,പരിഭ്രാന്തനായി
To decide / assert firmly,جَزَمَ,جزم,തീരുമാനിച്ചു / ഉറപ്പിച്ചു പറഞ്ഞു
To divide / parse,جَزَّأَ,جزا,ഭാഗിച്ചു / വിഭജിച്ചു
To shear / cut,جَزَّ,جز,രരോമം കത്രിച്ഛു / വെട്ടി
To feel / palpate / probe,جَسَّ,جس,തൊട്ടുനോക്കി / പരിശോധിച്ചു
To spy / inspect,جَسَّسَ,جسس,ചാരപ്പണി നടത്തി
To be daring / brave,جَسُرَ,جسر,ധൈര്യപ്പെട്ടു
To curl / crinkle,جَعَّدَ,جعد,ചുളിച്ചു / ചുരുട്ടി
To fetch / bring / attract,جَلَبَ,جلب,കൊണ്ടുവന്നു / ആകർഷിച്ചു
To whip / flog,جَلَدَ,جلد,ചാട്ടവാറുകൊണ്ട് അടിച്ചു
To be patient / enduring,جَلُدَ,جلد,ക്ഷമ പാലിച്ചു
To cover / wrap,جَلَّلَ,جلل,മൂടി / പൊതിഞ്ഞു
To clarify / polish / reveal,جَلَى,جلي,വ്യക്തമാക്കി / തിളക്കി
To bolt / run wild,جَمَحَ,جمح,കൈവിട്ടുപോയി / കുതിച്ചുപായുന്നു
To freeze / chill,جَمَّدَ,جمد,മരവിപ്പിച്ചു / തണുപ്പിച്ചു
To add / accumulate,جَمَعَ,جمع,കൂട്ടിച്ചേർത്തു
To be handsome / good,جَمُلاَ,جملا,ഭംഗിയുള്ളതായി
To harvest / reap,جَنَى,جني,വിളവെടുത്തു / ശേഖരിച്ചു
To drive mad / cover,جَنَّ,جن,ഭ്രാന്ത് പിടിപ്പിച്ചു / മൂടി
To ward off / shield,جَنَّبَ,جنب,തടഞ്ഞു നിർത്തി / മാറ്റി നിർത്തി
To recruit / draft,جَنَّدَ,جند,സൈന്യത്തിൽ ചേർത്തു
To classify / assimilate,جَنَسَ,جنس,വർഗ്ഗീകരിച്ചു
To finish off / dispatch,جَهَزَ,جهز,അവസാനിപ്പിച്ചു
To sob / burst into tears,جَهَشَ,جهش,വിങ്ങിപ്പൊട്ടി
To look sternly / frown,جَهَّمَ,جهم,മുഖം കനപ്പിച്ചു
To comfort / appease,جَابَرَ,جابر,ആശ്വസിപ്പിച്ചു
To act unjustly / oppress,جَارَ,جار,അക്രമം കാണിച്ചു
To keep pace with / simulate,جَارَى,جاري,ഒപ്പം മുന്നേറി / അനുകരിച്ചു
To dispute / contest,جَادَلَ,جادل,തർക്കത്തിൽ ഏർപ്പെട്ടു
To offer / display,جَارَضَ,جارض,കാഴ്ചവെച്ചു
To snub / keep away,جَافَى,جافي,അകന്നുനിന്നു
To sever / cut off,جَذَّ,جذ,മുറിച്ചുമാറ്റി
To uproot / take root,جَذَرَ,جذر,വേരോടി
To establish deeply,جَذَّرَ,جذر,ആഴത്തിൽ ഉറപ്പിച്ചു
To commit a crime,جَرُمَ,جرم,കുറ്റം ചെയ്തു
To dare / venture,جَرُؤَ,جرو,ധൈര്യപ്പെട്ടു
To repay / compensate,جَزَى,جزي,പ്രതിഫലം നൽകി
To slaughter / butcher,جَزَّرَ,جزر,അറുത്തു / വെട്ടി
To clothe / robe,جَلَبَبَ,جلبب,വസ്ത്രം ധരിപ്പിച്ചു
To clear up / evict,جَلَّى,جلي,വ്യക്തമാക്കി / ഒഴിപ്പിച്ചു
To assemble / gather together,جَمَّعَ,جمع,ഒരുമിച്ചുകൂട്ടി
To mobilize / crowd,جَمْهَرَ,جمهر,ജനങ്ങളെ സംഘടിപ്പിച്ചു
To lean / incline / stray,جَنَحَ,جنح,ചരിഞ്ഞു / വഴിതെറ്റി
To fit out / ready,جَهَزَ,جهز,സജ്ജമാക്കി
To improve / optimize,جَوَّدَ,جود,മെച്ചപ്പെടുത്തി
To permit / pass,جَوَّزَ,جوز,അനുവാദം നൽകി
To starve / deprive of food,جَوَّعَ,جوع,പട്ടിണിക്കിട്ടു
To become dry,جَافَّ,جاف,ഉണങ്ങിപ്പോയി
To deny stubbornly,جَاحَدَ,جاحد,വാശിയോടെ നിഷേധിച്ചു
To contend for / pull gently,جَاذَبَ,جاذب,വലിപ്പിച്ചു / തർക്കിച്ചു
To sweep away,جَارَفَ,جارف,അടിച്ചുവാരിപ്പോയി
To penalize / sentence,جَازَءَ,جازء,ശിക്ഷിച്ചു
To curl hair,جَاعَدَ,جاعد,മുടി ചുരുട്ടി
To dry up thoroughly,جَافَفَ,جافف,പൂർണ്ണമായി ഉണക്കി
To compete / clamor,جَالَبَ,جالب,മത്സരിച്ചു
To duel / fight with swords,جَالَدَ,جالد,വാളുകൊണ്ട് പോരാടി
To exile / deport,جَالَى,جالي,നാടുകടത്തി
To combine / merge,جَامَعَ,جامع,ലയിപ്പിച്ചു
To freeze solid,جَامَدَ,جامد,കട്ടിയാക്കി
To homogenize / match,جَانَسَ,جانس,സമാനമാക്കി
To manifest / make public,جَاهَرَ,جاهر,പരസ്യമായി പ്രഖ്യാപിച്ചു
To finalize deal,جَاهَزَ,جاهز,കരാർ ഉറപ്പിച്ചു
To overlook / pardon,جَاوَزَ,جاوز,മാപ്പുനൽകി / വിട്ടുനൽകി
To co-exist generationally,جَايَلَ,جايل,തലമുറകളായി ജീവിച്ചു
To pull forcefully,جَبَذَ,جبذ,ശക്തിയായി വലിച്ചു
To force upon,جَبَّارَ,جبار,അടിച്ചേൽപ്പിച്ചു
To hit forehead / confront,جَبِهَ,جبه,നെറ്റിയിൽ അടിച്ചു / നേരിട്ടു
To crouch / kneel,جَثَمَ,جثم,കുനിഞ്ഞിരുന്നു / മുട്ടുകുത്തി
To kneel down,جَثَا,جثا,മുട്ടുകുത്തി ഇരുന്നു
To deny / disbelieve,جَحَدَ,جحد,നിഷേധിച്ചു
To retreat into hole,جَحَرَ,جحر,പൊന്തിൽ ഒളിച്ചു
To bulge eyes,جَحَظَ,جحظ,കണ്ണുകൾ തള്ളിപ്പൊന്തിച്ചു
To bury / entomb,جَدَثَ,جدث,മറവുചെയ്തു
To braid / weave,جَدَلَ,جدل,മെടഞ്ഞു / നെയ്തു
To suffer drought / be barren,جَدَبَ,جدب,വരൾച്ചയുണ്ടായി
To cut off nose / mutilate,جَدَعَ,جدع,മൂക്ക് മുറിച്ചു
To row / paddle boat,جَدَفَ,جدف,തുഴഞ്ഞു
To be serious / strive,جَدَّ,جد,ഗൗരവമായി എടുത്തു / അധ്വാനിച്ചു
To entice / lure,جَذَبَ,جذب,പ്രലോഭിപ്പിച്ചു
To amputate / cut off,جَذَمَ,جذم,മുറിച്ചു മാറ്റി
To erode / undermine,جَرُفَ,جرف,ഒലിച്ചുപോയി
To commit crime / fault,جَرَمَ,جرم,തെറ്റ് ചെയ്തു
To become bare / desolate,جَرُدَ,جرد,ശൂന്യമായി
To occur / take place,جَرَى,جري,സംഭവിച്ചു
To divide into sections,جَزَأَ,جزا,ഭാഗങ്ങളാക്കി
To ebb (tide) / slaughter,جَزَرَ,جزر,വറ്റാനിടയായി / അറുത്തു
To give copiously,جَزَلَ,جزل,ധാരാളമായി നൽകി
To materialize / embody,جَسَمَ,جسم,രൂപീകരിച്ചു
To be huge / massive,جَسُمَ,جسم,വലുതായി
To appoint / designate,جَعَلَ,جعل,നിയമിച്ചു
To tear up / uproot,جَعَفَ,جعف,പിഴുതെറിഞ്ഞു
To grind / polish metal,جَلَخَ,جلخ,മിനുക്കിയെടുത്തു
To take a seat,جَلَسَ,جلس,ആസനസ്ഥനായി
To clot (blood),جَلَطَ,جلط,രക്തം കട്ടപിടിച്ചു
To uncover / strip bare,جَلَعَ,جلع,തുറന്നുകാട്ടി
To shear sheep,جَلَمَ,جلم,ആടിന്റെ രോമം വെട്ടി
To clarify situation,جَلَى,جلي,സാഹചര്യം വ്യക്തമാക്കി
To compile / summarize,جَمَعَ,جمع,സമാഹരിച്ചു
To sum up / aggregate,جَمَلَ,جمل,മൊത്തത്തിൽ കണക്കാക്കി
To banter / tease,جَمُشَ,جمش,തമാശ പറഞ്ഞു
To solidify liquid,جَمَّدَ,جمد,കട്ടിയാക്കി മാറ്റിയ
To make elegant,جَمَّلَ,جمل,മനോഹരമാക്കി
To gather crowds,جَمْهَرَ,جمهر,ആളുകളെ കൂട്ടി
To veer off course,جَنَحَ,جنح,വഴിമാറിപ്പോയി
To commit offense,جَنَى,جني,അപരാധം ചെയ്തു
To craze / madden,جَنَّنَ,جنن,ഭ്രാന്ത് പിടിപ്പിച്ചു
To prepare army,جَهَزَ,جهز,സൈന്യത്തെ സജ്ജമാക്കി
To be unaware of,جَهِلَ,جهل,അറിയാതെ പോയി
To pronounce loudly,جَهَرَ,جهر,ഉറക്കെ ഉച്ചരിച്ചു
To recite Quran skillfully,جَوَّدَ,جود,ഖുർആൻ നന്നായി ഓതി
To wander around town,جَوَّلَ,جول,പട്ടണത്തിൽ ചുറ്റിനടന്നു
To starve enemy,جَوَّعَ,جوع,ശത്രുവിനെ പട്ടിണിക്കിട്ടു
To mobilize military,جَيَّشَ,جيش,സൈന്യത്തെ അണിനിരത്തി
To endorse check / transfer,جَيَّرَ,جير,ചെക്ക് ഒപ്പിട്ടു നൽകി / കൈമാറി
To yield / bring about,جَاءَ,جاء,ഉണ്ടാക്കിത്തീർത്തു
To traverse countries,جَابَ,جاب,രാജ്യങ്ങളിൽ സഞ്ചരിച്ചു
To bestow gifts,جَادَ,جاد,സമ്മാനങ്ങൾ നൽകി
To trespass / encroach,جَارَ,جار,അതിക്രമിച്ചു കയറി
To pass exam / qualify,جَازَ,جاز,പരീക്ഷ ജയിച്ചു
To circulate / revolve,جَالَ,جال,കറങ്ങിനടന്നു
To mend broken bone,جَبَرَ,جبر,എല്ല് കൂട്ടിച്ചേർത്തു
To bow down / submit,جَثَا,جثا,വിധേയനായി കുനിഞ്ഞു
To disown / repudiate,جَحَدَ,جحد,തള്ളിപ്പറഞ്ഞു
To modernize / reform,جَدَّدَ,جدد,ആധുനികവൽക്കരിച്ചു
To charm / captivate,جَذَبَ,جذب,വശീകരിച്ചു
To test drive / sample,جَرَّبَ,جرب,രുചിച്ചു നോക്കി / ഓടിച്ചുനോക്കി
To disarm / strip rank,جَرَّدَ,جرد,ആയുധം എടുത്തുമാറ്റി
To make suffer,جَرَّعَ,جرع,സഹിപ്പിച്ചു
To grammar jussive state,جَزَمَ,جزم,വ്യാകരണപരമായ മാറ്റം വരുത്തി
To eavesdrop,جَسَّسَ,جسس,ഒളിഞ്ഞുനോക്കി / കേട്ടു
To wrinkle skin,جَعَّدَ,جعد,ചർമ്മം ചുളിച്ചു
To import goods,جَلَبَ,جلب,സാധനങ്ങൾ ഇറക്കുമതി ചെയ്തു
To honor / venerate,جَلَّلَ,جلل,ആദരിച്ചു
To freeze assets,جَمَّدَ,جمد,സ്വത്ത് മരവിപ്പിച്ചു
To collect stamps,جَمَّعَ,جمع,സ്റ്റാമ്പുകൾ ശേഖരിച്ചു
To steer clear of,جَنَّبَ,جنب,മാറിനിന്നു
To enlist troops,جَنَّدَ,جند,പടയാളികളെ നിയമിച്ചു
To package goods,جَهَّزَ,جهز,സാധനങ്ങൾ പാക്ക് ചെയ്തു
To certify / validate,جَوَّزَ,جوز,സാക്ഷ്യപ്പെടുത്തി
To compensate loss,جَزَى,جزي,നഷ്ടപരിഹാരം നൽകി
To adjoin / flank,جَاوَرَ,جاور,തൊട്ടുരുമ്മി നിന്നു
To debate fiercely,جَادَلَ,جادل,ശക്തമായി വാദിച്ചു
To attend meeting with,جَالَسَ,جالس,യോഗത്തിൽ പങ്കെടുത്തു
To resist / defy,جَابَهَ,جابه,പ്രതിരോധിച്ചു
To entrench deeply,جَذَّਰَ,جذਰ,ആഴത്തിൽ സ്ഥാപിച്ചു
To outlaw / ban,جَرَّمَ,جرم,നിരോധിച്ചു
To segment market,جَزَّأَ,جزا,വിപണി തിരിച്ചു
To encapsulate idea,جَسَّدَ,جسد,ആശയം ഉൾക്കൊണ്ടു
To polish text,جَمَّلَ,جمل,വാചകം ഭംഗിയാക്കി
To naturalize citizen,جَنَّسَ,جنس,പൗരത്വം നൽകി
To furnish room,جَهَّزَ,جهز,മുറി അലങ്കരിച്ചു / ക്രമീകരിച്ചു
To refine process,جَوَّدَ,جود,പ്രക്രിയ ശുദ്ധീകരിച്ചു
To rally supporters,جَيَّشَ,جيش,പിന്തുണക്കാരെ അണിനിരത്തി
To render impossible,جَعَلَ,جعل,അസാധ്യമാക്കി
To incur penalty,جَلَبَ,جلب,ശിക്ഷ വരുത്തിവെച്ചു
To combine forces,جَمَعَ,جمع,ശക്തികൾ ഏകോപിപ്പിച്ചു
To proceed smooth,جَرَى,جري,സുഗമമായി നടന്നു
To produce results,جَاءَ,جاء,ഫലം നൽകി
To strive for peace,جَاهَدَ,جاهد,സമാധാനത്തിനായി പോരാടി
To renew license,جَدَّدَ,جدد,ലൈസൻസ് പുതുക്കി
To cook meal,جَهَّزَ,جهز,ഭക്ഷണം ഒരുക്കി
To try new approach,جَرَّبَ,جرب,പുതിയ രീതി പരീക്ഷിച്ചു
To stall project,جَمَّدَ,جمد,പദ്ധതി നിർത്തിവെച്ചു
To edit image,جَمَّلَ,جمل,ചിത്രം മനോഹരമാക്കി
To alienate friend,جَافَى,جافي,കൂട്ടുകാരനെ അകറ്റി
To pull lever,جَذَبَ,جذب,ലിവർ വലിച്ചു
To hurt feelings,جَرَحَ,جرح,മനസ്സിനെ മുറിവേൽപ്പിച്ചു
To tow vehicle,جَرَّ,جر,വാഹനം വലിച്ചുകൊണ്ടുപോയി
To reward effort,جَازَى,جازي,ശ്രമത്തെ അഭിനന്ദിച്ചു
To miss point,جَهِلَ,جهل,കാര്യം മനസ്സിലാക്കാതിരുന്നു
To reveal secret,جَهَرَ,جهر,രഹസ്യം പരസ്യമാക്കി
To compensate damage,جَبَرَ,جبر,കേടുപാടുകൾ തീർത്തു
To travel world,جَوَّلَ,جول,ലോകം ചുറ്റിക്കണ്ടു
To fast / go hungry,جَاعَ,جاع,പട്ടിണി കിടന്നു
To rain heavily,جَادَ,جاد,കനത്ത മഴ പെയ്തു
To neighbor upon,جَالَرَ,جالر,അതിർത്തി പങ്കിട്ടു
To exceed limit,جَاوَزَ,جاوز,പരിധി ലംഘിച്ചു
To take chances,جَازَفَ,جازف,അപകടസാധ്യത നേരിട്ടു
To sit together,جَالَسَ,جالس,ഒരുമിച്ചിരുന്നു
To compliment user,جَامَلَ,جامل,ഉപയോക്താവിനെ പ്രശംസിച്ചു
To face crisis,جَابَهَ,جابه,പ്രതിസന്ധിയെ നേരിട്ടു
To strip bare details,جَرَّدَ,جرد,വിവരങ്ങൾ പുറത്തെടുത്തു
To convict accused,جَرَّمَ,جرم,പ്രതിയെ കുറ്റക്കാരനാക്കി
To dredge river,جَرَّفَ,جرف,പുഴ ശുദ്ധീകരിച്ചു
To drink medicine,جَرَعَ,جرع,മരുന്ന് വിഴുങ്ങി
To lose composure,جَزَعَ,جزع,നിയന്ത്രണം വിട്ടു
To confirm appointment,جَزَمَ,جزم,അപ്പോയിന്റ്മെന്റ് ഉറപ്പിച്ചു
To check pulse,جَسَّ,جس,നാഡിമിടിപ്പ് പരിശോധിച്ചു
To monitor signal,جَسَّسَ,جسس,സിഗ്നൽ വീക്ഷിച്ചു
To crumble paper,جَعَّدَ,جعد,പേപ്പർ ചുരുട്ടി
To draw attention,جَلَبَ,جلب,ശ്രദ്ധ ആകർഷിച്ചു
To bind book,جَلَدَ,جلد,പുസ്തകം ബൈൻഡ് ചെയ്തു
To veil face,جَلَّلَ,جلل,മുഖം മൂടി
To polish shoes,جَلَى,جلي,ഷൂ മിനുക്കി
To run away (horse),جَمَحَ,جمح,കുതിര പായുന്നു
To freeze liquid,جَمَّدَ,جمد,ദ്രാവകം തണുപ്പിച്ചു
To add numbers,جَمَعَ,جمع,സംഖ്യകൾ കൂട്ടി
To reap benefits,جَنَى,جني,നേട്ടങ്ങൾ കൊയ്തു
To avoid error,جَنَّبَ,جنب,തെറ്റ് ഒഴിവാക്കി
To assemble crew,جَنَّدَ,جند,സംഘത്തെ ഉണ്ടാക്കി
To pack luggage,جَهَزَ,جهز,ലഗേജ് റെഡിയാക്കി
To cry out,جَهَشَ,جهش,നിലവിളിച്ചു
To deviate from truth,جَارَ,جار,സത്യത്തിൽ നിന്ന് വ്യതിചലിച്ചു
To follow trend,جَارَى,جاري,ട്രെൻഡ് പിന്തുടർന്നു
To prune tree,جَذَّ,جذ,മരം വെട്ടിമിനുക്കി
To extract root,جَذَرَ,جذر,വർഗ്ഗമൂലം കണ്ടുപിടിച്ചു
To sin,جَرُمَ,جرم,പാപം ചെയ്തു
To repay kindness,جَزَى,جزي,നന്മയ്ക്ക് നന്മ ചെയ്തു
To cover completely,جَلَبَبَ,جلبب,പൂർണ്ണമായി മൂടി
To pool resources,جَمَّعَ,جمع,വിഭവങ്ങൾ ഒരുമിച്ചുകൂട്ടി
To tilt to side,جَنَحَ,جنح,ഒരുവശത്തേക്ക് ചരിഞ്ഞു
To enhance quality,جَوَّدَ,جود,ഗുണനിലവാരം ഉയർത്തി
To pass milestone,جَاوَزَ,جاوز,മൈൽസ്റ്റോൺ പിന്നിട്ടു
To jerk rope,جَبَذَ,جبذ,കയർ പെട്ടെന്ന് വലിച്ചു
To lie heavy,جَثَمَ,جثم,ഭാരമായി കിടന്നു
To disavow pledge,جَحَدَ,جحد,വാഗ്ദാനം ലംഘിച്ചു
To twist fiber,جَدَلَ,جدل,നൂൽ പിരിത്തു
To blaspheme / curse,جَدَفَ,جدف,ശപിച്ചു / നിന്ദിച്ചു
To sever bond,جَذَمَ,جذم,ബന്ധം വേർപെടുത്തി
To shape object,جَسَمَ,جسم,വസ്തുവിന് രൂപം നൽകി
To sharpen knife,جَلَخَ,جلخ,കത്തി മൂർച്ചകൂട്ടി
To coagulate,جَلَطَ,جلط,കട്ടപിടിച്ചു
To total amount,جَمَلَ,جمل,മൊത്തം തുക കണക്കാക്കി
To incite emotions,جَيَّشَ,جيش,വികാരങ്ങൾ ഇളക്കിവിട്ടു
To pass ownership,جَيَّرَ,جير,ഉടമസ്ഥത കൈമാറി
Camel,جَمَل,جمل,ഒട്ടകം
Buffalo,جَمَس,جمس,പോത്ത് / എരുമ
Puppy / Cub,جَرْو,جرو,നായ്ക്കുട്ടി / സിംഹക്കുട്ടി
Locust,جَرَّاد,جراد,വെട്ടുകിളി
Cricket (insect),جُدَج,جدج,ചീവീട്
Water buffalo,جَامُوس,جاموس,കാട്ടുപോത്ത്
Kid / Young goat,جَدْي,جدي,ആട്ടുക്കുട്ടി
Grasshopper,جُنْدُب,جندب,പച്ചക്കുതിര
Camels (plural),جَمَال,جمال,ഒട്ടകങ്ങൾ
Giraffe (archaic dialect),جِيرَان (حَيَوَان),جيران (حيوان),ഒട്ടകപ്പക്ഷി / ജിറാഫ്
Walnut,جَوْز,جوز,വാൾനട്ട്
Beef broth / Stew,جُؤَار,جوار,മാംസച്ചാറ്
Rose water syrup / Jallab,جَلَاب,جلاب,റോസ് വാട്ടർ സിറപ്പ്
A piece of cheese,جُبْنَة,جبنة,ചീസ് കഷ്ണം
Coconut,جَوْزُ الْهِنْد,جوز الهند,തേങ്ങ
Grated cheese,جُبْنٌ مَبْشُور,جبن مبشور,ചിരകിയ ചീസ്
Garden / Paradise,جَنَّة,جنة,തോട്ടം / സ്വർഗ്ഗം
Roots,جُذُور,جذور,വേരുകൾ
Root,جَذْر,جذر,വേര്
Trunk / Stem,جَذْع,جذع,മരത്തടി
Sycamore fig tree,جُمَّيز,جميز,കാട്ടത്തിമരം
Tuber,جُرْذَانُ النَّبَات,جرذان النبات,കിഴങ്ങ്
Little garden / Lawn,جُنَيْنَة,جنينة,ചെറിയ തോട്ടം
Gardens,جَنَائِن,جناين,തോട്ടങ്ങൾ
Mountain,جَبَل,جبل,പർവ്വതം
Mountains,جِبَال,جبال,പർവ്വതങ്ങൾ
Islands,جُزُر,جزر,ദ്വീപുകൾ
Atmosphere / Weather,جَوّ,جو,അന്തരീക്ഷം / കാലാവസ്ഥ
Stream / Creek / Table,جَدْوَل,جدول,അരുവി / പട്ടിക
Ice / Glacier,جَلِيد,جليد,മഞ്ഞുപാളി
Horizon / Prominence,جَاه,جاه,ചക്രവാളം / പദവി
Cliff / Bank,جُرْف,جرف,ചെരിവ് / കര
Hellfire,جَهَنَّم,جهنم,നരകം
Cavity / Interior / Depths,جَوْف,جوف,ഉൾഭാഗം / ആഴം
Ember / Live coal,جَمْر,جمر,കനൽ
Burning coal,جَمْرَة,جمرة,തീക്കനൽ
Body,جِسْم,جسم,ശരീരം
Body / Corpse,جَسَد,جسد,ശരീരം / ഭൗതികശരീരം
Forehead,جَبْهَة,جبهة,നെറ്റി
Skin / Hide,جَلَم,جلم,ചർമ്മം
Skin / Leather,جِلْد,جلد,തൊലി / ചർമ്മം
Eyelid,جَفْن,جفن,കണ്ണുപ്പൊള
Eyelids,جُفُون,جفون,കണ്ണുപ്പൊളകൾ
Skull,جَمْجَمَة,جمجمة,തലയോട്ടി
Side / Flank,جَانِب,جانب,വശം / പാർശ്വം
Wing,جَنَاح,جناح,ചിറക്
Limbs / Organs,جَوَارِح,جوارح,അവയവങ്ങൾ
Corpse / Body,جُثَّة,جثة,മൃതദേഹം
Neighbor (male),جَار,جار,അയൽവാസി (ആൺ)
Neighbor (female),جَارَة,جارة,അയൽവാസി (പെൺ)
Neighbors,جِيرَان,جيران,അയൽവാസികൾ
Embryo / Fetus,جَنِين,جنين,ഭ്രൂണം
Group / Community,جَمَاعَة,جماعة,സംഘം / സമൂഹം
Generation,جِيْل,جيل,തലമുറ
Jellabiya (Traditional gown),جَلَابِيَّة,جلابية,പരമ്പരാഗത കുപ്പായം
Sock / Stocking,جَوْرَب,جورب,സോക്സ്
Socks,جَوارِب,جوارب,സോക്സുകൾ
Jacket,جَاكِيت,جاكيت,ജാക്കറ്റ്
Jilbab / Cloak,جِلْبَاب,جلباب,പർദ്ദ / കുപ്പായം
Boots / Shoes,جِزْمَة,جزمة,ബൂട്ട്സ് / ഷൂസ്
Leather garment,جِلْدِيّ (ثَوْب),جلدي (ثوب),തോൽ വസ്ത്രം
Friday,جُمُعَة,جمعة,വെള്ളിയാഴ്ച
Era / Age / Generation,جِيل (زَمَن),جيل (زمن),യുഗം / കാലഘട്ടം
Part of the day,جُزْءُ النَّهَار,جزء النهار,പകലിന്റെ ഭാഗം
Beautiful / Handsome,جَمِيل,جميل,മനോഹരമായ
New / Modern,جَدِيد,جديد,പുതിയ
Good / Quality,جَيِّد,جيد,നല്ല
Huge / Massive / Severe,جَسِيم,جسيم,വലിയ / ഗുരുതരമായ
Exalted / Great / Glorious,جَلِيل,جليل,മഹത്തായ
Mighty / Tyrant / Giant,جَبَّار,جبار,ശക്തനായ / അഹങ്കാരിയായ
Ignorant / Uneducated,جَاهِل,جاهل,അജ്ഞനായ
Cowardly,جَبَان,جبان,ഭീരുവായ
Dry / Arid,جَافّ,جاف,ഉണങ്ങിയ
Sharp / Hurtful / Predatory,جَارِح,جارح,കൂർത്ത / വേദനപ്പിക്കുന്ന
Current / Running / Ongoing,جَارٍ,جار,നിലവിലുള്ള / ഓടുന്ന
Serious / Earnest,جَادّ,جاد,ഗൗരവമുള്ള
Rigid / Frozen / Inanimate,جَامِد,جامد,കട്ടിയുള്ള / മരവിച്ച
Comprehensive / Universal,جَامِع,جامع,സമഗ്രമായ
Aerial / Atmospheric,جَوِّيّ,جوي,അന്തരീക്ഷസംബന്ധിയായ
Attractive / Charming,جَذَّاب,جذاب,ആകർഷകമായ
Loud / Vocal,جَهُور,جهور,ഉച്ചത്തിലുള്ള
Hellish / Fiendish,جَهَنَّمِيّ,جهنمي,ഭയാനകമായ
Crazy / Insane,جُنُونِيّ,جنوني,ഭ്രാന്തമായ
Partial / Fractional,جُزْئِيّ,جزيي,ഭാഗികമായ
Essential / Core / Fundamental,جَوْهَرِيّ,جوهري,അടിസ്ഥാനപരമായ
Collective / Group,جَمَاعِيّ,جماعي,കൂട്ടായ
Side / Secondary,جَانِبِيّ,جانبي,പാർശ്വഫലമായ / അനുബന്ധ
Radical / Fundamental,جَذْرِيّ,جذري,അടിമുടിയുള്ള
Southern,جَنُوبيّ,جنوبي,തെക്കൻ
Criminal / Penal,جِنَائِيّ,جنايي,ക്രിമിനൽ സംബന്ധിയായ
Nut-brown / Walnut color,جَوْزِيّ,جوزي,തവിട്ടുനിറം
Ember red / Glowing red,جَمَرِيّ,جمري,കനൽ ചുവപ്പ്
Majesty / Dignity,جَلال,جلال,മഹത്വം
Joy / Delight / Gladness,جَذَل,جذل,സന്തോഷം
Greed / Avarice,جَشَع,جشع,പേരാശ / അത്യാഗ്രഹം
Panic / Anxiety / Agony,جَزَع,جزع,പരിഭ്രമം / ആകുലത
Alienation / Harshness,جَفَاء,جفاء,അകൽച്ച / രൂക്ഷത
Ignorance / Foolishness,جَهَالَة,جهالة,അജ്ഞത
Boldness / Courage,جُرْأَة,جراة,ധൈര്യം
Cowardice,جَبَن,جبن,ഭീരുത്വം
Very / Extremely,جِدًّا,جدا,വളരെ
Aside / To the side,جَانِبًا,جانبا,ഒരുവശത്തേക്ക്
All together / Together,جَمِيعًا,جميعا,എല്ലാവരും ഒരുമിച്ച്
Partially,جُزْئِيًّا,جزييا,ഭാഗികമായി
Essentially,جَوْهَرِيًّا,جوهريا,അടിസ്ഥാനപരമായി
In gross / Altogether,جُمْلَةً,جملة,മൊത്തത്തിൽ
Beside / Next to,جَانِبَ,جانب,അടുത്ത് / അരികിൽ
Inside / Within,جَوَّ,جو,ഉള്ളിൽ
All of them,جَمِيعُهُمْ,جميعهم,അവരെല്ലാവരും
All of us,جَمِيعُنَا,جميعنا,നാമെല്ലാവരും
Mosque,جَامِع,جامع,പള്ളി / മസ്ജിദ്
Mosques,جَوَامِع,جوامع,പള്ളികൾ
Concise wise speech,جَوَامِعُ الكَلِم,جوامع الكلم,സാരസമ്പൂർണ്ണമായ വാക്ക്
Passport / Permission,جَوَاز,جواز,പാസ്‌പോർട്ട് / അനുമതി
Passport,جَوَازُ السَّفَر,جواز السفر,പാസ്‌പോർട്ട്
Prize / Award,جَائِزَة,جايزة,സമ്മാനം / അവാർഡ്
Prizes / Awards,جَوَائِز,جوايز,സമ്മാനങ്ങൾ
Army / Military,جَيْش,جيش,സൈന്യം
Armies,جُيُوش,جيوش,സൈന്യങ്ങൾ
Crime / Offense,جَرِيمَة,جريمة,കുറ്റം / കുറ്റകൃത്യം
Crimes,جَرَائِم,جرايم,കുറ്റകൃത്യങ്ങൾ
Bridge,جِسْر,جسر,പാലം
Bridges,جُسُور,جسور,പാലങ്ങൾ
Wall,جِدَار,جدار,മതിൽ
Walls,جُدْرَان,جدران,മതിലുകൾ
Agenda / Schedule,جَدْوَلُ الأَعْمَال,جدول الاعمال,കാര്യപരിപാടി
Bell / Chime,جَرْس,جرس,മണി
Bell,جَرَس,جرس,മണി
Jewels / Gems,جَوَاهِر,جواهر,രത്നങ്ങൾ
Jewel / Gem,جَوْهَرَة,جوهرة,രത്നം
Essence / Core,جَوْهَر,جوهر,സത്ത / സാരം
South,جَنُوب,جنوب,തെക്ക്
League of states,جَامِعَةُ الدُوَل,جامعة الدول,അറബ് ലീഗ്
Public / Audience,جُمْهُور,جمهور,പൊതുജനം / പ്രേക്ഷകർ
Masses / Crowds,جَمَاهِير,جماهير,ജനക്കൂട്ടം
Republic,جُمْهُورِيَّة,جمهورية,റിപ്പബ്ലിക്
Customs,جُمْرُك,جمرك,കസ്റ്റംസ്
Customs department,جَمَارِك,جمارك,കസ്റ്റംസ് വകുപ്പ്
Sentence / Wholesale,جُمْلَة,جملة,വാചകം / മൊത്തവ്യാപാരം
Sentences,جُمَل,جمل,വാചകങ്ങൾ
Roadside,جَانِبُ الطَّرِيق,جانب الطريق,റോഡരികിൽ
Slave girl / Maid,جَارِيَة,جارية,ദാസി
Funeral,جَنَازَة,جنازة,മയ്യത്ത് സംസ്കാരം
Funerals,جَنَائِز,جنايز,മയ്യത്തുകൾ
Wing of organization,جَنَاحُ المُنَظَّمَة,جناح المنظمة,സംഘടനാ വിഭാഗം
Felony / Major crime,جِنَايَة,جناية,വൻകുറ്റം
Gender / Sex / Species,جِنْس,جنس,ലിംഗം / വർഗ്ഗം
Nationality / Citizenship,جِنْسِيَّة,جنسية,പൗരത്വം
Geography,جُغْرَافِيَا,جغرافيا,ഭൂമിശാസ്ത്രം
Device / Apparatus / System,جِهَاز,جهاز,ഉപകരണം / സിസ്റ്റം
Television set,جِهَازُ التَّلَفَزيُون,جهاز التلفزيون,ടെലിവിഷൻ
Computer system,جِهَازُ الحَاسُوب,جهاز الحاسوب,കംപ്യൂട്ടർ
Devices / Equipment,أَجْهِزَة,اجهزة,ഉപകരണങ്ങൾ
Direction / Side / Entity,جِهَة,جهة,ദിശ / വശം / ഏജൻസി
Directions / Quarters,جِهَات,جهات,ദിശകൾ
Struggle / Jihad,جِهَاد,جهاد,പോരാട്ടം
Mobile phone / Walker,جَوَّال,جوال,മൊബൈൽ ഫോൺ
Quality / Excellence,جَوْدَة,جودة,ഗുണനിലവാരം
Round / Tour / Trip,جَوْلَة,جولة,സന്ദർശനം / ടൂർ
Rounds / Tours,جَوْلاَت,جولات,സഞ്ചാരങ്ങൾ
Guava,جُوّافَة,جوافة,പേരയ്ക്ക
Pocket / Sinus,جَيَب,جيب,പോക്കറ്റ്
Pockets / Cavities,جُيُوب,جيوب,പോക്കറ്റുകൾ
Present generation,جَيْلُ الحَاضِر,جيل الحاضر,വർത്തമാന തലമുറ
Pouch / Bag,جِرَاب,جراب,സഞ്ചി
Newspaper,جَرِيدَة,جريدة,പത്രം
Newspapers,جَرَائِد,جرايد,പത്രങ്ങൾ
Homicide / Murder,جَرِيمَةُ قَتْل,جريمة قتل,കൊലപാതകം
Wounded person,جَرِيح,جريح,പരുക്കേറ്റയാൾ
Wound / Cut,جَرْح,جرح,പരുക്ക്
Wounds,جُرُوح,جروح,പരുക്കുകൾ
Part / Portion / Para,جُزْء,جزء,ഭാഗം / അദ്ധ്യായം
Parts / Sections,أَجْزَاء,اجزاء,ഭാഗങ്ങൾ
Recompense / Penalty,جَزَاء,جزاء,പ്രതിഫലം / ശിക്ഷ
Butchery,جَزَارَة,جزارة,കശാപ്പുശാല
Butcher,جَزَّار,جزار,കശാപ്പുകാരൻ
Jizya / Tribute tax,جِزْيَة,جزية,ജിസ്‌യ ടാക്സ്
Gravity / Immensity,جَسَامَة,جسامة,വ്യാപ്തി
Espionage,جَسَس,جسس,ചാരപ്രവർത്തനം
Spy,جَاسُوس,جاسوس,ചാരൻ
Spies,جَوَاسِيس,جواسيس,ചാരന്മാർ
Sexual intercourse / Union,جِمَاع,جماع,സംഗമം
Aesthetics,جَمَالِيَّات,جماليات,സൗന്ദര്യശാസ്ത്രം
Aesthetic,جَمَالِيّ,جمالي,സൗന്ദര്യാത്മകമായ
All / Everybody,جَمِيع,جميع,എല്ലാവരും
All parties,جَمِيعُ الأَطْرَاف,جميع الاطراف,എല്ലാ കക്ഷികളും
Association / Society,جَمْعِيَّة,جمعية,സംഘടന / സൊസൈറ്റി
Associations,جَمْعِيَّات,جمعيات,സംഘടനകൾ
Plural / Gathering,جَمْع,جمع,ബഹുവചനം / കൂട്ടായ്മ
Jameed (Hard dried yogurt),جَمِيد,جميد,ഉണക്കിയ തൈര്
Stagnation / Rigidity,جُمُود,جمود,നിശ്ചലത
Republics,جُمْهُورِيَّات,جمهوريات,റിപ്പബ്ലിക്കുകൾ
Beauty / Elegance,جِمَאל,جمאל,സൗന്ദര്യം
Hotel suite,جَنَاحُ الفُنْدُق,جناح الفندق,ഹോട്ടൽ സ്യൂട്ട്
Delinquency / Veering,جُنُوح,جنوح,കുറ്റകൃത്യം
Soldiers / Troops,جُنُود,جنود,പടയാളികൾ
Soldier,جُنْدِيّ,جندي,പടയാളി
Madness / Insanity,جُنُون,جنون,ഭ്രാന്ത്
Garden of Eden,جَنَّةُ العَدْن,جنة العدن,ഏദൻ തോട്ടം
Effort / Strain / Voltage,جُهْد,جهد,ശ്രമം / വോൾട്ടേജ്
Efforts,جُهُود,جهود,ശ്രമങ്ങൾ
Electric voltage,جُهْدُ الكَهْرَبَاء,جهد الكهرباء,വൈദ്യുതി വോൾട്ടേജ്
Ignorance of law,جَهَالَةُ القَانُون,جهالة القانون,നിയമത്തെക്കുറിച്ചുള്ള അജ്ഞത
By air / By plane,جَوّاً,جوا,വിമാനം വഴി
Aviation / Air force,جَوِّيَّة,جوية,വ്യോമസേന
Quality of life,جَوْدَةُ الحَيَاة,جودة الحياة,ജീവിതനിലവാരം
Product quality,جَوْدَةُ المُنْتَج,جودة المنتج,ഉൽപ്പന്ന ഗുണനിലവാരം
Injustice / Tyranny,جَوْر,جور,അക്രമം
Interior of earth,جَوْفُ الأَرْض,جوف الارض,ഭൂഗർഭം
Middle of the night,جَوْفُ اللَّيْل,جوف الليل,നടുരാത്രി
Round of talks,جَوْلَةُ المَفَاوَضَات,جولة المفاوضات,ചർച്ചകളുടെ ഘട്ടം
Core of the issue,جَوْهَرُ القَضِيَّة,جوهر القضية,പ്രശ്നത്തിന്റെ കാതൽ
Coat pocket,جَيَبُ المِعْطَف,جيب المعطف,കോട്ട് പോക്കറ്റ്
Liberation army,جَيْشُ التَّحْرِير,جيش التحرير,വിമോചന സേന
Animal hide / Leather,جِلْدُ الحَيَوَان,جلد الحيوان,മൃഗത്തോൽ
Human body,جِسْمُ الإِنْسَان,جسم الانسان,മനുഷ്യശരീരം
Man's neighbor,جَارُ الرَّجُل,جار الرجل,ആളിന്റെ അയൽവാസി
Mount Hermon,جَبَلُ الشَّيْخ,جبل الشيخ,ഹെർമൺ പർവ്വതം
Arabian Peninsula,جَزِيرَةُ العَرَب,جزيرة العرب,അറേബ്യൻ ഉപദ്വീപ്
Wall of silence,جِدَارُ الصَّمْت,جدار الصمت,മൗനത്തിന്റെ മതിൽ
Polar ice,جَلِيدُ القُطْب,جليد القطب,ധ്രുവ മഞ്ഞ്
Raging hellfire,جَهَنَّمُ الحَمْرَاء,جهنم الحمراء,ഭയാനകമായ നരകം
Smallpox / Chickenpox,جُدَرِيّ,جدري,വസൂരി / വസൂരിരോഗം
Surgery,جِرَاحَة,جراحة,ശസ്ത്രക്രിയ
Surgeon,جَرَّاح,جراح,സർജൻ / ശസ്ത്രക്രിയാ വിദഗ്ധൻ
Youth generation,جِيلُ الشَبَاب,جيل الشباب,യുവതലമുറ
Cairo University,جَامِعَةُ القَاهِرَة,جامعة القاهرة,കെയ്റോ സർവ്വകലാശാല
Nobel Prize,جَائِزَةُ نُوبِل,جايزة نوبل,നോബൽ സമ്മാനം
Alarm clock / Device,جِهَازُ المُنَبِّه,جهاز المنبه,അലാറം
Air conditioner,جِهَازُ التَّكْيِيف,جهاز التكييف,എയർ കണ്ടീഷണർ
State army,جَيْشُ الدَّوْلَة,جيش الدولة,ദേശീയ സൈന്യം
Charity association,جَمْعِيَّةٌ خَيْرِيَّة,جمعية خيرية,ചാരിറ്റി സംഘടന
Timetable / Schedule,جَدْوَلُ المَوَاعِيد,جدول المواعيد,സമയക്രമം
Budget table,جَدْوَلُ المِيزَانِيَّة,جدول الميزانية,ബജറ്റ് പട്ടിക
Daily newspaper,جَرِيدَةٌ يَوْمِيَّة,جريدة يومية,ദിനപത്രം
Weekly newspaper,جَرِيدَةٌ أُسْبُوعِيَّة,جريدة اسبوعية,വാരിക
Megalomania,جُنُونُ العَظَمَة,جنون العظمة,അഹംഭാവ രോഗം
Part two / Second portion,جُزْءُ الثَّانِي,جزء الثاني,രണ്ടാം ഭാഗം
Reward for work,جَزَاءُ العَمَل,جزاء العمل,പ്രവൃത്തിയുടെ ഫലം
Quality of service,جَوْدَةُ الخِدْمَة,جودة الخدمة,സേവന ഗുണനിലവാരം
Heart of the city,جَوْفُ المَدِينَة,جوف المدينة,നഗരമധ്യത്തിൽ
Football fans,جُمْهُورُ الكُرَة,جمهور الكرة,ഫുട്ബോൾ ആരാധകർ
Gathering of people,جُمُوعُ النَّاس,جموع الناس,ജനക്കൂട്ടം
Islet / Small island,جَزِيرَةٌ صَغِيرَة,جزيرة صغيرة,ചെറിയ ദ്വീപ്
Volcanic mountain,جَبَلٌ بَرْكَانِيّ,جبل بركاني,അഗ്നിപർവ്വതം
Barrier wall,جِدَارٌ عَازِل,جدار عازل,തടസ്സ മതിൽ
Superhuman effort,جَهْدٌ خَارِق,جهد خارق,അതീവ പരിശ്രമം
United republic,جُمْهُورِيَّةٌ مُتَّحِدَة,جمهورية متحدة,ഐക്യ റിപ്പബ്ലിക്
Caravan camels,جِمَالٌ المَحْمَل,جمال المحمل,കച്ചവട ഒട്ടകങ്ങൾ
Secret service / Agency,جِهَازٌ سِرِّيّ,جهاز سري,രഹസ്യാന്വേഷണ ഏജൻസി
Responsible authorities,جِهَاتٌ مَسْؤُولَة,جهات مسوولة,ഉത്തരവാദപ്പെട്ട അധികാരികൾ
Dual citizenship,جِنْسِيَّةٌ مُزْدَوَجَة,جنسية مزدوجة,രട്ടപ്പൗരത്വം
Organized crime,جَرِيمَةٌ مُنَظَّمَة,جريمة منظمة,ആസൂത്രിത കുറ്റകൃത്യം
Grievous injury,جَرْحٌ بَالِغ,جرح بالغ,ഗുരുതരമായ പരുക്ക്
Synthetic leather,جِلْدٌ صُنَاعِيّ,جلد صناعي,കൃത്രിമ തോൽ
Solid body,جِسْمٌ صَلْب,جسم صلب,ദൃഢമായ ശരീരം
Concrete walls,جُدُرٌ خَرَسَانِيَّة,جدر خرسانية,കോൺക്രീറ്റ് മതിലുകൾ
Woolen socks,جَوْرَبٌ صُوفِيّ,جورب صوفي,കമ്പിളി സോക്സ്
Winter jacket,جَاكِيتٌ شِتَوِيّ,جاكيت شتوي,ശൈത്യകാല ജാക്കറ്റ്
White gown,جَلَابِيَّةٌ بَيْضَاء,جلابية بيضاء,വെളുത്ത കുപ്പായം
Battlefront,جَبْهَةُ القِتَال,جبهة القتال,യുദ്ധമുന്നണി
Eyelid,جَفْنُ العَيْن,جفن العين,കണ്പോള
Slim body,جَسَدٌ نَحِيف,جسد نحيف,മെലിഞ്ഞ ശരീരം
Sensitive skin,جِلْدٌ حَسَّاس,جلد حساس,സൂക്ഷ്മ ചർമ്മം
Dead body,جُثَّةُ الهَامِش,جثة الهامش,ശവം
Good neighbor,جَارُ الخَيْر,جار الخير,നല്ല അയൽവാസി
Patriarch of family,جَدُّ العَائِلَة,جد العايلة,കുടുംബത്തിലെ മുത്തശ്ശൻ
Fetus in womb,جَنِينٌ فِي الرَّحِم,جنين في الرحم,ഗർഭപാത്രത്തിലെ ഭ്രൂണം
Leading generation,جِيْلُ المَنَار,جيل المنار,വഴികാട്ടിയായ തലമുറ
Letter,حَرْف,حرف,അക്ഷരം/കത്ത്
Party/Celebration,حَفْلَة,حفلة,പാർട്ടി/ആഘോഷം
Life,حَيَاة,حياة,ജീവിതം
Animal,حَيَوَان,حيوان,മൃഗം
Truth,حَقِيقَة,حقيقة,സത്യം
Dream,حُلْم,حلم,സ്വപ്നം
State/Condition,حَالَة,حالة,അവസ്ഥ/സ്ഥിതി
Need,حَاجَة,حاجة,ആവശ്യം
Decision,حُكْم,حكم,തീരുമാനം
Protection/Guard,حِمَايَة,حماية,സംരക്ഷണം/രക്ഷ
Freedom,حُرِّيَّة,حرية,സ്വാതന്ത്ര്യം
War,حَرْب,حرب,യുദ്ധം
Stone,حَجَر,حجر,കല്ല്
Size/Volume,حَجْم,حجم,വലിപ്പം/അളവ്
Luck/Chance,حَظّ,حظ,ഭാഗ്യം
Present/Current,حَاضِر,حاضر,ഇപ്പോൾ/നിലവിലുള്ള
Story/Tale,حِكَايَة,حكاية,കഥ
Praise,حَمْد,حمد,സ്തുതി
Load/Burden,حِمْل,حمل,ചുമട്/ഭാരം
Heat,حَرَارَة,حرارة,ചൂട്
Movement,حَرَكَة,حركة,ചലനം
Sorrow/Grief,حُزْن,حزن,ദുഃഖം
Limit/Border,حَدّ,حد,അതിര്
Right/Duty,حَقّ,حق,അവകാശം/കടമ
Wisdom,حِكْمَة,حكمة,ജ്ഞാനം
Sweet,حَلْوَى,حلوي,മധുരം
Friend,حَبِيب,حبيب,കൂട്ടുകാരൻ
Field/Area,حَقْل,حقل,സ്ഥലം/മേഖല
A minute,لَحْظَة,لحظة,ഒരു മിനിറ്റ്
An opportunity,فُرْصَة,فرصة,ഒരു അവസരം
Beauty,جَمَال,جمال,ഭംഗി
Result,نَتِيجَة,نتيجة,ഫലം
A wall,حَائِط,حايط,ചുമര്
Disappointment,خَيْبَة,خيبة,നിരാശ
Success,نَجَاح,نجاح,വിജയം
Handwriting,خَطّ,خط,കൈയക്ഷരം
A field,مَيْدَان,ميدان,ഒരു തലം
Account/Calculation,حِسَاب,حساب,കണക്ക്
Washing/Cleaning,غَسْل,غسل,കഴുകൽ
Protection,حِصْن,حصن,പരിരക്ഷ
Argument/Dispute,جَدَل,جدل,വാദം
Expertise,خِبْرَة,خبرة,വൈദഗ്ദ്ധ്യം
Present/Presence,حُضُور,حضور,സാന്നിധ്യം
Reservation/Booking,حَجْز,حجز,റിസർവേഷൻ
Danger,خَطَر,خطر,അപകടം
Plan,خُطَّة,خطة,പദ്ധതി
Kindness/Tenderness,حَنَان,حنان,ദയ/വാത്സല്യം
Loved,أَحَبَّ,احب,സ്നേഹിച്ചു
Carried/Bore,حَمَلَ,حمل,ചുമന്നു/വഹിച്ചു
Guarded/Protected,حَرَسَ,حرس,സംരക്ഷിച്ചു
Calculated,حَسَبَ,حسب,കണക്കാക്കി
Was present,حَضَرَ,حضر,സന്നിഹിതനായി
Limited/Defined,حَدَّ,حد,അതിരിട്ടു/നിർവചിച്ചു
Ruled/Judged,حَكَمَ,حكم,ഭരിച്ചു/വിധിച്ചു
Narrated/Told,حَكَى,حكي,കഥ പറഞ്ഞു
Felt/Sensed,أَحَسَّ,احس,അനുഭവിച്ചു
Tried/Attempted,حَاوَلَ,حاول,ശ്രമിച്ചു
Felt embarrassed,اِسْتَحْيَى,استحيي,നാണിച്ചു
Obtained/Acquired,حَصَلَ,حصل,നേടി
Reserved/Booked,حَجَزَ,حجز,മുൻകൂട്ടി ബുക്ക് ചെയ്തു
Forgave,سَمَحَ,سمح,ക്ഷമിച്ചു
Traveled,سَافَرَ,سافر,യാത്ര ചെയ്തു
Needed/Required,اِحْتَاجَ,احتاج,ആവശ്യപ്പെട്ടു
Transferred,حَوَّلَ,حول,കൈമാറ്റം ചെയ്തു
Became lawful,حَلَّ,حل,നിയമാനുസൃതമായി
Wrote,كَتَبَ,كتب,എഴുതി
Was sad,حَزِنَ,حزن,ദുഃഖിച്ചു
Praised,حَمِدَ,حمد,സ്തുതിച്ചു
Moved/Stirred,تَحَرَّكَ,تحرك,ചലിച്ചു
Burned/Ignited,اِحْتَرَقَ,احترق,കത്തി
Contained/Included,اِحْتَوَى,احتوي,ഉൾക്കൊണ്ടു
Washed,غَسَلَ,غسل,കഴുകി
Stood,وَقَفَ,وقف,നിന്നു
Protected,حَمَى,حمي,പരിരക്ഷിച്ചു
Fought/Battled,حَارَبَ,حارب,യുദ്ധം ചെയ്തു
Surrounded,أَحَاطَ,احاط,ചുറ്റും നിന്നു
Held/Contained,حَبَسَ,حبس,പിടിച്ചു/അടക്കി
Freed/Liberated,حَرَّرَ,حرر,സ്വതന്ത്രമാക്കി
Reached (a place),وَصَلَ,وصل,എത്തിച്ചേർന്നു
Reserved,اِحْتَكَرَ,احتكر,സംവരണം ചെയ്തു
Prepared,جَهَّزَ,جهز,തയ്യാറാക്കി
Transformed/Changed,تَحَوَّلَ,تحول,രൂപാന്തരപ്പെടുത്തി
Gave/Granted,أَعْطَى,اعطي,നൽകി
Excited/Stimulated,حَفَّزَ,حفز,ഉത്തേജിപ്പിച്ചു
Became hot,حَمِيَ,حمي,ചൂടായി
Was destroyed,هَلَكَ,هلك,നശിച്ചു
Collected/Amassed,حَشَدَ,حشد,ശേഖരിച്ചു
Dug,حَفَرَ,حفر,കുഴിച്ചു
Obeyed,أَطَاعَ,اطاع,അനുസരിച്ചു
Met/Encountered,لَقِيَ,لقي,കണ്ടു
Wore shoes,اِنْتَعَلَ,انتعل,ചെരിപ്പ് ധരിച്ചു
Memorized,حَفِظَ,حفظ,ഓർമ്മിച്ചു
Obstructed/Prevented,حَجَبَ,حجب,തടസ്സപ്പെടുത്തി
Took over/Seized,اِسْتَوْلَى,استولي,പിടിച്ചെടുത്തു
Made a pilgrimage,حَجَّ,حج,തീർത്ഥാടനം ചെയ്തു
Encouraged,شَجَّعَ,شجع,പ്രോത്സാഹിപ്പിച്ചു
Made a limit/Defined,حَدَّدَ,حدد,അതിരിട്ടു
Bread,خُبْز,خبز,റൊട്ടി
Vegetable,خُضْرَة,خضرة,പച്ചക്കറി
News/Report,خَبَر,خبر,വാർത്ത/റിപ്പോർട്ട്
Line/Handwriting,خَطّ,خط,വര/കൈയക്ഷരം
Mistake/Error,خَطَأ,خطا,തെറ്റ്/പിഴവ്
Tent,خَيْمَة,خيمة,കൂടാരം
Thread,خَيْط,خيط,നൂൽ
Imagination/Fantasy,خَيَال,خيال,ഭാവന/സ്വപ്നം
Vinegar,خَلّ,خل,വിനാഗിരി
Sheep/Lamb,خَرُوف,خروف,ആട്/കുഞ്ഞാട്
Map,خَرِيطَة,خريطة,മാപ്പ്/ഭൂപടം
Cabinet/Cupboard,خِزَانَة,خزانة,അലമാര/കാബിനറ്റ്
Storage/Treasury,خَزْنَة,خزنة,ശേഖരം/ഖജനാവ്
Plan/Scheme,خُطَّة,خطة,പദ്ധതി
Ending/Conclusion,خِتَام,ختام,അവസാനം
Creation/Creatures,خَلْق,خلق,സൃഷ്ടി/സൃഷ്ടികൾ
Morality/Character,خُلُق,خلق,സ്വഭാവം/ധാർമ്മികത
Experience/Expertise,خِبْرَة,خبرة,അനുഭവം/വൈദഗ്ദ്ധ്യം
Fear/Awe,خَشْيَة,خشية,ഭയം/ഭക്തി
Vegetables,خُضْرَاوَات,خضراوات,പച്ചക്കറികൾ
Reservoir/Tank,خَزَّان,خزان,ടാങ്ക്/സംഭരണി
A defect/Flaw,خَلَل,خلل,ഒരു കുറവ്/തകരാറ്
Shadow,ظِلّ,ظل,നിഴൽ
Choice,اِخْتِيَار,اختيار,തിരഞ്ഞെടുപ്പ്
Future,مُسْتَقْبَل,مستقبل,ഭാവി
Servant/Helper,خَادِم,خادم,സേവകൻ/സഹായി
Opponent/Adversary,خَصْم,خصم,എതിരാളി
Loss,خَسَارَة,خسارة,നഷ്ടം
A step,خُطْوَة,خطوة,ഒരു ചുവട്
Tailor,خَيَّاط,خياط,തയ്യൽക്കാരൻ
A special quality,خَاصِّيَّة,خاصية,ഒരു പ്രത്യേകത
Mortar,خَامَة,خامة,കുമ്മായം/ചെളി
Subordination/Submission,خُضُوع,خضوع,വിധേയത്വം
A voice,صَوْت,صوت,ഒരു ശബ്ദം
A mixture,خَلْطَة,خلطة,ഒരു കൂട്ട്
Friend,خَلِيل,خليل,സുഹൃത്ത്
Exited/Went out,خَرَجَ,خرج,പുറത്തുപോയി
Took,أَخَذَ,اخذ,എടുത്തു
Created,خَلَقَ,خلق,സൃഷ്ടിച്ചു
Feared,خَافَ,خاف,ഭയപ്പെട്ടു
Entered,دَخَلَ,دخل,പ്രവേശിച്ചു
Hid,اِخْتَفَى,اختفي,ഒളിച്ചു
Mixed/Blended,خَلَطَ,خلط,കലർത്തി
Differed/Disagreed,اِخْتَلَفَ,اختلف,വ്യത്യസ്തമായി/വിയോജിച്ചു
Knew/Experienced,خَبَرَ,خبر,അറിഞ്ഞു/പരിചയപ്പെട്ടു
Betrayed,خَانَ,خان,ചതിച്ചു
Finished/Concluded,خَتَمَ,ختم,പൂർത്തിയാക്കി/അവസാനിപ്പിച്ചു
Imagined,تَخَيَّلَ,تخيل,ഭാവന ചെയ്തു
Wasted/Lost,خَسِرَ,خسر,നഷ്ടപ്പെടുത്തി
Drew a line,خَطَّ,خط,വരച്ചു
Chopped/Cut,خَطَبَ,خطب,അരിഞ്ഞു/വെട്ടി
Planed/Scheduled,خَطَّطَ,خطط,പദ്ധതിയിട്ടു
Submitted/Yielded,خَضَعَ,خضع,വിധേയപ്പെട്ടു
Felt embarrassed,خَجِلَ,خجل,നാണിച്ചു
Broke,كَسَرَ,كسر,പൊട്ടിച്ചു
Emptied/Evacuated,أَخْلَى,اخلي,ഒഴിച്ചു/ഒഴിപ്പിച്ചു
Saved,أَنْقَذَ,انقذ,രക്ഷിച്ചു
Was afraid,خَشِيَ,خشي,ഭയപ്പെട്ടു
Removed/Took off,خَلَعَ,خلع,നീക്കം ചെയ്തു/ഊരി
Prepared/Baked (bread),خَبَزَ,خبز,തയ്യാറാക്കി/ചുട്ടു
Took a step,خَطَا,خطا,ഒരു ചുവടുവെച്ചു
Separated,فَصَلَ,فصل,വേർതിരിച്ചു
Made a mistake,أَخْطَأَ,اخطا,തെറ്റ് ചെയ്തു
Appeared,ظَهَرَ,ظهر,പ്രത്യക്ഷപ്പെട്ടു
Treated,عَالَجَ,عالج,ചികിത്സിച്ചു
Took out/Extracted,اِسْتَخْرَجَ,استخرج,പുറത്തെടുത്തു
Got involved/Dived,خَاضَ,خاض,ഇടപെട്ടു
Chosen/Selected,اِخْتَارَ,اختار,തിരഞ്ഞെടുത്തു
Passed (time),مَضَى,مضي,കടന്നുപോയി
Scratched,خَدَشَ,خدش,മാന്തി
Deceived,خَدَعَ,خدع,വഞ്ചിച്ചു
Made a hole,ثَقَبَ,ثقب,ദ്വാരമുണ്ടാക്കി
Died,مَاتَ,مات,മരിച്ചു
Made humble,أَخْضَعَ,اخضع,വിനയപ്പെടുത്തി
Finished,أَنْهَى,انهي,പൂർത്തിയാക്കി
Left behind,خَلَّفَ,خلف,പിന്നിലാക്കി
Made a servant,اِتَّخَذَ,اتخذ,സേവകനാക്കി
Failed/Disappointed,أَخَابَ,اخاب,പരാജയപ്പെടുത്തി
Was green/Fresh,اِخْضَرَّ,اخضر,പച്ചയായി/പുതിയതായി
Made a plan,خَطَّطَ,خطط,പദ്ധതി തയ്യാറാക്കി
Became an expert,تَخَبَّرَ,تخبر,വിദഗ്ദ്ധനായി
Left (property),خَلَفَ,خلف,സ്വത്ത് ഉപേക്ഷിച്ചു
Mixed (with others),اِخْتَلَطَ,اختلط,ഇടപഴകി
Spoke,تَكَلَّمَ,تكلم,സംസാരിച്ചു
House,دَار,دار,വീട്
Lesson/Study,دَرْس,درس,പാഠം/പഠനം
World,دُنْيَا,دنيا,ലോകം
Country/State,دَوْلَة,دولة,രാജ്യം/സംസ്ഥാനം
Religion/Debt,دِين,دين,മതം/കടം
Doctor,دُكْتُور,دكتور,ഡോക്ടർ
Circle,دَائِرَة,دايرة,വൃത്തം
Chicken,دَجَاجَة,دجاجة,കോഴി
Dust,دُخَان,دخان,പൊടി
Entrance/Access,دُخُول,دخول,പ്രവേശനം
Shop/Store,دُكَّان,دكان,കട/സ്റ്റോർ
Evidence/Proof,دَلِيل,دليل,തെളിവ്
Rotation/Turn,دَوْر,دور,കറക്കം/ഊഴം
Inviter/Caller,دَاعِيَة,داعية,ക്ഷണിക്കുന്നവൻ
Doubt/Suspicion,شَكّ,شك,സംശയം
Memory,ذَاكِرَة,ذاكرة,ഓർമ്മ
Office/Bureau,دِيْوَان,ديوان,ഓഫീസ്
Lantern/Lamp,دَلْو,دلو,വിളക്ക്
Tool/Instrument,أَدَاة,اداة,ഉപകരണം
Studies,دِرَاسَات,دراسات,പഠനങ്ങൾ
Support,دَعْم,دعم,പിന്തുണ
Defense,دِفَاع,دفاع,പ്രതിരോധം
Degree/Grade,دَرَجَة,درجة,ബിരുദം/ഗ്രേഡ്
Drug/Medicine,دَوَاء,دواء,മരുന്ന്
Lesson/Chapter,فَصْل,فصل,അദ്ധ്യായം
A river,نَهْر,نهر,ഒരു നദി
Penetration/Entry,دُخُول,دخول,തുളച്ചുകയറ്റം
Demonstration/Display,عَرْض,عرض,പ്രദർശനം
Booklet/Manual,كِتَاب,كتاب,പുസ്തകം
Whispering,هَمْس,همس,രഹസ്യം പറയൽ
Diary,مُذَكِّرَة,مذكرة,ഡയറി
A wound,جُرْح,جرح,ഒരു മുറിവ്
A prayer,دُعَاء,دعاء,ഒരു പ്രാർത്ഥന
Debt,دَيْن,دين,കടം
Evidence,دَلِيل,دليل,സാക്ഷ്യം
A cycle,دَوْرَة,دورة,ഒരു ചക്രം
Precision/Accuracy,دِقَّة,دقة,കൃത്യത
A fly,ذُبَابَة,ذبابة,ഒരു ഈച്ച
A rooster,دِيك,ديك,ഒരു പൂവൻകോഴി
An era,دَهْر,دهر,ഒരു യുഗം
Turn/Role,دَوْر,دور,പങ്ക്
An inkwell,مِحْبَرَة,محبرة,ഒരു മഷിക്കുപ്പി
A cloud,سَحَابَة,سحابة,ഒരു മേഘം
A friend,صَدِيق,صديق,ഒരു സുഹൃത്ത്
Entrance,مَدْخَل,مدخل,പ്രവേശന കവാടം
A bell,جَرَس,جرس,ഒരു മണി
Called/Prayed,دَعَا,دعا,വിളിച്ചു/പ്രാർത്ഥിച്ചു
Paid (a debt),دَفَعَ,دفع,കടം വീട്ടി
Studied,دَرَسَ,درس,പഠിച്ചു
Turned/Rotated,دَارَ,دار,കറങ്ങി/തിരിഞ്ഞു
Protected/Defended,دَافَعَ,دافع,പ്രതിരോധിച്ചു
Directed/Indicated,دَلَّ,دل,സൂചിപ്പിച്ചു/വഴികാട്ടി
Trampled/Crushed,دَاسَ,داس,ചവിട്ടി
Managed/Administered,أَدَارَ,ادار,ഭരിച്ചു/നിയന്ത്രിച്ചു
Destroyed/Ruined,دَمَّرَ,دمر,നശിപ്പിച്ചു
Trained,دَرَّبَ,درب,പരിശീലിപ്പിച്ചു
Began,بَدَأَ,بدا,തുടങ്ങി
Drew/Attracted,جَذَبَ,جذب,ആകർഷിച്ചു
Tested/Examined,اِمْتَحَنَ,امتحن,പരീക്ഷിച്ചു
Invited,دَعَا,دعا,ക്ഷണിച്ചു
Entered (fully),أَدْخَلَ,ادخل,മുഴുവനായി പ്രവേശിച്ചു
Arranged/Planned,دَبَّرَ,دبر,ക്രമീകരിച്ചു/ആസൂത്രണം ചെയ്തു
Became dizzy,دَاخَ,داخ,തല കറങ്ങി
Recorded/Wrote down,دَوَّنَ,دون,രേഖപ്പെടുത്തി
Paid,دَفَعَ,دفع,കൊടുത്തു
Joined/Merged,اِنْدَمَجَ,اندمج,ചേർന്നു
Approached/Drew near,دَنَا,دنا,അടുത്തു
Rolled/Tumbled,دَحْرَجَ,دحرج,ഉരുണ്ടു
Supported,دَعَمَ,دعم,പിന്തുണച്ചു
Was exact/Accurate,دَقَّ,دق,കൃത്യമായി
Moved (slowly),دَبَّ,دب,ഇഴഞ്ഞു
Wound (thread/cloth),دَفَّ,دف,ചുറ്റി
Was corrupt,دَسَّ,دس,ദുഷിച്ചു
Managed/Planned,دَبَّرَ,دبر,ആസൂത്രണം ചെയ്തു
Got fat,سَمِنَ,سمن,തടിച്ചു
Got old,شَاخَ,شاخ,പ്രായമായി
Emitted (smoke),أَدْخَنَ,ادخن,പുറപ്പെടുവിച്ചു
Harmed,ضَرَّ,ضر,ദ്രോഹിച്ചു
Perished,بَادَ,باد,നശിച്ചു
Stabbed,طَعَنَ,طعن,കുത്തി
Contaminated/Soiled,دَنَّسَ,دنس,മലിനമാക്കി
Arranged (rows),دَبَّ,دب,നിരത്തി
Rotated (repeatedly),دَاوَمَ,داوم,ആവർത്തിച്ചു കറങ്ങി
Was bloodied,دَمِيَ,دمي,രക്തം പുരണ്ടു
Was accurate,دَقَّ,دق,കൃത്യമായി
Invoked/Implored,اِسْتَدْعَى,استدعي,അഭ്യർത്ഥിച്ചു
Was destroyed,تَدَمَّرَ,تدمر,നശിപ്പിക്കപ്പെട്ടു
Was paid,اِنْدَفَعَ,اندفع,അടയ്ക്കപ്പെട്ടു
Was supported,اُسْتُدْعِيَ,استدعي,പിന്തുണ ലഭിച്ചു
Was rolled,تَدَحْرَجَ,تدحرج,ഉരുളപ്പെട്ടു
Made round,دَوَّرَ,دور,വട്ടത്തിലാക്കി
Warmed,دَفَّأَ,دفا,ചൂടാക്കി
Gold,ذَهَب,ذهب,സ്വർണ്ണം
Wolf,ذِئْب,ذيب,ചെന്നായ
Corn/Maize,ذُرَة,ذرة,ചോളം
Tail,ذَيْل,ذيل,വാൽ
Peak/Summit,ذِرْوَة,ذروة,ശിഖരം/ഉച്ചകോടി
Sins/Faults,ذُنُوب,ذنوب,പാപങ്ങൾ
Intelligence,ذَكَاء,ذكاء,ബുദ്ധി
Remembrance/Mention,ذِكْر,ذكر,സ്മരണ/പറയൽ
The Arm/Forearm,ذِرَاع,ذراع,കൈമുട്ട്
Taste/Flavor,ذَوْق,ذوق,രുചി
Good taste/Sense,ذَوْق,ذوق,വിവേകം/നല്ല ശീലം
Offspring/Progeny,ذُرِّيَّة,ذرية,സന്തതി
Atom/Particle,ذَرَّة,ذرة,അണു
Fading/Wither,ذَبْل,ذبل,വാട്ടം
Humiliation/Disgrace,ذِلَّة,ذلة,അവമാനം
Sense of taste,ذَائِقَة,ذايقة,രസജ്ഞാനം
A Spark/Glow,ذَبْلَة,ذبلة,ഒരു തീപ്പൊരി/തിളക്കം
Memories,ذِكْرَيَات,ذكريات,ഓർമ്മകൾ
A Sin,ذَنْب,ذنب,ഒരു പാപം
A Male/Masculine,ذَكَر,ذكر,പുരുഷൻ
Melting/Thawing,ذَوَبَان,ذوبان,ഉരുകൽ
An Excuse,ذَرِيعَة,ذريعة,ഒരു ഒഴികഴിവ്
Sacrifice/A slaughtered animal,ذَبِيحَة,ذبيحة,ബലി/അറുത്ത മൃഗം
Wilting,ذُبُول,ذبول,വാടിപ്പോകൽ
AI,ذَكَاء اِصْطِنَاعِي,ذكاء اصطناعي,കൃത്രിമ ബുദ്ധി
Wolves,ذِئَاب,ذياب,ചെന്നായകൾ
Public taste,ذَوْق عَامّ,ذوق عام,പൊതു അഭിരുചി
Right arm,ذِرَاع أَيْمَن,ذراع ايمن,വലത് കൈ
Anniversary/Memory,ذِكْرَى,ذكري,വാർഷികം/ഓർമ്മ
The Melting,إِذَابَة,اذابة,ദ്രവിക്കൽ
The Honing/Sharpening,تَذْكِيَة,تذكية,കൂർപ്പിക്കൽ
Ponytail,ذَيْل الْحِصَان,ذيل الحصان,പോണിടെയിൽ
Lupus,ذِئْبَة,ذيبة,ചർമ്മരോഗം
Ants/Dust,ذَرّ,ذر,ഉറുമ്പുകൾ/പൊടി
The Male,ذَكَر,ذكر,ആൺ
The Female,أُنْثَى,انثي,പെൺ
Tastefulness,ذَوْقِيَّة,ذوقية,രസകരമായത്
Vibration/Oscillation,ذَبْذَبَة,ذبذبة,ചലനം/കമ്പനം
Natural intelligence,ذَكَاء طَبِيعِيّ,ذكاء طبيعي,സ്വാഭാവിക ബുദ്ധി
The Golden,ذَهَبِيّ,ذهبي,സ്വർണ്ണ നിറം
Remembrance/Reminder,تَذْكِرَة,تذكرة,ഓർമ്മപ്പെടുത്തൽ
Sacrifice,تَضْحِيَة,تضحية,ബലിയർപ്പണം
Defense/Protection,ذَبّ,ذب,പ്രതിരോധം
Sharp intelligence,ذَكَاء حَادّ,ذكاء حاد,തീക്ഷണമായ ബുദ്ധി
Annual memory,ذِكْرَى سَنَوِيَّة,ذكري سنوية,വാർഷിക ഓർമ്മ
Long tail,ذَيْل طَوِيل,ذيل طويل,നീണ്ട വാൽ
Flies,ذُبَاب,ذباب,ഈച്ചകൾ
The Forearms,أَذْرُع,اذرع,കൈമുട്ടുകൾ
Went,ذَهَبَ,ذهب,പോയി
Mentioned/Remembered,ذَكَرَ,ذكر,പറഞ്ഞു/ഓർത്തു
Melted,ذَابَ,ذاب,ഉരുകി
Slaughtered,ذَبَحَ,ذبح,അറുത്തു
Tasted,ذَاقَ,ذاق,രുചിച്ചു
Faded/Withered,ذَبَلَ,ذبل,വാടി
Humiliated,أَذَلَّ,اذل,അവഹേളിച്ചു
Reminded,ذَكَّرَ,ذكر,ഓർമ്മിപ്പിച്ചു
Humiliated,ذَلَّلَ,ذلل,അപമാനിച്ചു
Melted/Dissolved,أَذَابَ,اذاب,ഉരുക്കി/ലയിപ്പിച്ചു
Sacrificed,ذَبَحَ,ذبح,ബലിയർപ്പിച്ചു
Went away,ذَهَبَ,ذهب,അകന്നുപോയി
Was mentioned,ذُكِرَ,ذكر,പറയപ്പെട്ടു
Remained/Lasted,دَامَ,دام,അവശേഷിച്ചു
Defended,ذَبَّ,ذب,പ്രതിരോധിച്ചു
Melted away,ذَابَ,ذاب,ഉരുകിപ്പോയി
Was slaughtered,ذُبِحَ,ذبح,അറുക്കപ്പെട്ടു
Tasted (a lot),تَذَوَّقَ,تذوق,കൂടുതൽ രുചിച്ചു
Got smart/Intelligent,ذَكَا,ذكا,ബുദ്ധി നേടി
Became humble,تَذَلَّلَ,تذلل,വിനയമുള്ളവനായി
Humbled,أَذَلَّ,اذل,വിനയപ്പെടുത്തി
Melted (something),ذَوَّبَ,ذوب,എന്തെങ്കിലും ഉരുക്കി
Remembered,تَذَكَّرَ,تذكر,ഓർമ്മിച്ചു
Withered away,تَذَبَّلَ,تذبل,വാടിപ്പോയി
Was humbled,اِذَّلَّ,اذل,വിനയമുള്ളവനായിത്തീർന്നു
Made a memory,أَذْكَرَ,اذكر,ഓർമ്മയുണ്ടാക്കി
Was melted,اِنْذَابَ,انذاب,ഉരുകിപ്പോയിരുന്നു
Slaughtered (many),ذَبَّحَ,ذبح,ധാരാളം അറുത്തു
Was tasted,ذِيقَ,ذيق,രുചിക്കപ്പെട്ടു
Wished/Longed,تَمَنَّى,تمني,ആഗ്രഹിച്ചു
Reached the peak,ذَرَا,ذرا,ഉച്ചകോടിയിലെത്തി
Traveled to/through,سَافَرَ,سافر,സഞ്ചരിച്ചു
Reached,وَصَلَ,وصل,എത്തിച്ചേർന്നു
Was intelligent,ذَكِيَ,ذكي,ബുദ്ധിമാനായി
Wandered,جَالَ,جال,അലഞ്ഞു
Was removed,أُزِيلَ,ازيل,നീക്കം ചെയ്യപ്പെട്ടു
Was surprised,دَهِشَ,دهش,അത്ഭുതപ്പെട്ടു
Felt humiliated,تَذَلَّلَ,تذلل,അവമാനം തോന്നി
Got used to,اِعْتَادَ,اعتاد,ശീലിച്ചു
Was forgiven,غُفِرَ,غفر,ക്ഷമിക്കപ്പെട്ടു
Finished/Ended,أَنْهَى,انهي,അവസാനിപ്പിച്ചു
Was satisfied,رَضِيَ,رضي,തൃപ്തനായി
Was patient,صَبَرَ,صبر,ക്ഷമിച്ചു
Traveled,رَحَلَ,رحل,യാത്ര ചെയ്തു
Was sacrificed,قُدِّمَ,قدم,ബലിയർപ്പിക്കപ്പെട്ടു
Made humble,أَذْعَنَ,اذعن,വിനയപ്പെടുത്തി
Tasted/Experienced,خَبِرَ,خبر,അനുഭവിച്ചു
Was purified,طَهُرَ,طهر,ശുദ്ധീകരിക്കപ്പെട്ടു
Man/Person,رَجُل,رجل,പുരുഷൻ/ആൾ
Lord/God,رَبّ,رب,നാഥൻ/ദൈവം
Message/Letter,رِسَالَة,رسالة,സന്ദേശം/കത്ത്
Wind/Spirit,رِيح,ريح,കാറ്റ്/ആത്മാവ്
Ruler/President,رَئِيس,رييس,ഭരണാധികാരി/പ്രസിഡന്റ്
Opinion/View,رَأْي,راي,അഭിപ്രായം/കാഴ്ചപ്പാട്
Mercy/Compassion,رَحْمَة,رحمة,കാരുണ്യം
Earth/Soil,أَرْض,ارض,ഭൂമി/മണ്ണ്
Dream,رُؤْيَا,رويا,സ്വപ്നം
Number,رَقَم,رقم,സംഖ്യ
Neck,رَقَبَة,رقبة,കഴുത്ത്
Leg/Foot,رِجْل,رجل,കാൽ
Hope/Expectation,رَجَاء,رجاء,പ്രതീക്ഷ/ആഗ്രഹം
Permission,إِذْن,اذن,അനുവാദം
Money/Cash,مَال,مال,പണം
Sand,رَمْل,رمل,മണൽ
Ramadan,رَمَضَان,رمضان,റമദാൻ
Knowledge,مَعْرِفَة,معرفة,അറിവ്
Symbol/Code,رَمْز,رمز,ചിഹ്നം/കോഡ്
Drawing/Picture,رَسْم,رسم,ചിത്രം
A Prophet/Messenger,رَسُول,رسول,ദൂതൻ
Pillar/Corner,رُكْن,ركن,തൂൺ/കോൺ
Journey/Trip,رِحْلَة,رحلة,യാത്ര
Happiness,فَرَح,فرح,സന്തോഷം
Robe/Dress,رِدَاء,رداء,വസ്ത്രം
Spiritual power,رُوحَانِيَّة,روحانية,ആത്മീയ ശക്തി
Art/Skill,فَنّ,فن,കല/നൈപുണ്യം
Friend,صَدِيق,صديق,സുഹൃത്ത്
Ranks/Rows,رُتْبَة,رتبة,അറകൾ/നിരകൾ
Sensation/Feeling,شُعُور,شعور,അനുഭവം
Spring (season),رَبِيع,ربيع,വസന്തകാലം
Terror/Fear,رُعْب,رعب,ഭയം
Livelihood/Sustenance,رِزْق,رزق,ജീവിതമാർഗ്ഗം
Throne/Chair,كُرْسِيّ,كرسي,സിംഹാസനം/കസേര
The soul/Spirit,رُوح,روح,ആത്മാവ്
Shame/Disgrace,عَار,عار,നാണക്കേട്
Exercise/Sport,رِيَاضَة,رياضة,വ്യായാമം
Comfort/Rest,رَاحَة,راحة,വിശ്രമം
A garden,حَدِيقَة,حديقة,ഒരു പൂന്തോട്ടം
A deposit/Pledge,رَهْن,رهن,ഒരു പണയം
Cement/Mortar,إِسْمَنْت,اسمنت,സിമന്റ്
Precision,دِقَّة,دقة,കൃത്യത
Regime/System,نِظَام,نظام,ഭരണകൂടം/സംവിധാനം
A symbol,رَمْز,رمز,ഒരു പ്രതീകം
A corner,رُكْن,ركن,ഒരു കോൺ
Vision,رُؤْيَة,روية,കാഴ്ച
Saw,رَأَى,راي,കണ്ടു
Returned,رَجَعَ,رجع,തിരിച്ചുവന്നു
Wished/Hoped,رَجَا,رجا,ആഗ്രഹിച്ചു/പ്രതീക്ഷിച്ചു
Rejected,رَفَضَ,رفض,നിഷേധിച്ചു/തള്ളിക്കളഞ്ഞു
Raised/Lifted,رَفَعَ,رفع,ഉയർത്തി
Drew/Painted,رَسَمَ,رسم,വരച്ചു
Sent/Dispatched,أَرْسَلَ,ارسل,അയച്ചു
Agreed,رَضِيَ,رضي,സമ്മതിച്ചു
Lived/Subsisted,عَاشَ,عاش,ജീവിച്ചു
Was easy,سَهُلَ,سهل,എളുപ്പമായിരുന്നു
Arranged/Ordered,رَتَّبَ,رتب,ക്രമീകരിച്ചു
Inherited,وَرِثَ,ورث,അവകാശം നേടി
Rested/Was comfortable,اِسْتَرَاحَ,استراح,വിശ്രമിച്ചു
Rented,اِسْتَأْجَرَ,استاجر,വാടകയ്ക്ക് എടുത്തു
Waged war,حَارَبَ,حارب,യുദ്ധം ചെയ്തു
Rode,رَكِبَ,ركب,ഓടിച്ചു/സവാരി ചെയ്തു
Kicked,رَكَلَ,ركل,ചവിട്ടി
Bowed (in prayer),رَكَعَ,ركع,കുനിച്ചു/വണങ്ങി
Shook/Trembled,اِرْتَجَفَ,ارتجف,കുലുങ്ങി
Advanced/Progressed,تَقَدَّمَ,تقدم,പുരോഗമിച്ചു
Was merciful,رَحِمَ,رحم,കരുണ കാണിച്ചു
Observed/Monitored,رَاقَبَ,راقب,നിരീക്ഷിച്ചു
Nourished/Sustained,رَزَقَ,رزق,ഭക്ഷണം നൽകി/പോറ്റുന്നു
Was terrified,رَاعَ,راع,ഭയപ്പെട്ടു
Managed/Supervised,أَدَارَ,ادار,നിയന്ത്രിച്ചു
Took an oath,حَلَفَ,حلف,ശപഥം ചെയ്തു
Invested,اِسْتَثْمَرَ,استثمر,നിക്ഷേപിച്ചു
Was defeated,هُزِمَ,هزم,തോൽപ്പിക്കപ്പെട്ടു
Was calm/Stable,رَسَا,رسا,ശാന്തമായി/സ്ഥിരമായിരുന്നു
Passed (by),مَرَّ,مر,കടന്നുപോയി
Planted,زَرَعَ,زرع,നട്ടു
Increased,زَادَ,زاد,വർദ്ധിപ്പിച്ചു
Pasted/Attached,رَبَطَ,ربط,ഒട്ടിച്ചു/ചേർത്തു
Was associated with,اِرْتَبَطَ,ارتبط,ബന്ധപ്പെട്ടു
Followed,تَبِعَ,تبع,പിന്തുടർന്നു
Shouted,صَرَخَ,صرخ,അലറി
Got up,قَامَ,قام,എഴുന്നേറ്റു
Told/Narrated,رَوَى,روي,പറഞ്ഞു/വിവരിച്ചു
Made a promise,وَعَدَ,وعد,വാഗ്ദാനം ചെയ്തു
Was delighted,فَرِحَ,فرح,സന്തോഷിച്ചു
Made soft/Lenient,رَقَّ,رق,മൃദുവായി
Became slender,رَقَّ,رق,മെലിഞ്ഞു
Wished for,تَمَنَّى,تمني,ആശംസിച്ചു
Doubted,شَكَّ,شك,സംശയിച്ചു
Accepted (a challenge),تَقَبَّلَ,تقبل,ഏറ്റെടുത്തു
Tended (to animals),رَعَى,رعي,പരിപാലിച്ചു
Sewed,خَاطَ,خاط,തുന്നി
Reached,وَصَلَ,وصل,എത്തി
Flower,زَهْرَة,زهرة,പൂവ്
Wife/Spouse,زَوْجَة,زوجة,ഭാര്യ/ഇണ
Husband/Spouse,زَوْج,زوج,ഭർത്താവ്/ഇണ
Corner/Angle,زَاوِيَة,زاوية,കോൺ/മൂല
Earthquake,زِلْزَال,زلزال,ഭൂകമ്പം
Time/Period,زَمَن,زمن,സമയം/കാലഘട്ടം
Poverty,فَقْر,فقر,ദാരിദ്ര്യം
Decoration/Ornament,زِينَة,زينة,അലങ്കാരം
Visitor,زَائِر,زاير,സന്ദർശകൻ
Glass,زُجَاج,زجاج,ഗ്ലാസ്
Agriculture/Farming,زِرَاعَة,زراعة,കൃഷി
Zone/Region,مِنْطَقَة,منطقة,മേഖല
Zero,صِفْر,صفر,പൂജ്യം
Wedding/Marriage,زَوَاج,زواج,വിവാഹം
Pillar/Support,دِعَامَة,دعامة,തൂൺ/താങ്ങ്
A fault/Defect,عَيْب,عيب,ഒരു തകരാറ്
Cumin,كَمُّون,كمون,ജീരകം
Bell/Gong,جَرَس,جرس,മണി
Crowd/Traffic,اِزْدِحَام,ازدحام,ജനത്തിരക്ക്
Trip/Visit,زِيَارَة,زيارة,സന്ദർശനം
A corner,رُكْن,ركن,ഒരു മൂല
Boat/Ship,قَارِب,قارب,ബോട്ട്/കപ്പൽ
Zoom/Enlargement,تَكْبِير,تكبير,വലുതാക്കൽ
A field,حَقْل,حقل,ഒരു വയൽ
A storm,عَاصِفَة,عاصفة,ഒരു കൊടുങ്കാറ്റ്
Luxury/Comfort,رَفَاهِيَة,رفاهية,ആഢംബരം
Excess/Increase,زِيَادَة,زيادة,അതികം/വർദ്ധനവ്
A button,زِرّ,زر,ഒരു ബട്ടൺ
A path/Way,طَرِيق,طريق,ഒരു വഴി
An edge,حَافَّة,حافة,ഒരു അറ്റം
A tremor,رِعْشَة,رعشة,ഒരു വിറയൽ
A mixture,خَلِيط,خليط,ഒരു മിശ്രിതം
Small pieces,شَظَايَا,شظايا,ചെറിയ കഷണങ്ങൾ
An era,عَصْر,عصر,ഒരു കാലഘട്ടം
Flowers,زُهُور,زهور,പൂക്കൾ
Olives,زَيْتُون,زيتون,ഒലിവുകൾ
Wives,زَوْجَات,زوجات,ഭാര്യമാർ
Farming,زَرْع,زرع,കൃഷി
Butter,سَمْن,سمن,നെയ്യ്
A visit,زِيَارَة,زيارة,ഒരു യാത്ര
An increase,إِزَادَة,ازادة,ഒരു അധികം
The corner,زَاوِيَة,زاوية,മൂല
The glass,زُجَاج,زجاج,ചില്ല്
An ornament,زِينَة,زينة,ഒരു അലങ്കാരം
A flower bed,مَزْرَعَة,مزرعة,ഒരു പൂന്തോട്ടം
A pilgrim,حَاجّ,حاج,ഒരു തീർത്ഥാടകൻ
Visited,زَارَ,زار,സന്ദർശിച്ചു
Got married,تَزَوَّجَ,تزوج,വിവാഹം കഴിച്ചു
Slipped/Stumbled,زَلَّ,زل,വഴുതി/ഇടറി
Weighed,وَزَنَ,وزن,തൂക്കി
Decorated/Adorned,زَيَّنَ,زين,അലങ്കരിച്ചു
Was heavy,وَزَنَ,وزن,ഭാരമുള്ളതായിരുന്നു
Crept/Crawled,زَحَفَ,زحف,ഇഴഞ്ഞു
Shook/Trembled,اِرْتَعَشَ,ارتعش,കുലുങ്ങി
Forced/Pushed,زَحَمَ,زحم,തള്ളി/നിർബന്ധിച്ചു
Separated/Divided,فَصَلَ,فصل,വേർതിരിച്ചു
Moved (slowly),اِنْزَلَقَ,انزلق,പതുക്കെ നീങ്ങി
Spread/Expanded,اِنْتَشَرَ,انتشر,പരന്നു
Made clear/Obvious,أَظْهَرَ,اظهر,വ്യക്തമാക്കി
Was decorated,تَزَيَّنَ,تزين,അലങ്കരിക്കപ്പെട്ടു
Visited (often),تَزَاوَرَ,تزاور,സന്ദർശിച്ചു
Increased/Exceeded,اِزْدَادَ,ازداد,വർദ്ധിച്ചു
Met (with),اِلْتَقَى,التقي,കണ്ടു
Withered/Faded,ذَبَلَ,ذبل,വാടി
Was equipped,تَجَهَّزَ,تجهز,സജ്ജനായി
Was compressed,اِنْضَغَطَ,انضغط,ഞെരുങ്ങി
Was abundant,كَثُرَ,كثر,ധാരാളമായിരുന്നു
Moved aside,اِنْزَاحَ,انزاح,മാറിപ്പോയി
Removed/Took away,أَزَالَ,ازال,നീക്കം ചെയ്തു
Was crowded,اِزْدَحَمَ,ازدحم,തിരക്കായിരുന്നു
Slid down,اِنْزَلَقَ,انزلق,താഴേക്ക് വഴുതി
Was heavy/Weighed down,ثَقُلَ,ثقل,ഭാരം തോന്നി
Trembled/Shook,اِهْتَزَّ,اهتز,വിറച്ചു
Pushed/Forced,دَفَعَ,دفع,തള്ളി
Was married,زُوِّجَ,زوج,വിവാഹിതനായി
Provided with provisions,رَزَقَ,رزق,ഭക്ഷണം നൽകി
Grew (plants),نَمَا,نما,വളർന്നു
Adorned,زَانَ,زان,അണിയിച്ചു
Made to slip,أَزَلَّ,ازل,വഴുതാൻ കാരണമായി
Provided,وَفَّرَ,وفر,നൽകി
Was shaken,زُلْزِلَ,زلزل,കുലുക്കപ്പെട്ടു
Was compressed,اِنْكَمَشَ,انكمش,ചുരുങ്ങി
Decorated/Embellished,زَخْرَفَ,زخرف,അലങ്കരിച്ചു
Made a sound,أَصْدَرَ,اصدر,ശബ്ദമുണ്ടാക്കി
Divided (a lot),جَزَّأَ,جزا,കൂടുതലായി വിഭജിച്ചു
Was quick/Hasty,سَرُعَ,سرع,വേഗത്തിലായിരുന്നു
Was clean,نَظُفَ,نظف,വൃത്തിയുള്ളതായിരുന്നു
Sword,سَيْف,سيف,വാൾ
Year,سَنَة,سنة,വർഷം
Car,سَيَّارَة,سيارة,കാർ
Question,سُؤَال,سوال,ചോദ്യം
Price,سِعْر,سعر,വില
Peace,سَلَام,سلام,സമാധാനം
Hour/Time,سَاعَة,ساعة,സമയം/മണിക്കൂർ
Market,سُوق,سوق,മാർക്കറ്റ്/ചന്ത
Secret,سِرّ,سر,രഹസ്യം
Speed,سُرْعَة,سرعة,വേഗത
Chain,سِلْسِلَة,سلسلة,ചങ്ങല
Basket,سَلَّة,سلة,കൂട്
Bed/Couch,سَرِير,سرير,കിടക്ക/കട്ടിൽ
Travel/Journey,سَفَر,سفر,യാത്ര
Ship/Boat,سَفِينَة,سفينة,കപ്പൽ
Ambassador,سَفِير,سفير,അംബാസഡർ
Wall,جِدَار,جدار,ചുമർ
Poison,سُمّ,سم,വിഷം
Fish,سَمَك,سمك,മത്സ്യം
Reputation,سُمْعَة,سمعة,കീർത്തി
Habit/Custom,سُلُوك,سلوك,ശീലം/ആചാരം
Silver,فِضَّة,فضة,വെള്ളി
Ladder,سُلَّم,سلم,ഏണി
Behavior,سُلُوك,سلوك,പെരുമാറ്റം
Authority/Power,سُلْطَة,سلطة,അധികാരം
History,تَارِيخ,تاريخ,ചരിത്രം
Easy,سَهْل,سهل,എളുപ്പം
Silence,صَمْت,صمت,മൗനം
Anatomy/Body,جِسْم,جسم,ശരീരം
Happiness,سَعَادَة,سعادة,സന്തോഷം
A magician,سَاحِر,ساحر,ഒരു മന്ത്രവാദി
A path,سَبِيل,سبيل,ഒരു വഴി
The ear,أُذُن,اذن,ചെവി
Cloud,سَحَاب,سحاب,മേഘം
A curtain,سِتَار,ستار,ഒരു മൂടുപടം
Magic/Witchcraft,سِحْر,سحر,മാന്ത്രികം
An ambassador,سَفِير,سفير,ഒരു പ്രതിനിധി
A question,سُؤَال,سوال,ഒരു അന്വേഷണം
The level/Surface,سَطْح,سطح,നിരപ്പ്
A line,صَفّ,صف,ഒരു നിര
A rope,حَبْل,حبل,ഒരു കയർ
The foundation,أَسَاس,اساس,അടിത്തറ
The end,نِهَايَة,نهاية,അവസാനം
A record,سِجِلّ,سجل,ഒരു രേഖ
Asked,سَأَلَ,سال,ചോദിച്ചു
Fell,سَقَطَ,سقط,വീണു
Lived/Dwelt,سَكَنَ,سكن,താമസിച്ചു
Remained silent,سَكَتَ,سكت,മൗനം പാലിച്ചു
Ran,رَكَضَ,ركض,ഓടി
Walked,سَارَ,سار,നടന്നു
Stole,سَرَقَ,سرق,മോഷ്ടിച്ചു
Was happy,سَعِدَ,سعد,സന്തോഷവാനായിരുന്നു
Drew/Pulled,سَحَبَ,سحب,വലിച്ചു
Helped,سَاعَدَ,ساعد,സഹായിച്ചു
Allowed/Permitted,سَمَحَ,سمح,അനുവദിച്ചു
Heard,سَمِعَ,سمع,കേട്ടു
Named/Called,سَمَّى,سمي,പേരിട്ടു/വിളിച്ചു
Became easy,سَهُلَ,سهل,എളുപ്പമായി
Registered/Recorded,سَجَّلَ,سجل,രേഖപ്പെടുത്തി
Prostrated,سَجَدَ,سجد,സാഷ്ടാംഗം ചെയ്തു
Controlled/Dominated,سَيْطَرَ,سيطر,നിയന്ത്രിച്ചു
Contributed,سَاهَمَ,ساهم,സംഭാവന ചെയ്തു
Finished/Concluded,أَنْهَى,انهي,പൂർത്തിയാക്കി
Settled/Stabilized,اِسْتَقَرَّ,استقر,സ്ഥിരമായി
Received,اِسْتَلَمَ,استلم,ലഭിച്ചു
Wished for/Requested,اِسْتَرْحَمَ,استرحم,ആവശ്യപ്പെട്ടു
Became drunk,سَكِرَ,سكر,ലഹരിയിലായി
Turned around,اِنْعَطَفَ,انعطف,തിരിഞ്ഞു
Drove,قَادَ,قاد,ഓടിച്ചു
Hated,كَرِهَ,كره,വെറുത്തു
Established/Founded,أَسَّسَ,اسس,സ്ഥാപിച്ചു
Handed over,سَلَّمَ,سلم,കൈമാറി
Was saved/Safe,سَلِمَ,سلم,സുരക്ഷിതമായി
Spoke,تَحَدَّثَ,تحدث,സംസാരിച്ചു
Contested/Raced,سَابَقَ,سابق,മത്സരിച്ചു
Equaled/Matched,تَسَاوَى,تساوي,തുല്യമായി
Interrogated,اِسْتَجْوَبَ,استجوب,ചോദ്യം ചെയ്തു
Used,اِسْتَخْدَمَ,استخدم,ഉപയോഗിച്ചു
Derived/Extracted,اِسْتَنْبَطَ,استنبط,ഉദ്ഭവിച്ചു/വേർതിരിച്ചെടുത്തു
Ignited/Lit,أَشْعَلَ,اشعل,കത്തിച്ചു
Became master/Ruled,سَادَ,ساد,യജമാനനായി/ഭരിച്ചു
Made a record,سَجَّلَ,سجل,രേഖപ്പെടുത്തി
Flowed (water),سَالَ,سال,ഒഴുകി
Worn out,بَلِيَ,بلي,പഴകി
Was fast,سَرُعَ,سرع,വേഗത്തിലായിരുന്നു
Became intoxicated,سَكِرَ,سكر,മത്തനായി
Broke (a promise),خَالَفَ,خالف,ലംഘിച്ചു
Gave freely,جَادَ,جاد,സ്വതന്ത്രമായി നൽകി
Drew near,قَرُبَ,قرب,അടുത്തു
Traveled (by night),سَرَى,سري,രാത്രി യാത്ര ചെയ്തു
Poet,شَاعِر,شاعر,കവി
People/Folk,شَعْب,شعب,ജനം/ആളുകൾ
Thing/Matter,شَيْء,شيء,കാര്യം/വസ്തു
Evil/Badness,شَرّ,شر,തിന്മ/മോശം
Window,نَافِذَة,نافذة,ജാലകം
Road/Street,شَارِع,شارع,റോഡ്/തെരുവ്
Police,شُرْطَة,شرطة,പോലീസ്
Youth/Young man,شَابّ,شاب,യുവാവ്
Net/Trap,شَبَكَة,شبكة,വല/കെണി
Company/Partner,شَرِكَة,شركة,കമ്പനി/പങ്കാളി
Witness,شَاهِد,شاهد,സാക്ഷി
Condition/Term,شَرْط,شرط,വ്യവസ്ഥ/നിബന്ധന
Sense/Feeling,شُعُور,شعور,അനുഭവം/ബോധം
Winter,شِتَاء,شتاء,ശീതകാലം
Doubt,شَكّ,شك,സംശയം
Thirst,عَطَش,عطش,ദാഹം
Thankfulness,شُكْر,شكر,നന്ദി
Candle,شَمْعَة,شمعة,മെഴുകുതിരി
Shore/Beach,شَاطِئ,شاطي,തീരം/കടൽത്തീരം
Honor,شَرَف,شرف,ബഹുമാനം
Courage,شَجَاعَة,شجاعة,ധൈര്യം
Drink,شَرَاب,شراب,പാനീയം
Satan/Devil,شَيْطَان,شيطان,പിശാച്
A star,نَجْم,نجم,ഒരു നക്ഷത്രം
A line/Row,صَفّ,صف,ഒരു വരി/നിര
East,شَرْق,شرق,കിഴക്ക്
Laughter,ضَحِك,ضحك,ചിരി
Medicine/Cure,دَوَاء,دواء,മരുന്ന്/ചികിത്സ
A glass,زُجَاج,زجاج,ഒരു ഗ്ലാസ്
Flames/A sparkle,شَرَارَة,شرارة,തീജ്വാല/ഒരു തിളക്കം
A form/Shape,شَكْل,شكل,ഒരു രൂപം
Youth,شَبَاب,شباب,യൗവനം
Partner,شَرِيك,شريك,പങ്കി
Poetry,شِعْر,شعر,കവിത
Popularity,شُهْرَة,شهرة,ജനപ്രീതി
Certificate,شَهَادَة,شهادة,സർട്ടിഫിക്കറ്റ്
Anxiety/Worry,قَلَق,قلق,വിഷമം/ആശങ്ക
Sunlight,شَمْس,شمس,സൂര്യപ്രകാശം
The North,شَمَال,شمال,വടക്ക്
Lips,شَفَة,شفة,ചുണ്ടുകൾ
Thorn,شَوْك,شوك,മുള്ളുകൾ
An explanation,شَرْح,شرح,ഒരു വിശദീകരണം
A witness,شَاهِد,شاهد,ഒരു സാക്ഷി
The face,وَجْه,وجه,മുഖം
A piece,قِطْعَة,قطعة,ഒരു കഷണം
Drank,شَرِبَ,شرب,കുടിച്ചു
Felt,شَعَرَ,شعر,അനുഭവിച്ചു
Saw/Watched,شَاهَدَ,شاهد,കണ്ടു/നിരീക്ഷിച്ചു
Thanked,شَكَرَ,شكر,നന്ദി പറഞ്ഞു
Participated/Shared,شَارَكَ,شارك,പങ്കെടുത്തു
Published/Spread,نَشَرَ,نشر,പ്രസിദ്ധീകരിച്ചു/പരന്നു
Consulted,شَاوَرَ,شاور,ആലോചിച്ചു
Doubled,ضَاعَفَ,ضاعف,ഇരട്ടിയാക്കി
Compared,قَارَنَ,قارن,താരതമ്യം ചെയ്തു
Was difficult,صَعُبَ,صعب,കഠിനമായിരുന്നു
Explained/Described,شَرَحَ,شرح,വിശദീകരിച്ചു
Shook/Trembled,اِرْتَعَشَ,ارتعش,വിറച്ചു/കുലുങ്ങി
Became famous,اِشْتَهَرَ,اشتهر,പ്രശസ്തനായി
Bought/Purchased,اِشْتَرَى,اشتري,വാങ്ങി
Complained,شَكَا,شكا,പരാതിപ്പെട്ടു
Missed/Longed for,اِشْتَاقَ,اشتاق,ആഗ്രഹിച്ചു/മിസ്സ് ചെയ്തു
Looked (at),نَظَرَ,نظر,നോക്കി
Glowed/Shone,أَشْرَقَ,اشرق,തിളങ്ങി
Contained/Included,شَمِلَ,شمل,ഉൾപ്പെടുത്തി
Felt sympathy,شَفَقَ,شفق,സഹാനുഭൂതി തോന്നി
Interceded/Mediated,شَفَعَ,شفع,ശുപാർശ ചെയ്തു
Shouted/Screamed,صَرَخَ,صرخ,അലറി/നിലവിളിച്ചു
Stood up,قَامَ,قام,എഴുന്നേറ്റു നിന്നു
Was happy,سَعِدَ,سعد,സന്തുഷ്ടനായി
Split/Tore,شَقَّ,شق,കീറി
Was busy,اِنْشَغَلَ,انشغل,തിരക്കിലായിരുന്നു
Set (sun),غَرَبَ,غرب,അസ്തമിച്ചു
Gave (a gift),أَهْدَى,اهدي,സമ്മാനം നൽകി
Lit/Ignited,أَشْعَلَ,اشعل,കത്തിച്ചു
Wasted/Spoiled,أَتْلَفَ,اتلف,നഷ്ടപ്പെടുത്തി
Divided/Split,قَسَمَ,قسم,വിഭജിച്ചു
Formed/Shaped,شَكَّلَ,شكل,രൂപപ്പെടുത്തി
Consulted (with),تَشَاوَرَ,تشاور,ചർച്ച ചെയ്തു
Was saved/Healed,شُفِيَ,شفي,സുഖമായി
Became a partner,شَارَكَ,شارك,പങ്കാളിയായി
Spread rumors,شَاعَ,شاع,അഭ്യൂഹം പരത്തി
Was concerned/Worried,قَلِقَ,قلق,വിഷമിച്ചു
Used (a weapon),اِسْتَخْدَمَ,استخدم,ഉപയോഗിച്ചു
Got tired,تَعِبَ,تعب,ക്ഷീണിച്ചു
Felt pity,شَفَقَ,شفق,കരുണ തോന്നി
Distracted,صَرَفَ,صرف,ശ്രദ്ധ തിരിച്ചു
Was injured,جُرِحَ,جرح,മുറിവേറ്റു
Took off (clothes),خَلَعَ,خلع,ഊരിമാറ്റി
Gave evidence,شَهِدَ,شهد,സാക്ഷ്യം നൽകി
Was covered,غُطِّيَ,غطي,മൂടപ്പെട്ടു
Drank (a lot),اِسْتَشْرَبَ,استشرب,ധാരാളം കുടിച്ചു
Was spread,اِنْتَشَرَ,انتشر,പരക്കപ്പെട്ടു
Made to drink,أَشْرَبَ,اشرب,കുടിക്കാൻ നൽകി
Morning,صَبَاح,صباح,പ്രഭാതം
Friend,صَدِيق,صديق,കൂട്ടുകാരൻ/സുഹൃത്ത്
Truth/Honesty,صِدْق,صدق,സത്യം/സത്യസന്ധത
Prayer,صَلَاة,صلاة,പ്രാർത്ഥന
Picture/Image,صُورَة,صورة,ചിത്രം/രൂപം
Sound/Voice,صَوْت,صوت,ശബ്ദം
Difficulty,صُعُوبَة,صعوبة,പ്രയാസം
Row/Line,صَفّ,صف,വരി/നിര
Patience,صَبْر,صبر,ക്ഷമ
A plate/Dish,صَحْن,صحن,തളിക/പാത്രം
A page,صَفْحَة,صفحة,ഒരു പേജ്
Health,صِحَّة,صحة,ആരോഗ്യം
Box/Chest,صُنْدُوق,صندوق,പെട്ടി
Smallness/Youth,صِغَر,صغر,ചെറുപ്പം
Summer,صَيْف,صيف,വേനൽക്കാലം
A Bank (financial),مَصْرِف,مصرف,ബാങ്ക്/നാണയവിനിമയ സ്ഥലം
A cry/Shout,صَيْحَة,صيحة,ഒരു നിലവിളി
A form/Type,صِنْف,صنف,ഒരു തരം/രൂപം
Friendship,صَدَاقَة,صداقة,സൗഹൃദം
A shout,صَرْخَة,صرخة,ഒരു കൂക്കി വിളി
Wool,صُوف,صوف,കമ്പിളി
Fist,قَبْضَة,قبضة,മുഷ്ടി
A whistle,صَفِير,صفير,ഒരു ചൂളം
A craftsman,صَانِع,صانع,ഒരു കരകൗശലക്കാരൻ
Honest person,صَادِق,صادق,സത്യസന്ധൻ
Smallpox,جُدَرِيّ,جدري,വസൂരി
A factory,مَصْنَع,مصنع,ഒരു നിർമ്മാണശാല
Disaster/Calamity,مُصِيبَة,مصيبة,ദുരന്തം
A hunter,صَيَّاد,صياد,ഒരു വേട്ടക്കാരൻ
The essence,صُلْب,صلب,സാരം
A mold/Form,صِيغَة,صيغة,ഒരു അച്ച്/രൂപം
The chin,ذَقَن,ذقن,താടി
A recipe/Description,وَصْفَة,وصفة,പാചകവിധി/വിവരണം
Mint,صَرْف,صرف,നാണയം നിർമ്മിക്കുന്ന സ്ഥലം
A fishing net,شَبَكَة,شبكة,മീൻ വല
The light,ضَوْء,ضوء,പ്രകാശം
Morning prayer,صَلَاة الْفَجْر,صلاة الفجر,പ്രഭാത നമസ്കാരം
Cleanliness/Purity,صَفَاء,صفاء,ശുദ്ധി
A whistle,صَفَّارَة,صفارة,വിസിൽ
The structure,هَيْكَل,هيكل,ഘടന
A description,وَصْف,وصف,ഒരു വിവരണം
A hunter,قَانِص,قانص,വേട്ടക്കാരൻ
A small child,صَغِير,صغير,ഒരു കൊച്ചുകുട്ടി
Accuracy/Precision,دِقَّة,دقة,കൃത്യത
A chest,صَدْر,صدر,മാറ്
The bank (of a river),ضَفَّة,ضفة,നദീതീരം
The cross,صَلِيب,صليب,കുരിശ്
Became,صَارَ,صار,ആയിത്തീർന്നു
Prayed,صَلَّى,صلي,പ്രാർത്ഥിച്ചു (നമസ്കരിച്ചു)
Believed/Confirmed,صَدَّقَ,صدق,വിശ്വസിച്ചു/സത്യപ്പെടുത്തി
Shouted/Cried out,صَاحَ,صاح,അലറി/നിലവിളിച്ചു
Made/Manufactured,صَنَعَ,صنع,ഉണ്ടാക്കി/നിർമ്മിച്ചു
Hunted,صَاد,صاد,വേട്ടയാടി
Described,وَصَفَ,وصف,വിവരിച്ചു
Climbed/Ascended,صَعِدَ,صعد,കയറി
Became small,صَغُرَ,صغر,ചെറുതായി
Corrected/Repaired,صَلَحَ,صلح,ശരിയാക്കി/നന്നാക്കി
Published/Issued,أَصْدَرَ,اصدر,പ്രസിദ്ധീകരിച്ചു
Woke up,اِسْتَيْقَظَ,استيقظ,ഉണർന്നു
Reached/Arrived,وَصَلَ,وصل,എത്തി
Became yellow,اِصْفَرَّ,اصفر,മഞ്ഞളിച്ചു
Made peace,صَالَحَ,صالح,സമാധാനം ഉണ്ടാക്കി
Accompanied,صَاحَبَ,صاحب,കൂട്ടുകൂടി
Was honest,صَدَقَ,صدق,സത്യസന്ധനായി
Agreed,اِتَّفَقَ,اتفق,സമ്മതിച്ചു
Wished/Aspirated,تَمَنَّى,تمني,ആഗ്രഹിച്ചു
Made difficult,صَعَّبَ,صعب,പ്രയാസപ്പെടുത്തി
Became difficult,صَعُبَ,صعب,പ്രയാസമായി
Made noise,أَصْدَرَ,اصدر,ശബ്ദമുണ്ടാക്കി
Became friends,تَصَادَقَ,تصادق,സുഹൃത്തുക്കളായി
Prepared/Arranged,أَعَدَّ,اعد,തയ്യാറാക്കി
Willed/Intended,أَرَادَ,اراد,ഉദ്ദേശിച്ചു
Made someone pray,أَصْلَى,اصلي,നമസ്കരിപ്പിച്ചു
Shot/Fired,أَطْلَقَ,اطلق,വെടിവെച്ചു
Was purified/Cleared,صُفِّيَ,صفي,ശുദ്ധീകരിക്കപ്പെട്ടു
Got up (morning),أَصْبَحَ,اصبح,രാവിലെ എഴുന്നേറ്റു
Took a picture,صَوَّرَ,صور,ചിത്രമെടുത്തു
Stood (firmly),صَمَدَ,صمد,ഉറച്ചു നിന്നു
Was deaf,صَمَّ,صم,ബധിരനായി
Confiscated,صَادَرَ,صادر,കണ്ടുകെട്ടി
Was hit,ضَرَبَ,ضرب,അടിച്ചു
Fasted (sawm),صَامَ,صام,നോമ്പെടുത്തു
Turned away,أَعْرَضَ,اعرض,തിരിഞ്ഞു നിന്നു
Decided,قَرَّرَ,قرر,തീരുമാനിച്ചു
Was small,صَغُرَ,صغر,ചെറുതായിരുന്നു
Made something sound,صَوَّتَ,صوت,ശബ്ദമുണ്ടാക്കി
Was wounded,جُرِحَ,جرح,മുറിവേറ്റു
Was corrected,أُصْلِحَ,اصلح,ശരിയാക്കപ്പെട്ടു
Was photographed,صُوِّرَ,صور,ചിത്രീകരിക്കപ്പെട്ടു
Was published,صُودِرَ,صودر,പ്രസിദ്ധീകരിക്കപ്പെട്ടു
Was manufactured,صُنِعَ,صنع,നിർമ്മിക്കപ്പെട്ടു
Struck (with hand),صَفَعَ,صفع,കൈകൊണ്ട് അടിച്ചു
Used (a tool),اِسْتَخْدَمَ,استخدم,ഉപയോഗിച്ചു
Was heard,سُمِعَ,سمع,കേൾക്കപ്പെട്ടു
Light,ضَوْء,ضوء,പ്രകാശം
Side/Bank,ضِفَّة,ضفة,വശം/തീരം
Damage/Harm,ضَرَر,ضرر,നാശം/ദ്രോഹം
Necessity,ضَرُورَة,ضرورة,അത്യാവശ്യം
Guarantee/Pledge,ضَمَان,ضمان,ഉറപ്പ്/പണയം
Opposite,ضِدّ,ضد,വിപരീതം
Laughter,ضَحْك,ضحك,ചിരി
Officer/Warrant Officer,ضَابِط,ضابط,ഓഫീസർ/ഉദ്യോഗസ്ഥൻ
Pressure/Squeeze,ضَغْط,ضغط,സമ്മർദ്ദം/ഞെരുക്കം
Back (of body),ظَهْر,ظهر,പുറം
Conscience,ضَمِير,ضمير,മനസ്സാക്ഷി
Darkness,ظُلْمَة,ظلمة,ഇരുട്ട്
Tax/Levy,ضَرِيبَة,ضريبة,നികുതി
Sacrifice,تَضْحِيَة,تضحية,ബലി
A wound/Injury,جُرْح,جرح,ഒരു മുറിവ്
A guarantee,ضَمَانَة,ضمانة,ഒരു ഉറപ്പ്
A crowd,زِحَام,زحام,ഒരു കൂട്ടം
A sound,صَوْت,صوت,ഒരു ശബ്ദം
A victim,ضَحِيَّة,ضحية,ഒരു ഇര
The narrowness,ضِيق,ضيق,ഇടുക്കം
A strike/Hit,ضَرْبَة,ضربة,ഒരു അടി
A frog,ضِفْدَع,ضفدع,ഒരു തവള
An error/Misunderstanding,خَطَأ,خطا,ഒരു പിഴവ്
A crisis,أَزْمَة,ازمة,ഒരു പ്രതിസന്ധി
The abdomen,بَطْن,بطن,വയറ്
A weak person,ضَعِيف,ضعيف,ഒരു ദുർബലൻ
The opposite/Adversary,خَصْم,خصم,എതിരാളി
A hit/Blow,لَكْمَة,لكمة,ഒരു പ്രഹരം
The truth,حَقِيقَة,حقيقة,സത്യം
A part/Portion,جُزْء,جزء,ഒരു ഭാഗം
A sacrifice,ذَبِيحَة,ذبيحة,ഒരു ബലി
Rule/Regulation,قَاعِدَة,قاعدة,നിയമം
The limit,حَدّ,حد,അതിര്
Hospitality,ضِيَافَة,ضيافة,ആതിഥേയത്വം
Levy/Tax,رَسْم,رسم,ചുങ്കം
A loss,خَسَارَة,خسارة,ഒരു നഷ്ടം
A weak point,نُقْطَة ضَعْف,نقطة ضعف,ഒരു ദുർബലമായ വശം
Brightness,سُطُوع,سطوع,തെളിച്ചം
Tension,تَوَتُّر,توتر,ടെൻഷൻ
Distress,كَرْب,كرب,ദുരിതം
The guests,ضُيُوف,ضيوف,അതിഥികൾ
The sides,أَطْرَاف,اطراف,വശങ്ങൾ
The consciences,ضَمَائِر,ضماير,മനസ്സാക്ഷികൾ
Injuries,إِصَابَة,اصابة,പരിക്കുകൾ
Error/Straying,ضَلَال,ضلال,വഴിതെറ്റൽ
Multiplication/Hit,ضَرْب,ضرب,ഗുണനം/അടി
Hit/Struck,ضَرَبَ,ضرب,അടിച്ചു/പ്രഹരിച്ചു
Lost/Strayed,ضَلَّ,ضل,നഷ്ടപ്പെട്ടു/വഴിതെറ്റി
Laughed,ضَحِكَ,ضحك,ചിരിച്ചു
Forced/Compelled,أَجْبَرَ,اجبر,നിർബന്ധിച്ചു
Secured/Guaranteed,ضَمِنَ,ضمن,ഉറപ്പുനൽകി/ജാമ്യം നിന്നു
Harmed/Damaged,ضَرَّ,ضر,ദ്രോഹിച്ചു/നാശമുണ്ടാക്കി
Became weak,ضَعُفَ,ضعف,ദുർബലനായി
Pressed/Squeezed,ضَغَطَ,ضغط,അമർത്തി/ഞെക്കി
Sacrificed,ضَحَّى,ضحي,ബലിയർപ്പിച്ചു
Embraced/Included,ضَمَّ,ضم,ആശ്ലേഷിച്ചു/ഉൾപ്പെടുത്തി
Made someone laugh,أَضْحَكَ,اضحك,ചിരിപ്പിച്ചു
Became narrow,ضَاقَ,ضاق,ഇടുങ്ങി/വിശാലത കുറഞ്ഞു
Opposed,عَارَضَ,عارض,എതിർത്തു
Consolidated/Included,ضَافَ,ضاف,ഉറപ്പിച്ചു/ചേർത്തു
Accepted,قَبِلَ,قبل,സ്വീകരിച്ചു
Came out/Emerged,خَرَجَ,خرج,പുറത്തുവന്നു
Was harmed,تَضَرَّرَ,تضرر,ദ്രോഹിക്കപ്പെട്ടു
Was pressured,اِنْضَغَطَ,انضغط,സമ്മർദ്ദത്തിലായി
Was guaranteed,تَضَمَّنَ,تضمن,ഉറപ്പാക്കപ്പെട്ടു
Wasted/Lost,أَضَاعَ,اضاع,നഷ്ടപ്പെടുത്തി
Was hit/Struck,ضُرِبَ,ضرب,അടിക്കപ്പെട്ടു
Began/Started,بَدَأَ,بدا,തുടങ്ങി
Made someone lost,أَضَلَّ,اضل,വഴിതെറ്റിച്ചു
Oppressed/Wronged,ظَلَمَ,ظلم,പീഡിപ്പിച്ചു
Contained,اِحْتَوَى,احتوي,ഉൾക്കൊണ്ടു
Was forced,اُضْطُرَّ,اضطر,നിർബന്ധിക്കപ്പെട്ടു
Joined/Annexed,ضَمَّ,ضم,ചേർത്തു/കൈവശപ്പെടുത്തി
Made light,أَضَاءَ,اضاء,പ്രകാശം നൽകി
Came as a guest,اِسْتَضَافَ,استضاف,അതിഥിയായി വന്നു
Felt narrow,تَضَايَقَ,تضايق,ഇടുക്കം തോന്നി
Included,أَدْرَجَ,ادرج,ചേർത്തു
Was doubled,تَضَاعَفَ,تضاعف,ഇരട്ടിയായി
Got involved,تَدَخَّلَ,تدخل,ഇടപെട്ടു
Made an effort,اِجْتَهَدَ,اجتهد,പരിശ്രമിച്ചു
Covered,غَطَّى,غطي,മൂടി
Was visible,كَشَفَ,كشف,ദൃശ്യമായി
Pasted/Attached,أَلْصَقَ,الصق,ഒട്ടിച്ചു
Wished/Desired,تَمَنَّى,تمني,ആഗ്രഹിച്ചു
Was given light,أُنِيرَ,انير,പ്രകാശം ലഭിച്ചു
Became expert,تَخَبَّرَ,تخبر,വിദഗ്ദ്ധനായി
Doctor,طَبِيب,طبيب,ഡോക്ടർ
Road/Way,طَرِيق,طريق,വഴി/പാത
Table,طَاوِلَة,طاولة,മേശ
Food/Meal,طَعَام,طعام,ഭക്ഷണം
Student,طَالِب,طالب,വിദ്യാർത്ഥി
Layer/Floor,طَابَق,طابق,നില/അടുക്ക്
Printing/Edition,طِبَاعَة,طباعة,അച്ചടി/പതിപ്പ്
Nature/Temperament,طَبِيعَة,طبيعة,സ്വഭാവം
Luck/Fortune,حَظّ,حظ,ഭാഗ്യം
Plate/Dish,طَبَق,طبق,തളിക/പാത്രം
Line/Row,صَفّ,صف,വരി/നിര
Child/Infant,طِفْل,طفل,കുഞ്ഞ്
A stamp,طَابَع,طابع,ഒരു സ്റ്റാമ്പ്
Medicine,دَوَاء,دواء,മരുന്ന്
Air/Weather,طَقْس,طقس,വായു/കാലാവസ്ഥ
Energy/Power,طَاقَة,طاقة,ഊർജ്ജം/ശക്തി
Length,طُول,طول,നീളം
A ring,طَوْق,طوق,ഒരു വളയം
Envelope,ظَرْف,ظرف,കവർ
Cook/Chef,طَبَّاخ,طباخ,പാചകക്കാരൻ
The surface,سَطْح,سطح,ഉപരിതലം
A type/Kind,نَوْع,نوع,ഒരു തരം
Plane/Aircraft,طَائِرَة,طايرة,വിമാനം
Purity/Cleanness,نَقَاء,نقاء,ശുദ്ധി
A blow/Hit,ضَرْبَة,ضربة,ഒരു പ്രഹരം
Clay/Mud,طِين,طين,കളിമണ്ണ്
A circle,دَائِرَة,دايرة,ഒരു വൃത്തം
A layer,طَبَقَة,طبقة,ഒരു പടലം
The sky,سَمَاء,سماء,വിണ്ണ്
Horizon,أُفُق,افق,ചക്രവാളം
A method/Style,أُسْلُوب,اسلوب,ഒരു രീതി/ശൈലി
The way,مَسَار,مسار,മാർഗ്ഗം
Purity,طُهْر,طهر,വിശുദ്ധി
A wish/Desire,أُمْنِيَة,امنية,ഒരു ആഗ്രഹം
The sun,شَمْس,شمس,സൂര്യൻ
A decision,قَرَار,قرار,ഒരു തീരുമാനം
Medicine/Treatment,مُعَالَجَة,معالجة,ചികിത്സ
A roof,سَقْف,سقف,ഒരു മേൽക്കൂര
A path,سَبِيل,سبيل,ഒരു സഞ്ചാരമാർഗ്ഗം
An edge/Side,طَرَف,طرف,ഒരു അറ്റം/വശം
The body,جِسْم,جسم,ശരീരം
The middle,وَسَط,وسط,മധ്യം
The distance,مَسَافَة,مسافة,ദൂരം
Birds,طُيُور,طيور,പക്ഷികൾ
A long time,زَمَن طَوِيل,زمن طويل,ഒരു നീണ്ട സമയം
The periphery,نِطَاق,نطاق,പരിധി
A piece/Part,جُزْء,جزء,ഒരു ഭാഗം
Flew,طَارَ,طار,പറന്നു
Asked/Demanded,طَلَبَ,طلب,ചോദിച്ചു/ആവശ്യപ്പെട്ടു
Cooked,طَبَخَ,طبخ,പാചകം ചെയ്തു
Printed/Published,طَبَعَ,طبع,അച്ചടിച്ചു/പ്രസിദ്ധീകരിച്ചു
Ate/Tasted,طَعِمَ,طعم,ഭക്ഷിച്ചു/രുചിച്ചു
Reached/Looked out,أَطَلَّ,اطل,എത്തി/നോക്കി
Extended/Lasted,أَطَالَ,اطال,നീട്ടി/നീണ്ടുനിന്നു
Rose/Appeared,طَلَعَ,طلع,ഉയർന്നു/പ്രത്യക്ഷപ്പെട്ടു
Was long,طَالَ,طال,നീളമുള്ളതായിരുന്നു
Freed/Released,أَطْلَقَ,اطلق,സ്വതന്ത്രമാക്കി
Ascended/Climbed,صَعِدَ,صعد,കയറി
Fell/Dropped,سَقَطَ,سقط,വീണു
Put out (fire),أَطْفَأَ,اطفا,അണച്ചു
Stabbed/Pierced,طَعَنَ,طعن,കുത്തി
Circumambulated,طَافَ,طاف,ചുറ്റിസഞ്ചരിച്ചു
Repudiated (divorced),طَلَّقَ,طلق,വിവാഹബന്ധം വേർപെടുത്തി
Was happy/Kind,طَابَ,طاب,സന്തോഷവാനായി/ദയയുള്ളവനായി
Gave (a gift),أَعْطَى,اعطي,നൽകി
Gave (food),أَطْعَمَ,اطعم,ഭക്ഷണം നൽകി
Made someone fly,طَيَّرَ,طير,പറപ്പിച്ചു
Was finished/Ended,اِنْتَهَى,انتهي,അവസാനിച്ചു
Hoped/Aspirated,تَطَلَّعَ,تطلع,പ്രതീക്ഷിച്ചു/ആശിച്ചു
Was natural,تَطَبَّعَ,تطبع,സ്വാഭാവികമായിരുന്നു
Was purified/Cleaned,طَهَّرَ,طهر,ശുദ്ധീകരിക്കപ്പെട്ടു
Was cancelled,أَلْغَى,الغي,റദ്ദാക്കി
Demanded/Requested,اِسْتَطْلَعَ,استطلع,ആവശ്യപ്പെട്ടു
Could/Was able,اِسْتَطَاعَ,استطاع,സാധിച്ചു
Felt good,اِسْتَطَابَ,استطاب,നല്ലതു തോന്നി
Shattered,تَحَطَّمَ,تحطم,തകർന്നു
Was long/Delayed,أَبْطَأَ,ابطا,താമസിച്ചു
Healed/Recovered,شُفِيَ,شفي,സുഖം പ്രാപിച്ചു
Made someone clean,طَهَّرَ,طهر,വൃത്തിയാക്കി
Was obedient,تَطَاوَعَ,تطاوع,അനുസരണയുള്ളവനായി
Was long/Protracted,تَطَاوَلَ,تطاول,ദീർഘിച്ചു
Was delayed,تَأَخَّرَ,تاخر,താമസം നേരിട്ടു
Covered/Wrapped,غَلَّفَ,غلف,പൊതിഞ്ഞു
Fell (down),سَقَطَ,سقط,താഴെ വീണു
Made (clay),طَانَ,طان,ഉണ്ടാക്കി (കളിമണ്ണ്)
Was printed,طُبِعَ,طبع,അച്ചടിക്കപ്പെട്ടു
Was obeyed,أُطِيعَ,اطيع,അനുസരിക്കപ്പെട്ടു
Hoped (for),أَمَلَ,امل,പ്രത്യാശിച്ചു
Reached (maturity),بَلَغَ,بلغ,പ്രായപൂർത്തിയായി
Was kind/Gentle,لَطُفَ,لطف,ദയയുള്ളവനായി
Gazelle,ظَبْي,ظبي,"മാൻ, കലമാൻ"
Envelope/Container,ظَرْف,ظرف,"കവർ, പാത്രം"
Shadow/Shade,ظِلّ,ظل,"നിഴൽ, തണൽ"
Injustice/Oppression,ظُلْم,ظلم,"അനീതി, അക്രമം"
Suspicion/Guess,ظَنّ,ظن,"ഊഹം, സംശയം"
Noon/Midday,ظُهْر,ظهر,"ഉച്ചസമയം, മധ്യാഹ്നം"
Appearance/Surface,ظَاهِر,ظاهر,"രൂപം, ഉപരിതലം"
Victory,ظَفَر,ظفر,"വിജയം, ജയം"
Thirst,ظَمَأ,ظما,ദാഹം
Darkness,ظَلَام,ظلام,ഇരുട്ട്
Back/Rear,ظَهْر,ظهر,"പുറം, പിൻഭാഗം"
Nail (finger/toe),ظُفْر,ظفر,നഖം
A Witty Person,ظَرِيف,ظريف,തമാശക്കാരൻ
Oppressor/Tyrant,ظَالِم,ظالم,"അക്രമി, സ്വേച്ഛാധിപതി"
Phenomenon,ظَاهِرَة,ظاهرة,പ്രതിഭാസം
High Noon/Midday Period,ظَهِيرَة,ظهيرة,ഉച്ചനേരം
Supporter/Helper (Name),ظَهِير,ظهير,സഹായി
Victor (Name),ظَافِر,ظافر,വിജയി
Female Gazelle (Name),ظَبْيَة,ظبية,പെൺ മാൻ
Witty/Elegant (Female Name),ظَرِيفَة,ظريفة,മനോഹരിയായവൾ
The Thirsty One,ظَمْآن,ظمان,ദാഹിക്കുന്നവൻ
A Place Name,ظَفَار,ظفار,ഒരു സ്ഥലപ്പേര്
Gloom/Deep Darkness,ظُلْمَة,ظلمة,"മങ്ങൽ, കനത്ത ഇരുട്ട്"
The Wet Nurse,ظِئْر,ظير,പാലൂട്ടുന്ന സ്ത്രീ
Molar Tooth,ظِرْس,ظرس,അണപ്പല്ല്
Conjectural,ظَنِّيّ,ظني,ഊഹപരമായത്
External/Superficial,ظَاهِرِيّ,ظاهري,ബാഹ്യമായത്
Shadowiness,ظِلَالَة,ظلالة,"നിഴൽ, തണൽ"
Circumstances (Plural),ظُرُوف,ظروف,സാഹചര്യങ്ങൾ
Assumptions (Plural),ظُنُون,ظنون,"ഊഹങ്ങൾ, സംശയങ്ങൾ"
Gazelles (Plural),ظِبَاء,ظباء,കലമാനുകൾ
Deep Darkness (Plural),ظُلُمَات,ظلمات,അന്ധകാരങ്ങൾ
A Type of Fragrant Flower,ظَيَّان,ظيان,സുഗന്ധമുള്ള പൂവ്
Manifestation/Visibility,ظُهُور,ظهور,"പ്രകടനം, ദൃശ്യത"
An Unjust Action,ظُلَامَة,ظلامة,അനീതിപരമായ പ്രവർത്തനം
Darkening/Obscure,ظَلَامِيّ,ظلامي,ഇരുണ്ടത്
Thirsty (Female),ظَمْأَى,ظماي,ദാഹിക്കുന്നവൾ
The Shining One (Name),ظَهْرَان,ظهران,തിളക്കമുള്ളത്
Shadows (Plural),ظِلَال,ظلال,നിഴലുകൾ
One Instance of Thirst,ظَمْأَة,ظماة,ഒറ്റത്തവണത്തെ ദാഹം
One Gazelle,ظَبْيَة,ظبية,ഒരു കലമാൻ
One Oppressor,ظَالِمَة,ظالمة,ഒരു അക്രമി
Nail (One instance),ظُفْرَة,ظفرة,ഒരു നഖം
The Thirsty Place (Name),ظَمْء,ظمء,ദാഹമുള്ള സ്ഥലം
The Outer Layer,ظَاهِرَة,ظاهرة,പുറംഭാഗം
An Act of Elegance,ظَرْفِيَّة,ظرفية,ഭംഗിയുള്ള പ്രവൃത്തി
One who sees (Fig.),ظُنَيْن,ظنين,കാണുന്നവൻ
Male Supporter (Name),ظُهَار,ظهار,സഹായി
A High Place (Fig.),ظُهْرَة,ظهرة,ഉയർന്ന സ്ഥലം
The One Who Wins (Name),ظَافِرَة,ظافرة,വിജയിക്കുന്നവൻ
Appeared/Emerged,ظَهَرَ,ظهر,"പ്രത്യക്ഷപ്പെടുക, ഉയർന്നു വരിക"
Assumed/Thought,ظَنَّ,ظن,"ഊഹിക്കുക, വിചാരിക്കുക"
Triumphed/Won,ظَفِرَ,ظفر,"വിജയിക്കുക, ജയിക്കുക"
Oppressed/Wronged,ظَلَمَ,ظلم,"അക്രമം കാണിക്കുക, അനീതി ചെയ്യുക"
Observed/Looked at,لَحَظَ,لحظ,"നിരീക്ഷിക്കുക, ശ്രദ്ധിക്കുക"
Organized/Arranged,نَظَّمَ,نظم,"സംഘടിപ്പിക്കുക, ക്രമീകരിക്കുക"
Cleaned,نَظَّفَ,نظف,വൃത്തിയാക്കുക
Conserved/Preserved,حَفِظَ,حفظ,"സംരക്ഷിക്കുക, സൂക്ഷിക്കുക"
Uttered/Pronounced,لَفَظَ,لفظ,"ഉച്ചരിക്കുക, മൊഴിയുക"
Woke up/Arose,اِسْتَيْقَظَ,استيقظ,"ഉണരുക, എഴുന്നേൽക്കുക"
Made to appear,أَظْهَرَ,اظهر,പ്രത്യക്ഷപ്പെടുത്തുക
Complained of injustice,تَظَلَّمَ,تظلم,അനീതിയെക്കുറിച്ച് പരാതിപ്പെടുക
Pretended to be witty,تَظَرَّفَ,تظرف,വിനോദക്കാരനായി നടിക്കുക
Became thirsty,ظَمِئَ,ظمي,ദാഹിക്കുക
Considered/Viewed,نَظَرَ,نظر,"പരിഗണിക്കുക, വീക്ഷിക്കുക"
Looked/Gazed (at),لَاحَظَ,لاحظ,തുറിച്ചുനോക്കുക
Protected,حَاظَ,حاظ,സംരക്ഷണം നൽകുക
Made an assumption,تَظَنَّنَ,تظنن,ഊഹം ഉണ്ടാക്കുക
Became victorious,تَظَافَرَ,تظافر,ജേതാവാകുക
Was oppressed,اُنْظُلِمَ,انظلم,അടിച്ചമർത്തപ്പെടുക
Made an announcement,إِظْهَار,اظهار,പ്രഖ്യാപനം നടത്തുക
Cleaned (Intensely),اِسْتَنْظَفَ,استنظف,നന്നായി വൃത്തിയാക്കുക
Was distinguished,تَمَيَّزَ,تميز,വേറിട്ടു നിൽക്കുക
Gave protection/Shade,أَظَلَّ,اظل,തണൽ നൽകുക
Gained (Victory/Success),اِسْتَظْفَرَ,استظفر,വിജയം നേടുക
Was elegant/Witty,ظَرُفَ,ظرف,മനോഹരമാകുക
Went at noon,ظَهَّرَ,ظهر,ഉച്ചയ്ക്ക് പോവുക
Was unjust (Made self),اِظَّلَمَ,اظلم,സ്വയം അനീതി ചെയ്യുക
Made to be thirsty,أَظْمَأَ,اظما,ദാഹമുള്ളവനാക്കുക
Organized (Mutual),تَنَاظَمَ,تناظم,പരസ്പരം സംഘടന ചെയ്യുക
Showed/Demonstrated,اِسْتَظْهَرَ,استظهر,"കാണിക്കുക, തെളിയിക്കുക"
Remembered/Memorized,حَفَّظَ,حفظ,"ഓർക്കുക, മനഃപാഠമാക്കുക"
Asked for protection,اِسْتِظْلَال,استظلال,സംരക്ഷണം ആവശ്യപ്പെടുക
Taught to pronounce,لَفَّظَ,لفظ,ഉച്ചരിക്കാൻ പഠിപ്പിക്കുക
Became apparent,تَظَاهَرَ,تظاهر,വ്യക്തമാകുക
Shaded/Overshadowed,ظَلَّلَ,ظلل,"തണലിടുക, മറയ്ക്കുക"
Became oppressed,اِظْطَلَمَ,اظطلم,പീഡിതനാകുക
Acted wittily,اِظْطَرَفَ,اظطرف,വിവേകത്തോടെ പെരുമാറുക
Was (Under) a shadow,اِظْطَلَّ,اظطل,തണലിലായിരിക്കുക
Was seen/Viewed,نُظِرَ,نظر,"കാണപ്പെടുക, വീക്ഷിക്കപ്പെടുക"
Was cleaned,نُظِّفَ,نظف,വൃത്തിയാക്കപ്പെടുക
Was organized,نُظِّمَ,نظم,സംഘടിപ്പിക്കപ്പെടുക
Oppressed (Mutual),تَظَالَمَ,تظالم,പരസ്പരം അക്രമിക്കുക
Helped/Aided,ظَاهَرَ,ظاهر,"സഹായിക്കുക, തുണയ്ക്കുക"
Was assisted (Mutual),تَظَاهَرَ,تظاهر,പരസ്പരം സഹായിക്കുക
Made it appear,أَظْهَرَ,اظهر,അത് പ്രത്യക്ഷപ്പെടുത്തുക
Was forced to be thirsty,اِسْتَظْمَأَ,استظما,ദാഹിപ്പിക്കുക
Gave a lot of shade,اِسْتَظَلَّ,استظل,ധാരാളം തണൽ നൽകുക
Remembered/Recalled,ذَكَّرَ,ذكر,"ഓർമ്മിപ്പിക്കുക, തിരിച്ചുവിളിക്കുക"
Sought protection,اِسْتَحْفَظَ,استحفظ,സംരക്ഷണം തേടുക
Knowledge/Science,عِلْم,علم,"അറിവ്, ശാസ്ത്രം"
Justice,عَدْل,عدل,"നീതി, ന്യായം"
Mind/Intellect,عَقْل,عقل,"മനസ്സ്, ബുദ്ധി"
Work/Action,عَمَل,عمل,"ജോലി, പ്രവർത്തനം"
Flag/Banner,عَلَم,علم,"പതാക, കൊടി"
World/Universe,عَالَم,عالم,"ലോകം, പ്രപഞ്ചം"
Return/Comeback,عَوْدَة,عودة,"മടക്കം, തിരിച്ചുവരവ്"
Eye/Spring,عَيْن,عين,"കണ്ണ്, നീരുറവ"
Life/Age,عُمْر,عمر,"ജീവിതം, പ്രായം"
Custom/Habit,عَادَة,عادة,"ആചാരം, ശീലം"
Penalty/Punishment,عِقَاب,عقاب,"ശിക്ഷ, പ്രതിഫലം"
Wedding/Feast,عُرْس,عرس,"വിവാഹം, വിരുന്ന്"
Love/Affection,عِشْق,عشق,"സ്നേഹം, വാത്സല്യം"
Difficulty/Hardship,عُسْر,عسر,"ബുദ്ധിമുട്ട്, പ്രയാസം"
Ten,عَشْرَة,عشرة,പത്ത്
Greatness/Glory,عَظَمَة,عظمة,"മഹത്വം, പ്രതാപം"
Bone,عَظْم,عظم,അസ്ഥി
Contract/Covenant,عَقْد,عقد,"കരാർ, ഉടമ്പടി"
Consequence/End,عَاقِبَة,عاقبة,"ഫലം, അവസാനം"
Arab/Arabic (person),عَرَبِيّ,عربي,അറബി (വ്യക്തി)
Throne,عَرْش,عرش,സിംഹാസനം
Gift/Donation,عَطَاء,عطاء,"സമ്മാനം, ദാനം"
Perfume/Aroma,عِطْر,عطر,"സുഗന്ധം, മണം"
Illness/Defect,عِلَّة,علة,"രോഗം, അസുഖം"
Elevation/Height,عُلُوّ,علو,"ഉയരം, ഔന്നത്യം"
Family/Household,عَائِلَة,عايلة,"കുടുംബം, ഗൃഹനാഥൻ"
Capital (city),عَاصِمَة,عاصمة,തലസ്ഥാനം
Fodder/Straw,عَلَف,علف,"കാലിത്തീറ്റ, വൈക്കോൽ"
Sparrow/Small bird,عُصْفُور,عصفور,കുരുവി
Anger/Rage,غَضَب,غضب,"കോപം, ദേഷ്യം"
Pillar/Column,عَمُود,عمود,"തൂൺ, സ്തംഭം"
Habits (Plural),عَادَات,عادات,"ശീലങ്ങൾ, ആചാരങ്ങൾ"
Gifts (Plural),عَطَايَا,عطايا,"സമ്മാനങ്ങൾ, ദാനങ്ങൾ"
Wisdom/Preaching,عِظَة,عظة,"ഉപദേശം, വിവേകം"
Lesson/Moral,عِبْرَة,عبرة,"പാഠം, സന്ദേശം"
Passage/Crossing,عُبُور,عبور,"കടന്നുപോക്ക്, യാത്ര"
Servant/Worshipper,عَبْد,عبد,"ഭൃത്യൻ, ആരാധകൻ"
Dust/Dirt,تُرَاب,تراب,"പൊടി, അഴുക്ക്"
Aromatic plant,عُطْرِيَّة,عطرية,സുഗന്ധമുള്ള സസ്യം
Purity/Virginity,عِفَّة,عفة,"കന്യകാത്വം, വിശുദ്ധി"
Embrace/Hug,عِنَاق,عناق,ആലിംഗനം
Title/Address,عُنْوَان,عنوان,"ശീർഷകം, വിലാസം"
Element/Factor,عُنْصُر,عنصر,"ഘടകം, കാരണം"
Promise/Appointment,وَعْد,وعد,"വാഗ്ദാനം, കൂടിക്കാഴ്ച"
Force/Violence,عُنْف,عنف,"ബലം, അക്രമം"
An era/A period of time,عَصْر,عصر,"ഒരു യുഗം, കാലഘട്ടം"
Knew/Learned,عَلِمَ,علم,"അറിയുക, പഠിക്കുക"
Did/Worked,عَمِلَ,عمل,"പ്രവർത്തിക്കുക, ജോലി ചെയ്യുക"
Returned/Came back,عَادَ,عاد,"മടങ്ങുക, തിരികെ വരിക"
Worshipped/Served,عَبَدَ,عبد,"ആരാധിക്കുക, സേവിക്കുക"
Crossed/Passed,عَبَرَ,عبر,"കടന്നുപോവുക, മറികടക്കുക"
Gave/Bestowed,أَعْطَى,اعطي,"നൽകുക, ദാനം ചെയ്യുക"
Lived/Survived,عَاشَ,عاش,"ജീവിക്കുക, നിലനിൽക്കുക"
Punished/Penalized,عَاقَبَ,عاقب,"ശിക്ഷിക്കുക, ദണ്ഡിക്കുക"
Treated/Handled,عَامَلَ,عامل,"കൈകാര്യം ചെയ്യുക, പെരുമാറുക"
Ascended/Rose,عَلَا,علا,"ഉയരുക, മുകളിലേക്ക് കയറുക"
Broke/Smashed,عَطَبَ,عطب,"തകർക്കുക, ഉടയ്ക്കുക"
Suffered/Was difficult,عَسُرَ,عسر,"കഷ്ടപ്പെടുക, ബുദ്ധിമുട്ടാവുക"
Connected/Linked,عَلَّقَ,علق,"ബന്ധിപ്പിക്കുക, കൂട്ടിച്ചേർക്കുക"
Filled/Packed,عَبَّأَ,عبا,"നിറയ്ക്കുക, പായ്ക്ക് ചെയ്യുക"
Wished/Desired,عَاوَزَ,عاوز,"ആഗ്രഹിക്കുക, അഭിലഷിക്കുക"
Helped/Assisted,عَاوَنَ,عاون,"സഹായിക്കുക, തുണയ്ക്കുക"
Protected/Guarded,عَصَمَ,عصم,"സംരക്ഷിക്കുക, കാത്തുസൂക്ഷിക്കുക"
Wandered/Roved,عَاثَ,عاث,"അലഞ്ഞുതിരിയുക, ചുറ്റിക്കറങ്ങുക"
Embraced/Hugged,عَانَقَ,عانق,"ആലിംഗനം ചെയ്യുക, കെട്ടിപ്പിടിക്കുക"
Counted/Considered,عَدَّ,عد,"എണ്ണുക, പരിഗണിക്കുക"
Apologized/Excused,اِعْتَذَرَ,اعتذر,"ക്ഷമ ചോദിക്കുക, ഒഴിവ് പറയുക"
Relied on/Depended on,اِعْتَمَدَ,اعتمد,"ആശ്രയിക്കുക, വിശ്വസിക്കുക"
Confessed/Admitted,اِعْتَرَفَ,اعترف,"സമ്മതിക്കുക, ഏറ്റുപറയുക"
Opposed/Objected,اِعْتَرَضَ,اعترض,"എതിർക്കുക, വിയോജിക്കുക"
Cared for/Attended to,اِعْتَنَى,اعتني,"ശ്രദ്ധിക്കുക, പരിപാലിക്കുക"
Taught/Instructed,عَلَّمَ,علم,"പഠിപ്പിക്കുക, ഉപദേശിക്കുക"
Agreed/Contracted,عَاقَدَ,عاقد,"സമ്മതിക്കുക, കരാറിലെത്തുക"
Pleased/Satisfied,أَعْجَبَ,اعجب,"സന്തോഷിപ്പിക്കുക, തൃപ്തിപ്പെടുത്തുക"
Was great/Magnificent,عَظُمَ,عظم,"മഹത്തരമാവുക, വലുതാവുക"
Isolated/Separated,عَزَلَ,عزل,"ഒറ്റപ്പെടുത്തുക, വേർതിരിക്കുക"
Failed/Was incapable,عَجَزَ,عجز,"പരാജയപ്പെടുക, കഴിവില്ലാതാവുക"
Accelerated/Hurried,عَجَّلَ,عجل,"വേഗത്തിലാക്കുക, ധൃതി കാണിക്കുക"
Was sick/Ill,عَلَّ,عل,"രോഗിയാവുക, അസുഖം ബാധിക്കുക"
Appointed/Designated,عَيَّنَ,عين,"നിയമിക്കുക, ചുമതലപ്പെടുത്തുക"
Chewed/Masticated,عَلَكَ,علك,ചവയ്ക്കുക
Blamed/Reproached,عَاتَبَ,عاتب,"കുറ്റപ്പെടുത്തുക, ആക്ഷേപിക്കുക"
Stumbled/Tripped,عَثَرَ,عثر,"ഇടറുക, തട്ടിവീഴുക"
Invited,عَزَمَ,عزم,ക്ഷണിക്കുക
Compensated/Replaced,عَوَّضَ,عوض,"നഷ്ടപരിഹാരം നൽകുക, പകരമാവുക"
Wailed/Howled,عَوَّلَ,عول,"നിലവിളിക്കുക, അലറുക"
Floated/Rose up,عَامَ,عام,"ഒഴുകിനടക്കുക, പൊങ്ങുക"
Cut off/Severed,عَضَدَ,عضد,"മുറിച്ചുമാറ്റുക, വേർപെടുത്തുക"
Assigned/Distributed,عَزَا,عزا,"പങ്കുവെക്കുക, വിതരണം ചെയ്യുക"
Shook/Trembled,اِرْتَعَشَ,ارتعش,"കുലുങ്ങുക, വിറയ്ക്കുക"
Escaped/Fled,عَدَا,عدا,"രക്ഷപ്പെടുക, ഓടിപ്പോവുക"
Was sweet/Delicious,عَذُبَ,عذب,"മധുരമാവുക, രുചികരമാവുക"
Prepared/Equipped,أَعَدَّ,اعد,"തയ്യാറെടുക്കുക, സജ്ജമാക്കുക"
Finished/Concluded,أَتْمَمَ,اتمم,"പൂർത്തിയാക്കുക, അവസാനിപ്പിക്കുക"
Caused/Resulted in,أَسْفَرَ,اسفر,"കാരണമാവുക, ഫലമാവുക"
Felt/Experienced,أَحَسَّ,احس,"അനുഭവിക്കുക, തോന്നുക"
Cloud,غَيْم,غيم,മേഘം
Forest/Thicket,غَابَة,غابة,"കാട്, കുറ്റിക്കാട്"
Intrusion/Raid,غَارَة,غارة,"അതിക്രമം, ആക്രമണം"
Stranger/Foreigner,غَرِيب,غريب,"അപരിചിതൻ, വിദേശി"
Purpose/Goal,غَرَض,غرض,"ഉദ്ദേശ്യം, ലക്ഷ്യം"
Concealment/Secrecy,غَيْب,غيب,"ഒളിപ്പിക്കൽ, രഹസ്യം"
Mistake/Error,غَلَط,غلط,"തെറ്റ്, അബദ്ധം"
Richness/Wealth,غِنَى,غني,"സമ്പന്നത, ധനം"
Food/Meal,غِذَاء,غذاء,"ഭക്ഷണം, ആഹാരം"
Fodder/Forage,غَلّ,غل,"കാലിത്തീറ്റ, പുല്ല്"
Dawn/Early morning,غَسَق,غسق,"പ്രഭാതം, അതിരാവിലെ"
Gas,غَاز,غاز,വാതകം
Ghoul/Demon,غُول,غول,"ഭൂതം, പിശാച്"
Vapor/Steam,غَمَام,غمام,നീരാവി
غزوة (Raid/Battle),غَزْوَة,غزوة,"ആക്രമണം, യുദ്ധം"
Youth/Boy,غُلَام,غلام,"ബാലൻ, യുവാവ്"
Cover/Sheath,غِلَاف,غلاف,"പുറംചട്ട, ഉറ"
Singing,غِنَاء,غناء,"ഗാനം, പാട്ട്"
Rain/Downpour,غَيْث,غيث,"മഴ, പെരുമഴ"
Forgiveness,غُفْرَان,غفران,"ക്ഷമ, മാപ്പ്"
Spinning/Yarn,غَزْل,غزل,"നൂൽനൂൽപ്പ്, നൂൽ"
Deceit/Fraud,غِشّ,غش,"വഞ്ചന, കള്ളത്തരം"
Grief/Sorrow,غَمّ,غم,"ദുഃഖം, സങ്കടം"
West,غَرْب,غرب,പടിഞ്ഞാറ്
Drowning,غَرَق,غرق,മുങ്ങിപ്പോവൽ
Sheep/Goats,غَنَم,غنم,"ആടുകൾ, ചെമ്മരിയാട്"
Yoke/Shackle,غُلّ,غل,"നുകം, ചങ്ങല"
Boiling,غَلَيَان,غليان,തിളയ്ക്കൽ
Jealousy/Zeal,غَيْرَة,غيرة,"അസൂയ, തീക്ഷ്ണത"
Washing,غَسْل,غسل,കഴുകൽ
Wink/Hint,غَمْز,غمز,"കണ്ണിറുക്കൽ, സൂചന"
Dust,غُبَار,غبار,പൊടി
Darkness/Gloomy place,غَيَاهِب,غياهب,"ഇരുട്ട്, ഇരുണ്ട സ്ഥലം"
Grief/Affliction,غُمَّة,غمة,"ദുരിതം, വിഷമം"
Absence/Backbiting,غَيْبَة,غيبة,"അസാന്നിദ്ധ്യം, ഏഷണി"
High cost/Expensiveness,غَلَاء,غلاء,"വിലവർദ്ധനവ്, ചെലവേറിയത്"
Fine/Penalty,غَرْم,غرم,"പിഴ, ശിക്ഷ"
Booty/Gains,غَنْم,غنم,"കൊള്ളമുതൽ, നേട്ടം"
Crow,غُرَاب,غراب,കാക്ക
Gland,غُدَّة,غدة,ഗ്രന്ഥി
Female stranger,غَرِيبَة,غريبة,അപരിചിതയായ സ്ത്രീ
Victor/Winner,غَالِب,غالب,"ജേതാവ്, വിജയി"
Jealous/Protective,غَيُور,غيور,"അസൂയാലു, സംരക്ഷകൻ"
Small lake/Pond,غَدِير,غدير,"ചെറിയ തടാകം, കുളം"
Room/Chamber,غُرْفَة,غرفة,"മുറി, അറ"
Advantage/Opportunity,غُنْمَة,غنمة,"അവസരം, മെച്ചം"
Female Gazelle,غَزَالَة,غزالة,പെൺമാൻ
Betrayal/Treachery,غُلُول,غلول,"വഞ്ചന, ചതി"
Thick hair/Bushy,غَفِير,غفير,ഇടതൂർന്ന മുടി
Plunged/Dived,غَاصَ,غاص,"മുങ്ങുക, താഴുക"
Set (Sun)/Absent,غَابَ,غاب,"അസ്തമിക്കുക, അപ്രത്യക്ഷമാവുക"
Invaded/Raided,غَزَا,غزا,"ആക്രമിക്കുക, റെയ്ഡ് നടത്തുക"
Washed,غَسَلَ,غسل,"കഴുകുക, സ്നാനം ചെയ്യുക"
Covered/Concealed,غَطَّى,غطي,"മൂടുക, മറയ്ക്കുക"
Sank/Drowned,غَرِقَ,غرق,"മുങ്ങിപ്പോവുക, മുക്കുക"
Was rich/Self-sufficient,غَنِيَ,غني,"സമ്പന്നനാവുക, സ്വയംപര്യാപ്തമാവുക"
Was angry,غَضِبَ,غضب,"ദേഷ്യപ്പെടുക, കോപിക്കുക"
Overpowered/Won,غَلَبَ,غلب,"കീഴ്പ്പെടുത്തുക, ജയിക്കുക"
Changed/Altered,غَيَّرَ,غير,"മാറ്റുക, വ്യത്യാസം വരുത്തുക"
Made a mistake/Erred,غَلِطَ,غلط,"തെറ്റ് ചെയ്യുക, അബദ്ധം പറ്റുക"
Fed/Nourished,غَذَّى,غذي,"ഭക്ഷണം നൽകുക, പോറ്റുക"
Spun (Yarn),غَزَلَ,غزل,നൂൽ നൂൽക്കുക
Forgave,غَفَرَ,غفر,"ക്ഷമിക്കുക, മാപ്പ് നൽകുക"
Cared for/Nurtured,غَرَّزَ,غرز,"പരിപാലിക്കുക, ശ്രദ്ധിക്കുക"
Cheated/Deceived,غَشَّ,غش,"വഞ്ചിക്കുക, കബളിപ്പിക്കുക"
Boiled,غَلَى,غلي,"തിളപ്പിക്കുക, തിളയ്ക്കുക"
Made a sound/Sang,غَنَّى,غني,"ശബ്ദമുണ്ടാക്കുക, പാടുക"
Set out/Departed,غَدَا,غدا,"പുറപ്പെടുക, യാത്രയാവുക"
Winked/Hinted,غَمَزَ,غمز,"കണ്ണിറുക്കുക, സൂചന നൽകുക"
Was strange/Foreign,غَرُبَ,غرب,"അപരിചിതനാവുക, വിദേശിയാവുക"
Immersed/Submerged,غَمَرَ,غمر,"ആഴ്ത്തുക, മുക്കുക"
Closed/Locked,غَلَقَ,غلق,"അടയ്ക്കുക, പൂട്ടിയിടുക"
Made a mistake/Sinned,اِسْتَغْفَرَ,استغفر,"പാപം ചെയ്യുക, തെറ്റ് ചെയ്യുക"
Helped (Cries for help),اِسْتَغَاثَ,استغاث,സഹായത്തിനായി നിലവിളിക്കുക
Used/Employed,اِسْتَغَلَّ,استغل,"ഉപയോഗിക്കുക, പ്രയോജനപ്പെടുത്തുക"
Became angry,تَغَضَّبَ,تغضب,കോപാകുലനാവുക
Changed (Itself),تَغَيَّرَ,تغير,സ്വയം മാറുക
Ignored/Neglected,تَغَافَلَ,تغافل,"അവഗണിക്കുക, ശ്രദ്ധിക്കാതിരിക്കുക"
Fed (Mutual),تَغَاذَى,تغاذي,പരസ്പരം ഭക്ഷണം നൽകുക
Closed (Mutual),تَغَالَقَ,تغالق,പരസ്പരം അടയ്ക്കുക
Got rich,اِغْتَنَى,اغتني,സമ്പന്നനാവുക
Became concealed,اِغْتَابَ,اغتاب,മറഞ്ഞിരിക്കുക
Oppressed/Violated,اِغْتَصَبَ,اغتصب,"അടിച്ചമർത്തുക, ലംഘിക്കുക"
Assisted/Helped,غَاثَ,غاث,"സഹായിക്കുക, തുണയ്ക്കുക"
Dipped/Sank,أَغْرَقَ,اغرق,"മുക്കുക, ആഴ്ത്തുക"
Made rich/Enriched,أَغْنَى,اغني,"സമ്പന്നനാക്കുക, ധനം നൽകുക"
Made angry/Provoked,أَغْضَبَ,اغضب,"കോപിപ്പിക്കുക, പ്രകോപിപ്പിക്കുക"
Put out (Fire)/Extinguished,أَطْفَأَ,اطفا,"കെടുത്തുക, അണയ്ക്കുക"
Confused/Mixed,غَالَطَ,غالط,"ആശയക്കുഴപ്പത്തിലാക്കുക, കൂട്ടിക്കലർത്തുക"
Sank (Made to sink),غَطَسَ,غطس,മുങ്ങാൻ കാരണമാവുക
Covered (Itself),تَغَطَّى,تغطي,സ്വയം മൂടുക
Bathed/Washed self,اِغْتَسَلَ,اغتسل,"കുളിക്കുക, സ്വയം കഴുകുക"
Became intoxicated,غَمِرَ,غمر,ലഹരിയിലാവുക
Was absent (Made absent),غَيَّبَ,غيب,അസാന്നിധ്യത്തിലായി
Mistreated/Abused,غَالَ,غال,"മോശമായി പെരുമാറുക, ഉപദ്രവിക്കുക"
Became difficult,غَلَبَ,غلب,ബുദ്ധിമുട്ടാവുക
Caused to boil,أَغْلَى,اغلي,തിളപ്പിക്കുക
Spun (Made to spin),غَزَّلَ,غزل,നൂൽ നൂൽപ്പിക്കുക
Received a guest/Hosted,غَدَّى,غدي,അതിഥിയെ സ്വീകരിക്കുക
Victory/Triumph,فَوْز,فوز,"വിജയം, ജയം"
Success,فَلَاح,فلاح,"വിജയം, ലക്ഷ്യപ്രാപ്തി"
Opening/Conquest,فَتْح,فتح,"തുറക്കൽ, വിജയം"
Youth/Young man,فَتَى,فتي,"യുവാവ്, ബാലൻ"
Youth/Young woman,فَتَاة,فتاة,"യുവതി, ബാലിക"
Art/Technique,فَنّ,فن,"കല, വിദ്യ"
Idea/Thought,فِكْرَة,فكرة,"ആശയം, ചിന്ത"
Separation/ الفصل,فَصْل,فصل,"വേർതിരിക്കൽ, വിഭാഗം"
Poverty/Need,فَقْر,فقر,"ദാരിദ്ര്യം, ആവശ്യം"
Pride/Boasting,فَخْر,فخر,"അഹങ്കാരം, പൊങ്ങച്ചം"
Mouth,فَمّ,فم,വായ
Group/Team,فِرْقَة,فرقة,"സംഘം, കൂട്ടം"
Opportunity,فُرْصَة,فرصة,അവസരം
Robe/Dress,فُسْتَان,فستان,"വസ്ത്രം, അങ്കി"
Breakfast,فُطُور,فطور,പ്രഭാതഭക്ഷണം
Wisdom,فِقْه,فقه,"വിവേകം, ജ്ഞാനം"
Category/Class,فِئَة,فية,"വർഗ്ഗം, തരം"
Jaw,فَكّ,فك,താടിയെല്ല്
Space/Gap,فَرَاغ,فراغ,"ഇടം, വിടവ്"
Bed/Mat,فِرَاش,فراش,"കിടക്ക, പായ"
Paradise/Garden,فِرْدَوْس,فردوس,"പറുദീസ, പൂന്തോട്ടം"
Artist,فَنَّان,فنان,കലാകാരൻ
Scholar/Jurist,فَقِيه,فقيه,"പണ്ഡിതൻ, നിയമജ്ഞൻ"
Chapter/Section,فَصْل,فصل,"അദ്ധ്യായം, ഭാഗം"
Spring (Season),فَصْل,فصل,വസന്തകാലം
Philosophy,فَلْسَفَة,فلسفة,തത്വശാസ്ത്രം
Farmer/Cultivator,فَلَّاح,فلاح,"കർഷകൻ, കൃഷിക്കാരൻ"
The Nile,نِيل,نيل,നൈൽ നദി
Flower,زَهْرَة,زهرة,പുഷ്പം
Money/Cash,نَقْد,نقد,"പണം, നാണയം"
Branch,فَرْع,فرع,ശാഖ
Unique/Individual,فَرْد,فرد,"ഒറ്റപ്പെട്ടത്, തനിച്ച്"
Difference/Variety,فَارِق,فارق,"വ്യത്യാസം, വൈവിധ്യം"
Joy/Delight,فَرْحَة,فرحة,"സന്തോഷം, ആനന്ദം"
Shine/Glow,فَتِيْل,فتيل,"തിളക്കം, പ്രകാശം"
Ribbon/Cord,فَتِيْل,فتيل,"റിബൺ, ചരട്"
Wick,فَتِيْل,فتيل,തിരി
Mouthful/ لقمه,فَمّ,فم,"ഒരു ഉരുള, വായ നിറയെ"
Sponge,فُنْجَان,فنجان,സ്പോഞ്ച്
Cup,فُنْجَان,فنجان,കപ്പ്
Mouse/Rat,فَأْر,فار,എലി
Tongue/Language,لِسَان,لسان,"നാവ്, ഭാഷ"
Shoulder,كَتِف,كتف,തോളെല്ല്
Did/Performed,فَعَلَ,فعل,"ചെയ്യുക, നിർവ്വഹിക്കുക"
Opened,فَتَحَ,فتح,തുറക്കുക
Won/Succeeded,فَازَ,فاز,"വിജയിക്കുക, വിജയം നേടുക"
Understood,فَهِمَ,فهم,മനസ്സിലാക്കുക
Separated/Decided,فَصَلَ,فصل,"വേർതിരിക്കുക, തീരുമാനിക്കുക"
Lost/Missed,فَقَدَ,فقد,"നഷ്ടപ്പെടുക, ഒഴിവാക്കുക"
Failed/Was unsuccessful,فَشِلَ,فشل,"പരാജയപ്പെടുക, വിഫലമാവുക"
Was superior/Preferred,فَضَلَ,فضل,"മെച്ചപ്പെടുക, ഇഷ്ടപ്പെടുക"
Broke (Fell apart),فَرِقَ,فرق,"പൊട്ടുക, തകരുക"
Was happy/Rejoiced,فَرِحَ,فرح,"സന്തോഷിക്കുക, ആഹ്ളാദിക്കുക"
Spread/Expanded,فَرَشَ,فرش,"പരത്തുക, വ്യാപിപ്പിക്കുക"
Fled/Escaped,فَرَّ,فر,"ഓടിപ്പോവുക, രക്ഷപ്പെടുക"
Divided/Split,فَرَّقَ,فرق,"വിഭജിക്കുക, പങ്കിടുക"
Released/Freed,فَكَّ,فك,"വിട്ടയയ്ക്കുക, സ്വതന്ത്രമാക്കുക"
Thought/Reflected,فَكَّرَ,فكر,"ചിന്തിക്കുക, ആലോചിക്കുക"
Woke up/Aroused,فَاقَ,فاق,"ഉണർത്തുക, ഉണരുക"
Exceeded/Surpassed,فَاقَ,فاق,"കവിയുക, അതിശയിക്കുക"
Met/Encountered,قَابَلَ,قابل,"കണ്ടുമുട്ടുക, നേർക്ക് വരുക"
Killed/Slew,قَتَلَ,قتل,"കൊല്ലുക, വധിക്കുക"
Came/Arrived,قَدِمَ,قدم,"വരിക, എത്തുക"
Settled/Decided,قَرَّ,قر,"സ്ഥിരതാമസമാക്കുക, തീർപ്പുകൽപ്പിക്കുക"
Cut/Chopped,قَطَعَ,قطع,"മുറിക്കുക, അരിയുക"
Accepted/Received,قَبِلَ,قبل,"സ്വീകരിക്കുക, ഏറ്റുവാങ്ങുക"
Threw/Cast,قَذَفَ,قذف,"എറിയുക, വലിച്ചെറിയുക"
Measured/Estimated,قَاسَ,قاس,"അളക്കുക, കണക്കാക്കുക"
Kissed,قَبَّلَ,قبل,ചുംബിക്കുക
Opened (Made to),أَفْتَحَ,افتح,തുറപ്പിക്കുക
Benefited/Gained,اِسْتَفَادَ,استفاد,"പ്രയോജനപ്പെടുക, നേട്ടമുണ്ടാക്കുക"
Understood (Sought to),اِسْتَفْهَمَ,استفهم,മനസ്സിലാക്കാൻ ശ്രമിക്കുക
Asked/Inquired,اِسْتَفْسَرَ,استفسر,"ചോദിക്കുക, അന്വേഷിക്കുക"
Broke (Intensely),فَتَّتَ,فتت,"തകർക്കുക, ഭേദിക്കുക"
Missed (Gave away),أَفْقَدَ,افقد,നഷ്ടപ്പെടുത്തുക
Was proud/Boasted,تَفَاخَرَ,تفاخر,"അഹങ്കരിക്കുക, വീമ്പിളക്കുക"
Separated (Mutual),تَفَاصَلَ,تفاصل,പരസ്പരം വേർപിരിയുക
Was different/Varied,تَفَاوَتَ,تفاوت,"വ്യത്യാസപ്പെടുക, ഭിന്നമാവുക"
Made happy,فَرَّحَ,فرح,സന്തോഷിപ്പിക്കുക
Emptied,أَفْرَغَ,افرغ,കാലിയാക്കുക
Saved/Rescued,اِسْتَنْقَذَ,استنقذ,"രക്ഷിക്കുക, മോചിപ്പിക്കുക"
Wasted/Squandered,أَسْرَفَ,اسرف,"പാഴാക്കുക, ധൂർത്തടിക്കുക"
Issued (Decree)/Ordered,فَرَضَ,فرض,"വിധി പുറപ്പെടുവിക്കുക, കൽപ്പിക്കുക"
Separated (Divided),فَارَقَ,فارق,വേർതിരിക്കുക
Escaped (Tried to),تَفَرَّرَ,تفرر,രക്ഷപ്പെടാൻ ശ്രമിക്കുക
Isolated/Singled out,فَرَدَ,فرد,"ഒറ്റപ്പെടുത്തുക, വേർതിരിക്കുക"
Excelled/Surpassed others,تَفَوَّقَ,تفوق,"മികച്ചുനിൽക്കുക, മറ്റുള്ളവരെ കവിയുക"
Delegated/Entrusted,فَوَّضَ,فوض,"ചുമതലപ്പെടുത്തുക, ഭരമേൽപ്പിക്കുക"
Exploded/Burst,اِنْفَجَرَ,انفجر,"പൊട്ടിത്തെറിക്കുക, പൊട്ടിപ്പുറപ്പെടുക"
Separated (Got separated),اِنْفَصَلَ,انفصل,വേർപിരിയുക
Was happy (Made to),اِسْتَفْرَحَ,استفرح,സന്തോഷത്തിലായി
Distributed/Shared,فَوَّزَ,فوز,"വിതരണം ചെയ്യുക, പങ്കിടുക"
Interpreted/Explained,فَسَّرَ,فسر,"വ്യാഖ്യാനിക്കുക, വിശദീകരിക്കുക"
Pen,قَلَم,قلم,പേന
Heart,قَلْب,قلب,"ഹൃദയം, മനസ്സ്"
Value/Worth,قِيمَة,قيمة,"വില, മൂല്യം"
Law/Rule,قَانُون,قانون,"നിയമം, ചട്ടം"
Story/Tale,قِصَّة,قصة,"കഥ, ആഖ്യാനം"
Destiny/Fate,قَدَر,قدر,"വിധി, തലയിലെഴുത്ത്"
Base/Bottom,قَاع,قاع,"അടിത്തറ, താഴെ"
Power/Ability,قُوَّة,قوة,"ശക്തി, കഴിവ്"
Age/Time,قَرْن,قرن,"നൂറ്റാണ്ട്, സമയം"
Debt/Loan,قَرْض,قرض,"കടം, വായ്പ"
Palace/Castle,قَصْر,قصر,"കൊട്ടാരം, കോട്ട"
Purity/Clarity,نَقَاء,نقاء,"പരിശുദ്ധി, വ്യക്തത"
Decision/Resolution,قَرَار,قرار,"തീരുമാനം, നിശ്ചയം"
Relative/Kinsman,قَرِيب,قريب,"ബന്ധു, കുടുംബാംഗം"
Portion/Share,قِسْمَة,قسمة,"ഭാഗം, ഓഹരി"
Jump/Leap,قَفْزَة,قفزة,"ചാട്ടം, കുതിപ്പ്"
Cage/Trap,قَفَص,قفص,"കൂട്, കെണി"
Weight,وَزْن,وزن,"ഭാരം, തൂക്കം"
Pillar/Foundation,قَاعِدَة,قاعدة,"തൂൺ, അടിസ്ഥാനം"
Agreement/Contract,عَقْد,عقد,"ഉടമ്പടി, കരാർ"
Cemetery/Graveyard,قَبْر,قبر,"ശ്മശാനം, ഖബറിടം"
Tribesman/Nomad,قَبِيلَة,قبيلة,"ഗോത്രക്കാരൻ, നാടോടി"
Foot/Leg,قَدَم,قدم,"കാൽ, പാദം"
Small amount/Little,قِلَّة,قلة,"കുറഞ്ഞ അളവ്, അല്പം"
Food/Livelihood,قُوت,قوت,"ഭക്ഷണം, ഉപജീവനം"
Cotton,قُطْن,قطن,പഞ്ഞി
Pole/Axis,قُطْب,قطب,"ധ്രുവം, അച്ചുതണ്ട്"
District/Sector,قِطَاع,قطاع,"ജില്ല, വിഭാഗം"
Piece/Slice,قِطْعَة,قطعة,"കഷ്ണം, ഭാഗം"
Lid/Cover,غِطَاء,غطاء,"അടപ്പ്, മൂടി"
Nearness/Proximity,قُرْب,قرب,"അടുപ്പം, സമീപം"
Loan/Borrowing,اِقْتِرَاض,اقتراض,"വായ്പയെടുക്കൽ, കടമെടുക്കൽ"
Comparison,مُقَارَنَة,مقارنة,താരതമ്യം
Measurement,قِيَاس,قياس,അളവ്
Leader/Commander,قَائِد,قايد,"നേതാവ്, സൈന്യാധിപൻ"
Judge/Ruler,قَاضِي,قاضي,"ന്യായാധിപൻ, ഭരണാധികാരി"
Reader/Reciter,قَارِئ,قاري,"വായനക്കാരൻ, പാരായണം ചെയ്യുന്നവൻ"
Tunnel,نَفَق,نفق,തുരങ്കം
Small boat/Ship,قَارِب,قارب,"ചെറിയ കപ്പൽ, വഞ്ചി"
Channel/Canal,قَنَاة,قناة,"ചാനൽ, കനാൽ"
Hat/Cap,قُبَّعَة,قبعة,തൊപ്പി
Lock,قُفْل,قفل,പൂട്ട്
Container/Bottle,قَارُورَة,قارورة,"പാത്രം, കുപ്പി"
Limit/Boundary,قَصْوَى,قصوي,"പരിധി, അതിര്"
Oath/Promise,قَسَم,قسم,"സത്യം, പ്രതിജ്ഞ"
Hardness/Cruelty,قَسَاوَة,قساوة,"കാഠിന്യം, ക്രൂരത"
Cousin (Female),قَرِيبَة,قريبة,കസിൻ (പെൺ)
Small cup/Bowl,قَدَح,قدح,"ചെറിയ കപ്പ്, പാത്രം"
Said/Spoke,قَالَ,قال,"പറയുക, സംസാരിക്കുക"
Stood/Rose,قَامَ,قام,"എഴുന്നേൽക്കുക, നിൽക്കുക"
Killed,قَتَلَ,قتل,"കൊല്ലുക, വധിക്കുക"
Came/Arrived,قَدِمَ,قدم,"വരിക, എത്തിച്ചേരുക"
Cut/Severed,قَطَعَ,قطع,"മുറിക്കുക, ഛേദിക്കുക"
Accepted/Received,قَبِلَ,قبل,"സ്വീകരിക്കുക, ഏറ്റെടുക്കുക"
Measured/Compared,قَاسَ,قاس,"അളക്കുക, താരതമ്യം ചെയ്യുക"
Decided/Resolved,قَرَّرَ,قرر,"തീരുമാനമെടുക്കുക, നിശ്ചയിക്കുക"
Read/Recited,قَرَأَ,قرا,"വായിക്കുക, പാരായണം ചെയ്യുക"
Lived/Resided,أَقَامَ,اقام,"താമസിക്കുക, ജീവിക്കുക"
Met/Encountered,قَابَلَ,قابل,"കണ്ടുമുട്ടുക, അഭിമുഖീകരിക്കുക"
Fought/Battled,قَاتَلَ,قاتل,"യുദ്ധം ചെയ്യുക, പോരാടുക"
Divided/Shared,قَسَّمَ,قسم,"പങ്കിടുക, വിഭജിക്കുക"
Settled/Fixed,قَرَّ,قر,"ഉറപ്പിക്കുക, സ്ഥിരപ്പെടുത്തുക"
Brought near/Approached,قَرَّبَ,قرب,"അടുപ്പിക്കുക, സമീപിക്കുക"
Asked/Demanded,اِسْتَقْصَى,استقصي,"ചോദിക്കുക, ആവശ്യപ്പെടുക"
Borrowed/Took a loan,اِقْتَرَضَ,اقترض,"കടം വാങ്ങുക, വായ്പയെടുക്കുക"
Followed/Traced,اِقْتَفَى,اقتفي,"പിന്തുടരുക, പിൻപറ്റുക"
Approached (Got near),اِقْتَرَبَ,اقترب,"അടുത്തുവരിക, സമീപിക്കുക"
Acquired/Earned,اِكْتَسَبَ,اكتسب,"നേടുക, സമ്പാദിക്കുക"
Believed/Trusted,وَثِقَ,وثق,"വിശ്വസിക്കുക, ആശ്രയിക്കുക"
Spent/Passed (Time),قَضَى,قضي,"ചെലവഴിക്കുക, സമയം പോവുക"
Judged/Ruled,قَضَى,قضي,"വിധിക്കുക, ഭരണം നടത്തുക"
Stood (Made to stand),أَقَامَ,اقام,"നിർത്തുക, സ്ഥാപിക്കുക"
Acknowledged/Confirmed,أَقَرَّ,اقر,"സ്ഥിരീകരിക്കുക, അംഗീകരിക്കുക"
Cut (Made to),قَطَّعَ,قطع,മുറിക്കാൻ സഹായിക്കുക
Swore/Took an oath,أَقْسَمَ,اقسم,"സത്യം ചെയ്യുക, ശപഥമെടുക്കുക"
Was destined/Decided,قُدِّرَ,قدر,"വിധിക്കപ്പെടുക, തീരുമാനിക്കപ്പെടുക"
Woke up,اِسْتَيْقَظَ,استيقظ,ഉണരുക
Hated/Disliked,كَرِهَ,كره,"വെറുക്കുക, ഇഷ്ടപ്പെടാതിരിക്കുക"
Became firm/Strong,اِسْتَقَرَّ,استقر,"ഉറയ്ക്കുക, ശക്തമാവുക"
Compared (Mutual),تَقَايَسَ,تقايس,പരസ്പരം താരതമ്യം ചെയ്യുക
Divided (Mutual),تَقَاسَمَ,تقاسم,പരസ്പരം പങ്കിടുക
Approached (Mutual),تَقَارَبَ,تقارب,പരസ്പരം അടുക്കുക
Got near/Came close,قَرُبَ,قرب,അടുത്തുവരിക
Strengthened,قَوَّى,قوي,ശക്തിപ്പെടുത്തുക
Limited/Restricted,قَيَّدَ,قيد,"പരിമിതപ്പെടുത്തുക, തടസ്സപ്പെടുത്തുക"
Established/Founded,أَسَّسَ,اسس,"സ്ഥാപിക്കുക, അടിസ്ഥാനമിടുക"
Turned over/Flipped,قَلَبَ,قلب,"മറിച്ചിടുക, തലകീഴാക്കുക"
Cut off/Severed (Intensely),قَطَّعَ,قطع,പൂർണ്ണമായും മുറിച്ചുമാറ്റുക
Ended/Finished,أَنْهَى,انهي,"അവസാനിപ്പിക്കുക, പൂർത്തിയാക്കുക"
Wore (Garment),لَبِسَ,لبس,"ധരിക്കുക, അണിയുക"
Sufficed/Was enough,كَفَى,كفي,"മതിയാവുക, പര്യാപ്തമാവുക"
Reached/Attained,بَلَغَ,بلغ,"എത്തുക, കരഗതമാവുക"
Drained/Squeezed,قَطَّرَ,قطر,"ഊറ്റിയെടുക്കുക, പിഴിഞ്ഞെടുക്കുക"
Was dry/Withered,جَفَّ,جف,"ഉണങ്ങുക, വാടുക"
Was short,قَصُرَ,قصر,നീളം കുറവായിരിക്കുക
Purified/Refined,نَقَّى,نقي,"ശുദ്ധീകരിക്കുക, പരിഷ്കരിക്കുക"
Hand/Palm,كَفّ,كف,"കൈ, കൈപ്പത്തി"
Star/Planet,كَوْكَب,كوكب,"നക്ഷത്രം, ഗ്രഹം"
Cup/Glass,كَأْس,كاس,"കോപ്പ, ഗ്ലാസ്"
Total/Amount,كُلّ,كل,"ആകെ, തുക"
الكعبة (Kaaba),كَعْبَة,كعبة,കഅബ (മക്കയിലെ ആരാധനാലയം)
Honor/Generosity,كَرَامَة,كرامة,"ബഹുമാനം, ഔദാര്യം"
Lie/Falsehood,كَذِب,كذب,"നുണ, കള്ളം"
الكفر (Disbelief),كُفْر,كفر,"അവിശ്വാസം, നിഷേധം"
Hidden Treasure,كَنْز,كنز,"നിധി, ഒളിപ്പിച്ചുവെച്ചത്"
Universe/Cosmos,كَوْن,كون,"പ്രപഞ്ചം, ലോകം"
Words/Speech (Pl.),كَلِمَات,كلمات,"വാക്കുകൾ, സംസാരം"
Grief/Worry,كَرْب,كرب,"ദുഃഖം, വിഷമം"
Chair/Seat,كُرْسِيّ,كرسي,"കസേര, ഇരിപ്പിടം"
Ball,كُرَة,كرة,പന്ത്
Priest/Clergyman,كَاهِن,كاهن,"പുരോഹിതൻ, മതപുരുഷൻ"
Writer/Clerk,كَاتِب,كاتب,"എഴുത്തുകാരൻ, ഗുമസ്തൻ"
Large/Great,كَبِير,كبير,"വലുത്, മഹത്തായത്"
Small/Little,صَغِير,صغير,"ചെറുത്, അല്പം"
Old (Age),شَيْخ,شيخ,"വയസ്സായ, പഴക്കം ചെന്ന"
Foot,قَدَم,قدم,കാൽ
Side/Edge,جَانِب,جانب,"ഭാഗം, വശം"
Plate/Dish,طَبَق,طبق,"തളിക, പാത്രം"
Vegetable,خُضَار,خضار,പച്ചക്കറി
Sheep,كَبْش,كبش,ചെമ്മരിയാട്
Liver,كَبِد,كبد,കരൾ
Gloves/Mittens,كُفُوف,كفوف,കൈയ്യുറകൾ
Density/Thickness,كَثَافَة,كثافة,"കനം, സാന്ദ്രത"
Abundance/Plenty,كَثْرَة,كثرة,"ധാരാളം, സമൃദ്ധി"
Deficiency/Lack,نَقْص,نقص,"കുറവ്, ന്യൂനത"
Weakness,ضَعْف,ضعف,ബലഹീനത
Planet (Pl.),كَوَاكِب,كواكب,ഗ്രഹങ്ങൾ
A city in Iraq,كَرْبَلَاء,كربلاء,ഇറാഖിലെ ഒരു നഗരം
Treasure/Hoard,كِنْز,كنز,"നിക്ഷേപം, ശേഖരം"
Glass,زُجَاج,زجاج,"ചില്ല്, കണ്ണാടി"
Perfume,عِطْر,عطر,സുഗന്ധദ്രവ്യം
Word,كَلِمَة,كلمة,വാക്ക്
Honorable/Noble,كَرِيم,كريم,"മാന്യൻ, ഉത്തമൻ"
Dishonor,إِهَانَة,اهانة,"മാനക്കേട്, അപമാനം"
A type of pitcher/Jug,كُوز,كوز,"ഒരുതരം കുടം, ഭരണി"
Sack/Bag,كِيْس,كيس,"ചാക്ക്, സഞ്ചി"
Sandal,نَعْل,نعل,"ചെരിപ്പ്, പാദരക്ഷ"
Shoulder (Pl.),أَكْتَاف,اكتاف,തോളുകൾ
Star (Pl.),نُجُوم,نجوم,നക്ഷത്രങ്ങൾ
Temple (Forehead),جَبْهَة,جبهة,നെറ്റിത്തടം
Writing,كِتَابَة,كتابة,എഴുത്ത്
Was/Existed,كَانَ,كان,"ആയിരിക്കുക, നിലനിൽക്കുക"
Wrote,كَتَبَ,كتب,എഴുതുക
Ate,أَكَلَ,اكل,കഴിക്കുക
Was big/Great,كَبُرَ,كبر,"വലുതാവുക, മഹത്വമുള്ളതാവുക"
Was generous/Noble,كَرُمَ,كرم,"ഔദാര്യമുള്ളവനാവുക, മാന്യനാവുക"
Lied,كَذَبَ,كذب,"നുണ പറയുക, കള്ളം പറയുക"
Disbelieved/Denied,كَفَرَ,كفر,"അവിശ്വസിക്കുക, നിഷേധിക്കുക"
Controlled/Curbed,كَفَّ,كف,"നിയന്ത്രിക്കുക, തടയുക"
Gained/Acquired,كَسَبَ,كسب,"നേടുക, സ്വന്തമാക്കുക"
Broke,كَسَرَ,كسر,"പൊട്ടിക്കുക, തകർക്കുക"
Dressed/Clothed,كَسَا,كسا,വസ്ത്രം ധരിപ്പിക്കുക
Repeated/Reiterated,كَرَّرَ,كرر,"ആവർത്തിക്കുക, വീണ്ടും പറയുക"
Multiplied/Increased,كَثَّرَ,كثر,"വർദ്ധിപ്പിക്കുക, പെരുപ്പിക്കുക"
Magnified/Exaggerated,كَبَّرَ,كبر,"വലുതാക്കി കാണിക്കുക, അതിശയോക്തി പറയുക"
Honored/Respected,كَرَّمَ,كرم,"ആദരിക്കുക, ബഹുമാനിക്കുക"
Learned/Acquired,اِكْتَسَبَ,اكتسب,"പഠിക്കുക, നേടുക"
Discovered/Invented,اِكْتَشَفَ,اكتشف,"കണ്ടെത്തുക, കണ്ടുപിടിക്കുക"
Completed/Finished,أَكْمَلَ,اكمل,"പൂർത്തിയാക്കുക, അവസാനിപ്പിക്കുക"
Ate (Made to),أَكَلَ,اكل,കഴിപ്പിക്കുക
Was sad/Gloomy,كَمَدَ,كمد,"ദുഃഖിതനാവുക, വിഷാദത്തിലാവുക"
Sufficed (Made to),أَكْفَى,اكفي,മതിയാക്കുക
Covered/Concealed,كَفَنَ,كفن,"മൂടുക, ഒളിച്ചു വയ്ക്കുക"
Held back/Restrained,كَظَمَ,كظم,"പിടിച്ചുനിർത്തുക, തടയുക"
Was complete/Perfect,كَمُلَ,كمل,"പൂർണ്ണമാവുക, കുറ്റമറ്റതാവുക"
To be like/Resemble,كَادَ,كاد,"പോലെയാവുക, സാദൃശ്യപ്പെടുക"
Wound/Curled,كَوَّرَ,كور,"ചുറ്റുക, വളയ്ക്കുക"
Planned/Plotted,كَادَ,كاد,"ആസൂത്രണം ചെയ്യുക, ഗൂഢാലോചന നടത്തുക"
To accumulate/Heap up,كَوَّمَ,كوم,"കൂമ്പാരമാക്കുക, ശേഖരിക്കുക"
Was broken,اِنْكَسَرَ,انكسر,"തകരുക, പൊട്ടുക"
Was discovered,اُنْكُشِفَ,انكشف,കണ്ടെത്തപ്പെടുക
Consulted (Mutual),تَشَاوَرَ,تشاور,പരസ്പരം ആലോചിക്കുക
Grew weary/Tired,كَلَّ,كل,"ക്ഷീണിക്കുക, തളരുക"
To be numerous,كَثُرَ,كثر,ധാരാളമാവുക
To suffer loss,خَسِرَ,خسر,നഷ്ടം സഹിക്കുക
To be silent,صَمَتَ,صمت,നിശ്ശബ്ദനാവുക
To pour/Spill,صَبَّ,صب,"ഒഴിക്കുക, തുളുമ്പുക"
To hold/Grip,أَمْسَكَ,امسك,"പിടിക്കുക, മുറുക്കിപ്പിടിക്കുക"
To guarantee/Ensure,كَفَلَ,كفل,"ഉറപ്പുനൽകുക, ജാമ്യം നിൽക്കുക"
To be contained/Hold,اِحْتَوَى,احتوي,"ഉൾക്കൊള്ളുക, വഹിക്കുക"
To be sufficient,اِكْتَفَى,اكتفي,മതിയാവുക
To force/Compel,أَكْرَهَ,اكره,"നിർബന്ധിക്കുക, പ്രേരിപ്പിക്കുക"
To write (Made to),كَتَّبَ,كتب,എഴുതിപ്പിക്കുക
To be tired (Made to),كَلَّلَ,كلل,ക്ഷീണിപ്പിക്കുക
To be covered (Itself),تَكَفَّنَ,تكفن,സ്വയം മൂടുക
To be magnified,تَكَبَّرَ,تكبر,വലുതാക്കപ്പെടുക
To strive/Struggle,كَادَحَ,كادح,"പരിശ്രമിക്കുക, പോരാടുക"
To be repeated,تَكَرَّرَ,تكرر,ആവർത്തിക്കപ്പെടുക
To be complete,اِسْتَكْمَلَ,استكمل,പൂർണ്ണമാവുക
Night,لَيْل,ليل,രാത്രി
Language/Tongue,لِسَان,لسان,"ഭാഷ, നാവ്"
Color,لَوْن,لون,നിറം
Pearl/Jewel,لُؤْلُؤَة,لولوة,"മുത്ത്, രത്നം"
Game/Play,لُعْبَة,لعبة,"കളി, വിനോദം"
Meat/Flesh,لَحْم,لحم,"മാംസം, ഇറച്ചി"
Moment/Glimpse,لَحْظَة,لحظة,"നിമിഷം, ഒരല്പം"
Need/Necessity,لُزُوم,لزوم,"ആവശ്യം, അനിവാര്യത"
Gentleness/Softness,لُطْف,لطف,"സൗമ്യത, മൃദുത്വം"
Refuge/Shelter,لِجَأ,لجا,"അഭയം, സങ്കേതം"
Union/Meeting,لِقَاء,لقاء,"കൂടിച്ചേരൽ, സമാഗമം"
Thief,لِصّ,لص,"കള്ളൻ, മോഷ്ടാവ്"
Toy,لُعْبَة,لعبة,കളിപ്പാട്ടം
Wound,لَسْعَة,لسعة,"മുറിവ്, പരിക്ക്"
Enjoyment/Pleasure,لَذَّة,لذة,"ആസ്വാദനം, സന്തോഷം"
Laughter/Fun,لَهْو,لهو,"ചിരി, തമാശ"
Pillar/Column,لَبِنَة,لبنة,"തൂൺ, നെടുംതൂൺ"
Curse/Damnation,لَعْنَة,لعنة,"ശാപം, നിന്ദ"
Tongues/Languages (Pl.),أَلْسُن,السن,"നാവുകൾ, ഭാഷകൾ"
Colors (Pl.),أَلْوَان,الوان,നിറങ്ങൾ
Nights (Pl.),لَيَالِي,ليالي,രാത്രികൾ
Shelter/Refuge (Pl.),مَلَاجِئ,ملاجي,അഭയസ്ഥാനങ്ങൾ
Joy/Pleasure (Pl.),لَذَّات,لذات,"സന്തോഷങ്ങൾ, ആനന്ദങ്ങൾ"
Softness (Pl.),لَطَائِف,لطايف,മൃദുത്വങ്ങൾ
Union/Connection,لِحَام,لحام,"ബന്ധം, ചേർച്ച"
Pledge/Promise,لَهْف,لهف,"വാഗ്ദാനം, പ്രതിജ്ഞ"
Enigma/Riddle,لُغْز,لغز,"കടങ്കഥ, പ്രഹേളിക"
Flaw/Defect,لُغْف,لغف,"കുറവ്, ന്യൂനത"
Lust/Desire,لَهْفَة,لهفة,"മോഹം, ആഗ്രഹം"
Beard,لِحْيَة,لحية,താടി
Milk,لَبَن,لبن,പാൽ
Brilliant/Shining,لَمَعَان,لمعان,"തിളക്കം, ശോഭ"
Limit/Boundary,حَدّ,حد,"പരിധി, അതിര്"
Face/Aspect,وَجْه,وجه,"മുഖം, ഭാവം"
Stone/Rock,حَجَر,حجر,"കല്ല്, പാറ"
A type of stone/Marble,لَوْح,لوح,"ഒരുതരം കല്ല്, മാർബിൾ"
Tablet/Board,لَوْح,لوح,"പലക, ബോർഡ്"
Language (Pl.),لَهْجَات,لهجات,ഭാഷാഭേദങ്ങൾ
Glue/Adhesive,لِصَاق,لصاق,പശ
Morsel/Bite,لُقْمَة,لقمة,"ഒരു കഷ്ണം, ഉരുള"
Find/Discovery,لَقْوَة,لقوة,കണ്ടെത്തൽ
Softness (Adjective used as noun),لَيِّن,لين,മൃദുവായത്
A city in Lebanon,لُبْنَان,لبنان,ലെബനനിലെ ഒരു നഗരം
The Lebanon,لُبْنَان,لبنان,ലെബനൻ
Played,لَعِبَ,لعب,കളിക്കുക
Met/Encountered,لَقِيَ,لقي,"കണ്ടുമുട്ടുക, അഭിമുഖീകരിക്കുക"
Cursed,لَعَنَ,لعن,"ശപിക്കുക, നിന്ദിക്കുക"
Gathered/Collected,لَمَّ,لم,"ശേഖരിക്കുക, കൂട്ടിച്ചേർക്കുക"
Blamed/Reproached,لَامَ,لام,"കുറ്റപ്പെടുത്തുക, ആക്ഷേപിക്കുക"
Shone/Flashed,لَمَعَ,لمع,"തിളങ്ങുക, മിന്നുക"
Stuck/Adhered,لَصِقَ,لصق,"ഒട്ടിച്ചേരുക, പറ്റിപ്പിടിക്കുക"
Bit/Stung,لَسَعَ,لسع,"കടിക്കുക, കുത്തുക"
Softened/Was gentle,لَانَ,لان,"മൃദുവാക്കുക, സൗമ്യമായിരിക്കുക"
Rolled up/Wrapped,לَفَّ,לف,"ചുരുട്ടുക, പൊതിയുക"
Cancelled/Revoked,لَغَى,لغي,"റദ്ദാക്കുക, അസാധുവാക്കുക"
Pasted/Glued,لَصَّقَ,لصق,"ഒട്ടിക്കുക, പശ ചേർക്കുക"
Embellished/Adorned,لَطَّفَ,لطف,"അലങ്കരിക്കുക, ഭംഗിയാക്കുക"
Met (Mutual),اِلْتَقَى,التقي,പരസ്പരം കണ്ടുമുട്ടുക
Received/Found,تَلَقَّى,تلقي,"ലഭിക്കുക, കണ്ടെത്തുക"
Committed/Adhered to,اِلْتَزَمَ,التزم,"പ്രതിജ്ഞാബദ്ധനാവുക, പാലിക്കുക"
Sought refuge,اِلْتَجَأَ,التجا,അഭയം തേടുക
Turned towards,اِلْتَفَتَ,التفت,നേരെ തിരിയുക
Enjoyed/Found delicious,تَلَذَّذَ,تلذذ,"ആസ്വദിക്കുക, രുചികരമാവുക"
Glowed/Flashed (Made to),لَمَّعَ,لمع,തിളക്കമുണ്ടാക്കുക
Amused/Entertained,لَهَّى,لهي,"രസിപ്പിക്കുക, സന്തോഷിപ്പിക്കുക"
Joined/Welded,لَحَمَ,لحم,"കൂട്ടിച്ചേർക്കുക, വെൽഡ് ചെയ്യുക"
Adhered (Made to stick),أَلْصَقَ,الصق,ഒട്ടിക്കുക
Was necessary,لَزِمَ,لزم,ആവശ്യമായിരിക്കുക
Made necessary,أَلْزَمَ,الزم,ആവശ്യമാക്കുക
Wasted/Annulled,أَلْغَى,الغي,"പാഴാക്കുക, ഇല്ലാതാക്കുക"
Turned/Twisted,لَوَى,لوي,"തിരിയുക, വളയ്ക്കുക"
To chew,لَاك,لاك,ചവയ്ക്കുക
To blame (Mutual),تَلَاوَمَ,تلاوم,പരസ്പരം കുറ്റപ്പെടുത്തുക
To be blamed,اُلِيْمَ,اليم,കുറ്റപ്പെടുത്തപ്പെടുക
To lick,لَحِسَ,لحس,നക്കുക
To become confused,تَلَبَّسَ,تلبس,ആശയക്കുഴപ്പത്തിലാവുക
To be concealed,تَلَحَّفَ,تلحف,മറഞ്ഞിരിക്കുക
To wear (Made to),أَلْبَسَ,البس,ധരിപ്പിക്കുക
To make shine,أَلْمَعَ,المع,തിളക്കം വരുത്തുക
To join/Attach,اِلْتِحَام,التحام,"ചേരുക, ബന്ധിപ്പിക്കുക"
To wrap around (Itself),تَلَفَّفَ,تلفف,ചുറ്റിപ്പിണയുക
To pronounce,لَفَظَ,لفظ,ഉച്ചരിക്കുക
To soften (Made soft),أَلَانَ,الان,മൃദുവായിരിക്കുക
To desire/Yearn,تَلَهَّفَ,تلهف,"ആഗ്രഹിക്കുക, കൊതിക്കുക"
To taste,ذَاقَ,ذاق,രുചിച്ച് നോക്കുക
To collect/Gather,جَمَعَ,جمع,ശേഖരിക്കുക
To separate,فَرَّقَ,فرق,വേർതിരിക്കുക
To be silent,سَكَتَ,سكت,നിശ്ശബ്ദനാവുക
Place/Location,مَكَان,مكان,"സ്ഥലം, ഇടം"
Money/Cash,مَال,مال,"പണം, ധനം"
Time/Appointment,مَوْعِد,موعد,"സമയം, കൂടിക്കാഴ്ച"
Death,مَوْت,موت,മരണം
School/Office,مَدْرَسَة,مدرسة,"വിദ്യാലയം, കാര്യാലയം"
City/Town,مَدِينَة,مدينة,"നഗരം, പട്ടണം"
Entrance/Gate,مَدْخَل,مدخل,"പ്രവേശന കവാടം, വാതിൽ"
Exit/Outlet,مَخْرَج,مخرج,പുറത്തുകടക്കുന്ന സ്ഥലം
Need/Purpose,مَطْلَب,مطلب,"ആവശ്യം, ലക്ഷ്യം"
Kitchen,مَطْبَخ,مطبخ,അടുക്കള
Library,مَكْتَبَة,مكتبة,ഗ്രന്ഥശാല
Desk/Office,مَكْتَب,مكتب,"മേശ, ഓഫീസ്"
Building/Structure,مَبْنَى,مبني,"കെട്ടിടം, നിർമ്മിതി"
Problem/Issue,مُشْكِلَة,مشكلة,"പ്രശ്നം, വിഷയം"
Past,مَاضِي,ماضي,ഭൂതകാലം
Present,حَاضِر,حاضر,വർത്തമാനകാലം
Difficulty,مَشَقَّة,مشقة,"പ്രയാസം, കഷ്ടപ്പാട്"
Stadium,مَلْعَب,ملعب,സ്റ്റേഡിയം
Airport,مَطَار,مطار,വിമാനത്താവളം
Harbor/Port,مِينَاء,ميناء,തുറമുഖം
Balance/Scale,مِيزَان,ميزان,"തുലാസ്, അളവ്"
Lamp/Light,مِصْبَاح,مصباح,"വിളക്ക്, പ്രകാശം"
Factory,مَصْنَع,مصنع,"ഫാക്ടറി, ഉൽപാദനശാല"
Destiny/Fate,مَصِير,مصير,"വിധി, ഗതി"
Example/Model,مِثَال,مثال,"ഉദാഹരണം, മാതൃക"
Ocean/Sea,مُحِيط,محيط,"സമുദ്രം, കടൽ"
Engineer,مُهَنْدِس,مهندس,എഞ്ചിനീയർ
Teacher,مُعَلِّم,معلم,അധ്യാപകൻ
Learner/Student,مُتَعَلِّم,متعلم,"പഠിതാവ്, വിദ്യാർത്ഥി"
Kingdom/Realm,مَمْلَكَة,مملكة,"രാജ്യം, സാമ്രാജ്യം"
Dream/Vision,مَنَام,منام,"സ്വപ്നം, കാഴ്ച"
Benefit/Good,مَنْفَعَة,منفعة,"പ്രയോജനം, നന്മ"
Source/Origin,مَصْدَر,مصدر,"ഉറവിടം, ഉത്ഭവം"
Journey/Trip,رِحْلَة,رحلة,"യാത്ര, സഞ്ചാരം"
Enemy,عَدُوّ,عدو,ശത്രു
Clothes,مَلَابِس,ملابس,വസ്ത്രങ്ങൾ
Hammer,مِطْرَقَة,مطرقة,ചുറ്റിക
Towel,مِنْشَفَة,منشفة,"തോർത്ത്, ടവൽ"
Comb,مُشْط,مشط,ചീപ്പ്
Bed,سَرِير,سرير,കിടക്ക
Elevator/Lift,مِصْعَد,مصعد,ലിഫ്റ്റ്
Knife,سِكِّين,سكين,കത്തി
Died,مَاتَ,مات,മരിക്കുക
Walked,مَشَى,مشي,നടക്കുക
Passed (By/Over),مَرَّ,مر,"കടന്നുപോവുക, മറികടക്കുക"
Extended/Spread,مَدَّ,مد,"നീട്ടുക, പരത്തുക"
Filled,مَلَأَ,ملا,നിറയ്ക്കുക
Owned/Possessed,مَلَكَ,ملك,"ഉടമയായിരിക്കുക, കൈവശം വെക്കുക"
Prevented/Forbade,مَنَعَ,منع,"തടയുക, വിലക്കുക"
Wiped/Cleaned,مَسَحَ,مسح,"തുടയ്ക്കുക, വൃത്തിയാക്കുക"
Touched/Felt,مَسَّ,مس,"സ്പർശിക്കുക, തൊടുക"
Represented/Acted,مَثَّلَ,مثل,"പ്രതിനിധീകരിക്കുക, അഭിനയിക്കുക"
Stretched/Pulled,مَطَّ,مط,വലിച്ചു നീട്ടുക
Recognized/Knew,عَرَفَ,عرف,"തിരിച്ചറിയുക, അറിയുക"
Made to die/Killed,أَمَاتَ,امات,"മരിപ്പിക്കുക, കൊല്ലുക"
Enabled/Empowered,مَكَّنَ,مكن,"കഴിവുള്ളവനാക്കുക, അധികാരം നൽകുക"
Provided/Supplied,أَمَدَّ,امد,"നൽകുക, വിതരണം ചെയ്യുക"
Believed,آمَنَ,امن,വിശ്വസിക്കുക
Ordered/Commanded,أَمَرَ,امر,"ആജ്ഞാപിക്കുക, കൽപ്പിക്കുക"
Stayed/Settled,أَقَامَ,اقام,"താമസിക്കുക, സ്ഥിരമായിരിക്കുക"
Was able/Could,تَمَكَّنَ,تمكن,"കഴിയുക, പ്രാപ്തമാവുക"
Considered/Pondered,تَأَمَّلَ,تامل,"ചിന്തിക്കുക, ആലോചിക്കുക"
Excelled/Distinguished,اِمْتَازَ,امتاز,"മികച്ചു നിൽക്കുക, വേർതിരിക്കുക"
Tested/Examined,اِمْتَحَنَ,امتحن,"പരീക്ഷിക്കുക, പരിശോധിക്കുക"
Held/Grasped,أَمْسَكَ,امسك,"പിടിക്കുക, കൈവശം വെക്കുക"
Granted/Allowed,مَنَحَ,منح,"അനുവദിക്കുക, നൽകുക"
Signed/Sealed,خَتَمَ,ختم,"ഒപ്പിടുക, മുദ്ര വെക്കുക"
Walked (Made to),مَشَّى,مشي,നടത്തിക്കുക
Tasted,ذَاقَ,ذاق,രുചിക്കുക
Prepared/Arranged,جَهَّزَ,جهز,"ഒരുക്കുക, ക്രമീകരിക്കുക"
Possessed (Made to),مَلَّكَ,ملك,ഉടമസ്ഥനാക്കുക
Delayed/Postponed,أَمْهَلَ,امهل,"താമസിപ്പിക്കുക, നീട്ടിവെക്കുക"
Reached/Arrived,بَلَغَ,بلغ,"എത്തുക, എത്തിച്ചേരുക"
Hoped/Wished,أَمَّلَ,امل,"പ്രത്യാശിക്കുക, ആഗ്രഹിക്കുക"
Practiced/Exercised,مَارَسَ,مارس,"പരിശീലിക്കുക, വ്യായാമം ചെയ്യുക"
Consulted,شَاوَرَ,شاور,കൂടിയാലോചിക്കുക
Was silent,صَمَتَ,صمت,നിശ്ശബ്ദനായിരിക്കുക
Grew/Increased,نَمَا,نما,"വളരുക, വർദ്ധിക്കുക"
Mixed/Blended,مَزَجَ,مزج,"കൂട്ടിക്കലർത്തുക, മിക്സ് ചെയ്യുക"
Light,نُور,نور,പ്രകാശം
Fire,نَار,نار,"തീ, അഗ്നി"
Soul/Self,نَفْس,نفس,"ആത്മാവ്, മനസ്സ്"
River/Stream,نَهْر,نهر,"നദി, അരുവി"
Victory/Help,نَصْر,نصر,"വിജയം, സഹായം"
Order/System,نِظَام,نظام,"ക്രമം, വ്യവസ്ഥ"
Sleep,نَوْم,نوم,ഉറക്കം
Type/Kind,نَوْع,نوع,"തരം, വർഗ്ഗം"
Exhale/Breath,نَفَس,نفس,"ശ്വാസം, നിശ്വാസം"
النيل (The Nile),نِيل,نيل,നൈൽ നദി
Plant/Vegetation,نَبَات,نبات,"സസ്യം, ചെടി"
Prophet,نَبِيّ,نبي,പ്രവാചകൻ
Scent/Odor,نَفْحَة,نفحة,"സുഗന്ധം, മണം"
Result/Outcome,نَتِيجَة,نتيجة,"ഫലം, പരിണതഫലം"
Look/Sight,نَظَر,نظر,"നോട്ടം, കാഴ്ച"
Example/Pattern,نَمُوذَج,نموذج,"മാതൃക, രീതി"
Advice/Counsel,نُصْح,نصح,"ഉപദേശം, മന്ത്രം"
Punishment/Torment,نَكَال,نكال,"ശിക്ഷ, വേദന"
Jump/Leap,نَزْوَة,نزوة,ചാട്ടം
Descending/Arrival,نُزُول,نزول,"ഇറങ്ങി വരിക, എത്തിച്ചേരൽ"
Growth/Development,نُمُوّ,نمو,"വളർച്ച, വികസനം"
Blessing/Grace,نِعْمَة,نعمة,"അനുഗ്രഹം, കൃപ"
Grave/Tomb,قَبْر,قبر,"ശവക്കുഴി, ഖബർ"
Bed/Couch,سَرِير,سرير,"കിടക്ക, കട്ടിൽ"
People,نَاس,ناس,"ജനങ്ങൾ, മനുഷ്യർ"
Woman,اِمْرَأَة,امراة,സ്ത്രീ
Hand,يَد,يد,കൈ
Kindness/Grace,نَوَال,نوال,"ദയ, ഔദാര്യം"
Horn,نَبْل,نبل,കൊമ്പ്
Arrow,نَبْل,نبل,"അമ്പ്, ശരം"
Weeping,بُكَاء,بكاء,കരച്ചിൽ
Order/Command,نَهْي,نهي,"കൽപ്പന, നിർദ്ദേശം"
Seeds/Nuclei,نَوَى,نوي,"വിത്തുകൾ, ന്യൂക്ലിയസ്"
Goodness/Benefit,خَيْر,خير,"നന്മ, പ്രയോജനം"
Badness/Evil,شَرّ,شر,"തിന്മ, ദോഷം"
Gossip/Tale-bearing,نَمِيمَة,نميمة,"ഏഷണി, കുശുകുശുപ്പ്"
Sorrow/Grief,حُزْن,حزن,"ദുഃഖം, വിഷാദം"
Anxiety/Worry,هَمّ,هم,ഉത്കണ്ഠ
Cough,سُعَال,سعال,ചുമ
Sting/Poke,نَخْس,نخس,"കുത്ത്, മുറിവ്"
Vibration/Trembling,رَجْفَة,رجفة,"കമ്പനം, വിറയൽ"
Punishment (Name),عِقَاب,عقاب,ശിക്ഷ
Planting/Sowing,غَرْس,غرس,"നടൽ, വിതയ്ക്കൽ"
Looked/Watched,نَظَرَ,نظر,"നോക്കുക, കാണുക"
Helped/Supported,نَصَرَ,نصر,"സഹായിക്കുക, പിന്തുണയ്ക്കുക"
Grew/Developed,نَمَا,نما,"വളരുക, വികസിക്കുക"
Organized/Arranged,نَظَّمَ,نظم,"ക്രമീകരിക്കുക, വ്യവസ്ഥപ്പെടുത്തുക"
Descended/Came down,نَزَلَ,نزل,"ഇറങ്ങുക, താഴോട്ട് വരിക"
Succeeded/Won,نَجَحَ,نجح,"വിജയിക്കുക, ജയിക്കുക"
Forgot,نَسِيَ,نسي,മറക്കുക
Canceled/Annulled,نَقَضَ,نقض,"റദ്ദാക്കുക, അസാധുവാക്കുക"
Jumped/Leapt,نَقَزَ,نقز,"ചാടുക, കുതിക്കുക"
Shook/Trembled,نَفَضَ,نفض,"കുലുങ്ങുക, വിറയ്ക്കുക"
Benefited/Profited,نَفَعَ,نفع,"പ്രയോജനപ്പെടുക, ലാഭമുണ്ടാക്കുക"
Breathed,نَفَسَ,نفس,ശ്വാസമെടുക്കുക
Woke up,نَبَّهَ,نبه,"ഉണരുക, ഉണർത്തുക"
Prophesied,تَنَبَّأَ,تنبا,പ്രവചിക്കുക
Gave advice/Counseled,نَصَحَ,نصح,"ഉപദേശിക്കുക, നിർദ്ദേശിക്കുക"
Published/Spread,نَشَرَ,نشر,"പ്രസിദ്ധീകരിക്കുക, പരത്തുക"
Planted/Sowed,نَبَتَ,نبت,"നടുക, വിതയ്ക്കുക"
Repented,نَدِمَ,ندم,പശ്ചാത്തപിക്കുക
Escaped/Saved,نَجَا,نجا,"രക്ഷപ്പെടുക, സുരക്ഷിതനാവുക"
Called/Proclaimed,نَادَى,نادي,"വിളിക്കുക, പ്രഖ്യാപിക്കുക"
Competed/Contended,نَازَعَ,نازع,"മത്സരിക്കുക, വാദിക്കുക"
Disputed/Quarreled,نَاقَشَ,ناقش,"തർക്കിക്കുക, കലഹിക്കുക"
Discussed/Debated,نَاوَلَ,ناول,"ചർച്ച ചെയ്യുക, സംവാദം നടത്തുക"
Handed/Passed over,نَالَ,نال,"കൈമാറുക, നൽകുക"
Obtained/Achieved,اِسْتَنَارَ,استنار,"നേടുക, കരസ്ഥമാക്കുക"
Sought light,اِسْتَنْجَدَ,استنجد,പ്രകാശം തേടുക
Asked for help,اِسْتَنْجَدَ,استنجد,സഹായം അഭ്യർത്ഥിക്കുക
Sought salvation,اِسْتَنْقَذَ,استنقذ,രക്ഷ തേടുക
Rescued/Saved,اِسْتَنْقَى,استنقي,രക്ഷിക്കുക
Purified/Refined,اِنتَقَلَ,انتقل,ശുദ്ധീകരിക്കുക
Moved/Transferred,اِنْتَهَى,انتهي,"മാറുക, കൈമാറ്റം ചെയ്യുക"
Ended/Finished,اِنْتَبَهَ,انتبه,"അവസാനിക്കുക, പൂർത്തിയാക്കുക"
Noticed/Paid attention,اِنْتَقَدَ,انتقد,"ശ്രദ്ധിക്കുക, തിരിച്ചറിയുക"
Criticized,اِنْتَشَرَ,انتشر,വിമർശിക്കുക
Spread/Diffused,اِنْتَفَخَ,انتفخ,"വ്യാപിക്കുക, പ്രചരിക്കുക"
Swelled/Inflated,تَنَزَّلَ,تنزل,"വീർക്കുക, വലുതാവുക"
Descended (Gradually),تَنَاوَلَ,تناول,സാവധാനം ഇറങ്ങുക
Received/Took (Food/Drink),تَنَافَسَ,تنافس,"സ്വീകരിക്കുക, ഭക്ഷിക്കുക"
Competed (Mutual),أَنْجَزَ,انجز,പരസ്പരം മത്സരിക്കുക
Completed/Executed,أَنْذَرَ,انذر,"പൂർത്തിയാക്കുക, നടപ്പിലാക്കുക"
Warned/Cautioned,أَنْفَقَ,انفق,"മുന്നറിയിപ്പ് നൽകുക, ശ്രദ്ധിപ്പിക്കുക"
Spent (Money),أَنْكَرَ,انكر,"ചെലവഴിക്കുക, ചിലവഴിക്കുക"
Denied/Rejected,أَنَارَ,انار,"നിഷേധിക്കുക, തള്ളിക്കളയുക"
Illuminated/Lit up,تَنَظَّرَ,تنظر,"പ്രകാശിപ്പിക്കുക, വെളിച്ചം നൽകുക"
Looked carefully,نَاجَى,ناجي,ശ്രദ്ധിച്ച് നോക്കുക
Conversed secretly,نَاقَضَ,ناقض,രഹസ്യമായി സംസാരിക്കുക
Contradicted,نَابَ,ناب,വിരുദ്ധമായി പറയുക
Represented/Acted for,نَبَعَ,نبع,പ്രതിനിധീകരിക്കുക
Gushed/Flowed (Water),نَبَعَ,نبع,"ഉറവെടുക്കുക, ഒഴുകുക"
Moon/Crescent,هِلَال,هلال,"ചന്ദ്രക്കല, അമ്പിളി"
Gift,هَدِيَّة,هدية,"സമ്മാനം, ദാനം"
Direction/Guidance,هِدَايَة,هداية,"മാർഗ്ഗനിർദ്ദേശം, വഴി"
Terror/Panic,هَوْل,هول,"ഭീകരത, പരിഭ്രാന്തി"
Destruction/Ruin,هَلَاك,هلاك,"നാശം, തകർച്ച"
Concern/Worry,هَمّ,هم,"ശ്രദ്ധ, ഉത്കണ്ഠ"
Emigration/Exodus,هِجْرَة,هجرة,"പലായനം, കുടിയേറ്റം"
Structure/Form,هَيْكَل,هيكل,"ഘടന, രൂപം"
Goal/Target,هَدَف,هدف,"ലക്ഷ്യം, ഉന്നം"
Downfall/Descent,هُبُوط,هبوط,"തകർച്ച, ഇറക്കം"
Silence,هُدُوء,هدوء,നിശ്ശബ്ദത
Sarcasm/Mockery,هُزء,هزء,"പരിഹാസം, കളിയാക്കൽ"
Thinness/Frailty,هُزَال,هزال,"കനം കുറവ്, ദുർബ്ബലത"
Day,نَهَار,نهار,പകൽ
Wind/Air,هَوَاء,هواء,"കാറ്റ്, വായു"
Voice/Sound,صَوْت,صوت,"ശബ്ദം, ഒച്ച"
Here (Place),هُنَا,هنا,ഇവിടെ
Attack/Assault,هُجُوم,هجوم,"ആക്രമണം, കയ്യേറ്റം"
Structure/Figure,هَيْئَة,هيية,"രൂപം, ആകൃതി"
Dread/Fear,خَوْف,خوف,"ഭയം, പേടി"
Ease/Comfort,هُون,هون,"എളുപ്പം, ആശ്വാസം"
Peace/Calmness,سَلَام,سلام,"സമാധാനം, ശാന്തത"
Weakness/Flaw,وَهْن,وهن,"ബലഹീനത, കുറവ്"
Gift/Offering,هَبَة,هبة,"കാഴ്ച, സമർപ്പണം"
Blood,دَمّ,دم,രക്തം
These (Plural),هَؤُلَاء,هولاء,ഇവ
This (Masculine),هَذَا,هذا,ഇത്
This (Feminine),هَذِهِ,هذه,ഇത്
Laughter/Chuckling,هَلْهَلَة,هلهلة,"ചിരി, കിളിക്കൽ"
Rainfall,هُطُول,هطول,മഴയുടെ വീഴ്ച
Destruction (Pl.),هَلَكَات,هلكات,നാശങ്ങൾ
Noise/Uproar,هَرْج,هرج,"ബഹളം, ശബ്ദകോലാഹലം"
Slowness/Delay,تَمَهُّل,تمهل,"സാവധാനം, താമസം"
Silence/Stillness,سُكُوت,سكوت,"നിശ്ശബ്ദത, നിശ്ചലത"
A city in Yemen,هَمْدَان,همدان,യമനിലെ ഒരു നഗരം
Anxiety/Pain,هُمُوم,هموم,"ഉത്കണ്ഠ, വേദന"
Flaw/Defect,عَيْب,عيب,"കുറവ്, ന്യൂനത"
Embrace/Hug,حِضْن,حضن,ആലിംഗനം
Appearance/Form,مَظْهَر,مظهر,"രൂപം, കാഴ്ച"
Comfort/Tranquility,رَاحَة,راحة,"ആശ്വാസം, ശാന്തത"
Dizziness/Vertigo,دُوَار,دوار,തലകറക്കം
Air (Adjective),هَوَائِيّ,هوايي,വായു സംബന്ധമായത്
Emigrated/Migrated,هَاجَرَ,هاجر,"പലായനം ചെയ്യുക, കുടിയേറുക"
Destroyed/Perished,هَلَكَ,هلك,"നശിപ്പിക്കുക, ഇല്ലാതാക്കുക"
Guided/Directed,هَدَى,هدي,"മാർഗ്ഗനിർദ്ദേശം നൽകുക, വഴി കാണിക്കുക"
Attacked/Assaulted,هَجَمَ,هجم,"ആക്രമിക്കുക, കയ്യേറ്റം ചെയ്യുക"
Shook/Trembled,هَزَّ,هز,"കുലുങ്ങുക, വിറയ്ക്കുക"
Defeated,هَزَمَ,هزم,"തോൽപ്പിക്കുക, പരാജയപ്പെടുത്തുക"
Cheered/Exhilarated,هَلَّلَ,هلل,"ആർത്തുല്ലസിക്കുക, സന്തോഷം പ്രകടിപ്പിക്കുക"
Fell/Dropped,هَبَطَ,هبط,"വീഴുക, താഴേക്ക് പതിക്കുക"
Joked/Made fun of,هَزَلَ,هزل,"തമാശ പറയുക, കളിയാക്കുക"
Gave (A gift),وَهَبَ,وهب,"സമ്മാനം നൽകുക, ദാനം ചെയ്യുക"
Made easy/Facilitated,هَوَّنَ,هون,"എളുപ്പമാക്കുക, സൗകര്യപ്പെടുത്തുക"
Threatened,هَدَّدَ,هدد,"ഭീഷണിപ്പെടുത്തുക, പേടിപ്പിക്കുക"
Destroyed (Made to perish),أَهْلَكَ,اهلك,നാശമുണ്ടാക്കുക
Made noise/Shouted,هَتَفَ,هتف,"ശബ്ദമുണ്ടാക്കുക, ഒച്ച വെക്കുക"
Wasted/Squandered,أَهْدَرَ,اهدر,"പാഴാക്കുക, ധൂർത്തടിക്കുക"
Prepared (A gift),أَهْدَى,اهدي,സമ്മാനം ഒരുക്കുക
Became calm/Quiet,هَدَأَ,هدا,"ശാന്തമാവുക, അടങ്ങുക"
Emigrated (Mutual),تَهَاجَرَ,تهاجر,പരസ്പരം പലായനം ചെയ്യുക
Collapsed/Fell down,اِنْهَارَ,انهار,"തകരുക, നിലംപതിക്കുക"
Digested,هَضَمَ,هضم,ദഹിപ്പിക്കുക
Ignored/Neglected,أَهْمَلَ,اهمل,"അവഗണിക്കുക, ശ്രദ്ധിക്കാതിരിക്കുക"
Pleased/Appeased,هَدَّأَ,هدا,"സന്തോഷിപ്പിക്കുക, അനുരഞ്ജിപ്പിക്കുക"
Rushed/Hurried,هَرَعَ,هرع,"ധൃതിപ്പെടുക, വേഗത്തിലാക്കുക"
Flowed (Water),هَمَلَ,همل,"ഒഴുകുക, പ്രവഹിക്കുക"
Embraced/Hugged,عَانَقَ,عانق,ആലിംഗനം ചെയ്യുക
Forgot (Made to),أَنْسَى,انسي,മറപ്പിക്കുക
Wore out/Aged,هَرِمَ,هرم,"പഴകുക, ജീർണ്ണിക്കുക"
Felt important/Mattered,هَمَّ,هم,"പ്രധാനമാവുക, പ്രാധാന്യം നൽകുക"
Praised/Exalted,هَلَّ,هل,"സ്തുതിക്കുക, പുകഴ്ത്തുക"
Wished/Desired,هَامَ,هام,"ആഗ്രഹിക്കുക, മോഹിക്കുക"
Tore/Ripped,هَتَكَ,هتك,"കീറുക, വലിച്ചു കീറുക"
Annoyed/Agitated,أَزْعَجَ,ازعج,"ശല്യപ്പെടുത്തുക, പ്രകോപിപ്പിക്കുക"
Guided (Sought guidance),اِسْتَهْدَى,استهدي,മാർഗ്ഗനിർദ്ദേശം തേടുക
Feared,اِسْتَهَالَ,استهال,ഭയപ്പെടുക
Despised/Scorned,اِسْتَهَانَ,استهان,"പുച്ഛിക്കുക, നിസ്സാരമാക്കുക"
Was thin/Emaciated,هَزُلَ,هزل,"മെലിയുക, ക്ഷീണിക്കുക"
Prepared/Arranged,جَهَّزَ,جهز,"തയ്യാറാക്കുക, ക്രമീകരിക്കുക"
Spoke clearly,أَبَانَ,ابان,വ്യക്തമായി സംസാരിക്കുക
Made a mistake,أَخْطَأَ,اخطا,തെറ്റ് ചെയ്യുക
Warmed up/Heated,سَخَّنَ,سخن,"ചൂടാക്കുക, ചൂട് നൽകുക"
Shouted (Mutual),تَهَاتَفَ,تهاتف,പരസ്പരം ശബ്ദമുണ്ടാക്കുക
Threatened (Mutual),تَهَادَدَ,تهادد,പരസ്പരം ഭീഷണിപ്പെടുത്തുക
Wished (Made to),هَيَّمَ,هيم,മോഹിപ്പിക്കുക
Prepared/Made ready,هَيَّأَ,هيا,"ഒരുക്കുക, സജ്ജമാക്കുക"
Was destroyed,تَهَدَّمَ,تهدم,നശിപ്പിക്കപ്പെടുക
Collapsed (Itself),تَهَاوَى,تهاوي,സ്വയം തകരുക
Became easy,تَهَاوَنَ,تهاون,എളുപ്പമാവുക
Neglected/Was careless,هَامَ,هام,അശ്രദ്ധ കാണിക്കുക
Wandered/Roved,هَامَ,هام,അലഞ്ഞുതിരിയുക
Whispered,هَمَسَ,همس,മന്ത്രിക്കുക
Face/Aspect,وَجْه,وجه,"മുഖം, വശം"
Time/Era,وَقْت,وقت,"സമയം, കാലഘട്ടം"
Promise,وَعْد,وعد,"വാഗ്ദാനം, പ്രതിജ്ഞ"
Duty/Obligation,وَاجِب,واجب,"കടമ, ബാധ്യത"
Middle/Center,وَسَط,وسط,"മദ്ധ്യം, കേന്ദ്രം"
Unity/Union,وَحْدَة,وحدة,"ഐക്യം, ചേർച്ച"
Descendant/Child,وَلَد,ولد,"സന്താനം, കുട്ടി"
Birth,وِلَادَة,ولادة,ജനനം
Fear,وَجَل,وجل,"ഭയം, പേടി"
Weight/Burden,وِزْر,وزر,"ഭാരം, ചുമട്"
Minister/Vizier,وَزِير,وزير,മന്ത്രി
Means/Way,وَسِيلَة,وسيلة,"മാർഗ്ഗം, വഴി"
Situation/State,وَضْع,وضع,"അവസ്ഥ, നില"
Patriotism/Loyalty,وَلَاء,ولاء,"കൂറ്, വിശ്വസ്തത"
Heir,وَرَثَة,ورثة,അവകാശി
Rose (Flower),وَرْدَة,وردة,റോസാപ്പൂവ്
Inheritance,وِرَاثَة,وراثة,അനന്തരാവകാശം
Description/Recipe,وَصْفَة,وصفة,"വിവരണം, കുറിപ്പടി"
Vessel/Pot,وِعَاء,وعاء,പാത്രം
Wasteland/Desert,وَهْدَة,وهدة,"തരിശുഭൂമി, മരുഭൂമി"
Comfort/Ease,رَاحَة,راحة,"ആശ്വാസം, എളുപ്പം"
Disease/Ailment,مَرَض,مرض,"രോഗം, അസുഖം"
Order/Discipline,نِظَام,نظام,"ക്രമം, ചിട്ട"
Deposit/Trust,وَدِيعَة,وديعة,"നിക്ഷേപം, വിശ്വാസം"
Whisper/Suggestion,وَسْوَسَة,وسوسة,"മന്ത്രിക്കൽ, ഉപദേശം"
Middle/Median,وَسْط,وسط,മദ്ധ്യഭാഗം
Success/Luck,تَوْفِيق,توفيق,"വിജയം, ഭാഗ്യം"
Agreement/Concord,وِفَاق,وفاق,"യോജിപ്പ്, ധാരണ"
Guard/Protector,وَقَايَة,وقاية,"കാവൽക്കാരൻ, സംരക്ഷകൻ"
Respect/Dignity,وَقَار,وقار,"ബഹുമാനം, മാന്യത"
Father,أَب,اب,പിതാവ്
Mother,أُمّ,ام,മാതാവ്
Doubt/Suspicion,شَكّ,شك,"സംശയം, അവിശ്വാസം"
Fear/Dread,خَوْف,خوف,"ഭയം, പേടി"
Nation/Country,وَطَن,وطن,"രാജ്യം, രാഷ്ട്രം"
Connection/Link,وِصَال,وصال,"ബന്ധം, ചേർച്ച"
Place of arrival,وُرُود,ورود,എത്തിച്ചേരുന്ന സ്ഥലം
Paper,وَرَقَة,ورقة,കടലാസ്
Description (Pl.),أَوْصَاف,اوصاف,വിവരണങ്ങൾ
Wills (Pl.),وَصَايَا,وصايا,ഇഷ്ടദാനങ്ങൾ
Heirs (Pl.),وَرَثَة,ورثة,അവകാശികൾ
Names (Pl.),أَسْمَاء,اسماء,പേരുകൾ
Times (Pl.),أَوْقَات,اوقات,സമയങ്ങൾ
Faces (Pl.),وُجُوه,وجوه,മുഖങ്ങൾ
Union/Gathering,وِجْدَان,وجدان,"ഒത്തുചേരൽ, സമ്മേളനം"
Found,وَجَدَ,وجد,കണ്ടെത്തുക
Arrived/Reached,وَصَلَ,وصل,"എത്തുക, എത്തിച്ചേരുക"
Stood/Stopped,وَقَفَ,وقف,"നിൽക്കുക, നിർത്തുക"
Put/Placed,وَضَعَ,وضع,"വെക്കുക, സ്ഥാപിക്കുക"
Promised,وَعَدَ,وعد,"വാഗ്ദാനം ചെയ്യുക, ഉറപ്പ് നൽകുക"
Was heavy/Weighed,وَزَنَ,وزن,"ഭാരമുള്ളതാവുക, തൂങ്ങുക"
Inherited,وَرِثَ,ورث,അനന്തരാവകാശം നേടുക
Directed/Turned,وَجَّهَ,وجه,"തിരിയുക, നേർക്ക് തിരിക്കുക"
Assigned/Delegated,وَكَّلَ,وكل,"ചുമതലപ്പെടുത്തുക, ഏൽപ്പിക്കുക"
Taught,دَرَّسَ,درس,പഠിപ്പിക്കുക
Wished/Desired,وَدَّ,ود,"ആഗ്രഹിക്കുക, മോഹിക്കുക"
Agreed/Concurred,وَافَقَ,وافق,"യോജിക്കുക, സമ്മതിക്കുക"
Faced/Confronted,وَاجَهَ,واجه,"അഭിമുഖീകരിക്കുക, നേർക്കുനേർ വരിക"
Made a will/Bequeathed,أَوْصَى,اوصي,"ഇഷ്ടദാനം നൽകുക, ഒസ്യത്ത് എഴുതുക"
Made something clear,أَوْضَحَ,اوضح,വ്യക്തമാക്കുക
Lit/Kindled,أَوْقَدَ,اوقد,"തീ കൊളുത്തുക, കത്തിക്കുക"
Gave (A gift),وَهَبَ,وهب,"സമ്മാനിക്കുക, ദാനം ചെയ്യുക"
Relied on/Trusted,اِتَّكَلَ,اتكل,"ആശ്രയിക്കുക, വിശ്വസിക്കുക"
Connected/Joined,اِتَّصَلَ,اتصل,"ബന്ധിപ്പിക്കുക, കൂട്ടിച്ചേർക്കുക"
Followed/Obeyed,اِتَّبَعَ,اتبع,"പിന്തുടരുക, അനുസരിക്കുക"
Became united,اِتَّحَدَ,اتحد,"ഒന്നാവുക, ഐക്യപ്പെടുക"
Described,وَصَفَ,وصف,വിവരിക്കുക
Reached (Made to),أَوْصَلَ,اوصل,എത്തിക്കുക
Created,خَلَقَ,خلق,സൃഷ്ടിക്കുക
Looked (Made to),نَظَرَ,نظر,നോക്കുക
Was successful (Sought),اِسْتَوْفَى,استوفي,വിജയം തേടുക
Completed/Fulfilled,اِسْتَوْلَى,استولي,"പൂർത്തിയാക്കുക, നിറവേറ്റുക"
Seized/Took over,تَوَقَّفَ,توقف,"പിടിച്ചെടുക്കുക, കൈവശപ്പെടുത്തുക"
Stopped/Paused,تَوَقَّعَ,توقع,"നിർത്തുക, ഇടവേള എടുക്കുക"
Expected/Anticipated,تَوَسَّطَ,توسط,"പ്രതീക്ഷിക്കുക, മുൻകൂട്ടി കാണുക"
Mediated/Intervened,تَوَفَّى,توفي,"മദ്ധ്യസ്ഥത വഹിക്കുക, ഇടപെടുക"
Died (Passed away),تَوَجَّهَ,توجه,മരണപ്പെടുക
Directed (Itself)/Headed,تَوَاصَلَ,تواصل,ലക്ഷ്യമാക്കി നീങ്ങുക
Communicated (Mutual),تَوَارَثَ,توارث,പരസ്പരം ബന്ധപ്പെടുക
Inherited (Mutual),تَوَافَقَ,توافق,പരസ്പരം അവകാശമാവുക
Agreed (Mutual),وَقَّعَ,وقع,പരസ്പരം യോജിക്കുക
Signed,وَفَّرَ,وفر,"ഒപ്പിടുക, മുദ്ര വെക്കുക"
Provided/Saved,وَلَّى,ولي,"നൽകുക, സംരക്ഷിക്കുക"
Appointed/Turned away,وَالَى,والي,"നിയമിക്കുക, തിരിഞ്ഞു നടക്കുക"
Followed/Supported,وَاثَبَ,واثب,"പിന്തുടരുക, പിന്തുണയ്ക്കുക"
Jumped up/Attacked,وَاظَبَ,واظب,"ചാടിയെഴുന്നേൽക്കുക, ആക്രമിക്കുക"
Persevered/Maintained,وَاخَى,واخي,"സ്ഥിരമായി ചെയ്യുക, നിലനിർത്തുക"
Befriended,وَلِعَ,ولع,ചങ്ങാത്തം സ്ഥാപിക്കുക
Was passionate/Fascinated,وَسِعَ,وسع,അഭിനിവേശമുള്ളവനാവുക
Was wide/Vast,أَوْسَعَ,اوسع,"വിശാലമാവുക, വലുതാവുക"
Widened/Expanded,وَضَّحَ,وضح,"വികസിപ്പിക്കുക, വലുതാക്കുക"
Clarified/Explained,وَرَّطَ,ورط,"വ്യക്തമാക്കുക, വിശദീകരിക്കുക"
Involved/Entangled,وَثِقَ,وثق,"ഉൾപ്പെടുത്തുക, കുരുക്കിൽ പെടുത്തുക"
Trusted/Believed,وَثَبَ,وثب,"വിശ്വസിക്കുക, ആശ്രയിക്കുക"
Jumped,وَثَبَ,وثب,ചാടുക
Day,يَوْم,يوم,ദിവസം
Yemen (Country),الْيَمَن,اليمن,യമൻ (രാജ്യം)
Diamond/Ruby,يَاقُوت,ياقوت,"വജ്രം, മാണിക്യം"
Certainty/Conviction,يَقِين,يقين,"നിശ്ചയം, ഉറപ്പ്"
Left (Side),يَسَار,يسار,ഇടതുവശം
Right (Side),يَمِين,يمين,വലതുവശം
Ease/Facility,يُسْر,يسر,"എളുപ്പം, സൗകര്യം"
Despair/Hopelessness,يَأْس,ياس,"നിരാശ, പ്രതീക്ഷയില്ലായ്മ"
Source/Spring,يَنْبُوع,ينبوع,"ഉറവ, നീരുറവ"
Day (Plural),أَيَّام,ايام,ദിവസങ്ങൾ
Hands (Plural),أَيْدِي,ايدي,കൈകൾ
Sea/Ocean (Literary),يَمّ,يم,കടൽ (വിശാലമായ)
Jasmine (Flower),يَاسَمِين,ياسمين,മുല്ലപ്പൂവ്
Wakefulness/Vigilance,يَقَظَة,يقظة,"ഉണർവ്വ്, ജാഗ്രത"
Yawn,تَثَاؤُب,تثاوب,കോട്ടുവാ
Inheritor/Heir,وَارِث,وارث,അവകാശി
Bird (Dove/Pigeon),يَمَامَة,يمامة,ഒരു പക്ഷി (പ്രാവ്)
Rest/Remains,بَقِيَّة,بقية,"ബാക്കി, ശേഷിപ്പ്"
River (Name),نِيل,نيل,നദി (നൈൽ)
Youth/Prime,صِبَا,صبا,"യൗവ്വനം, ബാല്യം"
Hunger,جُوع,جوع,വിശപ്പ്
Evening,مَسَاء,مساء,സന്ധ്യ
Earth,أَرْض,ارض,ഭൂമി
Angel,مَلَاك,ملاك,മാലാഖ
Demon,شَيْطَان,شيطان,പിശാച്
Daybreak/Dawn,فَجْر,فجر,പ്രഭാതം
Nightfall/Sunset,غُرُوب,غروب,"രാവുക, അസ്തമയം"
Need/Want,حَاجَة,حاجة,"ആവശ്യം, ദാരിദ്ര്യം"
Affliction/Trial,بَلَاء,بلاء,"കഷ്ടപ്പാട്, പരീക്ഷണം"
Male name (Prophet's name),يُونُس,يونس,പുരുഷനാമം
Male name (Prophet's name),يَحْيَى,يحيي,പുരുഷനാമം
Male name (Prophet's name),يُوسُف,يوسف,പുരുഷനാമം
The Holy Day (Friday),جُمْعَة,جمعة,പുണ്യദിനം (വെള്ളി)
Hope/Expectation,أَمَل,امل,പ്രതീക്ഷ
A river in heaven,يَاقُوتَة,ياقوتة,സ്വർഗ്ഗത്തിലെ നദി
A gem/Jewel,يَمَانِيّ,يماني,"രത്നം, മാണിക്യം"
Yemeni (Person/Thing),يَمَانِيّ,يماني,യമനിലെ
A type of plant,يُخْنَس,يخنس,ഒരു തരം സസ്യം
A type of shoe/Sandal,نَعْل,نعل,ഒരു തരം ചെരിപ്പ്
Became certain/Sure,يَقِنَ,يقن,"തീർച്ചയാവുക, ഉറപ്പാവുക"
Was easy/Facile,يَسُرَ,يسر,"എളുപ്പമാവുക, ലളിതമാവുക"
Despaired/Lost hope,يَئِسَ,ييس,"നിരാശനാവുക, പ്രതീക്ഷ നഷ്ടപ്പെടുക"
Left (Side),يَسَرَ,يسر,ഇടതുവശത്തേക്ക് പോവുക
Right (Side),يَمَنَ,يمن,വലതുവശത്തേക്ക് പോവുക
Woke up/Was alert,يَقِظَ,يقظ,"ഉണരുക, ജാഗ്രത പാലിക്കുക"
Bore fruit/Yielded,أَيْنَعَ,اينع,"ഫലം നൽകുക, വിളവ് നൽകുക"
Knew/Was certain of,أَيْقَنَ,ايقن,"അറിയുക, തീർച്ചപ്പെടുത്തുക"
Made easy/Facilitated,يَسَّرَ,يسر,"എളുപ്പമാക്കുക, ലഘൂകരിക്കുക"
Despaired (Made to),أَيْأَسَ,اياس,നിരാശപ്പെടുത്തുക
Rabbit/Hare,أَرْنَب,ارنب,മുയൽ
Snake/Viper,أَفْعَى,افعي,"പാമ്പ്, അണലി"
Snake (Figurative),أَفْعَى,افعي,പാമ്പ് (രൂപകം)
Goose (Figurative),إِوَزَّة,اوزة,വാത്ത (രൂപകം)
Duck,بَطَّة,بطة,താറാവ്
Parrot,بَبْغَاء,ببغاء,തത്ത
Goat (Male),تَيْس,تيس,മുട്ടനാട്
Bull/Ox,ثَوْر,ثور,"കാള, പോത്ത്"
Gaur (Ox),ثَوْر,ثور,കാട്ടുപോത്ത് (കാട്ടുപശു)
Fox (Figurative),ثَعْلَب,ثعلب,കുറുക്കൻ (രൂപകം)
Snake (Large),ثُعْبَان,ثعبان,വലിയ പാമ്പ്
Snake,ثُعْبَان,ثعبان,പാമ്പ്
Goat (Kid),جَدْي,جدي,ആട്ടിൻകുട്ടി
Locust,جَرَادَة,جرادة,വെട്ടുകിളി
Horse (Figurative),حِصَان,حصان,കുതിര (രൂപകം)
Donkey/Ass,حِمَار,حمار,കഴുത
Wild Ass,حِمَار,حمار,കാട്ടുകഴുത
Donkey (Figurative),حِمَار,حمار,കഴുത (രൂപകം)
Snake,حَيَّة,حية,പാമ്പ്
Chameleon,حِرْبَاء,حرباء,ഓന്ത്
Pig/Boar,خِنْزِير,خنزير,"പന്നി, കാട്ടുപന്നി"
Wild Boar,خِنْزِير,خنزير,കാട്ടുപന്നി
Bat,خُفَّاش,خفاش,വവ്വാൽ
Bat (Figurative),خُفَّاش,خفاش,വവ്വാൽ (രൂപകം)
Rooster/Cock,دِيك,ديك,പൂവൻ കോഴി
Insect/Worm,دُودَة,دودة,"പ്രാണികൾ, പുഴു"
Wolf (Figurative),ذِئْب,ذيب,ചെന്നായ (രൂപകം)
Fly (Small),ذُبَابَة,ذبابة,ഈച്ച (ചെറുത്)
Fish,سَمَكَة,سمكة,മീൻ
Trout (Fish),سَمَكَة,سمكة,ഒരുതരം മീൻ
Fish (Figurative),سَمَكَة,سمكة,മത്സ്യം (രൂപകം)
Turtle/Tortoise,سُلَحْفَاة,سلحفاة,ആമ
Lizard,سِحْلِيَّة,سحلية,പല്ലി
Crab,سَرَطَان,سرطان,ഞണ്ട്
Seagull,نَوْرَس,نورس,കടൽക്കാക്ക
Falcon/Hawk,صَقْر,صقر,"പരുന്ത്, പ്രാപ്പിടിയൻ"
Chick,صِيصَان,صيصان,കോഴിക്കുഞ്ഞ്
Frog,ضِفْدَع,ضفدع,തവള
Hyaena (Female),ضَبُع,ضبع,പെൺ കഴുതപ്പുലി
Lizard (Small),ضَبّ,ضب,ചെറിയ പല്ലി
Small Bird (Figurative),طَائِر,طاير,ചെറിയ പക്ഷി (രൂപകം)
Small Bird (Wren),طَائِر,طاير,ചെറിയ പക്ഷി
Peacock,طَاوُوس,طاووس,മയിൽ
Antelope,ظَبْي,ظبي,മാൻ വർഗ്ഗം
Eagle/Hawk,عُقَاب,عقاب,"കഴുകൻ, പരുന്ത്"
Gazelle,غَزَال,غزال,"മാൻ, കലമാൻ"
Ram,غَنَم,غنم,മുട്ടാട്
Sheep (Figurative),غَنَم,غنم,ആട് (രൂപകം)
Gnat,غَنَمَة,غنمة,കൊതുക് (ചെറിയ പ്രാണികൾ)
Mouse/Rat,فَأْر,فار,"എലി, പെരുച്ചാഴി"
Panther/Leopard,فَهْد,فهد,പുള്ളിപ്പുലി
Butterfly,فَرَاشَة,فراشة,പൂമ്പാറ്റ
Small Bird,فُرَيْخ,فريخ,ചെറിയ പക്ഷി
Seal,فُقْمَة,فقمة,കടൽനായ
Hippopotamus,فَرَسُ الْبَحْر,فرس البحر,ഹിപ്പോപൊട്ടാമസ്
Wildcat,قِطّ,قط,കാട്ടുപൂച്ച
Otter,قُنْفُذ,قنفذ,നീർനായ
Partridge (Bird),قَطَاة,قطاة,കാടപ്പക്ഷി
Louse,قَمْلَة,قملة,പേൻ
Ram,كَبْش,كبش,ആട്ടിൻകുട്ടി
Ram (Figurative),كَبْش,كبش,മുട്ടാട് (രൂപകം)
Kangaroo,كَنْغَر,كنغر,കംഗാരു
Lion,لَيْث,ليث,സിംഹം
Cow/Cattle,مَاشِيَة,ماشية,കന്നുകാലി
Goat (Female),مَاعِزَة,ماعزة,പെൺകോലാട്
Goat,مَاعِز,ماعز,കോലാട്
Kitten,هِرَّة,هرة,പൂച്ചക്കുട്ടി
Tiger,نَمِر,نمر,കടുവ
Leopard (Figurative),نَمِر,نمر,പുള്ളിപ്പുലി (രൂപകം)
Camel (Female),نَاقَة,ناقة,പെൺ ഒട്ടകം
Ostrich,نَعَامَة,نعامة,ഒട്ടകപ്പക്ഷി
Vulture,نَسْر,نسر,കഴുകൻ
Vulture/Eagle,نَسْر,نسر,കഴുകൻ
Cat (Female),هِرَّة,هرة,പൂച്ച (പെൺ)
Wild Duck,وَزّ,وز,കാട്ടു താറാവ്
Dove/Pigeon,يَمَامَة,يمامة,"പ്രാവ്, കപോതം"
Pronoun,ضَمِير,ضمير,സർവ്വനാമം
I/Me,أَنَا,انا,ഞാൻ/എന്നെ
You (Masculine Singular),أَنْتَ,انت,നീ/
He/It (Masculine),هُوَ,هو,അവൻ/അത്
She/It (Feminine),هِيَ,هي,അവൾ/അത്
In/At/By,فِي,في,ഇൽ//വഴി
To/For,لِـ,ل,ലേക്ക്/വേണ്ടി
From/Of,مِنْ,من,നിന്ന്/ന്റെ
On/Upon,عَلَى,علي,മേൽ/ഉപരി
With/By means of,بِـ,ب,കൂടി/വഴി
And,وَ,و,ഉം
Or,أَوْ,او,അല്ലെങ്കിൽ
Then/So,فَـ,ف,അപ്പോൾ/അതുകൊണ്ട്
But/Rather,بَلْ,بل,പക്ഷേ/പകരം
When/As,إِذْ,اذ,മ്പോൾ/സമയത്ത്
The (Definite Article),الْـ,ال,നിർണ്ണായകമായ
That (Masculine Singular),ذَلِكَ,ذلك,ആ
This (Masculine Singular),هَذَا,هذا,ഈ
