row_number,old_arabic,old_arabic_normalized,old_english,old_malayalam,new_arabic,new_arabic_normalized,new_english,new_malayalam,reason
1859,വിപ്ലവം / പ്രക്ഷോഭം,വിപ്ലവം / പ്രക്ഷോഭം,الثَّوْرَةُ,Revolution / Uprising,الثَّوْرَةُ,الثورة,Revolution / Uprising,വിപ്ലവം / പ്രക്ഷോഭം,"original HTML table row is ordered (Arabic, English, Malayalam) instead of (English, Malayalam, Arabic); extract_buh.py mis-assigned the cells - values rotated back to their true columns, verified against dictionary home.html"
1860,വിപ്ലവങ്ങൾ,വിപ്ലവങ്ങൾ,الثَّوْرَاتُ,Revolutions,الثَّوْرَاتُ,الثورات,Revolutions,വിപ്ലവങ്ങൾ,"original HTML table row is ordered (Arabic, English, Malayalam) instead of (English, Malayalam, Arabic); extract_buh.py mis-assigned the cells - values rotated back to their true columns, verified against dictionary home.html"
1869,സംസ്കാരം / വിദ്യാഭ്യാസം,സംസ്കാരം / വിദ്യാഭ്യാസം,الثَّقَافَةُ,Culture / Education,الثَّقَافَةُ,الثقافة,Culture / Education,സംസ്കാരം / വിദ്യാഭ്യാസം,"original HTML table row is ordered (Arabic, English, Malayalam) instead of (English, Malayalam, Arabic); extract_buh.py mis-assigned the cells - values rotated back to their true columns, verified against dictionary home.html"
1870,സംസ്കാരങ്ങൾ,സംസ്കാരങ്ങൾ,والثَّقَافَاتُ,Cultures,والثَّقَافَاتُ,والثقافات,Cultures,സംസ്കാരങ്ങൾ,"original HTML table row is ordered (Arabic, English, Malayalam) instead of (English, Malayalam, Arabic); extract_buh.py mis-assigned the cells - values rotated back to their true columns, verified against dictionary home.html"
1871,ഭാരം / കനം,ഭാരം / കനം,الثِّقَلُ,Weight / Heaviness,الثِّقَلُ,الثقل,Weight / Heaviness,ഭാരം / കനം,"original HTML table row is ordered (Arabic, English, Malayalam) instead of (English, Malayalam, Arabic); extract_buh.py mis-assigned the cells - values rotated back to their true columns, verified against dictionary home.html"
1872,ഭാരങ്ങൾ,ഭാരങ്ങൾ,الأَثْقَالُ,Weights / Burdens,الأَثْقَالُ,الاثقال,Weights / Burdens,ഭാരങ്ങൾ,"original HTML table row is ordered (Arabic, English, Malayalam) instead of (English, Malayalam, Arabic); extract_buh.py mis-assigned the cells - values rotated back to their true columns, verified against dictionary home.html"
1873,മഞ്ഞ് / ഐസ്,മഞ്ഞ് / ഐസ്,الثَّلْجُ,Ice / Snow,الثَّلْجُ,الثلج,Ice / Snow,മഞ്ഞ് / ഐസ്,"original HTML table row is ordered (Arabic, English, Malayalam) instead of (English, Malayalam, Arabic); extract_buh.py mis-assigned the cells - values rotated back to their true columns, verified against dictionary home.html"
1874,മഞ്ഞുകൾ,മഞ്ഞുകൾ,الثُّلُوجُ,Snows / Ices,الثُّلُوجُ,الثلوج,Snows / Ices,മഞ്ഞുകൾ,"original HTML table row is ordered (Arabic, English, Malayalam) instead of (English, Malayalam, Arabic); extract_buh.py mis-assigned the cells - values rotated back to their true columns, verified against dictionary home.html"
1875,മൂന്നിലൊന്ന്,മൂന്നിലൊന്ന്,الثُّلُثُ,One-third / Third part,الثُّلُثُ,الثلث,One-third / Third part,മൂന്നിലൊന്ന്,"original HTML table row is ordered (Arabic, English, Malayalam) instead of (English, Malayalam, Arabic); extract_buh.py mis-assigned the cells - values rotated back to their true columns, verified against dictionary home.html"
1876,മൂന്നിലൊന്നുകൾ,മൂന്നിലൊന്നുകൾ,الأَثْلاَثُ,One-thirds,الأَثْلاَثُ,الاثلاث,One-thirds,മൂന്നിലൊന്നുകൾ,"original HTML table row is ordered (Arabic, English, Malayalam) instead of (English, Malayalam, Arabic); extract_buh.py mis-assigned the cells - values rotated back to their true columns, verified against dictionary home.html"
1877,എട്ടിലൊന്ന്,എട്ടിലൊന്ന്,الثُّثْنُ,One-eighth / Eighth part,الثُّثْنُ,الثثن,One-eighth / Eighth part,എട്ടിലൊന്ന്,"original HTML table row is ordered (Arabic, English, Malayalam) instead of (English, Malayalam, Arabic); extract_buh.py mis-assigned the cells - values rotated back to their true columns, verified against dictionary home.html"
1878,എട്ടിലൊന്നുകൾ,എട്ടിലൊന്നുകൾ,الأَثْمَانُ,One-eighths,الأَثْمَانُ,الاثمان,One-eighths,എട്ടിലൊന്നുകൾ,"original HTML table row is ordered (Arabic, English, Malayalam) instead of (English, Malayalam, Arabic); extract_buh.py mis-assigned the cells - values rotated back to their true columns, verified against dictionary home.html"
1879,സെക്കൻഡ്,സെക്കൻഡ്,الثَّانِيَةُ,Second (Time unit),الثَّانِيَةُ,الثانية,Second (Time unit),സെക്കൻഡ്,"original HTML table row is ordered (Arabic, English, Malayalam) instead of (English, Malayalam, Arabic); extract_buh.py mis-assigned the cells - values rotated back to their true columns, verified against dictionary home.html"
1880,സെക്കൻഡുകൾ,സെക്കൻഡുകൾ,الثَّوَانِي,Seconds,الثَّوَانِي,الثواني,Seconds,സെക്കൻഡുകൾ,"original HTML table row is ordered (Arabic, English, Malayalam) instead of (English, Malayalam, Arabic); extract_buh.py mis-assigned the cells - values rotated back to their true columns, verified against dictionary home.html"
1881,ചെറിയ ദ്വാരം,ചെറിയ ദ്വാരം,الثُّقْبَةُ,Small hole / Slot,الثُّقْبَةُ,الثقبة,Small hole / Slot,ചെറിയ ദ്വാരം,"original HTML table row is ordered (Arabic, English, Malayalam) instead of (English, Malayalam, Arabic); extract_buh.py mis-assigned the cells - values rotated back to their true columns, verified against dictionary home.html"
1882,ചെറിയ ദ്വാരങ്ങൾ,ചെറിയ ദ്വാരങ്ങൾ,الثُّقَبُ,Small holes,الثُّقَبُ,الثقب,Small holes,ചെറിയ ദ്വാരങ്ങൾ,"original HTML table row is ordered (Arabic, English, Malayalam) instead of (English, Malayalam, Arabic); extract_buh.py mis-assigned the cells - values rotated back to their true columns, verified against dictionary home.html"
1883,വിടവ് / വിടവുകൾ,വിടവ് / വിടവുകൾ,الثُغْرَةُ,Gap / Breach / Loophole,الثُغْرَةُ,الثغرة,Gap / Breach / Loophole,വിടവ് / വിടവുകൾ,"original HTML table row is ordered (Arabic, English, Malayalam) instead of (English, Malayalam, Arabic); extract_buh.py mis-assigned the cells - values rotated back to their true columns, verified against dictionary home.html"
1884,വിടവുകൾ,വിടവുകൾ,الثُّغَرُ,Gaps / Breaches,الثُّغَرُ,الثغر,Gaps / Breaches,വിടവുകൾ,"original HTML table row is ordered (Arabic, English, Malayalam) instead of (English, Malayalam, Arabic); extract_buh.py mis-assigned the cells - values rotated back to their true columns, verified against dictionary home.html"
1885,സ്തനം / അകിട്,സ്തനം / അകിട്,الثَّدْيُ,Breast / Udder,الثَّدْيُ,الثدي,Breast / Udder,സ്തനം / അകിട്,"original HTML table row is ordered (Arabic, English, Malayalam) instead of (English, Malayalam, Arabic); extract_buh.py mis-assigned the cells - values rotated back to their true columns, verified against dictionary home.html"
1886,സ്തനങ്ങൾ,സ്തനങ്ങൾ,الأَثْدَاءُ,Breasts / Udders,الأَثْدَاءُ,الاثداء,Breasts / Udders,സ്തനങ്ങൾ,"original HTML table row is ordered (Arabic, English, Malayalam) instead of (English, Malayalam, Arabic); extract_buh.py mis-assigned the cells - values rotated back to their true columns, verified against dictionary home.html"
1887,അരു / ഉണ്ണിയുരുള,അരു / ഉണ്ണിയുരുള,الثُؤْلُولُ,Wart / Verruca,الثُؤْلُولُ,الثولول,Wart / Verruca,അരു / ഉണ്ണിയുരുള,"original HTML table row is ordered (Arabic, English, Malayalam) instead of (English, Malayalam, Arabic); extract_buh.py mis-assigned the cells - values rotated back to their true columns, verified against dictionary home.html"
1888,അരുക്കൾ,അരുക്കൾ,والثَّآلِيلُ,Warts,والثَّآلِيلُ,والثاليل,Warts,അരുക്കൾ,"original HTML table row is ordered (Arabic, English, Malayalam) instead of (English, Malayalam, Arabic); extract_buh.py mis-assigned the cells - values rotated back to their true columns, verified against dictionary home.html"
1889,വെളുത്തുള്ളി,വെളുത്തുള്ളി,الثُومُ,Garlic,الثُومُ,الثوم,Garlic,വെളുത്തുള്ളി,"original HTML table row is ordered (Arabic, English, Malayalam) instead of (English, Malayalam, Arabic); extract_buh.py mis-assigned the cells - values rotated back to their true columns, verified against dictionary home.html"
1890,ഈറൻ മണ്ണ് / മണ്ണ്,ഈറൻ മണ്ണ് / മണ്ണ്,الثَّرَى,Moist earth / Soil,الثَّرَى,الثري,Moist earth / Soil,ഈറൻ മണ്ണ് / മണ്ണ്,"original HTML table row is ordered (Arabic, English, Malayalam) instead of (English, Malayalam, Arabic); extract_buh.py mis-assigned the cells - values rotated back to their true columns, verified against dictionary home.html"
1891,സന്താനനഷ്ടം,സന്താനനഷ്ടം,الثَّكَلُ,Bereavement / Loss of child,الثَّكَلُ,الثكل,Bereavement / Loss of child,സന്താനനഷ്ടം,"original HTML table row is ordered (Arabic, English, Malayalam) instead of (English, Malayalam, Arabic); extract_buh.py mis-assigned the cells - values rotated back to their true columns, verified against dictionary home.html"
1892,പ്രതിഫലം / പുണ്യം,പ്രതിഫലം / പുണ്യം,الثَّوَابُ,Reward / Recompense,الثَّوَابُ,الثواب,Reward / Recompense,പ്രതിഫലം / പുണ്യം,"original HTML table row is ordered (Arabic, English, Malayalam) instead of (English, Malayalam, Arabic); extract_buh.py mis-assigned the cells - values rotated back to their true columns, verified against dictionary home.html"
1893,പ്രശംസ / സ്തുതി,പ്രശംസ / സ്തുതി,الثَّنَاءُ,Praise / Commendation,الثَّنَاءُ,الثناء,Praise / Commendation,പ്രശംസ / സ്തുതി,"original HTML table row is ordered (Arabic, English, Malayalam) instead of (English, Malayalam, Arabic); extract_buh.py mis-assigned the cells - values rotated back to their true columns, verified against dictionary home.html"
1894,മുൻപല്ല് / വായ / തുറമുഖം,മുൻപല്ല് / വായ / തുറമുഖം,الثَّغْرُ,Front teeth / Mouth / Port,الثَّغْرُ,الثغر,Front teeth / Mouth / Port,മുൻപല്ല് / വായ / തുറമുഖം,"original HTML table row is ordered (Arabic, English, Malayalam) instead of (English, Malayalam, Arabic); extract_buh.py mis-assigned the cells - values rotated back to their true columns, verified against dictionary home.html"
1895,തുറമുഖങ്ങൾ / അതിർത്തികൾ,തുറമുഖങ്ങൾ / അതിർത്തികൾ,الثُّغُورُ,Ports / Frontiers,الثُّغُورُ,الثغور,Ports / Frontiers,തുറമുഖങ്ങൾ / അതിർത്തികൾ,"original HTML table row is ordered (Arabic, English, Malayalam) instead of (English, Malayalam, Arabic); extract_buh.py mis-assigned the cells - values rotated back to their true columns, verified against dictionary home.html"
1896,വാചാലൻ / സംസാരി,വാചാലൻ / സംസാരി,الثَّرَثَارُ,Chatterbox / Talkative,الثَّرَثَارُ,الثرثار,Chatterbox / Talkative,വാചാലൻ / സംസാരി,"original HTML table row is ordered (Arabic, English, Malayalam) instead of (English, Malayalam, Arabic); extract_buh.py mis-assigned the cells - values rotated back to their true columns, verified against dictionary home.html"
1897,വാചാലന്മാർ,വാചാലന്മാർ,الثَّرَثَارُونَ,Chatterboxes,الثَّرَثَارُونَ,الثرثارون,Chatterboxes,വാചാലന്മാർ,"original HTML table row is ordered (Arabic, English, Malayalam) instead of (English, Malayalam, Arabic); extract_buh.py mis-assigned the cells - values rotated back to their true columns, verified against dictionary home.html"
1898,സ്ഥിരമായ / ഉറച്ച,സ്ഥിരമായ / ഉറച്ച,الثَّابِتُ,Constant / Fixed / Firm,الثَّابِتُ,الثابت,Constant / Fixed / Firm,സ്ഥിരമായ / ഉറച്ച,"original HTML table row is ordered (Arabic, English, Malayalam) instead of (English, Malayalam, Arabic); extract_buh.py mis-assigned the cells - values rotated back to their true columns, verified against dictionary home.html"
1899,സ്ഥിരതയുള്ളവ,സ്ഥിരതയുള്ളവ,الثَّوَابِتُ,Constants / Fixed principles,الثَّوَابِتُ,الثوابت,Constants / Fixed principles,സ്ഥിരതയുള്ളവ,"original HTML table row is ordered (Arabic, English, Malayalam) instead of (English, Malayalam, Arabic); extract_buh.py mis-assigned the cells - values rotated back to their true columns, verified against dictionary home.html"
1900,വിപ്ലവകാരി / പ്രക്ഷോഭകാരി,വിപ്ലവകാരി / പ്രക്ഷോഭകാരി,الثَّائِرُ,Rebel / Revolutionary,الثَّائِرُ,الثاير,Rebel / Revolutionary,വിപ്ലവകാരി / പ്രക്ഷോഭകാരി,"original HTML table row is ordered (Arabic, English, Malayalam) instead of (English, Malayalam, Arabic); extract_buh.py mis-assigned the cells - values rotated back to their true columns, verified against dictionary home.html"
1901,വിപ്ലവകാരികൾ,വിപ്ലവകാരികൾ,الثُّوَّارُ,Rebels / Revolutionaries,الثُّوَّارُ,الثوار,Rebels / Revolutionaries,വിപ്ലവകാരികൾ,"original HTML table row is ordered (Arabic, English, Malayalam) instead of (English, Malayalam, Arabic); extract_buh.py mis-assigned the cells - values rotated back to their true columns, verified against dictionary home.html"
1902,വിലയേറിയ / വിലപിടിപ്പുള്ള,വിലയേറിയ / വിലപിടിപ്പുള്ള,الثَّمِينُ,Precious / Valuable,الثَّمِينُ,الثمين,Precious / Valuable,വിലയേറിയ / വിലപിടിപ്പുള്ള,"original HTML table row is ordered (Arabic, English, Malayalam) instead of (English, Malayalam, Arabic); extract_buh.py mis-assigned the cells - values rotated back to their true columns, verified against dictionary home.html"
1903,ഭാരമുള്ള / കനത്ത,ഭാരമുള്ള / കനത്ത,الثَّقِيلُ,Heavy / Weighty,الثَّقِيلُ,الثقيل,Heavy / Weighty,ഭാരമുള്ള / കനത്ത,"original HTML table row is ordered (Arabic, English, Malayalam) instead of (English, Malayalam, Arabic); extract_buh.py mis-assigned the cells - values rotated back to their true columns, verified against dictionary home.html"
1904,ഭാരമുള്ളവ,ഭാരമുള്ളവ,الثِّقَالُ,Heavy items,الثِّقَالُ,الثقال,Heavy items,ഭാരമുള്ളവ,"original HTML table row is ordered (Arabic, English, Malayalam) instead of (English, Malayalam, Arabic); extract_buh.py mis-assigned the cells - values rotated back to their true columns, verified against dictionary home.html"
1905,ചൊവ്വാഴ്ച,ചൊവ്വാഴ്ച,الثُّلَاثَاءُ,Tuesday,الثُّلَاثَاءُ,الثلاثاء,Tuesday,ചൊവ്വാഴ്ച,"original HTML table row is ordered (Arabic, English, Malayalam) instead of (English, Malayalam, Arabic); extract_buh.py mis-assigned the cells - values rotated back to their true columns, verified against dictionary home.html"
1906,മൂന്നാമത്തെ,മൂന്നാമത്തെ,الثَّالِثُ,Third (3rd),الثَّالِثُ,الثالث,Third (3rd),മൂന്നാമത്തെ,"original HTML table row is ordered (Arabic, English, Malayalam) instead of (English, Malayalam, Arabic); extract_buh.py mis-assigned the cells - values rotated back to their true columns, verified against dictionary home.html"
1907,എട്ടാമത്തെ,എട്ടാമത്തെ,الثَّامِنُ,Eighth (8th),الثَّامِنُ,الثامن,Eighth (8th),എട്ടാമത്തെ,"original HTML table row is ordered (Arabic, English, Malayalam) instead of (English, Malayalam, Arabic); extract_buh.py mis-assigned the cells - values rotated back to their true columns, verified against dictionary home.html"
1908,രണ്ടാമത്തെ,രണ്ടാമത്തെ,الثَّانِي,Second (2nd),الثَّانِي,الثاني,Second (2nd),രണ്ടാമത്തെ,"original HTML table row is ordered (Arabic, English, Malayalam) instead of (English, Malayalam, Arabic); extract_buh.py mis-assigned the cells - values rotated back to their true columns, verified against dictionary home.html"
1909,മൂന്ന്,മൂന്ന്,الثَّلاَثَةُ,Three (3),الثَّلاَثَةُ,الثلاثة,Three (3),മൂന്ന്,"original HTML table row is ordered (Arabic, English, Malayalam) instead of (English, Malayalam, Arabic); extract_buh.py mis-assigned the cells - values rotated back to their true columns, verified against dictionary home.html"
1910,എട്ട്,എട്ട്,الثَّمَانِيَةُ,Eight (8),الثَّمَانِيَةُ,الثمانية,Eight (8),എട്ട്,"original HTML table row is ordered (Arabic, English, Malayalam) instead of (English, Malayalam, Arabic); extract_buh.py mis-assigned the cells - values rotated back to their true columns, verified against dictionary home.html"
1911,മുപ്പത്,മുപ്പത്,الثَّلاَثُونَ,Thirty (30),الثَّلاَثُونَ,الثلاثون,Thirty (30),മുപ്പത്,"original HTML table row is ordered (Arabic, English, Malayalam) instead of (English, Malayalam, Arabic); extract_buh.py mis-assigned the cells - values rotated back to their true columns, verified against dictionary home.html"
1912,എൺപത്,എൺപത്,الثَّمَانُونَ,Eighty (80),الثَّمَانُونَ,الثمانون,Eighty (80),എൺപത്,"original HTML table row is ordered (Arabic, English, Malayalam) instead of (English, Malayalam, Arabic); extract_buh.py mis-assigned the cells - values rotated back to their true columns, verified against dictionary home.html"
1913,വിശ്വാസം / ആത്മവിശ്വാസം,വിശ്വാസം / ആത്മവിശ്വാസം,الثِّقَةُ,Trust / Confidence,الثِّقَةُ,الثقة,Trust / Confidence,വിശ്വാസം / ആത്മവിശ്വാസം,"original HTML table row is ordered (Arabic, English, Malayalam) instead of (English, Malayalam, Arabic); extract_buh.py mis-assigned the cells - values rotated back to their true columns, verified against dictionary home.html"
1914,മടക്ക് / ചുരം / മുൻപല്ല്,മടക്ക് / ചുരം / മുൻപല്ല്,الثَّنِيَّةُ,Fold / Mountain pass / Incisor,الثَّنِيَّةُ,الثنية,Fold / Mountain pass / Incisor,മടക്ക് / ചുരം / മുൻപല്ല്,"original HTML table row is ordered (Arabic, English, Malayalam) instead of (English, Malayalam, Arabic); extract_buh.py mis-assigned the cells - values rotated back to their true columns, verified against dictionary home.html"
1915,മടക്കുകൾ / ചുരങ്ങൾ,മടക്കുകൾ / ചുരങ്ങൾ,الثَّنَايَا,Folds / Mountain passes,الثَّنَايَا,الثنايا,Folds / Mountain passes,മടക്കുകൾ / ചുരങ്ങൾ,"original HTML table row is ordered (Arabic, English, Malayalam) instead of (English, Malayalam, Arabic); extract_buh.py mis-assigned the cells - values rotated back to their true columns, verified against dictionary home.html"
1916,ഫ്രിഡ്ജ് / തണുപ്പുകട്ട,ഫ്രിഡ്ജ് / തണുപ്പുകട്ട,الثَّلّاجَةُ,Refrigerator / Fridge,الثَّلّاجَةُ,الثلاجة,Refrigerator / Fridge,ഫ്രിഡ്ജ് / തണുപ്പുകട്ട,"original HTML table row is ordered (Arabic, English, Malayalam) instead of (English, Malayalam, Arabic); extract_buh.py mis-assigned the cells - values rotated back to their true columns, verified against dictionary home.html"
1917,ഫ്രിഡ്ജുകൾ,ഫ്രിഡ്ജുകൾ,الثَّلاَّجَاتُ,Refrigerators,الثَّلاَّجَاتُ,الثلاجات,Refrigerators,ഫ്രിഡ്ജുകൾ,"original HTML table row is ordered (Arabic, English, Malayalam) instead of (English, Malayalam, Arabic); extract_buh.py mis-assigned the cells - values rotated back to their true columns, verified against dictionary home.html"
1918,സെക്കൻഡറി സ്കൂൾ,സെക്കൻഡറി സ്കൂൾ,الثَّانَوِيَّةُ,Secondary school / High school,الثَّانَوِيَّةُ,الثانوية,Secondary school / High school,സെക്കൻഡറി സ്കൂൾ,"original HTML table row is ordered (Arabic, English, Malayalam) instead of (English, Malayalam, Arabic); extract_buh.py mis-assigned the cells - values rotated back to their true columns, verified against dictionary home.html"
1919,സ്ഥിരത / ഉറപ്പ്,സ്ഥിരത / ഉറപ്പ്,الثَّبَاتُ,Stability / Firmness,الثَّبَاتُ,الثبات,Stability / Firmness,സ്ഥിരത / ഉറപ്പ്,"original HTML table row is ordered (Arabic, English, Malayalam) instead of (English, Malayalam, Arabic); extract_buh.py mis-assigned the cells - values rotated back to their true columns, verified against dictionary home.html"
1920,എട്ടു മണി,എട്ടു മണി,الثَّامِنَةُ,Eight o'clock,الثَّامِنَةُ,الثامنة,Eight o'clock,എട്ടു മണി,"original HTML table row is ordered (Arabic, English, Malayalam) instead of (English, Malayalam, Arabic); extract_buh.py mis-assigned the cells - values rotated back to their true columns, verified against dictionary home.html"
1921,മൂന്നു മണി,മൂന്നു മണി,الثَّالِثَةُ,Three o'clock,الثَّالِثَةُ,الثالثة,Three o'clock,മൂന്നു മണി,"original HTML table row is ordered (Arabic, English, Malayalam) instead of (English, Malayalam, Arabic); extract_buh.py mis-assigned the cells - values rotated back to their true columns, verified against dictionary home.html"
1922,രണ്ടു മണി,രണ്ടു മണി,الثَّانِيَةُ,Two o'clock,الثَّانِيَةُ,الثانية,Two o'clock,രണ്ടു മണി,"original HTML table row is ordered (Arabic, English, Malayalam) instead of (English, Malayalam, Arabic); extract_buh.py mis-assigned the cells - values rotated back to their true columns, verified against dictionary home.html"
1923,പട്ടാളബാരക്ക്,പട്ടാളബാരക്ക്,الثُّكْنَةُ,Barracks / Outpost,الثُّكْنَةُ,الثكنة,Barracks / Outpost,പട്ടാളബാരക്ക്,"original HTML table row is ordered (Arabic, English, Malayalam) instead of (English, Malayalam, Arabic); extract_buh.py mis-assigned the cells - values rotated back to their true columns, verified against dictionary home.html"
1924,പട്ടാളബാരക്കുകൾ,പട്ടാളബാരക്കുകൾ,الثُّكَنُ,Barracks,الثُّكَنُ,الثكن,Barracks,പട്ടാളബാരക്കുകൾ,"original HTML table row is ordered (Arabic, English, Malayalam) instead of (English, Malayalam, Arabic); extract_buh.py mis-assigned the cells - values rotated back to their true columns, verified against dictionary home.html"
1925,വിള്ളൽ / കേട്,വിള്ളൽ / കേട്,الثَّلَمُ,Notch / Crack / Breach,الثَّلَمُ,الثلم,Notch / Crack / Breach,വിള്ളൽ / കേട്,"original HTML table row is ordered (Arabic, English, Malayalam) instead of (English, Malayalam, Arabic); extract_buh.py mis-assigned the cells - values rotated back to their true columns, verified against dictionary home.html"
1926,വിള്ളലുകൾ,വിള്ളലുകൾ,الأَثْلاَمُ,Notches / Cracks,الأَثْلاَمُ,الاثلام,Notches / Cracks,വിള്ളലുകൾ,"original HTML table row is ordered (Arabic, English, Malayalam) instead of (English, Malayalam, Arabic); extract_buh.py mis-assigned the cells - values rotated back to their true columns, verified against dictionary home.html"
1927,ലഹരി / മദ്യപിത്തം,ലഹരി / മദ്യപിത്തം,الثَّمَلُ,Drunkenness / Intoxication,الثَّمَلُ,الثمل,Drunkenness / Intoxication,ലഹരി / മദ്യപിത്തം,"original HTML table row is ordered (Arabic, English, Malayalam) instead of (English, Malayalam, Arabic); extract_buh.py mis-assigned the cells - values rotated back to their true columns, verified against dictionary home.html"
1928,മന്ദത / അലസത,മന്ദത / അലസത,الثَّوَانِي,Lethargy / Sluggishness,الثَّوَانِي,الثواني,Lethargy / Sluggishness,മന്ദത / അലസത,"original HTML table row is ordered (Arabic, English, Malayalam) instead of (English, Malayalam, Arabic); extract_buh.py mis-assigned the cells - values rotated back to their true columns, verified against dictionary home.html"
1929,മൂന്നടങ്ങുന്ന / ത്രയം,മൂന്നടങ്ങുന്ന / ത്രയം,الثُّلاَثِيُّ,Triple / Trio / Tripartite,الثُّلاَثِيُّ,الثلاثي,Triple / Trio / Tripartite,മൂന്നടങ്ങുന്ന / ത്രയം,"original HTML table row is ordered (Arabic, English, Malayalam) instead of (English, Malayalam, Arabic); extract_buh.py mis-assigned the cells - values rotated back to their true columns, verified against dictionary home.html"
1930,എട്ടടങ്ങുന്ന / അഷ്ടകോൺ,എട്ടടങ്ങുന്ന / അഷ്ടകോൺ,الثُّمَانِيُّ,Octagonal / Eightfold,الثُّمَانِيُّ,الثماني,Octagonal / Eightfold,എട്ടടങ്ങുന്ന / അഷ്ടകോൺ,"original HTML table row is ordered (Arabic, English, Malayalam) instead of (English, Malayalam, Arabic); extract_buh.py mis-assigned the cells - values rotated back to their true columns, verified against dictionary home.html"
1931,രണ്ടടങ്ങുന്ന / ദ്വയം,രണ്ടടങ്ങുന്ന / ദ്വയം,الثُّنَائِيُّ,Dual / Binary / Duo,الثُّنَائِيُّ,الثنايي,Dual / Binary / Duo,രണ്ടടങ്ങുന്ന / ദ്വയം,"original HTML table row is ordered (Arabic, English, Malayalam) instead of (English, Malayalam, Arabic); extract_buh.py mis-assigned the cells - values rotated back to their true columns, verified against dictionary home.html"
1932,സാംസ്കാരികമായ,സാംസ്കാരികമായ,الثَّقَافِيُّ,Cultural / Educational,الثَّقَافِيُّ,الثقافي,Cultural / Educational,സാംസ്കാരികമായ,"original HTML table row is ordered (Arabic, English, Malayalam) instead of (English, Malayalam, Arabic); extract_buh.py mis-assigned the cells - values rotated back to their true columns, verified against dictionary home.html"
1933,വിപ്ലവകരമായ,വിപ്ലവകരമായ,الثَّوْرِيُّ,Revolutionary,الثَّوْرِيُّ,الثوري,Revolutionary,വിപ്ലവകരമായ,"original HTML table row is ordered (Arabic, English, Malayalam) instead of (English, Malayalam, Arabic); extract_buh.py mis-assigned the cells - values rotated back to their true columns, verified against dictionary home.html"
1934,ത്രയഗ്രന്ഥം / മൂന്നുഭാഗം,ത്രയഗ്രന്ഥം / മൂന്നുഭാഗം,الثُّلاَثِيَّةُ,Trilogy,الثُّلاَثِيَّةُ,الثلاثية,Trilogy,ത്രയഗ്രന്ഥം / മൂന്നുഭാഗം,"original HTML table row is ordered (Arabic, English, Malayalam) instead of (English, Malayalam, Arabic); extract_buh.py mis-assigned the cells - values rotated back to their true columns, verified against dictionary home.html"
1935,ദ്വൈതം / രണ്ടെണ്ണം,ദ്വൈതം / രണ്ടെണ്ണം,الثُّنَائِيَّةُ,Duality / Dyad,الثُّنَائِيَّةُ,الثنايية,Duality / Dyad,ദ്വൈതം / രണ്ടെണ്ണം,"original HTML table row is ordered (Arabic, English, Malayalam) instead of (English, Malayalam, Arabic); extract_buh.py mis-assigned the cells - values rotated back to their true columns, verified against dictionary home.html"
1936,അഷ്ടകം,അഷ്ടകം,الثُّمَانِيَّةُ,Octet,الثُّمَانِيَّةُ,الثمانية,Octet,അഷ്ടകം,"original HTML table row is ordered (Arabic, English, Malayalam) instead of (English, Malayalam, Arabic); extract_buh.py mis-assigned the cells - values rotated back to their true columns, verified against dictionary home.html"
1937,വിലപിടിപ്പുള്ള വസ്തു,വിലപിടിപ്പുള്ള വസ്തു,الثَّمِينَةُ,Valuable item,الثَّمِينَةُ,الثمينة,Valuable item,വിലപിടിപ്പുള്ള വസ്തു,"original HTML table row is ordered (Arabic, English, Malayalam) instead of (English, Malayalam, Arabic); extract_buh.py mis-assigned the cells - values rotated back to their true columns, verified against dictionary home.html"
1938,ഭാരമുള്ള വസ്തു,ഭാരമുള്ള വസ്തു,الثَّقِيلَةُ,Heavy item / Burden,الثَّقِيلَةُ,الثقيلة,Heavy item / Burden,ഭാരമുള്ള വസ്തു,"original HTML table row is ordered (Arabic, English, Malayalam) instead of (English, Malayalam, Arabic); extract_buh.py mis-assigned the cells - values rotated back to their true columns, verified against dictionary home.html"
1939,ആപേക്ഷിക സാന്ദ്രത,ആപേക്ഷിക സാന്ദ്രത,الثِّقَلُ النوعِيُّ,Specific gravity,الثِّقَلُ النوعِيُّ,الثقل النوعي,Specific gravity,ആപേക്ഷിക സാന്ദ്രത,"original HTML table row is ordered (Arabic, English, Malayalam) instead of (English, Malayalam, Arabic); extract_buh.py mis-assigned the cells - values rotated back to their true columns, verified against dictionary home.html"
1940,കൃഷ്ണവിവരം,കൃഷ്ണവിവരം,الثَّقْبُ الأَسْوَدُ,Black hole,الثَّقْبُ الأَسْوَدُ,الثقب الاسود,Black hole,കൃഷ്ണവിവരം,"original HTML table row is ordered (Arabic, English, Malayalam) instead of (English, Malayalam, Arabic); extract_buh.py mis-assigned the cells - values rotated back to their true columns, verified against dictionary home.html"
1941,ഡ്രൈ ഐസ്,ഡ്രൈ ഐസ്,الثَّلْجُ الجَافُّ,Dry ice,الثَّلْجُ الجَافُّ,الثلج الجاف,Dry ice,ഡ്രൈ ഐസ്,"original HTML table row is ordered (Arabic, English, Malayalam) instead of (English, Malayalam, Arabic); extract_buh.py mis-assigned the cells - values rotated back to their true columns, verified against dictionary home.html"
1942,വ്യവസായ വിപ്ലവം,വ്യവസായ വിപ്ലവം,الثَّوْرَةُ الصِّنَاعِيَّةُ,Industrial Revolution,الثَّوْرَةُ الصِّنَاعِيَّةُ,الثورة الصناعية,Industrial Revolution,വ്യവസായ വിപ്ലവം,"original HTML table row is ordered (Arabic, English, Malayalam) instead of (English, Malayalam, Arabic); extract_buh.py mis-assigned the cells - values rotated back to their true columns, verified against dictionary home.html"
1943,വിവരസാങ്കേതിക വിപ്ലവം,വിവരസാങ്കേതിക വിപ്ലവം,الثَّوْرَةُ المَعْلُومَاتِيَّةُ,Information Revolution,الثَّوْرَةُ المَعْلُومَاتِيَّةُ,الثورة المعلوماتية,Information Revolution,വിവരസാങ്കേതിക വിപ്ലവം,"original HTML table row is ordered (Arabic, English, Malayalam) instead of (English, Malayalam, Arabic); extract_buh.py mis-assigned the cells - values rotated back to their true columns, verified against dictionary home.html"
1944,പൊതുവിജ്ഞാനം,പൊതുവിജ്ഞാനം,الثَّقَافَةُ العَامَّةُ,General knowledge / Culture,الثَّقَافَةُ العَامَّةُ,الثقافة العامة,General knowledge / Culture,പൊതുവിജ്ഞാനം,"original HTML table row is ordered (Arabic, English, Malayalam) instead of (English, Malayalam, Arabic); extract_buh.py mis-assigned the cells - values rotated back to their true columns, verified against dictionary home.html"
1945,ആത്മവിശ്വാസം,ആത്മവിശ്വാസം,الثِّقَةُ بِالنَّفْسِ,Self-confidence,الثِّقَةُ بِالنَّفْسِ,الثقة بالنفس,Self-confidence,ആത്മവിശ്വാസം,"original HTML table row is ordered (Arabic, English, Malayalam) instead of (English, Malayalam, Arabic); extract_buh.py mis-assigned the cells - values rotated back to their true columns, verified against dictionary home.html"
1946,ആകെ തുക / മൊത്തം വില,ആകെ തുക / മൊത്തം വില,الثَّمَنُ الإِجْمَالِيُّ,Total price / Cost,الثَّمَنُ الإِجْمَالِيُّ,الثمن الاجمالي,Total price / Cost,ആകെ തുക / മൊത്തം വില,"original HTML table row is ordered (Arabic, English, Malayalam) instead of (English, Malayalam, Arabic); extract_buh.py mis-assigned the cells - values rotated back to their true columns, verified against dictionary home.html"
1947,പ്രകൃതിവിഭവങ്ങൾ,പ്രകൃതിവിഭവങ്ങൾ,الثَّرَوَاتُ الطَّبِيعِيَّةُ,Natural resources,الثَّرَوَاتُ الطَّبِيعِيَّةُ,الثروات الطبيعية,Natural resources,പ്രകൃതിവിഭവങ്ങൾ,"original HTML table row is ordered (Arabic, English, Malayalam) instead of (English, Malayalam, Arabic); extract_buh.py mis-assigned the cells - values rotated back to their true columns, verified against dictionary home.html"
1948,വിജയകരമായ ഫലം,വിജയകരമായ ഫലം,الثَّمَرَةُ النَّاجِحَةُ,Successful result,الثَّمَرَةُ النَّاجِحَةُ,الثمرة الناجحة,Successful result,വിജയകരമായ ഫലം,"original HTML table row is ordered (Arabic, English, Malayalam) instead of (English, Malayalam, Arabic); extract_buh.py mis-assigned the cells - values rotated back to their true columns, verified against dictionary home.html"
1949,ഔദ്യോഗിക വസ്ത്രം,ഔദ്യോഗിക വസ്ത്രം,الثَّوْبُ الرَّسْمِيُّ,Official dress / Uniform,الثَّوْبُ الرَّسْمِيُّ,الثوب الرسمي,Official dress / Uniform,ഔദ്യോഗിക വസ്ത്രം,"original HTML table row is ordered (Arabic, English, Malayalam) instead of (English, Malayalam, Arabic); extract_buh.py mis-assigned the cells - values rotated back to their true columns, verified against dictionary home.html"
1950,വൈകാരിക സ്ഥിരത,വൈകാരിക സ്ഥിരത,الثَّبَاتُ الإِنْفِعَالِيُّ,Emotional stability,الثَّبَاتُ الإِنْفِعَالِيُّ,الثبات الانفعالي,Emotional stability,വൈകാരിക സ്ഥിരത,"original HTML table row is ordered (Arabic, English, Malayalam) instead of (English, Malayalam, Arabic); extract_buh.py mis-assigned the cells - values rotated back to their true columns, verified against dictionary home.html"
1951,ജനകീയ സംസ്കാരം,ജനകീയ സംസ്കാരം,الثَّقَافَةُ الشَّعْبِيَّةُ,Popular culture,الثَّقَافَةُ الشَّعْبِيَّةُ,الثقافة الشعبية,Popular culture,ജനകീയ സംസ്കാരം,"original HTML table row is ordered (Arabic, English, Malayalam) instead of (English, Malayalam, Arabic); extract_buh.py mis-assigned the cells - values rotated back to their true columns, verified against dictionary home.html"
1952,മഞ്ഞുപൊഴിച്ചിൽ,മഞ്ഞുപൊഴിച്ചിൽ,الثَّلْجُ المَتَسَاقِطُ,Snowfall,الثَّلْجُ المَتَسَاقِطُ,الثلج المتساقط,Snowfall,മഞ്ഞുപൊഴിച്ചിൽ,"original HTML table row is ordered (Arabic, English, Malayalam) instead of (English, Malayalam, Arabic); extract_buh.py mis-assigned the cells - values rotated back to their true columns, verified against dictionary home.html"
1953,ശാസത്രീയ വിപ്ലവം,ശാസത്രീയ വിപ്ലവം,الثَّوْرَةُ العِلْمِيَّةُ,Scientific Revolution,الثَّوْرَةُ العِلْمِيَّةُ,الثورة العلمية,Scientific Revolution,ശാസത്രീയ വിപ്ലവം,"original HTML table row is ordered (Arabic, English, Malayalam) instead of (English, Malayalam, Arabic); extract_buh.py mis-assigned the cells - values rotated back to their true columns, verified against dictionary home.html"
1954,പരസ്പര വിശ്വാസം,പരസ്പര വിശ്വാസം,الثِّقَةُ المُمُتَبَادَلَةُ,Mutual trust,الثِّقَةُ المُمُتَبَادَلَةُ,الثقة الممتبادلة,Mutual trust,പരസ്പര വിശ്വാസം,"original HTML table row is ordered (Arabic, English, Malayalam) instead of (English, Malayalam, Arabic); extract_buh.py mis-assigned the cells - values rotated back to their true columns, verified against dictionary home.html"
1955,ഉചിതമായ വില,ഉചിതമായ വില,الثَّمَنُ المُنَاسِبُ,Reasonable price,الثَّمَنُ المُنَاسِبُ,الثمن المناسب,Reasonable price,ഉചിതമായ വില,"original HTML table row is ordered (Arabic, English, Malayalam) instead of (English, Malayalam, Arabic); extract_buh.py mis-assigned the cells - values rotated back to their true columns, verified against dictionary home.html"
1956,ഖനന വിഭവങ്ങൾ,ഖനന വിഭവങ്ങൾ,الثَّرَوَاتُ المَعْدِنِيَّةُ,Mineral resources,الثَّرَوَاتُ المَعْدِنِيَّةُ,الثروات المعدنية,Mineral resources,ഖനന വിഭവങ്ങൾ,"original HTML table row is ordered (Arabic, English, Malayalam) instead of (English, Malayalam, Arabic); extract_buh.py mis-assigned the cells - values rotated back to their true columns, verified against dictionary home.html"
1957,കയ്പേറിയ ഫലം,കയ്പേറിയ ഫലം,الثَّمَرَةُ المُرَّاةُ,Bitter fruit / Result,الثَّمَرَةُ المُرَّاةُ,الثمرة المراة,Bitter fruit / Result,കയ്പേറിയ ഫലം,"original HTML table row is ordered (Arabic, English, Malayalam) instead of (English, Malayalam, Arabic); extract_buh.py mis-assigned the cells - values rotated back to their true columns, verified against dictionary home.html"
1958,പാരമ്പര്യ വസ്ത്രം,പാരമ്പര്യ വസ്ത്രം,الثَّوْبُ التقلِيدِيُّ,Traditional dress,الثَّوْبُ التقلِيدِيُّ,الثوب التقليدي,Traditional dress,പാരമ്പര്യ വസ്ത്രം,"original HTML table row is ordered (Arabic, English, Malayalam) instead of (English, Malayalam, Arabic); extract_buh.py mis-assigned the cells - values rotated back to their true columns, verified against dictionary home.html"
1959,പ്രാദേശിക സംസ്കാരം,പ്രാദേശിക സംസ്കാരം,الثَّقَافَةُ المَحَلِّيَّةُ,Local culture,الثَّقَافَةُ المَحَلِّيَّةُ,الثقافة المحلية,Local culture,പ്രാദേശിക സംസ്കാരം,"original HTML table row is ordered (Arabic, English, Malayalam) instead of (English, Malayalam, Arabic); extract_buh.py mis-assigned the cells - values rotated back to their true columns, verified against dictionary home.html"
1960,ഉരുകുന്ന മഞ്ഞ്,ഉരുകുന്ന മഞ്ഞ്,الثَّلْجُ الذَّائِبُ,Melting ice,الثَّلْجُ الذَّائِبُ,الثلج الذايب,Melting ice,ഉരുകുന്ന മഞ്ഞ്,"original HTML table row is ordered (Arabic, English, Malayalam) instead of (English, Malayalam, Arabic); extract_buh.py mis-assigned the cells - values rotated back to their true columns, verified against dictionary home.html"
1961,പൂർണ്ണവിശ്വാസം,പൂർണ്ണവിശ്വാസം,الثِّقَةُ المَطْلُوقَةُ,Absolute trust,الثِّقَةُ المَطْلُوقَةُ,الثقة المطلوقة,Absolute trust,പൂർണ്ണവിശ്വാസം,"original HTML table row is ordered (Arabic, English, Malayalam) instead of (English, Malayalam, Arabic); extract_buh.py mis-assigned the cells - values rotated back to their true columns, verified against dictionary home.html"
1962,വളരെ ഉയർന്ന വില,വളരെ ഉയർന്ന വില,الثَّمَنُ البَاهِظُ,Exorbitant price,الثَّمَنُ البَاهِظُ,الثمن الباهظ,Exorbitant price,വളരെ ഉയർന്ന വില,"original HTML table row is ordered (Arabic, English, Malayalam) instead of (English, Malayalam, Arabic); extract_buh.py mis-assigned the cells - values rotated back to their true columns, verified against dictionary home.html"
1963,മൃഗസമ്പത്ത്,മൃഗസമ്പത്ത്,الثَّرْوَةُ الحَيَوَانِيَّةُ,Livestock / Animal wealth,الثَّرْوَةُ الحَيَوَانِيَّةُ,الثروة الحيوانية,Livestock / Animal wealth,മൃഗസമ്പത്ത്,"original HTML table row is ordered (Arabic, English, Malayalam) instead of (English, Malayalam, Arabic); extract_buh.py mis-assigned the cells - values rotated back to their true columns, verified against dictionary home.html"
1964,പഴുത്ത പഴം,പഴുത്ത പഴം,الثَّمَرَةُ النَّاضِجَةُ,Ripe fruit,الثَّمَرَةُ النَّاضِجَةُ,الثمرة الناضجة,Ripe fruit,പഴുത്ത പഴം,"original HTML table row is ordered (Arabic, English, Malayalam) instead of (English, Malayalam, Arabic); extract_buh.py mis-assigned the cells - values rotated back to their true columns, verified against dictionary home.html"
1965,പുതിയ വസ്ത്രം,പുതിയ വസ്ത്രം,الثَّوْبُ الجَدِيدُ,New dress,الثَّوْبُ الجَدِيدُ,الثوب الجديد,New dress,പുതിയ വസ്ത്രം,"original HTML table row is ordered (Arabic, English, Malayalam) instead of (English, Malayalam, Arabic); extract_buh.py mis-assigned the cells - values rotated back to their true columns, verified against dictionary home.html"
1966,ആഗോള സംസ്കാരം,ആഗോള സംസ്കാരം,الثَّقَافَةُ العَالَمِيَّةُ,Global culture,الثَّقَافَةُ العَالَمِيَّةُ,الثقافة العالمية,Global culture,ആഗോള സംസ്കാരം,"original HTML table row is ordered (Arabic, English, Malayalam) instead of (English, Malayalam, Arabic); extract_buh.py mis-assigned the cells - values rotated back to their true columns, verified against dictionary home.html"
1967,കട്ടിയുള്ള ഐസ്,കട്ടിയുള്ള ഐസ്,الثَّلْجُ الصَّلْبُ,Hard ice,الثَّلْجُ الصَّلْبُ,الثلج الصلب,Hard ice,കട്ടിയുള്ള ഐസ്,"original HTML table row is ordered (Arabic, English, Malayalam) instead of (English, Malayalam, Arabic); extract_buh.py mis-assigned the cells - values rotated back to their true columns, verified against dictionary home.html"
1968,പൊതുവിശ്വാസം,പൊതുവിശ്വാസം,الثِّقَةُ العَامَّةُ,Public trust,الثِّقَةُ العَامَّةُ,الثقة العامة,Public trust,പൊതുവിശ്വാസം,"original HTML table row is ordered (Arabic, English, Malayalam) instead of (English, Malayalam, Arabic); extract_buh.py mis-assigned the cells - values rotated back to their true columns, verified against dictionary home.html"
1969,കുറഞ്ഞ വില,കുറഞ്ഞ വില,الثَّمَنُ الرَّخِيصُ,Cheap price,الثَّمَنُ الرَّخِيصُ,الثمن الرخيص,Cheap price,കുറഞ്ഞ വില,"original HTML table row is ordered (Arabic, English, Malayalam) instead of (English, Malayalam, Arabic); extract_buh.py mis-assigned the cells - values rotated back to their true columns, verified against dictionary home.html"
1970,മത്സ്യസമ്പത്ത്,മത്സ്യസമ്പത്ത്,الثَّرْوَةُ السَّمَكِيَّةُ,Fishery wealth,الثَّرْوَةُ السَّمَكِيَّةُ,الثروة السمكية,Fishery wealth,മത്സ്യസമ്പത്ത്,"original HTML table row is ordered (Arabic, English, Malayalam) instead of (English, Malayalam, Arabic); extract_buh.py mis-assigned the cells - values rotated back to their true columns, verified against dictionary home.html"
1971,പുതിയ പഴം,പുതിയ പഴം,الثَّمَرَةُ الطَّازَجَةُ,Fresh fruit,الثَّمَرَةُ الطَّازَجَةُ,الثمرة الطازجة,Fresh fruit,പുതിയ പഴം,"original HTML table row is ordered (Arabic, English, Malayalam) instead of (English, Malayalam, Arabic); extract_buh.py mis-assigned the cells - values rotated back to their true columns, verified against dictionary home.html"
1972,വൃത്തിയുള്ള വസ്ത്രം,വൃത്തിയുള്ള വസ്ത്രം,الثَّوْبُ النَّظِيفُ,Clean dress,الثَّوْبُ النَّظِيفُ,الثوب النظيف,Clean dress,വൃത്തിയുള്ള വസ്ത്രം,"original HTML table row is ordered (Arabic, English, Malayalam) instead of (English, Malayalam, Arabic); extract_buh.py mis-assigned the cells - values rotated back to their true columns, verified against dictionary home.html"
1973,തൊഴിൽ സംസ്കാരം,തൊഴിൽ സംസ്കാരം,الثَّقَافَةُ المَهْنِيَّةُ,Professional culture,الثَّقَافَةُ المَهْنِيَّةُ,الثقافة المهنية,Professional culture,തൊഴിൽ സംസ്കാരം,"original HTML table row is ordered (Arabic, English, Malayalam) instead of (English, Malayalam, Arabic); extract_buh.py mis-assigned the cells - values rotated back to their true columns, verified against dictionary home.html"
1974,വിശുദ്ധമായ മഞ്ഞ്,വിശുദ്ധമായ മഞ്ഞ്,الثَّلْجُ النَّقِيُّ,Pure snow,الثَّلْجُ النَّقِيُّ,الثلج النقي,Pure snow,വിശുദ്ധമായ മഞ്ഞ്,"original HTML table row is ordered (Arabic, English, Malayalam) instead of (English, Malayalam, Arabic); extract_buh.py mis-assigned the cells - values rotated back to their true columns, verified against dictionary home.html"
1975,സാമ്പത്തിക വിശ്വാസ്യത,സാമ്പത്തിക വിശ്വാസ്യത,الثِّقَةُ المَالِيَّةُ,Financial confidence,الثِّقَةُ المَالِيَّةُ,الثقة المالية,Financial confidence,സാമ്പത്തിക വിശ്വാസ്യത,"original HTML table row is ordered (Arabic, English, Malayalam) instead of (English, Malayalam, Arabic); extract_buh.py mis-assigned the cells - values rotated back to their true columns, verified against dictionary home.html"
1976,സ്വീകാര്യമായ വില,സ്വീകാര്യമായ വില,الثَّمَنُ المَقْبُولُ,Acceptable price,الثَّمَنُ المَقْبُولُ,الثمن المقبول,Acceptable price,സ്വീകാര്യമായ വില,"original HTML table row is ordered (Arabic, English, Malayalam) instead of (English, Malayalam, Arabic); extract_buh.py mis-assigned the cells - values rotated back to their true columns, verified against dictionary home.html"
1977,കാർഷിക സമ്പത്ത്,കാർഷിക സമ്പത്ത്,الثَّرْوَةُ الزِّرَاعِيَّةُ,Agricultural wealth,الثَّرْوَةُ الزِّرَاعِيَّةُ,الثروة الزراعية,Agricultural wealth,കാർഷിക സമ്പത്ത്,"original HTML table row is ordered (Arabic, English, Malayalam) instead of (English, Malayalam, Arabic); extract_buh.py mis-assigned the cells - values rotated back to their true columns, verified against dictionary home.html"
1978,രുചികരമായ പഴം,രുചികരമായ പഴം,الثَّمَرَةُ اللَّذِيذَةُ,Delicious fruit,الثَّمَرَةُ اللَّذِيذَةُ,الثمرة اللذيذة,Delicious fruit,രുചികരമായ പഴം,"original HTML table row is ordered (Arabic, English, Malayalam) instead of (English, Malayalam, Arabic); extract_buh.py mis-assigned the cells - values rotated back to their true columns, verified against dictionary home.html"
1979,വെളുത്ത വസ്ത്രം,വെളുത്ത വസ്ത്രം,الثَّوْبُ الأَبْيَضُ,White dress,الثَّوْبُ الأَبْيَضُ,الثوب الابيض,White dress,വെളുത്ത വസ്ത്രം,"original HTML table row is ordered (Arabic, English, Malayalam) instead of (English, Malayalam, Arabic); extract_buh.py mis-assigned the cells - values rotated back to their true columns, verified against dictionary home.html"
1980,ഡിജിറ്റൽ സംസ്കാരം,ഡിജിറ്റൽ സംസ്കാരം,الثَّقَافَةُ الرَّقْمِيَّةُ,Digital culture,الثَّقَافَةُ الرَّقْمِيَّةُ,الثقافة الرقمية,Digital culture,ഡിജിറ്റൽ സംസ്കാരം,"original HTML table row is ordered (Arabic, English, Malayalam) instead of (English, Malayalam, Arabic); extract_buh.py mis-assigned the cells - values rotated back to their true columns, verified against dictionary home.html"
1981,പൊടിച്ച ഐസ്,പൊടിച്ച ഐസ്,الثَّلْجُ المَجْرُوشُ,Crushed ice,الثَّلْجُ المَجْرُوشُ,الثلج المجروش,Crushed ice,പൊടിച്ച ഐസ്,"original HTML table row is ordered (Arabic, English, Malayalam) instead of (English, Malayalam, Arabic); extract_buh.py mis-assigned the cells - values rotated back to their true columns, verified against dictionary home.html"
1982,അനുയോജ്യമായ വിശ്വാസം,അനുയോജ്യമായ വിശ്വാസം,الثِّقَةُ المُنَاسِبَةُ,Appropriate trust,الثِّقَةُ المُنَاسِبَةُ,الثقة المناسبة,Appropriate trust,അനുയോജ്യമായ വിശ്വാസം,"original HTML table row is ordered (Arabic, English, Malayalam) instead of (English, Malayalam, Arabic); extract_buh.py mis-assigned the cells - values rotated back to their true columns, verified against dictionary home.html"
1983,പ്രതീകാത്മക വില,പ്രതീകാത്മക വില,الثَّمَنُ الرَّمْزِيُّ,Token price,الثَّمَنُ الرَّمْزِيُّ,الثمن الرمزي,Token price,പ്രതീകാത്മക വില,"original HTML table row is ordered (Arabic, English, Malayalam) instead of (English, Malayalam, Arabic); extract_buh.py mis-assigned the cells - values rotated back to their true columns, verified against dictionary home.html"
1984,മനുഷ്യസമ്പത്ത്,മനുഷ്യസമ്പത്ത്,الثَّرْوَةُ البَشَرِيَّةُ,Human resources / Wealth,الثَّرْوَةُ البَشَرِيَّةُ,الثروة البشرية,Human resources / Wealth,മനുഷ്യസമ്പത്ത്,"original HTML table row is ordered (Arabic, English, Malayalam) instead of (English, Malayalam, Arabic); extract_buh.py mis-assigned the cells - values rotated back to their true columns, verified against dictionary home.html"
1985,അനുയോജ്യമായ ഫലം,അനുയോജ്യമായ ഫലം,الثَّمَرَةُ المُنَاسِبَةُ,Suitable fruit,الثَّمَرَةُ المُنَاسِبَةُ,الثمرة المناسبة,Suitable fruit,അനുയോജ്യമായ ഫലം,"original HTML table row is ordered (Arabic, English, Malayalam) instead of (English, Malayalam, Arabic); extract_buh.py mis-assigned the cells - values rotated back to their true columns, verified against dictionary home.html"
1986,വിലകൂടിയ വസ്ത്രം,വിലകൂടിയ വസ്ത്രം,الثَّوْبُ الفَاخِرُ,Luxury dress,الثَّوْبُ الفَاخِرُ,الثوب الفاخر,Luxury dress,വിലകൂടിയ വസ്ത്രം,"original HTML table row is ordered (Arabic, English, Malayalam) instead of (English, Malayalam, Arabic); extract_buh.py mis-assigned the cells - values rotated back to their true columns, verified against dictionary home.html"
1987,ദേശീയ സംസ്കാരം,ദേശീയ സംസ്കാരം,الثَّقَافَةُ الوَطَنِيَّةُ,National culture,الثَّقَافَةُ الوَطَنِيَّةُ,الثقافة الوطنية,National culture,ദേശീയ സംസ്കാരം,"original HTML table row is ordered (Arabic, English, Malayalam) instead of (English, Malayalam, Arabic); extract_buh.py mis-assigned the cells - values rotated back to their true columns, verified against dictionary home.html"
1988,മൃദുവായ മഞ്ഞ്,മൃദുവായ മഞ്ഞ്,الثَّلْجُ النَّاعِمُ,Soft snow,الثَّلْجُ النَّاعِمُ,الثلج الناعم,Soft snow,മൃദുവായ മഞ്ഞ്,"original HTML table row is ordered (Arabic, English, Malayalam) instead of (English, Malayalam, Arabic); extract_buh.py mis-assigned the cells - values rotated back to their true columns, verified against dictionary home.html"
1989,തുടരുന്ന വിശ്വാസം,തുടരുന്ന വിശ്വാസം,الثِّقَةُ المُمُتَابَعَةُ,Continued trust,الثِّقَةُ المُمُتَابَعَةُ,الثقة الممتابعة,Continued trust,തുടരുന്ന വിശ്വാസം,"original HTML table row is ordered (Arabic, English, Malayalam) instead of (English, Malayalam, Arabic); extract_buh.py mis-assigned the cells - values rotated back to their true columns, verified against dictionary home.html"
1990,അറ്റവില,അറ്റവില,الثَّمَنُ الصَافِي,Net price,الثَّمَنُ الصَافِي,الثمن الصافي,Net price,അറ്റവില,"original HTML table row is ordered (Arabic, English, Malayalam) instead of (English, Malayalam, Arabic); extract_buh.py mis-assigned the cells - values rotated back to their true columns, verified against dictionary home.html"
1991,സാമ്പത്തിക സമ്പത്ത്,സാമ്പത്തിക സമ്പത്ത്,الثَّرْوَةُ المَالِيَّةُ,Financial wealth,الثَّرْوَةُ المَالِيَّةُ,الثروة المالية,Financial wealth,സാമ്പത്തിക സമ്പത്ത്,"original HTML table row is ordered (Arabic, English, Malayalam) instead of (English, Malayalam, Arabic); extract_buh.py mis-assigned the cells - values rotated back to their true columns, verified against dictionary home.html"
1992,മധുരമുള്ള പഴം,മധുരമുള്ള പഴം,الثَّمَرَةُ الحُلْوَةُ,Sweet fruit,الثَّمَرَةُ الحُلْوَةُ,الثمرة الحلوة,Sweet fruit,മധുരമുള്ള പഴം,"original HTML table row is ordered (Arabic, English, Malayalam) instead of (English, Malayalam, Arabic); extract_buh.py mis-assigned the cells - values rotated back to their true columns, verified against dictionary home.html"
1993,കീറിയ വസ്ത്രം,കീറിയ വസ്ത്രം,الثَّوْبُ المُمَزَّقُ,Torn dress,الثَّوْبُ المُمَزَّقُ,الثوب الممزق,Torn dress,കീറിയ വസ്ത്രം,"original HTML table row is ordered (Arabic, English, Malayalam) instead of (English, Malayalam, Arabic); extract_buh.py mis-assigned the cells - values rotated back to their true columns, verified against dictionary home.html"
1994,എഴുതപ്പെട്ട സംസ്കാരം,എഴുതപ്പെട്ട സംസ്കാരം,الثَّقَافَةُ المَكْتُوبَةُ,Written culture,الثَّقَافَةُ المَكْتُوبَةُ,الثقافة المكتوبة,Written culture,എഴുതപ്പെട്ട സംസ്കാരം,"original HTML table row is ordered (Arabic, English, Malayalam) instead of (English, Malayalam, Arabic); extract_buh.py mis-assigned the cells - values rotated back to their true columns, verified against dictionary home.html"
1995,മഞ്ഞുവീഴ്ച / ഹിമപാതം,മഞ്ഞുവീഴ്ച / ഹിമപാതം,الثَّلْجُ المُنْهَارُ,Avalanche,الثَّلْجُ المُنْهَارُ,الثلج المنهار,Avalanche,മഞ്ഞുവീഴ്ച / ഹിമപാതം,"original HTML table row is ordered (Arabic, English, Malayalam) instead of (English, Malayalam, Arabic); extract_buh.py mis-assigned the cells - values rotated back to their true columns, verified against dictionary home.html"
1996,പൂർണ്ണമായ വിശ്വാസം,പൂർണ്ണമായ വിശ്വാസം,الثِّقَةُ الكَامِلَةُ,Complete trust,الثِّقَةُ الكَامِلَةُ,الثقة الكاملة,Complete trust,പൂർണ്ണമായ വിശ്വാസം,"original HTML table row is ordered (Arabic, English, Malayalam) instead of (English, Malayalam, Arabic); extract_buh.py mis-assigned the cells - values rotated back to their true columns, verified against dictionary home.html"
1997,സ്ഥിരമായ വില,സ്ഥിരമായ വില,الثَّمَنُ الثَّابِتُ,Fixed price,الثَّمَنُ الثَّابِتُ,الثمن الثابت,Fixed price,സ്ഥിരമായ വില,"original HTML table row is ordered (Arabic, English, Malayalam) instead of (English, Malayalam, Arabic); extract_buh.py mis-assigned the cells - values rotated back to their true columns, verified against dictionary home.html"
1998,ബൗദ്ധിക സമ്പത്ത്,ബൗദ്ധിക സമ്പത്ത്,الثَّرْوَةُ الفِكْرِيَّةُ,Intellectual property / Wealth,الثَّرْوَةُ الفِكْرِيَّةُ,الثروة الفكرية,Intellectual property / Wealth,ബൗദ്ധിക സമ്പത്ത്,"original HTML table row is ordered (Arabic, English, Malayalam) instead of (English, Malayalam, Arabic); extract_buh.py mis-assigned the cells - values rotated back to their true columns, verified against dictionary home.html"
1999,ഉപകാരപ്രദമായ ഫലം,ഉപകാരപ്രദമായ ഫലം,الثَّمَرَةُ المُفِيدَةُ,Useful fruit / Result,الثَّمَرَةُ المُفِيدَةُ,الثمرة المفيدة,Useful fruit / Result,ഉപകാരപ്രദമായ ഫലം,"original HTML table row is ordered (Arabic, English, Malayalam) instead of (English, Malayalam, Arabic); extract_buh.py mis-assigned the cells - values rotated back to their true columns, verified against dictionary home.html"
2000,ഉടുപ്പ് / കമ്പിളി വസ്ത്രം,ഉടുപ്പ് / കമ്പിളി വസ്ത്രം,الثَّوْبُ الصُّوفِيُّ,Woolen dress,الثَّوْبُ الصُّوفِيُّ,الثوب الصوفي,Woolen dress,ഉടുപ്പ് / കമ്പിളി വസ്ത്രം,"original HTML table row is ordered (Arabic, English, Malayalam) instead of (English, Malayalam, Arabic); extract_buh.py mis-assigned the cells - values rotated back to their true columns, verified against dictionary home.html"
2001,ദൃശ്യ സംസ്കാരം,ദൃശ്യ സംസ്കാരം,الثَّقَافَةُ المَرْئِيَّةُ,Visual culture,الثَّقَافَةُ المَرْئِيَّةُ,الثقافة المريية,Visual culture,ദൃശ്യ സംസ്കാരം,"original HTML table row is ordered (Arabic, English, Malayalam) instead of (English, Malayalam, Arabic); extract_buh.py mis-assigned the cells - values rotated back to their true columns, verified against dictionary home.html"
2002,കൃത്രിമ മഞ്ഞ്,കൃത്രിമ മഞ്ഞ്,الثَّلْجُ الاصْطِنَاعِيُّ,Artificial ice,الثَّلْجُ الاصْطِنَاعِيُّ,الثلج الاصطناعي,Artificial ice,കൃത്രിമ മഞ്ഞ്,"original HTML table row is ordered (Arabic, English, Malayalam) instead of (English, Malayalam, Arabic); extract_buh.py mis-assigned the cells - values rotated back to their true columns, verified against dictionary home.html"
2003,ഉയർന്ന ആത്മവിശ്വാസം,ഉയർന്ന ആത്മവിശ്വാസം,الثِّقَةُ العَالِيَةُ,High confidence,الثِّقَةُ العَالِيَةُ,الثقة العالية,High confidence,ഉയർന്ന ആത്മവിശ്വാസം,"original HTML table row is ordered (Arabic, English, Malayalam) instead of (English, Malayalam, Arabic); extract_buh.py mis-assigned the cells - values rotated back to their true columns, verified against dictionary home.html"
2004,ഇളവുചെയ്ത വില,ഇളവുചെയ്ത വില,الثَّمَنُ المُخَفَّضُ,Discounted price,الثَّمَنُ المُخَفَّضُ,الثمن المخفض,Discounted price,ഇളവുചെയ്ത വില,"original HTML table row is ordered (Arabic, English, Malayalam) instead of (English, Malayalam, Arabic); extract_buh.py mis-assigned the cells - values rotated back to their true columns, verified against dictionary home.html"
2005,റിഫ്ലക്സ് സമ്പത്ത്,റിഫ്ലക്സ് സമ്പത്ത്,الثَّرْوَةُ العَقَارِيَّةُ,Real estate wealth,الثَّرْوَةُ العَقَارِيَّةُ,الثروة العقارية,Real estate wealth,റിഫ്ലക്സ് സമ്പത്ത്,"original HTML table row is ordered (Arabic, English, Malayalam) instead of (English, Malayalam, Arabic); extract_buh.py mis-assigned the cells - values rotated back to their true columns, verified against dictionary home.html"
2006,നല്ല ഫലം,നല്ല ഫലം,الثَّمَرَةُ الجَيِّدَةُ,Good fruit,الثَّمَرَةُ الجَيِّدَةُ,الثمرة الجيدة,Good fruit,നല്ല ഫലം,"original HTML table row is ordered (Arabic, English, Malayalam) instead of (English, Malayalam, Arabic); extract_buh.py mis-assigned the cells - values rotated back to their true columns, verified against dictionary home.html"
2007,കോട്ടൺ വസ്ത്രം,കോട്ടൺ വസ്ത്രം,الثَّوْبُ القُطْنِيُّ,Cotton dress,الثَّوْبُ القُطْنِيُّ,الثوب القطني,Cotton dress,കോട്ടൺ വസ്ത്രം,"original HTML table row is ordered (Arabic, English, Malayalam) instead of (English, Malayalam, Arabic); extract_buh.py mis-assigned the cells - values rotated back to their true columns, verified against dictionary home.html"
2008,ശ്രവ്യ സംസ്കാരം,ശ്രവ്യ സംസ്കാരം,الثَّقَافَةُ الصَّوْتِيَّةُ,Audio culture,الثَّقَافَةُ الصَّوْتِيَّةُ,الثقافة الصوتية,Audio culture,ശ്രവ്യ സംസ്കാരം,"original HTML table row is ordered (Arabic, English, Malayalam) instead of (English, Malayalam, Arabic); extract_buh.py mis-assigned the cells - values rotated back to their true columns, verified against dictionary home.html"
2009,കട്ടിയുള്ള മഞ്ഞ്,കട്ടിയുള്ള മഞ്ഞ്,الثَّلْجُ الكَثِيفُ,Dense snow,الثَّلْجُ الكَثِيفُ,الثلج الكثيف,Dense snow,കട്ടിയുള്ള മഞ്ഞ്,"original HTML table row is ordered (Arabic, English, Malayalam) instead of (English, Malayalam, Arabic); extract_buh.py mis-assigned the cells - values rotated back to their true columns, verified against dictionary home.html"
2010,അനുകൂല വിശ്വാസം,അനുകൂല വിശ്വാസം,الثِّقَةُ الإِيجَابِيَّةُ,Positive trust,الثِّقَةُ الإِيجَابِيَّةُ,الثقة الايجابية,Positive trust,അനുകൂല വിശ്വാസം,"original HTML table row is ordered (Arabic, English, Malayalam) instead of (English, Malayalam, Arabic); extract_buh.py mis-assigned the cells - values rotated back to their true columns, verified against dictionary home.html"
2011,ന്യായമായ വില,ന്യായമായ വില,الثَّمَنُ العَادِلُ,Fair price,الثَّمَنُ العَادِلُ,الثمن العادل,Fair price,ന്യായമായ വില,"original HTML table row is ordered (Arabic, English, Malayalam) instead of (English, Malayalam, Arabic); extract_buh.py mis-assigned the cells - values rotated back to their true columns, verified against dictionary home.html"
2012,ദേശീയ സമ്പത്ത്,ദേശീയ സമ്പത്ത്,الثَّرْوَةُ الوَطَنِيَّةُ,National wealth,الثَّرْوَةُ الوَطَنِيَّةُ,الثروة الوطنية,National wealth,ദേശീയ സമ്പത്ത്,"original HTML table row is ordered (Arabic, English, Malayalam) instead of (English, Malayalam, Arabic); extract_buh.py mis-assigned the cells - values rotated back to their true columns, verified against dictionary home.html"
2013,പെട്ടെന്നുള്ള ഫലം,പെട്ടെന്നുള്ള ഫലം,الثَّمَرَةُ السَّرِيعَةُ,Quick fruit / Result,الثَّمَرَةُ السَّرِيعَةُ,الثمرة السريعة,Quick fruit / Result,പെട്ടെന്നുള്ള ഫലം,"original HTML table row is ordered (Arabic, English, Malayalam) instead of (English, Malayalam, Arabic); extract_buh.py mis-assigned the cells - values rotated back to their true columns, verified against dictionary home.html"
2014,പട്ടു വസ്ത്രം,പട്ടു വസ്ത്രം,الثَّوْبُ الحَرِيرِيُّ,Silk dress,الثَّوْبُ الحَرِيرِيُّ,الثوب الحريري,Silk dress,പട്ടു വസ്ത്രം,"original HTML table row is ordered (Arabic, English, Malayalam) instead of (English, Malayalam, Arabic); extract_buh.py mis-assigned the cells - values rotated back to their true columns, verified against dictionary home.html"
2015,കലാ സംസ്കാരം,കലാ സംസ്കാരം,الثَّقَافَةُ الفَنِّيَّةُ,Artistic culture,الثَّقَافَةُ الفَنِّيَّةُ,الثقافة الفنية,Artistic culture,കലാ സംസ്കാരം,"original HTML table row is ordered (Arabic, English, Malayalam) instead of (English, Malayalam, Arabic); extract_buh.py mis-assigned the cells - values rotated back to their true columns, verified against dictionary home.html"
2016,നേർത്ത മഞ്ഞ്,നേർത്ത മഞ്ഞ്,الثَّلْجُ الخَفِيفُ,Light snow,الثَّلْجُ الخَفِيفُ,الثلج الخفيف,Light snow,നേർത്ത മഞ്ഞ്,"original HTML table row is ordered (Arabic, English, Malayalam) instead of (English, Malayalam, Arabic); extract_buh.py mis-assigned the cells - values rotated back to their true columns, verified against dictionary home.html"
2017,ശക്തമായ വിശ്വാസം,ശക്തമായ വിശ്വാസം,الثِّقَةُ القَوِيَّةُ,Strong confidence,الثِّقَةُ القَوِيَّةُ,الثقة القوية,Strong confidence,ശക്തമായ വിശ്വാസം,"original HTML table row is ordered (Arabic, English, Malayalam) instead of (English, Malayalam, Arabic); extract_buh.py mis-assigned the cells - values rotated back to their true columns, verified against dictionary home.html"
2018,ഉയർന്ന വില,ഉയർന്ന വില,الثَّمَنُ المُرْتَفِعُ,High price,الثَّمَنُ المُرْتَفِعُ,الثمن المرتفع,High price,ഉയർന്ന വില,"original HTML table row is ordered (Arabic, English, Malayalam) instead of (English, Malayalam, Arabic); extract_buh.py mis-assigned the cells - values rotated back to their true columns, verified against dictionary home.html"
2019,എണ്ണസമ്പത്ത്,എണ്ണസമ്പത്ത്,الثَّرْوَةُ النَّفْطِيَّةُ,Oil wealth,الثَّرْوَةُ النَّفْطِيَّةُ,الثروة النفطية,Oil wealth,എണ്ണസമ്പത്ത്,"original HTML table row is ordered (Arabic, English, Malayalam) instead of (English, Malayalam, Arabic); extract_buh.py mis-assigned the cells - values rotated back to their true columns, verified against dictionary home.html"
2020,വലിയ ഫലം,വലിയ ഫലം,الثَّمَرَةُ العَظِيمَةُ,Great fruit / Result,الثَّمَرَةُ العَظِيمَةُ,الثمرة العظيمة,Great fruit / Result,വലിയ ഫലം,"original HTML table row is ordered (Arabic, English, Malayalam) instead of (English, Malayalam, Arabic); extract_buh.py mis-assigned the cells - values rotated back to their true columns, verified against dictionary home.html"
2021,നീളമുള്ള വസ്ത്രം,നീളമുള്ള വസ്ത്രം,الثَّوْبُ الطَّوِيلُ,Long dress,الثَّوْبُ الطَّوِيلُ,الثوب الطويل,Long dress,നീളമുള്ള വസ്ത്രം,"original HTML table row is ordered (Arabic, English, Malayalam) instead of (English, Malayalam, Arabic); extract_buh.py mis-assigned the cells - values rotated back to their true columns, verified against dictionary home.html"
2022,സാഹിത്യ സംസ്കാരം,സാഹിത്യ സംസ്കാരം,الثَّقَافَةُ الأَدَبِيَّةُ,Literary culture,الثَّقَافَةُ الأَدَبِيَّةُ,الثقافة الادبية,Literary culture,സാഹിത്യ സംസ്കാരം,"original HTML table row is ordered (Arabic, English, Malayalam) instead of (English, Malayalam, Arabic); extract_buh.py mis-assigned the cells - values rotated back to their true columns, verified against dictionary home.html"
2023,കൂട്ടിവെച്ച മഞ്ഞ്,കൂട്ടിവെച്ച മഞ്ഞ്,الثَّلْجُ المُرَاكَمُ,Accumulated snow,الثَّلْجُ المُرَاكَمُ,الثلج المراكم,Accumulated snow,കൂട്ടിവെച്ച മഞ്ഞ്,"original HTML table row is ordered (Arabic, English, Malayalam) instead of (English, Malayalam, Arabic); extract_buh.py mis-assigned the cells - values rotated back to their true columns, verified against dictionary home.html"
2024,കുറഞ്ഞ വിശ്വാസം,കുറഞ്ഞ വിശ്വാസം,الثِّقَةُ المُنْخَفِضَةُ,Low trust,الثِّقَةُ المُنْخَفِضَةُ,الثقة المنخفضة,Low trust,കുറഞ്ഞ വിശ്വാസം,"original HTML table row is ordered (Arabic, English, Malayalam) instead of (English, Malayalam, Arabic); extract_buh.py mis-assigned the cells - values rotated back to their true columns, verified against dictionary home.html"
2025,കുറഞ്ഞ വില,കുറഞ്ഞ വില,الثَّمَنُ المُنْخَفِضُ,Low price,الثَّمَنُ المُنْخَفِضُ,الثمن المنخفض,Low price,കുറഞ്ഞ വില,"original HTML table row is ordered (Arabic, English, Malayalam) instead of (English, Malayalam, Arabic); extract_buh.py mis-assigned the cells - values rotated back to their true columns, verified against dictionary home.html"
2026,ദേശീയ സമ്പത്ത്,ദേശീയ സമ്പത്ത്,الثَّرْوَةُ القَوْمِيَّةُ,National wealth,الثَّرْوَةُ القَوْمِيَّةُ,الثروة القومية,National wealth,ദേശീയ സമ്പത്ത്,"original HTML table row is ordered (Arabic, English, Malayalam) instead of (English, Malayalam, Arabic); extract_buh.py mis-assigned the cells - values rotated back to their true columns, verified against dictionary home.html"
2027,ആഗ്രഹിച്ച ഫലം,ആഗ്രഹിച്ച ഫലം,الثَّمَرَةُ المَرْجُوَّةُ,Desired fruit / Result,الثَّمَرَةُ المَرْجُوَّةُ,الثمرة المرجوة,Desired fruit / Result,ആഗ്രഹിച്ച ഫലം,"original HTML table row is ordered (Arabic, English, Malayalam) instead of (English, Malayalam, Arabic); extract_buh.py mis-assigned the cells - values rotated back to their true columns, verified against dictionary home.html"
2028,ചെറിയ വസ്ത്രം,ചെറിയ വസ്ത്രം,الثَّوْبُ القَصِيرُ,Short dress,الثَّوْبُ القَصِيرُ,الثوب القصير,Short dress,ചെറിയ വസ്ത്രം,"original HTML table row is ordered (Arabic, English, Malayalam) instead of (English, Malayalam, Arabic); extract_buh.py mis-assigned the cells - values rotated back to their true columns, verified against dictionary home.html"
2029,ചരിത്ര സംസ്കാരം,ചരിത്ര സംസ്കാരം,الثَّقَافَةُ التَّارِيخِيَّةُ,Historical culture,الثَّقَافَةُ التَّارِيخِيَّةُ,الثقافة التاريخية,Historical culture,ചരിത്ര സംസ്കാരം,"original HTML table row is ordered (Arabic, English, Malayalam) instead of (English, Malayalam, Arabic); extract_buh.py mis-assigned the cells - values rotated back to their true columns, verified against dictionary home.html"
2030,കലർന്ന ഐസ്,കലർന്ന ഐസ്,الثَّلْجُ المَخْلُوطُ,Mixed ice,الثَّلْجُ المَخْلُوطُ,الثلج المخلوط,Mixed ice,കലർന്ന ഐസ്,"original HTML table row is ordered (Arabic, English, Malayalam) instead of (English, Malayalam, Arabic); extract_buh.py mis-assigned the cells - values rotated back to their true columns, verified against dictionary home.html"
2031,ഉറച്ച വിശ്വാസം,ഉറച്ച വിശ്വാസം,الثِّقَةُ المَتِينَةُ,Solid trust,الثِّقَةُ المَتِينَةُ,الثقة المتينة,Solid trust,ഉറച്ച വിശ്വാസം,"original HTML table row is ordered (Arabic, English, Malayalam) instead of (English, Malayalam, Arabic); extract_buh.py mis-assigned the cells - values rotated back to their true columns, verified against dictionary home.html"
2032,അവസാന വില,അവസാന വില,الثَّمَنُ النَّهَائِيُّ,Final price,الثَّمَنُ النَّهَائِيُّ,الثمن النهايي,Final price,അവസാന വില,"original HTML table row is ordered (Arabic, English, Malayalam) instead of (English, Malayalam, Arabic); extract_buh.py mis-assigned the cells - values rotated back to their true columns, verified against dictionary home.html"
2033,സാംസ്കാരിക സമ്പത്ത്,സാംസ്കാരിക സമ്പത്ത്,الثَّرْوَةُ الثَّقَافِيَّةُ,Cultural wealth,الثَّرْوَةُ الثَّقَافِيَّةُ,الثروة الثقافية,Cultural wealth,സാംസ്കാരിക സമ്പത്ത്,"original HTML table row is ordered (Arabic, English, Malayalam) instead of (English, Malayalam, Arabic); extract_buh.py mis-assigned the cells - values rotated back to their true columns, verified against dictionary home.html"
2034,നേരിട്ടുള്ള ഫലം,നേരിട്ടുള്ള ഫലം,الثَّمَرَةُ المُبَاشِرَةُ,Direct fruit / Result,الثَّمَرَةُ المُبَاشِرَةُ,الثمرة المباشرة,Direct fruit / Result,നേരിട്ടുള്ള ഫലം,"original HTML table row is ordered (Arabic, English, Malayalam) instead of (English, Malayalam, Arabic); extract_buh.py mis-assigned the cells - values rotated back to their true columns, verified against dictionary home.html"
2035,അനുയോജ്യമായ വസ്ത്രം,അനുയോജ്യമായ വസ്ത്രം,الثَّوْبُ المُنَاسِبُ,Suitable dress,الثَّوْبُ المُنَاسِبُ,الثوب المناسب,Suitable dress,അനുയോജ്യമായ വസ്ത്രം,"original HTML table row is ordered (Arabic, English, Malayalam) instead of (English, Malayalam, Arabic); extract_buh.py mis-assigned the cells - values rotated back to their true columns, verified against dictionary home.html"
2036,രാഷ്ട്രീയ സംസ്കാരം,രാഷ്ട്രീയ സംസ്കാരം,الثَّقَافَةُ السِّيَاسِيَّةُ,Political culture,الثَّقَافَةُ السِّيَاسِيَّةُ,الثقافة السياسية,Political culture,രാഷ്ട്രീയ സംസ്കാരം,"original HTML table row is ordered (Arabic, English, Malayalam) instead of (English, Malayalam, Arabic); extract_buh.py mis-assigned the cells - values rotated back to their true columns, verified against dictionary home.html"
2037,പ്രാദേശിക മഞ്ഞ്,പ്രാദേശിക മഞ്ഞ്,الثَّلْجُ المَحَلِّيُّ,Local snow,الثَّلْجُ المَحَلِّيُّ,الثلج المحلي,Local snow,പ്രാദേശിക മഞ്ഞ്,"original HTML table row is ordered (Arabic, English, Malayalam) instead of (English, Malayalam, Arabic); extract_buh.py mis-assigned the cells - values rotated back to their true columns, verified against dictionary home.html"
2038,അനുയോജ്യമായ വിശ്വാസം,അനുയോജ്യമായ വിശ്വാസം,الثِّقَةُ المُنَاسِبَةُ,Proper trust,الثِّقَةُ المُنَاسِبَةُ,الثقة المناسبة,Proper trust,അനുയോജ്യമായ വിശ്വാസം,"original HTML table row is ordered (Arabic, English, Malayalam) instead of (English, Malayalam, Arabic); extract_buh.py mis-assigned the cells - values rotated back to their true columns, verified against dictionary home.html"
2039,കണക്കാക്കിയ വില,കണക്കാക്കിയ വില,الثَّمَنُ الاِفْتِرَاضِيُّ,Estimated price,الثَّمَنُ الاِفْتِرَاضِيُّ,الثمن الافتراضي,Estimated price,കണക്കാക്കിയ വില,"original HTML table row is ordered (Arabic, English, Malayalam) instead of (English, Malayalam, Arabic); extract_buh.py mis-assigned the cells - values rotated back to their true columns, verified against dictionary home.html"
2040,ആത്മീയ സമ്പത്ത്,ആത്മീയ സമ്പത്ത്,الثَّرْوَةُ الروُحِيَّةُ,Spiritual wealth,الثَّرْوَةُ الروُحِيَّةُ,الثروة الروحية,Spiritual wealth,ആത്മീയ സമ്പത്ത്,"original HTML table row is ordered (Arabic, English, Malayalam) instead of (English, Malayalam, Arabic); extract_buh.py mis-assigned the cells - values rotated back to their true columns, verified against dictionary home.html"
2041,സ്ഥിരമായ ഫലം,സ്ഥിരമായ ഫലം,الثَّمَرَةُ الدَّائِمَةُ,Lasting fruit,الثَّمَرَةُ الدَّائِمَةُ,الثمرة الدايمة,Lasting fruit,സ്ഥിരമായ ഫലം,"original HTML table row is ordered (Arabic, English, Malayalam) instead of (English, Malayalam, Arabic); extract_buh.py mis-assigned the cells - values rotated back to their true columns, verified against dictionary home.html"
2042,പ്രത്യേക വസ്ത്രം,പ്രത്യേക വസ്ത്രം,الثَّوْبُ المُمَيَّزُ,Distinct dress,الثَّوْبُ المُمَيَّزُ,الثوب المميز,Distinct dress,പ്രത്യേക വസ്ത്രം,"original HTML table row is ordered (Arabic, English, Malayalam) instead of (English, Malayalam, Arabic); extract_buh.py mis-assigned the cells - values rotated back to their true columns, verified against dictionary home.html"
2043,സാമ്പത്തിക സംസ്കാരം,സാമ്പത്തിക സംസ്കാരം,الثَّقَافَةُ الاِقْتِصَادِيَّةُ,Economic culture,الثَّقَافَةُ الاِقْتِصَادِيَّةُ,الثقافة الاقتصادية,Economic culture,സാമ്പത്തിക സംസ്കാരം,"original HTML table row is ordered (Arabic, English, Malayalam) instead of (English, Malayalam, Arabic); extract_buh.py mis-assigned the cells - values rotated back to their true columns, verified against dictionary home.html"
2044,മൂടപ്പെട്ട മഞ്ഞ്,മൂടപ്പെട്ട മഞ്ഞ്,الثَّلْجُ المَطْمُورُ,Buried ice,الثَّلْجُ المَطْمُورُ,الثلج المطمور,Buried ice,മൂടപ്പെട്ട മഞ്ഞ്,"original HTML table row is ordered (Arabic, English, Malayalam) instead of (English, Malayalam, Arabic); extract_buh.py mis-assigned the cells - values rotated back to their true columns, verified against dictionary home.html"
2045,അധിക വിശ്വാസം,അധിക വിശ്വാസം,الثِّقَةُ الإِضَافِيَّةُ,Extra trust,الثِّقَةُ الإِضَافِيَّةُ,الثقة الاضافية,Extra trust,അധിക വിശ്വാസം,"original HTML table row is ordered (Arabic, English, Malayalam) instead of (English, Malayalam, Arabic); extract_buh.py mis-assigned the cells - values rotated back to their true columns, verified against dictionary home.html"
2046,സ്വീകാര്യമായ തുക,സ്വീകാര്യമായ തുക,الثَّمَنُ المَقْبُولُ,Fair cost,الثَّمَنُ المَقْبُولُ,الثمن المقبول,Fair cost,സ്വീകാര്യമായ തുക,"original HTML table row is ordered (Arabic, English, Malayalam) instead of (English, Malayalam, Arabic); extract_buh.py mis-assigned the cells - values rotated back to their true columns, verified against dictionary home.html"
2047,ശാസ്ത്രീയ സമ്പത്ത്,ശാസ്ത്രീയ സമ്പത്ത്,الثَّرْوَةُ العلمِيَّةُ,Scientific wealth,الثَّرْوَةُ العلمِيَّةُ,الثروة العلمية,Scientific wealth,ശാസ്ത്രീയ സമ്പത്ത്,"original HTML table row is ordered (Arabic, English, Malayalam) instead of (English, Malayalam, Arabic); extract_buh.py mis-assigned the cells - values rotated back to their true columns, verified against dictionary home.html"
2048,അനുകൂല ഫലം,അനുകൂല ഫലം,الثَّمَرَةُ الإِيجَابِيَّةُ,Positive fruit,الثَّمَرَةُ الإِيجَابِيَّةُ,الثمرة الايجابية,Positive fruit,അനുകൂല ഫലം,"original HTML table row is ordered (Arabic, English, Malayalam) instead of (English, Malayalam, Arabic); extract_buh.py mis-assigned the cells - values rotated back to their true columns, verified against dictionary home.html"
2049,ആശ്വാസമുള്ള വസ്ത്രം,ആശ്വാസമുള്ള വസ്ത്രം,الثَّوْبُ المُرِيحُ,Comfortable dress,الثَّوْبُ المُرِيحُ,الثوب المريح,Comfortable dress,ആശ്വാസമുള്ള വസ്ത്രം,"original HTML table row is ordered (Arabic, English, Malayalam) instead of (English, Malayalam, Arabic); extract_buh.py mis-assigned the cells - values rotated back to their true columns, verified against dictionary home.html"
2050,സാമൂഹിക സംസ്കാരം,സാമൂഹിക സംസ്കാരം,الثَّقَافَةُ الإِجْتِمَاعِيَّةُ,Social culture,الثَّقَافَةُ الإِجْتِمَاعِيَّةُ,الثقافة الاجتماعية,Social culture,സാമൂഹിക സംസ്കാരം,"original HTML table row is ordered (Arabic, English, Malayalam) instead of (English, Malayalam, Arabic); extract_buh.py mis-assigned the cells - values rotated back to their true columns, verified against dictionary home.html"
2051,ശക്തമായ മഞ്ഞുവീഴ്ച,ശക്തമായ മഞ്ഞുവീഴ്ച,الثَّلْجُ المُتَسَاقِطُ بِغَزَارَةٍ,Heavy snowfall,الثَّلْجُ المُتَسَاقِطُ بِغَزَارَةٍ,الثلج المتساقط بغزارة,Heavy snowfall,ശക്തമായ മഞ്ഞുവീഴ്ച,"original HTML table row is ordered (Arabic, English, Malayalam) instead of (English, Malayalam, Arabic); extract_buh.py mis-assigned the cells - values rotated back to their true columns, verified against dictionary home.html"
2052,ഔദ്യോഗിക വിശ്വാസം,ഔദ്യോഗിക വിശ്വാസം,الثِّقَةُ الرَّسْمِيَّةُ,Official confidence,الثِّقَةُ الرَّسْمِيَّةُ,الثقة الرسمية,Official confidence,ഔദ്യോഗിക വിശ്വാസം,"original HTML table row is ordered (Arabic, English, Malayalam) instead of (English, Malayalam, Arabic); extract_buh.py mis-assigned the cells - values rotated back to their true columns, verified against dictionary home.html"
2053,യഥാർത്ഥ വില,യഥാർത്ഥ വില,الثَّمَنُ الحَقِيقِيُّ,Real price,الثَّمَنُ الحَقِيقِيُّ,الثمن الحقيقي,Real price,യഥാർത്ഥ വില,"original HTML table row is ordered (Arabic, English, Malayalam) instead of (English, Malayalam, Arabic); extract_buh.py mis-assigned the cells - values rotated back to their true columns, verified against dictionary home.html"
2054,വാണിജ്യ സമ്പത്ത്,വാണിജ്യ സമ്പത്ത്,الثَّرْوَةُ التجَارِيَّةُ,Commercial wealth,الثَّرْوَةُ التجَارِيَّةُ,الثروة التجارية,Commercial wealth,വാണിജ്യ സമ്പത്ത്,"original HTML table row is ordered (Arabic, English, Malayalam) instead of (English, Malayalam, Arabic); extract_buh.py mis-assigned the cells - values rotated back to their true columns, verified against dictionary home.html"
2055,നല്ല ഫലം,നല്ല ഫലം,الثَّمَرَةُ الطَيِّبَةُ,Goodly fruit,الثَّمَرَةُ الطَيِّبَةُ,الثمرة الطيبة,Goodly fruit,നല്ല ഫലം,"original HTML table row is ordered (Arabic, English, Malayalam) instead of (English, Malayalam, Arabic); extract_buh.py mis-assigned the cells - values rotated back to their true columns, verified against dictionary home.html"
2056,മികച്ച വസ്ത്രം,മികച്ച വസ്ത്രം,الثَّوْبُ المُمَتاَزُ,Excellent dress,الثَّوْبُ المُمَتاَزُ,الثوب الممتاز,Excellent dress,മികച്ച വസ്ത്രം,"original HTML table row is ordered (Arabic, English, Malayalam) instead of (English, Malayalam, Arabic); extract_buh.py mis-assigned the cells - values rotated back to their true columns, verified against dictionary home.html"
2057,ആത്മീയ സംസ്കാരം,ആത്മീയ സംസ്കാരം,الثَّقَافَةُ الروُحِيَّةُ,Spiritual culture,الثَّقَافَةُ الروُحِيَّةُ,الثقافة الروحية,Spiritual culture,ആത്മീയ സംസ്കാരം,"original HTML table row is ordered (Arabic, English, Malayalam) instead of (English, Malayalam, Arabic); extract_buh.py mis-assigned the cells - values rotated back to their true columns, verified against dictionary home.html"
2058,വ്യക്തമായ മഞ്ഞ്,വ്യക്തമായ മഞ്ഞ്,الثَّلْجُ الصَافِي,Clear ice,الثَّلْجُ الصَافِي,الثلج الصافي,Clear ice,വ്യക്തമായ മഞ്ഞ്,"original HTML table row is ordered (Arabic, English, Malayalam) instead of (English, Malayalam, Arabic); extract_buh.py mis-assigned the cells - values rotated back to their true columns, verified against dictionary home.html"
2059,പ്രായോഗിക വിശ്വാസം,പ്രായോഗിക വിശ്വാസം,الثِّقَةُ العَمَلِيَّةُ,Practical trust,الثِّقَةُ العَمَلِيَّةُ,الثقة العملية,Practical trust,പ്രായോഗിക വിശ്വാസം,"original HTML table row is ordered (Arabic, English, Malayalam) instead of (English, Malayalam, Arabic); extract_buh.py mis-assigned the cells - values rotated back to their true columns, verified against dictionary home.html"
2060,തോராயമായ വില,തോராயമായ വില,الثَّمَنُ التَّقْدِيرِيُّ,Approximate price,الثَّمَنُ التَّقْدِيرِيُّ,الثمن التقديري,Approximate price,തോராயമായ വില,"original HTML table row is ordered (Arabic, English, Malayalam) instead of (English, Malayalam, Arabic); extract_buh.py mis-assigned the cells - values rotated back to their true columns, verified against dictionary home.html"
2061,സ്വകാര്യ സമ്പത്ത്,സ്വകാര്യ സമ്പത്ത്,الثَّرْوَةُ الخَاصَّةُ,Private wealth,الثَّرْوَةُ الخَاصَّةُ,الثروة الخاصة,Private wealth,സ്വകാര്യ സമ്പത്ത്,"original HTML table row is ordered (Arabic, English, Malayalam) instead of (English, Malayalam, Arabic); extract_buh.py mis-assigned the cells - values rotated back to their true columns, verified against dictionary home.html"
2062,അനുഗൃഹീത ഫലം,അനുഗൃഹീത ഫലം,الثَّمَرَةُ المُبَارَكَةُ,Blessed fruit,الثَّمَرَةُ المُبَارَكَةُ,الثمرة المباركة,Blessed fruit,അനുഗൃഹീത ഫലം,"original HTML table row is ordered (Arabic, English, Malayalam) instead of (English, Malayalam, Arabic); extract_buh.py mis-assigned the cells - values rotated back to their true columns, verified against dictionary home.html"
2063,മനോഹരമായ വസ്ത്രം,മനോഹരമായ വസ്ത്രം,الثَّوْبُ האَنِيقُ,Elegant dress,الثَّوْبُ האَنِيقُ,الثوب האنيق,Elegant dress,മനോഹരമായ വസ്ത്രം,"original HTML table row is ordered (Arabic, English, Malayalam) instead of (English, Malayalam, Arabic); extract_buh.py mis-assigned the cells - values rotated back to their true columns, verified against dictionary home.html"
2064,ശാസ്ത്രീയ സംസ്കാരം,ശാസ്ത്രീയ സംസ്കാരം,الثَّقَافَةُ العلمِيَّةُ,Scientific culture,الثَّقَافَةُ العلمِيَّةُ,الثقافة العلمية,Scientific culture,ശാസ്ത്രീയ സംസ്കാരം,"original HTML table row is ordered (Arabic, English, Malayalam) instead of (English, Malayalam, Arabic); extract_buh.py mis-assigned the cells - values rotated back to their true columns, verified against dictionary home.html"
2065,ഉരുകിയ മഞ്ഞ്,ഉരുകിയ മഞ്ഞ്,الثَّلْجُ المَذَابُ,Melted snow,الثَّلْجُ المَذَابُ,الثلج المذاب,Melted snow,ഉരുകിയ മഞ്ഞ്,"original HTML table row is ordered (Arabic, English, Malayalam) instead of (English, Malayalam, Arabic); extract_buh.py mis-assigned the cells - values rotated back to their true columns, verified against dictionary home.html"
2066,തൊഴിൽപരമായ വിശ്വാസം,തൊഴിൽപരമായ വിശ്വാസം,الثِّقَةُ المِهْنِيَّةُ,Professional trust,الثِّقَةُ المِهْنِيَّةُ,الثقة المهنية,Professional trust,തൊഴിൽപരമായ വിശ്വാസം,"original HTML table row is ordered (Arabic, English, Malayalam) instead of (English, Malayalam, Arabic); extract_buh.py mis-assigned the cells - values rotated back to their true columns, verified against dictionary home.html"
2067,വളരെ അനുയോജ്യമായ വില,വളരെ അനുയോജ്യമായ വില,الثَّمَنُ المُنَاسِبُ جِدًّا,Very suitable price,الثَّمَنُ المُنَاسِبُ جِدًّا,الثمن المناسب جدا,Very suitable price,വളരെ അനുയോജ്യമായ വില,"original HTML table row is ordered (Arabic, English, Malayalam) instead of (English, Malayalam, Arabic); extract_buh.py mis-assigned the cells - values rotated back to their true columns, verified against dictionary home.html"
2068,പൊതുസമ്പത്ത്,പൊതുസമ്പത്ത്,الثَّرْوَةُ العَامَّةُ,Public wealth,الثَّرْوَةُ العَامَّةُ,الثروة العامة,Public wealth,പൊതുസമ്പത്ത്,"original HTML table row is ordered (Arabic, English, Malayalam) instead of (English, Malayalam, Arabic); extract_buh.py mis-assigned the cells - values rotated back to their true columns, verified against dictionary home.html"
2069,ആവശ്യപ്പെട്ട ഫലം,ആവശ്യപ്പെട്ട ഫലം,الثَّمَرَةُ המَطْلُوبَةُ,Desired fruit,الثَّمَرَةُ המَطْلُوبَةُ,الثمرة המطلوبة,Desired fruit,ആവശ്യപ്പെട്ട ഫലം,"original HTML table row is ordered (Arabic, English, Malayalam) instead of (English, Malayalam, Arabic); extract_buh.py mis-assigned the cells - values rotated back to their true columns, verified against dictionary home.html"
2070,നേർത്ത വസ്ത്രം,നേർത്ത വസ്ത്രം,الثَّوْبُ الخَفِيفُ,Light dress,الثَّوْبُ الخَفِيفُ,الثوب الخفيف,Light dress,നേർത്ത വസ്ത്രം,"original HTML table row is ordered (Arabic, English, Malayalam) instead of (English, Malayalam, Arabic); extract_buh.py mis-assigned the cells - values rotated back to their true columns, verified against dictionary home.html"
2071,ആധുനിക സംസ്കാരം,ആധുനിക സംസ്കാരം,الثَّقَافَةُ המُعَاصِرَةُ,Contemporary culture,الثَّقَافَةُ המُعَاصِرَةُ,الثقافة המعاصرة,Contemporary culture,ആധുനിക സംസ്കാരം,"original HTML table row is ordered (Arabic, English, Malayalam) instead of (English, Malayalam, Arabic); extract_buh.py mis-assigned the cells - values rotated back to their true columns, verified against dictionary home.html"
2072,അമർത്തിയ മഞ്ഞ്,അമർത്തിയ മഞ്ഞ്,الثَّلْجُ المَضْغُوطُ,Compressed ice,الثَّلْجُ المَضْغُوطُ,الثلج المضغوط,Compressed ice,അമർത്തിയ മഞ്ഞ്,"original HTML table row is ordered (Arabic, English, Malayalam) instead of (English, Malayalam, Arabic); extract_buh.py mis-assigned the cells - values rotated back to their true columns, verified against dictionary home.html"
2073,സ്ഥിരമായ വിശ്വാസം,സ്ഥിരമായ വിശ്വാസം,الثِّقَةُ הדَائِمَةُ,Lasting confidence,الثِّقَةُ הדَائِمَةُ,الثقة הדايمة,Lasting confidence,സ്ഥിരമായ വിശ്വാസം,"original HTML table row is ordered (Arabic, English, Malayalam) instead of (English, Malayalam, Arabic); extract_buh.py mis-assigned the cells - values rotated back to their true columns, verified against dictionary home.html"
2074,ന്യായമായ തുക,ന്യായമായ തുക,الثَّمَنُ المعْقُولُ,Reasonable cost,الثَّمَنُ المعْقُولُ,الثمن المعقول,Reasonable cost,ന്യായമായ തുക,"original HTML table row is ordered (Arabic, English, Malayalam) instead of (English, Malayalam, Arabic); extract_buh.py mis-assigned the cells - values rotated back to their true columns, verified against dictionary home.html"
2075,വലിയ സമ്പത്ത്,വലിയ സമ്പത്ത്,الثَّرْوَةُ الكَبِيرَةُ,Great wealth,الثَّرْوَةُ الكَبِيرَةُ,الثروة الكبيرة,Great wealth,വലിയ സമ്പത്ത്,"original HTML table row is ordered (Arabic, English, Malayalam) instead of (English, Malayalam, Arabic); extract_buh.py mis-assigned the cells - values rotated back to their true columns, verified against dictionary home.html"
2076,പ്രത്യേക ഫലം,പ്രത്യേക ഫലം,الثَّمَرَةُ המُمَيَّزَةُ,Special fruit,الثَّمَرَةُ המُمَيَّزَةُ,الثمرة המميزة,Special fruit,പ്രത്യേക ഫലം,"original HTML table row is ordered (Arabic, English, Malayalam) instead of (English, Malayalam, Arabic); extract_buh.py mis-assigned the cells - values rotated back to their true columns, verified against dictionary home.html"
2077,കട്ടിയുള്ള വസ്ത്രം,കട്ടിയുള്ള വസ്ത്രം,الثَّوْبُ הَثَقِيلُ,Heavy dress,الثَّوْبُ הَثَقِيلُ,الثوب הثقيل,Heavy dress,കട്ടിയുള്ള വസ്ത്രം,"original HTML table row is ordered (Arabic, English, Malayalam) instead of (English, Malayalam, Arabic); extract_buh.py mis-assigned the cells - values rotated back to their true columns, verified against dictionary home.html"
2078,ദിനചര്യ സംസ്കാരം,ദിനചര്യ സംസ്കാരം,الثَّقَافَةُ היَومِيَّةُ,Daily culture,الثَّقَافَةُ היَومِيَّةُ,الثقافة היومية,Daily culture,ദിനചര്യ സംസ്കാരം,"original HTML table row is ordered (Arabic, English, Malayalam) instead of (English, Malayalam, Arabic); extract_buh.py mis-assigned the cells - values rotated back to their true columns, verified against dictionary home.html"
2079,നേർത്ത മഞ്ഞുപാളി,നേർത്ത മഞ്ഞുപാളി,الثَّلْجُ الرَّقِيقُ,Thin ice,الثَّلْجُ الرَّقِيقُ,الثلج الرقيق,Thin ice,നേർത്ത മഞ്ഞുപാളി,"original HTML table row is ordered (Arabic, English, Malayalam) instead of (English, Malayalam, Arabic); extract_buh.py mis-assigned the cells - values rotated back to their true columns, verified against dictionary home.html"
2080,വ്യവസ്ഥാപിത വിശ്വാസം,വ്യവസ്ഥാപിത വിശ്വാസം,الثِّقَةُ המَشْرُوطَةُ,Conditional trust,الثِّقَةُ המَشْرُوطَةُ,الثقة המشروطة,Conditional trust,വ്യവസ്ഥാപിത വിശ്വാസം,"original HTML table row is ordered (Arabic, English, Malayalam) instead of (English, Malayalam, Arabic); extract_buh.py mis-assigned the cells - values rotated back to their true columns, verified against dictionary home.html"
2081,ഔദ്യോഗിക വില,ഔദ്യോഗിക വില,الثَّمَنُ הרَسْمِيُّ,Official price,الثَّمَنُ הרَسْمِيُّ,الثمن הרسمي,Official price,ഔദ്യോഗിക വില,"original HTML table row is ordered (Arabic, English, Malayalam) instead of (English, Malayalam, Arabic); extract_buh.py mis-assigned the cells - values rotated back to their true columns, verified against dictionary home.html"
2082,വമ്പിച്ച സമ്പത്ത്,വമ്പിച്ച സമ്പത്ത്,الثَّرْوَةُ الضَخْمَةُ,Huge wealth,الثَّرْوَةُ الضَخْمَةُ,الثروة الضخمة,Huge wealth,വമ്പിച്ച സമ്പത്ത്,"original HTML table row is ordered (Arabic, English, Malayalam) instead of (English, Malayalam, Arabic); extract_buh.py mis-assigned the cells - values rotated back to their true columns, verified against dictionary home.html"
2083,മികച്ച ഫലം,മികച്ച ഫലം,الثَّمَرَةُ المُمِتَازَةُ,Excellent fruit,الثَّمَرَةُ المُمِتَازَةُ,الثمرة الممتازة,Excellent fruit,മികച്ച ഫലം,"original HTML table row is ordered (Arabic, English, Malayalam) instead of (English, Malayalam, Arabic); extract_buh.py mis-assigned the cells - values rotated back to their true columns, verified against dictionary home.html"
2084,നിറമുള്ള വസ്ത്രം,നിറമുള്ള വസ്ത്രം,الثَّوْبُ המُلَوَّنُ,Colored dress,الثَّوْبُ המُلَوَّنُ,الثوب המلون,Colored dress,നിറമുള്ള വസ്ത്രം,"original HTML table row is ordered (Arabic, English, Malayalam) instead of (English, Malayalam, Arabic); extract_buh.py mis-assigned the cells - values rotated back to their true columns, verified against dictionary home.html"
2085,സമഗ്ര സംസ്കാരം,സമഗ്ര സംസ്കാരം,الثَّقَافَةُ השَامِلَةُ,Comprehensive culture,الثَّقَافَةُ השَامِلَةُ,الثقافة השاملة,Comprehensive culture,സമഗ്ര സംസ്കാരം,"original HTML table row is ordered (Arabic, English, Malayalam) instead of (English, Malayalam, Arabic); extract_buh.py mis-assigned the cells - values rotated back to their true columns, verified against dictionary home.html"
2086,മലമുകളിലെ മഞ്ഞ്,മലമുകളിലെ മഞ്ഞ്,الثَّلْجُ الجَبَلِيُّ,Mountain snow,الثَّلْجُ الجَبَلِيُّ,الثلج الجبلي,Mountain snow,മലമുകളിലെ മഞ്ഞ്,"original HTML table row is ordered (Arabic, English, Malayalam) instead of (English, Malayalam, Arabic); extract_buh.py mis-assigned the cells - values rotated back to their true columns, verified against dictionary home.html"
2087,മികച്ച വിശ്വാസം,മികച്ച വിശ്വാസം,الثِّقَةُ المُمُتَازَةُ,Excellent trust,الثِّقَةُ المُمُتَازَةُ,الثقة الممتازة,Excellent trust,മികച്ച വിശ്വാസം,"original HTML table row is ordered (Arabic, English, Malayalam) instead of (English, Malayalam, Arabic); extract_buh.py mis-assigned the cells - values rotated back to their true columns, verified against dictionary home.html"
2088,നിശ്ചയിച്ച വില,നിശ്ചയിച്ച വില,الثَّمَنُ المَحَدَّدُ,Specified price,الثَّمَنُ المَحَدَّدُ,الثمن المحدد,Specified price,നിശ്ചയിച്ച വില,"original HTML table row is ordered (Arabic, English, Malayalam) instead of (English, Malayalam, Arabic); extract_buh.py mis-assigned the cells - values rotated back to their true columns, verified against dictionary home.html"
2089,സുസ്ഥിര സമ്പത്ത്,സുസ്ഥിര സമ്പത്ത്,الثَّرْوَةُ המُسْتَدَامَةُ,Sustainable wealth,الثَّرْوَةُ המُسْتَدَامَةُ,الثروة המستدامة,Sustainable wealth,സുസ്ഥിര സമ്പത്ത്,"original HTML table row is ordered (Arabic, English, Malayalam) instead of (English, Malayalam, Arabic); extract_buh.py mis-assigned the cells - values rotated back to their true columns, verified against dictionary home.html"
2090,ഉറപ്പായ ഫലം,ഉറപ്പായ ഫലം,الثَّمَرَةُ האَكِيدَةُ,Sure result,الثَّمَرَةُ האَكِيدَةُ,الثمرة האكيدة,Sure result,ഉറപ്പായ ഫലം,"original HTML table row is ordered (Arabic, English, Malayalam) instead of (English, Malayalam, Arabic); extract_buh.py mis-assigned the cells - values rotated back to their true columns, verified against dictionary home.html"
2091,സാധാരണ വസ്ത്രം,സാധാരണ വസ്ത്രം,الثَّوْبُ הבَسِيطُ,Simple dress,الثَّوْبُ הבَسِيطُ,الثوب הבسيط,Simple dress,സാധാരണ വസ്ത്രം,"original HTML table row is ordered (Arabic, English, Malayalam) instead of (English, Malayalam, Arabic); extract_buh.py mis-assigned the cells - values rotated back to their true columns, verified against dictionary home.html"
2092,പരിസ്ഥിതി സംസ്കാരം,പരിസ്ഥിതി സംസ്കാരം,الثَّقَافَةُ البيئِيَّةُ,Environmental culture,الثَّقَافَةُ البيئِيَّةُ,الثقافة البييية,Environmental culture,പരിസ്ഥിതി സംസ്കാരം,"original HTML table row is ordered (Arabic, English, Malayalam) instead of (English, Malayalam, Arabic); extract_buh.py mis-assigned the cells - values rotated back to their true columns, verified against dictionary home.html"
2093,വെള്ളമുള്ള ഐസ്,വെള്ളമുള്ള ഐസ്,الثَّلْجُ المائيُّ,Watery ice,الثَّلْجُ المائيُّ,الثلج المايي,Watery ice,വെള്ളമുള്ള ഐസ്,"original HTML table row is ordered (Arabic, English, Malayalam) instead of (English, Malayalam, Arabic); extract_buh.py mis-assigned the cells - values rotated back to their true columns, verified against dictionary home.html"
2094,വ്യക്തിഗത വിശ്വാസം,വ്യക്തിഗത വിശ്വാസം,الثِّقَةُ الشَّخْصِيَّةُ,Personal trust,الثِّقَةُ الشَّخْصِيَّةُ,الثقة الشخصية,Personal trust,വ്യക്തിഗത വിശ്വാസം,"original HTML table row is ordered (Arabic, English, Malayalam) instead of (English, Malayalam, Arabic); extract_buh.py mis-assigned the cells - values rotated back to their true columns, verified against dictionary home.html"
2095,മാനദണ്ഡ വില,മാനദണ്ഡ വില,الثَّمَنُ المعِيَارِيُّ,Standard price,الثَّمَنُ المعِيَارِيُّ,الثمن المعياري,Standard price,മാനദണ്ഡ വില,"original HTML table row is ordered (Arabic, English, Malayalam) instead of (English, Malayalam, Arabic); extract_buh.py mis-assigned the cells - values rotated back to their true columns, verified against dictionary home.html"
2096,അടിസ്ഥാന സമ്പത്ത്,അടിസ്ഥാന സമ്പത്ത്,الثَّرْوَةُ האَسَاسِيَّةُ,Basic wealth,الثَّرْوَةُ האَسَاسِيَّةُ,الثروة האساسية,Basic wealth,അടിസ്ഥാന സമ്പത്ത്,"original HTML table row is ordered (Arabic, English, Malayalam) instead of (English, Malayalam, Arabic); extract_buh.py mis-assigned the cells - values rotated back to their true columns, verified against dictionary home.html"
2097,വ്യക്തമായ ഫലം,വ്യക്തമായ ഫലം,الثَّمَرَةُ الوَاضِحَةُ,Clear fruit / Result,الثَّمَرَةُ الوَاضِحَةُ,الثمرة الواضحة,Clear fruit / Result,വ്യക്തമായ ഫലം,"original HTML table row is ordered (Arabic, English, Malayalam) instead of (English, Malayalam, Arabic); extract_buh.py mis-assigned the cells - values rotated back to their true columns, verified against dictionary home.html"
2098,സമാനമായ വസ്ത്രം,സമാനമായ വസ്ത്രം,الثَّوْبُ המُمَاثِلُ,Similar dress,الثَّوْبُ המُمَاثِلُ,الثوب המماثل,Similar dress,സമാനമായ വസ്ത്രം,"original HTML table row is ordered (Arabic, English, Malayalam) instead of (English, Malayalam, Arabic); extract_buh.py mis-assigned the cells - values rotated back to their true columns, verified against dictionary home.html"
2099,പ്രധാന സംസ്കാരം,പ്രധാന സംസ്കാരം,الثَّقَافَةُ ההُمَامَةُ,Important culture,الثَّقَافَةُ ההُمَامَةُ,الثقافة ההمامة,Important culture,പ്രധാന സംസ്കാരം,"original HTML table row is ordered (Arabic, English, Malayalam) instead of (English, Malayalam, Arabic); extract_buh.py mis-assigned the cells - values rotated back to their true columns, verified against dictionary home.html"
2100,വാണിജ്യ ഐസ്,വാണിജ്യ ഐസ്,الثَّلْجُ התَجَارِيُّ,Commercial ice,الثَّلْجُ התَجَارِيُّ,الثلج התجاري,Commercial ice,വാണിജ്യ ഐസ്,"original HTML table row is ordered (Arabic, English, Malayalam) instead of (English, Malayalam, Arabic); extract_buh.py mis-assigned the cells - values rotated back to their true columns, verified against dictionary home.html"
2101,ആത്മീയ വിശ്വാസം,ആത്മീയ വിശ്വാസം,الثِّقَةُ הרُوحِيَّةُ,Spiritual confidence,الثِّقَةُ הרُوحِيَّةُ,الثقة הרوحية,Spiritual confidence,ആത്മീയ വിശ്വാസം,"original HTML table row is ordered (Arabic, English, Malayalam) instead of (English, Malayalam, Arabic); extract_buh.py mis-assigned the cells - values rotated back to their true columns, verified against dictionary home.html"
2102,മത്സരാധിഷ്ഠിത വില,മത്സരാധിഷ്ഠിത വില,الثَّمَنُ התَنَافُسِيُّ,Competitive price,الثَّمَنُ התَنَافُسِيُّ,الثمن התنافسي,Competitive price,മത്സരാധിഷ്ഠിത വില,"original HTML table row is ordered (Arabic, English, Malayalam) instead of (English, Malayalam, Arabic); extract_buh.py mis-assigned the cells - values rotated back to their true columns, verified against dictionary home.html"
2103,അപാരമായ സമ്പത്ത്,അപാരമായ സമ്പത്ത്,الثَّرْوَةُ الهَائِلَةُ,Enormous wealth,الثَّرْوَةُ الهَائِلَةُ,الثروة الهايلة,Enormous wealth,അപാരമായ സമ്പത്ത്,"original HTML table row is ordered (Arabic, English, Malayalam) instead of (English, Malayalam, Arabic); extract_buh.py mis-assigned the cells - values rotated back to their true columns, verified against dictionary home.html"
2104,ഭാവി ഫലം,ഭാവി ഫലം,الثَّمَرَةُ المُسْتَقْبَلِيَّةُ,Future fruit / Result,الثَّمَرَةُ المُسْتَقْبَلِيَّةُ,الثمرة المستقبلية,Future fruit / Result,ഭാവി ഫലം,"original HTML table row is ordered (Arabic, English, Malayalam) instead of (English, Malayalam, Arabic); extract_buh.py mis-assigned the cells - values rotated back to their true columns, verified against dictionary home.html"
2105,തുന്നൽ പണിയുള്ള വസ്ത്രം,തുന്നൽ പണിയുള്ള വസ്ത്രം,الثَّوْبُ المُطَرَّزُ,Embroidered dress,الثَّوْبُ المُطَرَّزُ,الثوب المطرز,Embroidered dress,തുന്നൽ പണിയുള്ള വസ്ത്രം,"original HTML table row is ordered (Arabic, English, Malayalam) instead of (English, Malayalam, Arabic); extract_buh.py mis-assigned the cells - values rotated back to their true columns, verified against dictionary home.html"
2106,സംയോജിത സംസ്കാരം,സംയോജിത സംസ്കാരം,الثَّقَافَةُ المُﺘَﻜَﺎﻣِﻠَﺔُ,Integrated culture,الثَّقَافَةُ المُﺘَﻜَﺎﻣِﻠَﺔُ,الثقافة المﺘﻜﺎﻣﻠﺔ,Integrated culture,സംയോജിത സംസ്കാരം,"original HTML table row is ordered (Arabic, English, Malayalam) instead of (English, Malayalam, Arabic); extract_buh.py mis-assigned the cells - values rotated back to their true columns, verified against dictionary home.html"
2107,രാവിലത്തെ മഞ്ഞ്,രാവിലത്തെ മഞ്ഞ്,الثَّلْجُ الصَّبَاحِيُّ,Morning snow,الثَّلْجُ الصَّبَاحِيُّ,الثلج الصباحي,Morning snow,രാവിലത്തെ മഞ്ഞ്,"original HTML table row is ordered (Arabic, English, Malayalam) instead of (English, Malayalam, Arabic); extract_buh.py mis-assigned the cells - values rotated back to their true columns, verified against dictionary home.html"
2108,വലിയ വിശ്വാസം,വലിയ വിശ്വാസം,الثِّقَةُ الكَبِيرَةُ,Great trust,الثِّقَةُ الكَبِيرَةُ,الثقة الكبيرة,Great trust,വലിയ വിശ്വാസം,"original HTML table row is ordered (Arabic, English, Malayalam) instead of (English, Malayalam, Arabic); extract_buh.py mis-assigned the cells - values rotated back to their true columns, verified against dictionary home.html"
2109,അസൽ വില,അസൽ വില,الثَّمَنُ الأَصْلِيُّ,Original price,الثَّمَنُ الأَصْلِيُّ,الثمن الاصلي,Original price,അസൽ വില,"original HTML table row is ordered (Arabic, English, Malayalam) instead of (English, Malayalam, Arabic); extract_buh.py mis-assigned the cells - values rotated back to their true columns, verified against dictionary home.html"
2110,പാരമ്പര്യ സമ്പത്ത്,പാരമ്പര്യ സമ്പത്ത്,الثَّرْوَةُ المَوْرُوثَةُ,Inherited wealth,الثَّرْوَةُ المَوْرُوثَةُ,الثروة الموروثة,Inherited wealth,പാരമ്പര്യ സമ്പത്ത്,"original HTML table row is ordered (Arabic, English, Malayalam) instead of (English, Malayalam, Arabic); extract_buh.py mis-assigned the cells - values rotated back to their true columns, verified against dictionary home.html"
2111,വിലപ്പെട്ട ഫലം,വിലപ്പെട്ട ഫലം,الثَّمَرَةُ القَيِّمَةُ,Valuable result,الثَّمَرَةُ القَيِّمَةُ,الثمرة القيمة,Valuable result,വിലപ്പെട്ട ഫലം,"original HTML table row is ordered (Arabic, English, Malayalam) instead of (English, Malayalam, Arabic); extract_buh.py mis-assigned the cells - values rotated back to their true columns, verified against dictionary home.html"
2112,മനോഹരമായ വസ്ത്രം,മനോഹരമായ വസ്ത്രം,الثَّوْبُ الجَمِيلُ,Beautiful dress,الثَّوْبُ الجَمِيلُ,الثوب الجميل,Beautiful dress,മനോഹരമായ വസ്ത്രം,"original HTML table row is ordered (Arabic, English, Malayalam) instead of (English, Malayalam, Arabic); extract_buh.py mis-assigned the cells - values rotated back to their true columns, verified against dictionary home.html"
2113,പ്രത്യേക സംസ്കാരം,പ്രത്യേക സംസ്കാരം,الثَّقَافَةُ المُمَيَّزَةُ,Special culture,الثَّقَافَةُ المُمَيَّزَةُ,الثقافة المميزة,Special culture,പ്രത്യേക സംസ്കാരം,"original HTML table row is ordered (Arabic, English, Malayalam) instead of (English, Malayalam, Arabic); extract_buh.py mis-assigned the cells - values rotated back to their true columns, verified against dictionary home.html"
2114,രാത്രിയിലെ മഞ്ഞ്,രാത്രിയിലെ മഞ്ഞ്,الثَّلْجُ اللَّيْلِيُّ,Night snow,الثَّلْجُ اللَّيْلِيُّ,الثلج الليلي,Night snow,രാത്രിയിലെ മഞ്ഞ്,"original HTML table row is ordered (Arabic, English, Malayalam) instead of (English, Malayalam, Arabic); extract_buh.py mis-assigned the cells - values rotated back to their true columns, verified against dictionary home.html"
2115,വർദ്ധിച്ചുവരുന്ന വിശ്വാസം,വർദ്ധിച്ചുവരുന്ന വിശ്വാസം,الثِّقَةُ المُتَزَايِدَةُ,Growing confidence,الثِّقَةُ المُتَزَايِدَةُ,الثقة المتزايدة,Growing confidence,വർദ്ധിച്ചുവരുന്ന വിശ്വാസം,"original HTML table row is ordered (Arabic, English, Malayalam) instead of (English, Malayalam, Arabic); extract_buh.py mis-assigned the cells - values rotated back to their true columns, verified against dictionary home.html"
2116,എല്ലാവർക്കും അനുയോജ്യമായ വില,എല്ലാവർക്കും അനുയോജ്യമായ വില,الثَّمَنُ המُنَاسِبُ لِلْجَمِيعِ,Affordable price for all,الثَّمَنُ המُنَاسِبُ لِلْجَمِيعِ,الثمن המناسب للجميع,Affordable price for all,എല്ലാവർക്കും അനുയോജ്യമായ വില,"original HTML table row is ordered (Arabic, English, Malayalam) instead of (English, Malayalam, Arabic); extract_buh.py mis-assigned the cells - values rotated back to their true columns, verified against dictionary home.html"
2117,രാജ്യത്തിന്റെ പ്രധാന സമ്പത്ത്,രാജ്യത്തിന്റെ പ്രധാന സമ്പത്ത്,الثَّرْوَةُ האَسَاسِيَّةُ لِلْبَلاَدِ,Nation's primary wealth,الثَّرْوَةُ האَسَاسِيَّةُ لِلْبَلاَدِ,الثروة האساسية للبلاد,Nation's primary wealth,രാജ്യത്തിന്റെ പ്രധാന സമ്പത്ത്,"original HTML table row is ordered (Arabic, English, Malayalam) instead of (English, Malayalam, Arabic); extract_buh.py mis-assigned the cells - values rotated back to their true columns, verified against dictionary home.html"
2118,അവസാന ഫലം,അവസാന ഫലം,الثَّمَرَةُ האَخِيرَةُ,Final fruit / Outcome,الثَّمَرَةُ האَخِيرَةُ,الثمرة האخيرة,Final fruit / Outcome,അവസാന ഫലം,"original HTML table row is ordered (Arabic, English, Malayalam) instead of (English, Malayalam, Arabic); extract_buh.py mis-assigned the cells - values rotated back to their true columns, verified against dictionary home.html"
2119,പാർട്ടി വസ്ത്രം,പാർട്ടി വസ്ത്രം,الثَّوْبُ المُنَاسِبُ لِلْحَفْلِ,Party dress,الثَّوْبُ المُنَاسِبُ لِلْحَفْلِ,الثوب المناسب للحفل,Party dress,പാർട്ടി വസ്ത്രം,"original HTML table row is ordered (Arabic, English, Malayalam) instead of (English, Malayalam, Arabic); extract_buh.py mis-assigned the cells - values rotated back to their true columns, verified against dictionary home.html"
2120,യഥാർത്ഥ സംസ്കാരം,യഥാർത്ഥ സംസ്കാരം,الثَّقَافَةُ الأَصِيلَةُ,Authentic culture,الثَّقَافَةُ الأَصِيلَةُ,الثقافة الاصيلة,Authentic culture,യഥാർത്ഥ സംസ്കാരം,"original HTML table row is ordered (Arabic, English, Malayalam) instead of (English, Malayalam, Arabic); extract_buh.py mis-assigned the cells - values rotated back to their true columns, verified against dictionary home.html"
2121,തണുത്ത മഞ്ഞ്,തണുത്ത മഞ്ഞ്,الثَّلْجُ البَارِدُ,Cold snow / Ice,الثَّلْجُ البَارِدُ,الثلج البارد,Cold snow / Ice,തണുത്ത മഞ്ഞ്,"original HTML table row is ordered (Arabic, English, Malayalam) instead of (English, Malayalam, Arabic); extract_buh.py mis-assigned the cells - values rotated back to their true columns, verified against dictionary home.html"
2122,പൂർണ്ണ വിശ്വാസം,പൂർണ്ണ വിശ്വാസം,الثِّقَةُ التَّامَّةُ,Full trust,الثِّقَةُ التَّامَّةُ,الثقة التامة,Full trust,പൂർണ്ണ വിശ്വാസം,"original HTML table row is ordered (Arabic, English, Malayalam) instead of (English, Malayalam, Arabic); extract_buh.py mis-assigned the cells - values rotated back to their true columns, verified against dictionary home.html"
2123,വളരെ സ്വീകാര്യമായ വില,വളരെ സ്വീകാര്യമായ വില,الثَّمَنُ המَقْبُولُ جدًّا,Highly acceptable price,الثَّمَنُ המَقْبُولُ جدًّا,الثمن המقبول جدا,Highly acceptable price,വളരെ സ്വീകാര്യമായ വില,"original HTML table row is ordered (Arabic, English, Malayalam) instead of (English, Malayalam, Arabic); extract_buh.py mis-assigned the cells - values rotated back to their true columns, verified against dictionary home.html"
2124,യഥാർത്ഥ സമ്പത്ത്,യഥാർത്ഥ സമ്പത്ത്,الثَّرْوَةُ الحَقِيقِيَّةُ,True wealth,الثَّرْوَةُ الحَقِيقِيَّةُ,الثروة الحقيقية,True wealth,യഥാർത്ഥ സമ്പത്ത്,"original HTML table row is ordered (Arabic, English, Malayalam) instead of (English, Malayalam, Arabic); extract_buh.py mis-assigned the cells - values rotated back to their true columns, verified against dictionary home.html"
2125,മികച്ച പ്രവൃത്തി ഫലം,മികച്ച പ്രവൃത്തി ഫലം,الثَّمَرَةُ المُمْتَازَةُ لِلْعَمَلِ,Excellent work result,الثَّمَرَةُ المُمْتَازَةُ لِلْعَمَلِ,الثمرة الممتازة للعمل,Excellent work result,മികച്ച പ്രവൃത്തി ഫലം,"original HTML table row is ordered (Arabic, English, Malayalam) instead of (English, Malayalam, Arabic); extract_buh.py mis-assigned the cells - values rotated back to their true columns, verified against dictionary home.html"
2126,മൃദുവായ വസ്ത്രം,മൃദുവായ വസ്ത്രം,الثَّوْبُ النَّاعِمُ,Soft dress,الثَّوْبُ النَّاعِمُ,الثوب الناعم,Soft dress,മൃദുവായ വസ്ത്രം,"original HTML table row is ordered (Arabic, English, Malayalam) instead of (English, Malayalam, Arabic); extract_buh.py mis-assigned the cells - values rotated back to their true columns, verified against dictionary home.html"
2127,തുറന്ന സംസ്കാരം,തുറന്ന സംസ്കാരം,الثَّقَافَةُ المُنَفَتِحَةُ,Open culture,الثَّقَافَةُ المُنَفَتِحَةُ,الثقافة المنفتحة,Open culture,തുറന്ന സംസ്കാരം,"original HTML table row is ordered (Arabic, English, Malayalam) instead of (English, Malayalam, Arabic); extract_buh.py mis-assigned the cells - values rotated back to their true columns, verified against dictionary home.html"
2128,കൂടിക്കിടക്കുന്ന മഞ്ഞ്,കൂടിക്കിടക്കുന്ന മഞ്ഞ്,الثَّلْجُ المُتَرَاكِمُ,Accumulated snow,الثَّلْجُ المُتَرَاكِمُ,الثلج المتراكم,Accumulated snow,കൂടിക്കിടക്കുന്ന മഞ്ഞ്,"original HTML table row is ordered (Arabic, English, Malayalam) instead of (English, Malayalam, Arabic); extract_buh.py mis-assigned the cells - values rotated back to their true columns, verified against dictionary home.html"
2129,ഇരുപക്ഷവും തമ്മിലുള്ള പരസ്പരവിശ്വാസം,ഇരുപക്ഷവും തമ്മിലുള്ള പരസ്പരവിശ്വാസം,الثِّقَةُ المُﺘَﺒَﺎدَلَةُ بَيْنَ الطَّرَفَيْنِ,Mutual trust between both sides,الثِّقَةُ المُﺘَﺒَﺎدَلَةُ بَيْنَ الطَّرَفَيْنِ,الثقة المﺘﺒﺎدلة بين الطرفين,Mutual trust between both sides,ഇരുപക്ഷവും തമ്മിലുള്ള പരസ്പരവിശ്വാസം,"original HTML table row is ordered (Arabic, English, Malayalam) instead of (English, Malayalam, Arabic); extract_buh.py mis-assigned the cells - values rotated back to their true columns, verified against dictionary home.html"
2130,വളരെ കുറഞ്ഞ വില,വളരെ കുറഞ്ഞ വില,الثَّمَنُ المُخَفَّضُ كَثِيراً,Highly discounted price,الثَّمَنُ المُخَفَّضُ كَثِيراً,الثمن المخفض كثيرا,Highly discounted price,വളരെ കുറഞ്ഞ വില,"original HTML table row is ordered (Arabic, English, Malayalam) instead of (English, Malayalam, Arabic); extract_buh.py mis-assigned the cells - values rotated back to their true columns, verified against dictionary home.html"
2131,രാഷ്ട്രത്തിന്റെ വലിയ സമ്പത്ത്,രാഷ്ട്രത്തിന്റെ വലിയ സമ്പത്ത്,الثَّرْوَةُ العَظِيمَةُ لِلأُمَّةِ,Nation's great wealth,الثَّرْوَةُ العَظِيمَةُ لِلأُمَّةِ,الثروة العظيمة للامة,Nation's great wealth,രാഷ്ട്രത്തിന്റെ വലിയ സമ്പത്ത്,"original HTML table row is ordered (Arabic, English, Malayalam) instead of (English, Malayalam, Arabic); extract_buh.py mis-assigned the cells - values rotated back to their true columns, verified against dictionary home.html"
2132,തൃപ്തികരമായ ഫലം,തൃപ്തികരമായ ഫലം,الثَّمَرَةُ המُرْضِيَةُ,Satisfactory result,الثَّمَرَةُ המُرْضِيَةُ,الثمرة המرضية,Satisfactory result,തൃപ്തികരമായ ഫലം,"original HTML table row is ordered (Arabic, English, Malayalam) instead of (English, Malayalam, Arabic); extract_buh.py mis-assigned the cells - values rotated back to their true columns, verified against dictionary home.html"
2133,ചൂടുള്ള വസ്ത്രം,ചൂടുള്ള വസ്ത്രം,الثَّوْبُ الدافِئُ,Warm dress,الثَّوْبُ الدافِئُ,الثوب الدافي,Warm dress,ചൂടുള്ള വസ്ത്രം,"original HTML table row is ordered (Arabic, English, Malayalam) instead of (English, Malayalam, Arabic); extract_buh.py mis-assigned the cells - values rotated back to their true columns, verified against dictionary home.html"
2134,മികച്ച സംസ്കാരം,മികച്ച സംസ്കാരം,الثَّقَافَةُ المُمْتَازَةُ,Excellent culture,الثَّقَافَةُ المُمْتَازَةُ,الثقافة الممتازة,Excellent culture,മികച്ച സംസ്കാരം,"original HTML table row is ordered (Arabic, English, Malayalam) instead of (English, Malayalam, Arabic); extract_buh.py mis-assigned the cells - values rotated back to their true columns, verified against dictionary home.html"
2135,വളരെ വ്യക്തമായ ഐസ്,വളരെ വ്യക്തമായ ഐസ്,الثَّلْجُ الصَّافِي جِدًّا,Very clear ice,الثَّلْجُ الصَّافِي جِدًّا,الثلج الصافي جدا,Very clear ice,വളരെ വ്യക്തമായ ഐസ്,"original HTML table row is ordered (Arabic, English, Malayalam) instead of (English, Malayalam, Arabic); extract_buh.py mis-assigned the cells - values rotated back to their true columns, verified against dictionary home.html"
2136,വളരെ ശക്തമായ വിശ്വാസം,വളരെ ശക്തമായ വിശ്വാസം,الثِّقَةُ القَوِيَّةُ جِدًّا,Very strong confidence,الثِّقَةُ القَوِيَّةُ جِدًّا,الثقة القوية جدا,Very strong confidence,വളരെ ശക്തമായ വിശ്വാസം,"original HTML table row is ordered (Arabic, English, Malayalam) instead of (English, Malayalam, Arabic); extract_buh.py mis-assigned the cells - values rotated back to their true columns, verified against dictionary home.html"
2137,വാങ്ങാൻ അനുയോജ്യമായ വില,വാങ്ങാൻ അനുയോജ്യമായ വില,الثَّمَنُ المُنَاسِبُ لِلشِّرَاءِ,Best price to buy,الثَّمَنُ المُنَاسِبُ لِلشِّرَاءِ,الثمن المناسب للشراء,Best price to buy,വാങ്ങാൻ അനുയോജ്യമായ വില,"original HTML table row is ordered (Arabic, English, Malayalam) instead of (English, Malayalam, Arabic); extract_buh.py mis-assigned the cells - values rotated back to their true columns, verified against dictionary home.html"
2138,പുനരുൽപ്പാദിപ്പിക്കാവുന്ന സമ്പത്ത്,പുനരുൽപ്പാദിപ്പിക്കാവുന്ന സമ്പത്ത്,الثَّرْوَةُ המُتَجَدِّدَةُ,Renewable wealth,الثَّرْوَةُ המُتَجَدِّدَةُ,الثروة המتجددة,Renewable wealth,പുനരുൽപ്പാദിപ്പിക്കാവുന്ന സമ്പത്ത്,"original HTML table row is ordered (Arabic, English, Malayalam) instead of (English, Malayalam, Arabic); extract_buh.py mis-assigned the cells - values rotated back to their true columns, verified against dictionary home.html"
2139,ശ്രമത്തിന്റെ അനുകൂല ഫലം,ശ്രമത്തിന്റെ അനുകൂല ഫലം,الثَّمَرَةُ الإِيجَابِيَّةُ لِلْجُهْدِ,Positive result of effort,الثَّمَرَةُ الإِيجَابِيَّةُ لِلْجُهْدِ,الثمرة الايجابية للجهد,Positive result of effort,ശ്രമത്തിന്റെ അനുകൂല ഫലം,"original HTML table row is ordered (Arabic, English, Malayalam) instead of (English, Malayalam, Arabic); extract_buh.py mis-assigned the cells - values rotated back to their true columns, verified against dictionary home.html"
2140,ഇണങ്ങുന്ന വസ്ത്രം,ഇണങ്ങുന്ന വസ്ത്രം,الثَّوْبُ المُتَنَاسِقُ,Matching dress,الثَّوْبُ المُتَنَاسِقُ,الثوب المتناسق,Matching dress,ഇണങ്ങുന്ന വസ്ത്രം,"original HTML table row is ordered (Arabic, English, Malayalam) instead of (English, Malayalam, Arabic); extract_buh.py mis-assigned the cells - values rotated back to their true columns, verified against dictionary home.html"
2141,അത്ഭുതകരമായ സംസ്കാരം,അത്ഭുതകരമായ സംസ്കാരം,الثَّقَافَةُ الرَّائِعَةُ,Wonderful culture,الثَّقَافَةُ الرَّائِعَةُ,الثقافة الرايعة,Wonderful culture,അത്ഭുതകരമായ സംസ്കാരം,"original HTML table row is ordered (Arabic, English, Malayalam) instead of (English, Malayalam, Arabic); extract_buh.py mis-assigned the cells - values rotated back to their true columns, verified against dictionary home.html"
2142,വെളുത്ത മഞ്ഞ്,വെളുത്ത മഞ്ഞ്,الثَّلْجُ النَّاصِعُ,Pure white snow,الثَّلْجُ النَّاصِعُ,الثلج الناصع,Pure white snow,വെളുത്ത മഞ്ഞ്,"original HTML table row is ordered (Arabic, English, Malayalam) instead of (English, Malayalam, Arabic); extract_buh.py mis-assigned the cells - values rotated back to their true columns, verified against dictionary home.html"
2143,ജോലിയിലെ പൂർണ്ണ വിശ്വാസം,ജോലിയിലെ പൂർണ്ണ വിശ്വാസം,الثِّقَةُ المُطْلَقَةُ فِي العَمَلِ,Absolute trust in work,الثِّقَةُ المُطْلَقَةُ فِي العَمَلِ,الثقة المطلقة في العمل,Absolute trust in work,ജോലിയിലെ പൂർണ്ണ വിശ്വാസം,"original HTML table row is ordered (Arabic, English, Malayalam) instead of (English, Malayalam, Arabic); extract_buh.py mis-assigned the cells - values rotated back to their true columns, verified against dictionary home.html"
2144,എല്ലാവർക്കും താങ്ങാവുന്ന തുക,എല്ലാവർക്കും താങ്ങാവുന്ന തുക,الثَّمَنُ המُنَاسِبُ لِلْجَمِيعِ,Affordable cost for all,الثَّمَنُ המُنَاسِبُ لِلْجَمِيعِ,الثمن המناسب للجميع,Affordable cost for all,എല്ലാവർക്കും താങ്ങാവുന്ന തുക,"original HTML table row is ordered (Arabic, English, Malayalam) instead of (English, Malayalam, Arabic); extract_buh.py mis-assigned the cells - values rotated back to their true columns, verified against dictionary home.html"
2145,ഉയർന്ന ബൗദ്ധിക സമ്പത്ത്,ഉയർന്ന ബൗദ്ധിക സമ്പത്ത്,الثَّرْوَةُ الفِكْرِيَّةُ العَالِيَةُ,High intellectual wealth,الثَّرْوَةُ الفِكْرِيَّةُ العَالِيَةُ,الثروة الفكرية العالية,High intellectual wealth,ഉയർന്ന ബൗദ്ധിക സമ്പത്ത്,"original HTML table row is ordered (Arabic, English, Malayalam) instead of (English, Malayalam, Arabic); extract_buh.py mis-assigned the cells - values rotated back to their true columns, verified against dictionary home.html"
2146,പരിശീലനത്തിന്റെ മികച്ച ഫലം,പരിശീലനത്തിന്റെ മികച്ച ഫലം,الثَّمَرَةُ المُمْتَازَةُ لِلتَّدْرِيبِ,Excellent result of training,الثَّمَرَةُ المُمْتَازَةُ لِلتَّدْرِيبِ,الثمرة الممتازة للتدريب,Excellent result of training,പരിശീലനത്തിന്റെ മികച്ച ഫലം,"original HTML table row is ordered (Arabic, English, Malayalam) instead of (English, Malayalam, Arabic); extract_buh.py mis-assigned the cells - values rotated back to their true columns, verified against dictionary home.html"
2147,വളരെ പ്രത്യേകതയുള്ള വസ്ത്രം,വളരെ പ്രത്യേകതയുള്ള വസ്ത്രം,الثَّوْبُ המُمَيَّزُ جِدًّا,Very distinct dress,الثَّوْبُ המُمَيَّزُ جِدًّا,الثوب המميز جدا,Very distinct dress,വളരെ പ്രത്യേകതയുള്ള വസ്ത്രം,"original HTML table row is ordered (Arabic, English, Malayalam) instead of (English, Malayalam, Arabic); extract_buh.py mis-assigned the cells - values rotated back to their true columns, verified against dictionary home.html"
2148,യഥാർത്ഥ പ്രാദേശിക സംസ്കാരം,യഥാർത്ഥ പ്രാദേശിക സംസ്കാരം,الثَّقَافَةُ المَحَلِّيَّةُ الأَصِيلَةُ,Authentic local culture,الثَّقَافَةُ المَحَلِّيَّةُ الأَصِيلَةُ,الثقافة المحلية الاصيلة,Authentic local culture,യഥാർത്ഥ പ്രാദേശിക സംസ്കാരം,"original HTML table row is ordered (Arabic, English, Malayalam) instead of (English, Malayalam, Arabic); extract_buh.py mis-assigned the cells - values rotated back to their true columns, verified against dictionary home.html"
2149,രാവിലത്തെ നേർത്ത മഞ്ഞ്,രാവിലത്തെ നേർത്ത മഞ്ഞ്,الثَّلْجُ الخَفِيفُ الصَّبَاحِيُّ,Light morning snow,الثَّلْجُ الخَفِيفُ الصَّبَاحِيُّ,الثلج الخفيف الصباحي,Light morning snow,രാവിലത്തെ നേർത്ത മഞ്ഞ്,"original HTML table row is ordered (Arabic, English, Malayalam) instead of (English, Malayalam, Arabic); extract_buh.py mis-assigned the cells - values rotated back to their true columns, verified against dictionary home.html"
2150,കൂട്ടുകാർക്കിടയിലെ വലിയ വിശ്വാസം,കൂട്ടുകാർക്കിടയിലെ വലിയ വിശ്വാസം,الثِّقَةُ الكَبِيرَةُ بَيْنَ الأَصْدِقَاءِ,Great trust among friends,الثِّقَةُ الكَبِيرَةُ بَيْنَ الأَصْدِقَاءِ,الثقة الكبيرة بين الاصدقاء,Great trust among friends,കൂട്ടുകാർക്കിടയിലെ വലിയ വിശ്വാസം,"original HTML table row is ordered (Arabic, English, Malayalam) instead of (English, Malayalam, Arabic); extract_buh.py mis-assigned the cells - values rotated back to their true columns, verified against dictionary home.html"
2151,ഉൽപ്പന്നത്തിന്റെ ഇളവ് ചെയ്ത വില,ഉൽപ്പന്നത്തിന്റെ ഇളവ് ചെയ്ത വില,الثَّمَنُ المُخَفَّضُ لِلْمُنْتَجِ,Discounted product price,الثَّمَنُ المُخَفَّضُ لِلْمُنْتَجِ,الثمن المخفض للمنتج,Discounted product price,ഉൽപ്പന്നത്തിന്റെ ഇളവ് ചെയ്ത വില,"original HTML table row is ordered (Arabic, English, Malayalam) instead of (English, Malayalam, Arabic); extract_buh.py mis-assigned the cells - values rotated back to their true columns, verified against dictionary home.html"
2152,രാജ്യത്തിന്റെ പ്രകൃതിസമ്പത്ത്,രാജ്യത്തിന്റെ പ്രകൃതിസമ്പത്ത്,الثَّرْوَةُ الطَّبِيعِيَّةُ لِلْبَلاَدِ,Country's natural wealth,الثَّرْوَةُ الطَّبِيعِيَّةُ لِلْبَلاَدِ,الثروة الطبيعية للبلاد,Country's natural wealth,രാജ്യത്തിന്റെ പ്രകൃതിസമ്പത്ത്,"original HTML table row is ordered (Arabic, English, Malayalam) instead of (English, Malayalam, Arabic); extract_buh.py mis-assigned the cells - values rotated back to their true columns, verified against dictionary home.html"
2153,എല്ലാവർക്കും തൃപ്തികരമായ ഫലം,എല്ലാവർക്കും തൃപ്തികരമായ ഫലം,الثَّمَرَةُ המُرْضِيَةُ لِلْجَمِيعِ,Satisfactory result for all,الثَّمَرَةُ המُرْضِيَةُ لِلْجَمِيعِ,الثمرة המرضية للجميع,Satisfactory result for all,എല്ലാവർക്കും തൃപ്തികരമായ ഫലം,"original HTML table row is ordered (Arabic, English, Malayalam) instead of (English, Malayalam, Arabic); extract_buh.py mis-assigned the cells - values rotated back to their true columns, verified against dictionary home.html"
2154,വളരെ മനോഹരമായ വസ്ത്രം,വളരെ മനോഹരമായ വസ്ത്രം,الثَّوْبُ האَنِيقُ جِدًّا,Very elegant dress,الثَّوْبُ האَنِيقُ جِدًّا,الثوب האنيق جدا,Very elegant dress,വളരെ മനോഹരമായ വസ്ത്രം,"original HTML table row is ordered (Arabic, English, Malayalam) instead of (English, Malayalam, Arabic); extract_buh.py mis-assigned the cells - values rotated back to their true columns, verified against dictionary home.html"
2155,പുരാതന എഴുതപ്പെട്ട സംസ്കാരം,പുരാതന എഴുതപ്പെട്ട സംസ്കാരം,الثَّقَافَةُ المَكْتُوبَةُ القَدِيمَةُ,Ancient written culture,الثَّقَافَةُ المَكْتُوبَةُ القَدِيمَةُ,الثقافة المكتوبة القديمة,Ancient written culture,പുരാതന എഴുതപ്പെട്ട സംസ്കാരം,"original HTML table row is ordered (Arabic, English, Malayalam) instead of (English, Malayalam, Arabic); extract_buh.py mis-assigned the cells - values rotated back to their true columns, verified against dictionary home.html"
2156,വേഗത്തിൽ ഉരുകുന്ന മഞ്ഞ്,വേഗത്തിൽ ഉരുകുന്ന മഞ്ഞ്,الثَّلْجُ المَذَابُ بِسُرْعَةٍ,Quickly melting ice,الثَّلْجُ المَذَابُ بِسُرْعَةٍ,الثلج المذاب بسرعة,Quickly melting ice,വേഗത്തിൽ ഉരുകുന്ന മഞ്ഞ്,"original HTML table row is ordered (Arabic, English, Malayalam) instead of (English, Malayalam, Arabic); extract_buh.py mis-assigned the cells - values rotated back to their true columns, verified against dictionary home.html"
2157,ടീമിലുള്ള മികച്ച വിശ്വാസം,ടീമിലുള്ള മികച്ച വിശ്വാസം,الثِّقَةُ المُمُتَازَةُ فِي الفَرِيقِ,Excellent trust in team,الثِّقَةُ المُمُتَازَةُ فِي الفَرِيقِ,الثقة الممتازة في الفريق,Excellent trust in team,ടീമിലുള്ള മികച്ച വിശ്വാസം,"original HTML table row is ordered (Arabic, English, Malayalam) instead of (English, Malayalam, Arabic); extract_buh.py mis-assigned the cells - values rotated back to their true columns, verified against dictionary home.html"
2158,സേവനത്തിന്റെ ന്യായമായ തുക,സേവനത്തിന്റെ ന്യായമായ തുക,الثَّمَنُ المَعْقُولُ لِلْخِدْمَةِ,Reasonable service price,الثَّمَنُ المَعْقُولُ لِلْخِدْمَةِ,الثمن المعقول للخدمة,Reasonable service price,സേവനത്തിന്റെ ന്യായമായ തുക,"original HTML table row is ordered (Arabic, English, Malayalam) instead of (English, Malayalam, Arabic); extract_buh.py mis-assigned the cells - values rotated back to their true columns, verified against dictionary home.html"
2159,വലിയ സാമ്പത്തിക സമ്പത്ത്,വലിയ സാമ്പത്തിക സമ്പത്ത്,الثَّرْوَةُ المَالِيَّةُ الكَبِيرَةُ,Great financial wealth,الثَّرْوَةُ المَالِيَّةُ الكَبِيرَةُ,الثروة المالية الكبيرة,Great financial wealth,വലിയ സാമ്പത്തിക സമ്പത്ത്,"original HTML table row is ordered (Arabic, English, Malayalam) instead of (English, Malayalam, Arabic); extract_buh.py mis-assigned the cells - values rotated back to their true columns, verified against dictionary home.html"
2160,ക്ഷമയുടെ വലിയ ഫലം,ക്ഷമയുടെ വലിയ ഫലം,الثَّمَرَةُ العَظِيمَةُ لِلصَّبْرِ,Great fruit of patience,الثَّمَرَةُ العَظِيمَةُ لِلصَّبْرِ,الثمرة العظيمة للصبر,Great fruit of patience,ക്ഷമയുടെ വലിയ ഫലം,"original HTML table row is ordered (Arabic, English, Malayalam) instead of (English, Malayalam, Arabic); extract_buh.py mis-assigned the cells - values rotated back to their true columns, verified against dictionary home.html"
2161,പ്രത്യേക ഔദ്യോഗിക വസ്ത്രം,പ്രത്യേക ഔദ്യോഗിക വസ്ത്രം,الثَّوْبُ الرَّسْمِيُّ المُمَيَّزُ,Distinct official dress,الثَّوْبُ الرَّسْمِيُّ المُمَيَّزُ,الثوب الرسمي المميز,Distinct official dress,പ്രത്യേക ഔദ്യോഗിക വസ്ത്രം,"original HTML table row is ordered (Arabic, English, Malayalam) instead of (English, Malayalam, Arabic); extract_buh.py mis-assigned the cells - values rotated back to their true columns, verified against dictionary home.html"
2162,ആധുനിക ആഗോള സംസ്കാരം,ആധുനിക ആഗോള സംസ്കാരം,الثَّقَافَةُ العَالَمِيَّةُ المُعَاصِرَةُ,Contemporary global culture,الثَّقَافَةُ العَالَمِيَّةُ المُعَاصِرَةُ,الثقافة العالمية المعاصرة,Contemporary global culture,ആധുനിക ആഗോള സംസ്കാരം,"original HTML table row is ordered (Arabic, English, Malayalam) instead of (English, Malayalam, Arabic); extract_buh.py mis-assigned the cells - values rotated back to their true columns, verified against dictionary home.html"
2163,വളരെ കട്ടിയുള്ള ഐസ്,വളരെ കട്ടിയുള്ള ഐസ്,الثَّلْجُ الصَّلْبُ جِدًّا,Very hard ice,الثَّلْجُ الصَّلْبُ جِدًّا,الثلج الصلب جدا,Very hard ice,വളരെ കട്ടിയുള്ള ഐസ്,"original HTML table row is ordered (Arabic, English, Malayalam) instead of (English, Malayalam, Arabic); extract_buh.py mis-assigned the cells - values rotated back to their true columns, verified against dictionary home.html"
2164,ഉയർന്ന ആത്മവിശ്വാസം,ഉയർന്ന ആത്മവിശ്വാസം,الثِّقَةُ العَالِيَةُ بِالنَّفْسِ,High self-confidence,الثِّقَةُ العَالِيَةُ بِالنَّفْسِ,الثقة العالية بالنفس,High self-confidence,ഉയർന്ന ആത്മവിശ്വാസം,"original HTML table row is ordered (Arabic, English, Malayalam) instead of (English, Malayalam, Arabic); extract_buh.py mis-assigned the cells - values rotated back to their true columns, verified against dictionary home.html"
2165,എല്ലാവർക്കും സ്വീകാര്യമായ വില,എല്ലാവർക്കും സ്വീകാര്യമായ വില,الثَّمَنُ المَقْبُولُ لِلْجَمِيعِ,Acceptable price for all,الثَّمَنُ المَقْبُولُ لِلْجَمِيعِ,الثمن المقبول للجميع,Acceptable price for all,എല്ലാവർക്കും സ്വീകാര്യമായ വില,"original HTML table row is ordered (Arabic, English, Malayalam) instead of (English, Malayalam, Arabic); extract_buh.py mis-assigned the cells - values rotated back to their true columns, verified against dictionary home.html"
2166,അപാരമായ മനുഷ്യസമ്പത്ത്,അപാരമായ മനുഷ്യസമ്പത്ത്,الثَّرْوَةُ הבَشَرِيَّةُ الهَائِلَةُ,Enormous human wealth,الثَّرْوَةُ הבَشَرِيَّةُ الهَائِلَةُ,الثروة הבشرية الهايلة,Enormous human wealth,അപാരമായ മനുഷ്യസമ്പത്ത്,"original HTML table row is ordered (Arabic, English, Malayalam) instead of (English, Malayalam, Arabic); extract_buh.py mis-assigned the cells - values rotated back to their true columns, verified against dictionary home.html"
2167,ജോലിക്ക് അനുയോജ്യമായ ഫലം,ജോലിക്ക് അനുയോജ്യമായ ഫലം,الثَّمَرَةُ المُنَاسِبَةُ لِلْعَمَلِ,Suitable work result,الثَّمَرَةُ المُنَاسِبَةُ لِلْعَمَلِ,الثمرة المناسبة للعمل,Suitable work result,ജോലിക്ക് അനുയോജ്യമായ ഫലം,"original HTML table row is ordered (Arabic, English, Malayalam) instead of (English, Malayalam, Arabic); extract_buh.py mis-assigned the cells - values rotated back to their true columns, verified against dictionary home.html"
2168,മികച്ച പുതിയ വസ്ത്രം,മികച്ച പുതിയ വസ്ത്രം,الثَّوْبُ הَجَدِيدُ المُمَتاَزُ,Excellent new dress,الثَّوْبُ הَجَدِيدُ المُمَتاَزُ,الثوب הجديد الممتاز,Excellent new dress,മികച്ച പുതിയ വസ്ത്രം,"original HTML table row is ordered (Arabic, English, Malayalam) instead of (English, Malayalam, Arabic); extract_buh.py mis-assigned the cells - values rotated back to their true columns, verified against dictionary home.html"
2169,യഥാർത്ഥ ജനകീയ സംസ്കാരം,യഥാർത്ഥ ജനകീയ സംസ്കാരം,الثَّقَافَةُ השَّعْبِيَّةُ الأَصِيلَةُ,Authentic popular culture,الثَّقَافَةُ השَّعْبِيَّةُ الأَصِيلَةُ,الثقافة השعبية الاصيلة,Authentic popular culture,യഥാർത്ഥ ജനകീയ സംസ്കാരം,"original HTML table row is ordered (Arabic, English, Malayalam) instead of (English, Malayalam, Arabic); extract_buh.py mis-assigned the cells - values rotated back to their true columns, verified against dictionary home.html"
2170,വലിയ ഹിമപാതം,വലിയ ഹിമപാതം,الثَّلْجُ المُنْهَارُ كَثِيراً,Massive avalanche,الثَّلْجُ المُنْهَارُ كَثِيراً,الثلج المنهار كثيرا,Massive avalanche,വലിയ ഹിമപാതം,"original HTML table row is ordered (Arabic, English, Malayalam) instead of (English, Malayalam, Arabic); extract_buh.py mis-assigned the cells - values rotated back to their true columns, verified against dictionary home.html"
2171,ബന്ധത്തിലെ ഉറച്ച വിശ്വാസം,ബന്ധത്തിലെ ഉറച്ച വിശ്വാസം,الثِّقَةُ المَتِينَةُ فِي العَلاَقَةِ,Solid trust in relationship,الثِّقَةُ المَتِينَةُ فِي العَلاَقَةِ,الثقة المتينة في العلاقة,Solid trust in relationship,ബന്ധത്തിലെ ഉറച്ച വിശ്വാസം,"original HTML table row is ordered (Arabic, English, Malayalam) instead of (English, Malayalam, Arabic); extract_buh.py mis-assigned the cells - values rotated back to their true columns, verified against dictionary home.html"
2172,ഉൽപ്പന്നത്തിന്റെ അവസാന വില,ഉൽപ്പന്നത്തിന്റെ അവസാന വില,الثَّمَنُ הנَّهَائِيُّ لِلْمُنْتَجِ,Final product price,الثَّمَنُ הנَّهَائِيُّ لِلْمُنْتَجِ,الثمن הנهايي للمنتج,Final product price,ഉൽപ്പന്നത്തിന്റെ അവസാന വില,"original HTML table row is ordered (Arabic, English, Malayalam) instead of (English, Malayalam, Arabic); extract_buh.py mis-assigned the cells - values rotated back to their true columns, verified against dictionary home.html"
2173,മനുഷ്യന്റെ യഥാർത്ഥ സമ്പത്ത്,മനുഷ്യന്റെ യഥാർത്ഥ സമ്പത്ത്,الثَّرْوَةُ החَقِيقِيَّةُ لِلإِنْسَانِ,Human's true wealth,الثَّرْوَةُ החَقِيقِيَّةُ لِلإِنْسَانِ,الثروة החقيقية للانسان,Human's true wealth,മനുഷ്യന്റെ യഥാർത്ഥ സമ്പത്ത്,"original HTML table row is ordered (Arabic, English, Malayalam) instead of (English, Malayalam, Arabic); extract_buh.py mis-assigned the cells - values rotated back to their true columns, verified against dictionary home.html"
2174,വിജയത്തിന്റെ ഉറപ്പായ ഫലം,വിജയത്തിന്റെ ഉറപ്പായ ഫലം,الثَّمَرَةُ האَكِيدَةُ لِلنَّجَاحِ,Sure fruit of success,الثَّمَرَةُ האَكِيدَةُ لِلنَّجَاحِ,الثمرة האكيدة للنجاح,Sure fruit of success,വിജയത്തിന്റെ ഉറപ്പായ ഫലം,"original HTML table row is ordered (Arabic, English, Malayalam) instead of (English, Malayalam, Arabic); extract_buh.py mis-assigned the cells - values rotated back to their true columns, verified against dictionary home.html"
2175,മനോഹരമായ തുന്നൽ വസ്ത്രം,മനോഹരമായ തുന്നൽ വസ്ത്രം,الثَّوْبُ المُطَرَّزُ الجَمِيلُ,Beautiful embroidered dress,الثَّوْبُ المُطَرَّزُ الجَمِيلُ,الثوب المطرز الجميل,Beautiful embroidered dress,മനോഹരമായ തുന്നൽ വസ്ത്രം,"original HTML table row is ordered (Arabic, English, Malayalam) instead of (English, Malayalam, Arabic); extract_buh.py mis-assigned the cells - values rotated back to their true columns, verified against dictionary home.html"
2176,സമൂഹത്തിന്റെ സമഗ്ര സംസ്കാരം,സമൂഹത്തിന്റെ സമഗ്ര സംസ്കാരം,الثَّقَافَةُ الشَّامِلَةُ لِلْمُجْتَمَعِ,Society's comprehensive culture,الثَّقَافَةُ الشَّامِلَةُ لِلْمُجْتَمَعِ,الثقافة الشاملة للمجتمع,Society's comprehensive culture,സമൂഹത്തിന്റെ സമഗ്ര സംസ്കാരം,"original HTML table row is ordered (Arabic, English, Malayalam) instead of (English, Malayalam, Arabic); extract_buh.py mis-assigned the cells - values rotated back to their true columns, verified against dictionary home.html"
2177,മലമുകളിലെ തെളിഞ്ഞ മഞ്ഞ്,മലമുകളിലെ തെളിഞ്ഞ മഞ്ഞ്,الثَّلْجُ الجَبَلِيُّ الصَّافِي,Clear mountain snow,الثَّلْجُ الجَبَلِيُّ الصَّافِي,الثلج الجبلي الصافي,Clear mountain snow,മലമുകളിലെ തെളിഞ്ഞ മഞ്ഞ്,"original HTML table row is ordered (Arabic, English, Malayalam) instead of (English, Malayalam, Arabic); extract_buh.py mis-assigned the cells - values rotated back to their true columns, verified against dictionary home.html"
2178,നേതൃത്വത്തിലുള്ള പൂർണ്ണ വിശ്വാസം,നേതൃത്വത്തിലുള്ള പൂർണ്ണ വിശ്വാസം,الثِّقَةُ التَّامَّةُ فِي القِيَادَةِ,Full trust in leadership,الثِّقَةُ التَّامَّةُ فِي القِيَادَةِ,الثقة التامة في القيادة,Full trust in leadership,നേതൃത്വത്തിലുള്ള പൂർണ്ണ വിശ്വാസം,"original HTML table row is ordered (Arabic, English, Malayalam) instead of (English, Malayalam, Arabic); extract_buh.py mis-assigned the cells - values rotated back to their true columns, verified against dictionary home.html"
2179,ഇപ്പോൾ വാങ്ങാൻ അനുയോജ്യമായ വില,ഇപ്പോൾ വാങ്ങാൻ അനുയോജ്യമായ വില,الثَّمَنُ המُنَاسِبُ لِلشَّرَاءِ الآنَ,Best price to buy now,الثَّمَنُ המُنَاسِبُ لِلشَّرَاءِ الآنَ,الثمن המناسب للشراء الان,Best price to buy now,ഇപ്പോൾ വാങ്ങാൻ അനുയോജ്യമായ വില,"original HTML table row is ordered (Arabic, English, Malayalam) instead of (English, Malayalam, Arabic); extract_buh.py mis-assigned the cells - values rotated back to their true columns, verified against dictionary home.html"
2180,തലമുറകൾക്കുള്ള സുസ്ഥിര സമ്പത്ത്,തലമുറകൾക്കുള്ള സുസ്ഥിര സമ്പത്ത്,الثَّرْوَةُ המُسْتَدَامَةُ لِلأَجْيَالِ,Sustainable wealth for generations,الثَّرْوَةُ המُسْتَدَامَةُ لِلأَجْيَالِ,الثروة המستدامة للاجيال,Sustainable wealth for generations,തലമുറകൾക്കുള്ള സുസ്ഥിര സമ്പത്ത്,"original HTML table row is ordered (Arabic, English, Malayalam) instead of (English, Malayalam, Arabic); extract_buh.py mis-assigned the cells - values rotated back to their true columns, verified against dictionary home.html"
2181,കമ്പനിയുടെ മികച്ച ഫലം,കമ്പനിയുടെ മികച്ച ഫലം,الثَّمَرَةُ المُمِتَازَةُ لِلشَّرِكَةِ,Company's excellent result,الثَّمَرَةُ المُمِتَازَةُ لِلشَّرِكَةِ,الثمرة الممتازة للشركة,Company's excellent result,കമ്പനിയുടെ മികച്ച ഫലം,"original HTML table row is ordered (Arabic, English, Malayalam) instead of (English, Malayalam, Arabic); extract_buh.py mis-assigned the cells - values rotated back to their true columns, verified against dictionary home.html"
2182,സാധാരണ മനോഹരമായ വസ്ത്രം,സാധാരണ മനോഹരമായ വസ്ത്രം,الثَّوْبُ הבَسِيطُ الأَنِيقُ,Simple elegant dress,الثَّوْبُ הבَسِيطُ الأَنِيقُ,الثوب הבسيط الانيق,Simple elegant dress,സാധാരണ മനോഹരമായ വസ്ത്രം,"original HTML table row is ordered (Arabic, English, Malayalam) instead of (English, Malayalam, Arabic); extract_buh.py mis-assigned the cells - values rotated back to their true columns, verified against dictionary home.html"
2183,മികച്ച പരിസ്ഥിതി സംസ്കാരം,മികച്ച പരിസ്ഥിതി സംസ്കാരം,الثَّقَافَةُ הביئِيَّةُ المُمُتَازَةُ,Excellent environmental culture,الثَّقَافَةُ הביئِيَّةُ المُمُتَازَةُ,الثقافة הביيية الممتازة,Excellent environmental culture,മികച്ച പരിസ്ഥിതി സംസ്കാരം,"original HTML table row is ordered (Arabic, English, Malayalam) instead of (English, Malayalam, Arabic); extract_buh.py mis-assigned the cells - values rotated back to their true columns, verified against dictionary home.html"
2184,ശൈത്യകാലത്തെ കട്ടിയുള്ള മഞ്ഞ്,ശൈത്യകാലത്തെ കട്ടിയുള്ള മഞ്ഞ്,الثَّلْجُ الكَثِيفُ فِي الشِّتَاءِ,Dense winter snow,الثَّلْجُ الكَثِيفُ فِي الشِّتَاءِ,الثلج الكثيف في الشتاء,Dense winter snow,ശൈത്യകാലത്തെ കട്ടിയുള്ള മഞ്ഞ്,"original HTML table row is ordered (Arabic, English, Malayalam) instead of (English, Malayalam, Arabic); extract_buh.py mis-assigned the cells - values rotated back to their true columns, verified against dictionary home.html"
2185,ഉയർന്ന വ്യക്തിഗത വിശ്വാസം,ഉയർന്ന വ്യക്തിഗത വിശ്വാസം,الثِّقَةُ השَّخْصِيَّةُ العَالِيَةُ,High personal trust,الثِّقَةُ השَّخْصِيَّةُ العَالِيَةُ,الثقة השخصية العالية,High personal trust,ഉയർന്ന വ്യക്തിഗത വിശ്വാസം,"original HTML table row is ordered (Arabic, English, Malayalam) instead of (English, Malayalam, Arabic); extract_buh.py mis-assigned the cells - values rotated back to their true columns, verified against dictionary home.html"
2186,എല്ലാവർക്കും ന്യായമായ വില,എല്ലാവർക്കും ന്യായമായ വില,الثَّمَنُ المَعْقُولُ لِلْكُلِّ,Reasonable price for all,الثَّمَنُ المَعْقُولُ لِلْكُلِّ,الثمن المعقول للكل,Reasonable price for all,എല്ലാവർക്കും ന്യായമായ വില,"original HTML table row is ordered (Arabic, English, Malayalam) instead of (English, Malayalam, Arabic); extract_buh.py mis-assigned the cells - values rotated back to their true columns, verified against dictionary home.html"
2187,ജനങ്ങളുടെ വലിയ സമ്പത്ത്,ജനങ്ങളുടെ വലിയ സമ്പത്ത്,الثَّرْوَةُ העَظِيمَةُ لِلشَّعْبِ,People's great wealth,الثَّرْوَةُ העَظِيمَةُ لِلشَّعْبِ,الثروة העظيمة للشعب,People's great wealth,ജനങ്ങളുടെ വലിയ സമ്പത്ത്,"original HTML table row is ordered (Arabic, English, Malayalam) instead of (English, Malayalam, Arabic); extract_buh.py mis-assigned the cells - values rotated back to their true columns, verified against dictionary home.html"
2188,ശ്രമത്തിന്റെ ഉയർന്ന ഫലം,ശ്രമത്തിന്റെ ഉയർന്ന ഫലം,الثَّمَرَةُ הУَالِيَةُ لِلْجُهْدِ,High result of effort,الثَّمَرَةُ הУَالِيَةُ لِلْجُهْدِ,الثمرة הУالية للجهد,High result of effort,ശ്രമത്തിന്റെ ഉയർന്ന ഫലം,"original HTML table row is ordered (Arabic, English, Malayalam) instead of (English, Malayalam, Arabic); extract_buh.py mis-assigned the cells - values rotated back to their true columns, verified against dictionary home.html"
2189,പാർട്ടിക്കുള്ള മികച്ച വസ്ത്രം,പാർട്ടിക്കുള്ള മികച്ച വസ്ത്രം,الثَّوْبُ المُمَازُ لِلْحَفْلَةِ,Excellent party dress,الثَّوْبُ المُمَازُ لِلْحَفْلَةِ,الثوب المماز للحفلة,Excellent party dress,പാർട്ടിക്കുള്ള മികച്ച വസ്ത്രം,"original HTML table row is ordered (Arabic, English, Malayalam) instead of (English, Malayalam, Arabic); extract_buh.py mis-assigned the cells - values rotated back to their true columns, verified against dictionary home.html"
2190,തലമുറയ്ക്കുള്ള പ്രധാന സംസ്കാരം,തലമുറയ്ക്കുള്ള പ്രധാന സംസ്കാരം,الثَّقَافَةُ ההُمَامَةُ لِلْجِيلِ,Important culture for generation,الثَّقَافَةُ ההُمَامَةُ لِلْجِيلِ,الثقافة ההمامة للجيل,Important culture for generation,തലമുറയ്ക്കുള്ള പ്രധാന സംസ്കാരം,"original HTML table row is ordered (Arabic, English, Malayalam) instead of (English, Malayalam, Arabic); extract_buh.py mis-assigned the cells - values rotated back to their true columns, verified against dictionary home.html"
2191,ശുദ്ധമായ വാണിജ്യ ഐസ്,ശുദ്ധമായ വാണിജ്യ ഐസ്,الثَّلْجُ التَّجَارِيُّ النَّقِيُّ,Pure commercial ice,الثَّلْجُ التَّجَارِيُّ النَّقِيُّ,الثلج التجاري النقي,Pure commercial ice,ശുദ്ധമായ വാണിജ്യ ഐസ്,"original HTML table row is ordered (Arabic, English, Malayalam) instead of (English, Malayalam, Arabic); extract_buh.py mis-assigned the cells - values rotated back to their true columns, verified against dictionary home.html"
2192,ശക്തമായ ആത്മീയ വിശ്വാസം,ശക്തമായ ആത്മീയ വിശ്വാസം,الثِّقَةُ الرُّوحِيَّةُ القَوِيَّةُ,Strong spiritual confidence,الثِّقَةُ الرُّوحِيَّةُ القَوِيَّةُ,الثقة الروحية القوية,Strong spiritual confidence,ശക്തമായ ആത്മീയ വിശ്വാസം,"original HTML table row is ordered (Arabic, English, Malayalam) instead of (English, Malayalam, Arabic); extract_buh.py mis-assigned the cells - values rotated back to their true columns, verified against dictionary home.html"
2193,മാർക്കറ്റിലെ മത്സര വില,മാർക്കറ്റിലെ മത്സര വില,الثَّمَنُ التَّنَافُسِيُّ لِلسُّوقِ,Market competitive price,الثَّمَنُ التَّنَافُسِيُّ لِلسُّوقِ,الثمن التنافسي للسوق,Market competitive price,മാർക്കറ്റിലെ മത്സര വില,"original HTML table row is ordered (Arabic, English, Malayalam) instead of (English, Malayalam, Arabic); extract_buh.py mis-assigned the cells - values rotated back to their true columns, verified against dictionary home.html"
2194,രാജ്യത്തിന്റെ അപാരമായ സമ്പത്ത്,രാജ്യത്തിന്റെ അപാരമായ സമ്പത്ത്,الثَّرْوَةُ الهَائِلَةُ لِلْمَمْلَكَةِ,Kingdom's enormous wealth,الثَّرْوَةُ الهَائِلَةُ لِلْمَمْلَكَةِ,الثروة الهايلة للمملكة,Kingdom's enormous wealth,രാജ്യത്തിന്റെ അപാരമായ സമ്പത്ത്,"original HTML table row is ordered (Arabic, English, Malayalam) instead of (English, Malayalam, Arabic); extract_buh.py mis-assigned the cells - values rotated back to their true columns, verified against dictionary home.html"
2195,പ്രോജക്ടിന്റെ ഭാവി ഫലം,പ്രോജക്ടിന്റെ ഭാവി ഫലം,الثَّمَرَةُ المُسْتَقْبَلِيَّةُ لِلْمَشْرُوعِ,Project's future result,الثَّمَرَةُ المُسْتَقْبَلِيَّةُ لِلْمَشْرُوعِ,الثمرة المستقبلية للمشروع,Project's future result,പ്രോജക്ടിന്റെ ഭാവി ഫലം,"original HTML table row is ordered (Arabic, English, Malayalam) instead of (English, Malayalam, Arabic); extract_buh.py mis-assigned the cells - values rotated back to their true columns, verified against dictionary home.html"
2196,വിലകൂടിയ തുന്നൽ വസ്ത്രം,വിലകൂടിയ തുന്നൽ വസ്ത്രം,الثَّوْبُ المُطَرَّزُ הפَاخِرُ,Luxury embroidered dress,الثَّوْبُ المُطَرَّزُ הפَاخِرُ,الثوب المطرز הפاخر,Luxury embroidered dress,വിലകൂടിയ തുന്നൽ വസ്ത്രം,"original HTML table row is ordered (Arabic, English, Malayalam) instead of (English, Malayalam, Arabic); extract_buh.py mis-assigned the cells - values rotated back to their true columns, verified against dictionary home.html"
2197,രാഷ്ട്രത്തിന്റെ സംയോജിത സംസ്കാരം,രാഷ്ട്രത്തിന്റെ സംയോജിത സംസ്കാരം,الثَّقَافَةُ المُتَكَامِلَةُ لِلأُمَّةِ,Nation's integrated culture,الثَّقَافَةُ المُتَكَامِلَةُ لِلأُمَّةِ,الثقافة المتكاملة للامة,Nation's integrated culture,രാഷ്ട്രത്തിന്റെ സംയോജിത സംസ്കാരം,"original HTML table row is ordered (Arabic, English, Malayalam) instead of (English, Malayalam, Arabic); extract_buh.py mis-assigned the cells - values rotated back to their true columns, verified against dictionary home.html"
2198,രാവിലത്തെ നേർത്ത മഞ്ഞ്,രാവിലത്തെ നേർത്ത മഞ്ഞ്,الثَّلْجُ الصَّبَاحِيُّ الخَفِيفُ,Light morning snow,الثَّلْجُ الصَّبَاحِيُّ الخَفِيفُ,الثلج الصباحي الخفيف,Light morning snow,രാവിലത്തെ നേർത്ത മഞ്ഞ്,"original HTML table row is ordered (Arabic, English, Malayalam) instead of (English, Malayalam, Arabic); extract_buh.py mis-assigned the cells - values rotated back to their true columns, verified against dictionary home.html"
2199,ജോലിയിലുള്ള വലിയ വിശ്വാസം,ജോലിയിലുള്ള വലിയ വിശ്വാസം,الثِّقَةُ الكَبِيرَةُ فِي العَمَلِ,Great trust in work,الثِّقَةُ الكَبِيرَةُ فِي العَمَلِ,الثقة الكبيرة في العمل,Great trust in work,ജോലിയിലുള്ള വലിയ വിശ്വാസം,"original HTML table row is ordered (Arabic, English, Malayalam) instead of (English, Malayalam, Arabic); extract_buh.py mis-assigned the cells - values rotated back to their true columns, verified against dictionary home.html"
2200,ഉൽപ്പന്നത്തിന്റെ അസൽ വില,ഉൽപ്പന്നത്തിന്റെ അസൽ വില,الثَّمَنُ الأَصْلِيُّ لِلْمُنْتَجِ,Product's original price,الثَّمَنُ الأَصْلِيُّ لِلْمُنْتَجِ,الثمن الاصلي للمنتج,Product's original price,ഉൽപ്പന്നത്തിന്റെ അസൽ വില,"original HTML table row is ordered (Arabic, English, Malayalam) instead of (English, Malayalam, Arabic); extract_buh.py mis-assigned the cells - values rotated back to their true columns, verified against dictionary home.html"
2201,മുത്തശ്ശിമാരിൽ നിന്ന് ലഭിച്ച പാരമ്പര്യ സമ്പത്ത്,മുത്തശ്ശിമാരിൽ നിന്ന് ലഭിച്ച പാരമ്പര്യ സമ്പത്ത്,الثَّرْوَةُ المَوْرُوثَةُ مِنَ الأَجْدَادِ,Wealth inherited from ancestors,الثَّرْوَةُ المَوْرُوثَةُ مِنَ الأَجْدَادِ,الثروة الموروثة من الاجداد,Wealth inherited from ancestors,മുത്തശ്ശിമാരിൽ നിന്ന് ലഭിച്ച പാരമ്പര്യ സമ്പത്ത്,"original HTML table row is ordered (Arabic, English, Malayalam) instead of (English, Malayalam, Arabic); extract_buh.py mis-assigned the cells - values rotated back to their true columns, verified against dictionary home.html"
2202,അറിവിന്റെ വിലപ്പെട്ട ഫലം,അറിവിന്റെ വിലപ്പെട്ട ഫലം,الثَّمَرَةُ القَيِّمَةُ لِلْعِلْمِ,Valuable result of knowledge,الثَّمَرَةُ القَيِّمَةُ لِلْعِلْمِ,الثمرة القيمة للعلم,Valuable result of knowledge,അറിവിന്റെ വിലപ്പെട്ട ഫലം,"original HTML table row is ordered (Arabic, English, Malayalam) instead of (English, Malayalam, Arabic); extract_buh.py mis-assigned the cells - values rotated back to their true columns, verified against dictionary home.html"
2203,വളരെ മനോഹരമായ വസ്ത്രം,വളരെ മനോഹരമായ വസ്ത്രം,الثَّوْبُ الجَمِيلُ جِدًّا,Very beautiful dress,الثَّوْبُ الجَمِيلُ جِدًّا,الثوب الجميل جدا,Very beautiful dress,വളരെ മനോഹരമായ വസ്ത്രം,"original HTML table row is ordered (Arabic, English, Malayalam) instead of (English, Malayalam, Arabic); extract_buh.py mis-assigned the cells - values rotated back to their true columns, verified against dictionary home.html"
2204,സമൂഹത്തിന്റെ പ്രത്യേക സംസ്കാരം,സമൂഹത്തിന്റെ പ്രത്യേക സംസ്കാരം,الثَّقَافَةُ المُمَيَّزَةُ لِلْمُجْتَمَعِ,Society's special culture,الثَّقَافَةُ المُمَيَّزَةُ لِلْمُجْتَمَعِ,الثقافة المميزة للمجتمع,Society's special culture,സമൂഹത്തിന്റെ പ്രത്യേക സംസ്കാരം,"original HTML table row is ordered (Arabic, English, Malayalam) instead of (English, Malayalam, Arabic); extract_buh.py mis-assigned the cells - values rotated back to their true columns, verified against dictionary home.html"
2205,രാത്രിയിലെ കട്ടിയുള്ള മഞ്ഞ്,രാത്രിയിലെ കട്ടിയുള്ള മഞ്ഞ്,الثَّلْجُ اللَّيْلِيُّ الكَثِيفُ,Dense night snow,الثَّلْجُ اللَّيْلِيُّ الكَثِيفُ,الثلج الليلي الكثيف,Dense night snow,രാത്രിയിലെ കട്ടിയുള്ള മഞ്ഞ്,"original HTML table row is ordered (Arabic, English, Malayalam) instead of (English, Malayalam, Arabic); extract_buh.py mis-assigned the cells - values rotated back to their true columns, verified against dictionary home.html"
2206,നമുക്കിടയിൽ വർദ്ധിച്ചുവരുന്ന വിശ്വാസം,നമുക്കിടയിൽ വർദ്ധിച്ചുവരുന്ന വിശ്വാസം,الثِّقَةُ المُتَزَايِدَةُ بَيْنَنَا,Growing confidence between us,الثِّقَةُ المُتَزَايِدَةُ بَيْنَنَا,الثقة المتزايدة بيننا,Growing confidence between us,നമുക്കിടയിൽ വർദ്ധിച്ചുവരുന്ന വിശ്വാസം,"original HTML table row is ordered (Arabic, English, Malayalam) instead of (English, Malayalam, Arabic); extract_buh.py mis-assigned the cells - values rotated back to their true columns, verified against dictionary home.html"
