english,arabic,malayalam
Father,أَب,അച്ഛൻ
Mother,أُمّ,അമ്മ
Brother,أَخ,സഹോദരൻ
Sister,أُخْت,സഹോദരി
Family,أُسْرَة,കുടുംബം
Son,إِبْن,മകൻ
Daughter,إِبْنَة,മകൾ
Uncle (Paternal),عَمّ,അമ്മാവൻ (പിതൃവഴി)
Aunt (Paternal),عَمَّة,അമ്മായി (പിതൃവഴി)
Uncle (Maternal),خَال,അമ്മാവൻ (മാതൃവഴി)
Aunt (Maternal),خَالَة,അമ്മായി (മാതൃവഴി)
Grandfather,جَدّ,മുത്തശ്ശൻ
Grandmother,جَدَّة,മുത്തശ്ശി
Grandson,حَفِيد,കൊച്ചുമകൻ
Granddaughter,حَفِيدَة,കൊച്ചുമകൾ
Husband,زَوْج,ഭർത്താവ്
Wife,زَوْجَة,ഭാര്യ
Boy / Child,وَلَد,കുട്ടി / ആൺകുട്ടി
Girl,بِنْت,പെൺകുട്ടി
Child,طِفْل,കുട്ടി
Baby (Male),رَضِيع,ആൺകുഞ്ഞ്
Baby (Female),رَضِيعَة,പെൺകുഞ്ഞ്
Man,رَجُل,പുരുഷൻ
Woman,امْرَأَة,സ്ത്രീ
Young Man / Youth,شَابّ,യുവാവ്
Young Woman,شَابَّة,യുവതി
Old Man / Sheikh,شَيْخ,മുതിർന്നയാൾ / ഷെയ്ഖ്
Old Woman,عَجُوز,വയോധിക
Friend (Male),صَدِيق,കൂട്ടുകാരൻ
Friend (Female),صَدِيقَة,കൂട്ടുകാരി
Companion / Friend,رَفِيق,സുഹൃത്ത്
Neighbor (Male),جَار,അയൽവാസി (ആൺ)
Neighbor (Female),جَارَة,അയൽവാസി (പെൺ)
Guest,ضَيْف,അതിഥി
Fiancé (Male),خَطِيب,നിശ്ചയിക്കപ്പെട്ടയാൾ (ആൺ)
Fiancée (Female),خَطِيبَة,നിശ്ചയിക്കപ്പെട്ടയാൾ (പെൺ)
Groom,عَرِيس,മണവാളൻ
Bride,عَرُوس,മണവാട്ടി
Father-in-law,حَمُ,അമ്മായിയപ്പൻ
Mother-in-law,حَمَاة,അമ്മായിയമ്മ
Son-in-law,صِهْر,മരുമകൻ
Daughter-in-law,كَنَّة,മരുമകൾ
Stepfather,زَوْجُ الأُمّ,രണ്ടാം പിതാവ്
Stepmother,زَوْجَةُ الأَب,രണ്ടാം മാതാവ്
Orphan,يَتِيم,അനാഥൻ
Guardian / Custodian,وَلِيّ,രക്ഷാധികാരി
Relative,قَرِيب,ബന്ധു
Stranger,أَجْنَبِيّ,അന്യൻ / അപരിചിതൻ
Lion,أَسَد,സിംഹം
Rabbit,أَرْنَب,മുയൽ
Snake / Viper,أَفْعَى,പാമ്പ് / അണലി
Cat,قِطّ,പൂച്ച
Dog,كَلْب,നായ
Camel (General),جَمَل,ഒട്ടകം
She-Camel,نَاقَة,പെൺ ഒട്ടകം
Horse,حِصَان,കുതിര
Donkey,حِمَار,കഴുത
Mule,بَغْل,കോവർകഴുത
Cow,بَقَرَة,പശു
Bull / Ox,ثَوْر,കാള
Calf,عِجْل,കാളക്കുട്ടി
Sheep / Goat,شَاة,ആട്
Ram,كَبْش,ആട്ടുകൊറ്റൻ
Goat,مَعْز,വഴിയാട് / ആട്
Elephant,فِيل,ആന
Giraffe,زَرَافَة,ഒട്ടകപ്പക്ഷി / ജിറാഫ്
Bear,دُبّ,കരടി
Wolf,ذِئْب,ചെന്നായ്
Fox,ثَعْلَب,കുറുക്കൻ
Tiger / Leopard,نَمِر,കടുവ / പുള്ളിപ്പുലി
Cheetah,فَهْد,ചിറ്റപ്പുലി
Monkey,قِرْد,കുരങ്ങൻ
Pig / Boar,خِنْزِير,പന്നി
Deer / Gazelle,غَزَال,മാൻ
Mouse / Rat,فَأْر,എലി
Hedgehog,قُنْفُذ,മുള്ളൻപന്നി
Frog,ضَفْدَع,തവള
Crocodile,تِمْسَاح,മുതല
Turtle,سُلَحْفَاة,ആമ
Whale,حُوت,തിമിംഗലം
Shark,قِرْش,സ്രാവ്
Dolphin,دُلْفِين,ഡോൾഫിൻ
Fish,سَمَك,മീൻ
Bird,طَائِر,പക്ഷി
Falcon / Hawk,صَقْر,പരുന്ത് / പ്രാപ്യൻ
Eagle,نَسْر,കഴുകൻ / പരുന്ത്
Crow / Raven,غُرَاب,കാക്ക
Pigeon / Dove,حَمَامَة,പ്രാവ്
Rooster,دِيك,പൂവൻകോഴി
Chicken / Hen,دَجَاجَة,കോഴി
Duck,بَطَّة,താറാവ്
Owl,بُومَة,മൂങ്ങ
Bee,نَحْلَة,തേനീച്ച
Ant,نَمْلَة,ഉറുമ്പ്
Fly,ذُبَابَة,ഈച്ച
Mosquito,بَعُوضَة,കൊതുക്
Spider,عَنْكَبُوت,ചിലന്തി
Scorpion,عَقْرَب,തേൾ
Ear,أُذُن,ചെവി
Nose,أَنْف,മൂക്ക്
Finger / Toe,أُصْبُع,വിരൽ
Head,رَأْس,തല
Hair,شَعْر,മുടി
Face,وَجْه,മുഖം
Eye,عَيْن,കണ്ണ്
Eyebrow,حَاجِب,പുരികം
Eyelash,رَمْش,കണ്പീലി
Mouth,فَم,വായ്
Tooth,سِنّ,പല്ല്
Tongue,لِسَان,നാവ്
Lip,شَفَة,ചുണ്ട്
Cheek,خَدّ,കവിൾ
Chin,ذَقَن,താടി (താടിമുട്ട്)
Neck,عُنُق,കഴുത്ത്
Throat,حَلْق,തൊണ്ട
Shoulder,كَتِف,തോൾ
Chest,صَدْر,നെഞ്ച്
Heart,قَلْب,ഹൃദയം
Stomach / Belly,بَطْن,വയർ
Back,ظَهْر,മുതുക്
Waist,خَصْر,ഇടുപ്പ്
Arm,ذِرَاع,കൈ (മുഴുവൻ)
Elbow,مِرْفَق,മുട്ടുകൈ
Hand / Arm,يَد,കൈ
Wrist,مِعْصَم,കൈക്കുഴ
Fingernail / Toenail,ظُفْر,നഖം
Leg,سَاق,കാൽ (മുഴുവൻ)
Thigh,فَخِذ,തുട
Knee,رُكْبَة,മുട്ടുകാൽ
Foot,قَدَم,പാദം
Ankle,كَاحِل,കണങ്കാൽ
Heel,عَقِب,കുതികാൽ
Skin,جِلْد,ചർമ്മം / തോൽ
Bone,عَظْم,എല്ല്
Blood,دَم,രക്തം
Vein / Artery,عِرْق,ഞരമ്പ്
Muscle,عَضَلَة,പേശി
Brain,مُخّ,മസ്തിഷ്കം / തലച്ചോറ്
Liver,كَبِد,കថ្ល്
Kidney,كُلْيَة,വൃക്ക
Lungs,رِئَة,ശ്വാസകോശം
I (First person singular),أَنَا,ഞാൻ
You (Masculine singular),أَنْتَ,നീ (ആൺ)
You (Feminine singular),أَنْتِ,നീ (പെൺ)
You two (Dual),أَنْتُمَا,നിങ്ങൾ രണ്ടുപേരും
You all (Masculine plural),أَنْتُمْ,നിങ്ങൾ (ആണുങ്ങൾ)
You all (Feminine plural),أَنْتُنَّ,നിങ്ങൾ (പെണ്ണുങ്ങൾ)
We,نَحْنُ,ഞങ്ങൾ / നമ്മൾ
He / It (Masculine),هُوَ,അവൻ
She / It (Feminine),هِيَ,അവൾ
They two (Dual),هُمَا,അവർ രണ്ടുപേരും
They (Masculine plural),هُمْ,അവർ (ആണുങ്ങൾ)
They (Feminine plural),هُنَّ,അവർ (പെണ്ണുങ്ങൾ)
This (Masculine singular),هَذَا,ഇത് (ആൺ)
This (Feminine singular),هَذِهِ,ഇത് (പെൺ)
These two (Masculine),هَذَانِ,ഈ രണ്ടുപേർ (ആൺ)
These two (Feminine),هَاتَانِ,ഈ രണ്ടുപേർ (പെൺ)
These (Plural),هَؤُلاَءِ,ഇവർ / ഇവ
That (Masculine singular),ذَلِكَ,അത് (ആൺ)
That (Feminine singular),تِلْكَ,അത് (പെൺ)
Those two (Masculine),ذَانِكَ,ആ രണ്ടുപേർ (ആൺ)
Those two (Feminine),تَانِكَ,ആ രണ്ടുപേർ (പെൺ)
Those (Plural),أُولَئِكَ,അവർ / അവ
Who / Which (Masculine singular),الَّذِي,ആര് / ഏത് (ആൺ)
Who / Which (Feminine singular),الَّتِي,ആര് / ഏത് (പെൺ)
Who / Which (Masculine dual),الَّذَانِ,ആര് / ഏത് (രണ്ടു ആൺ)
Who / Which (Feminine dual),الَّتَانِ,ആര് / ഏത് (രണ്ടു പെൺ)
Who / Which (Masculine plural),الَّذِينَ,ആര് / ഏത് (ആണുങ്ങൾ)
Who / Which (Feminine plural),اللاَّتِي / اللَّائِي,ആര് / ഏത് (പെണ്ണുങ്ങൾ)
Who?,مَنْ,ആര്?
What?,مَا / مَاذَا,എന്ത്?
Where?,أَيْنَ,എവിടെ?
When?,مَتَى,എപ്പോൾ?
Why?,لِمَاذَا,എന്തുകൊണ്ട്?
How?,كَيْفَ,എങ്ങനെ?
How much / How many?,كَمْ,എത്ര?
Which?,أَيّ,ഏത്?
Red,أَحْمَر,ചുവപ്പ്
Green,أَخْضَر,പച്ച
Yellow,أَصْفَر,മഞ്ഞ
Blue,أَزْرَق,നീല
Black,أَسْوَد,കറുപ്പ്
White,أَبْيَض,വെള്ള
Brown,بُنِّي,തവിട്ടുനിറം
Orange,بُرْتُقَالِي,ഓറഞ്ച് നിറം
Pink,وَرْدِي,പിങ്ക് നിറം
Purple / Violet,بَنَفْسَجِي,പർപ്പിൾ / വയലറ്റ്
Grey,رَمَادِي,ചാരനിറം
Gold / Golden,ذَهَبِي,സ്വർണ്ണനിറം
Silver / Silver color,فِضِّي,വെള്ളിനിറം
Beige,بِيج,ബീജ് നിറം
Rice,أَرُزّ,അരി / ചോറ്
Food / Meal,أَكْل / طَعَام,ഭക്ഷണം
Bread,خُبْز,അപ്പം / റൊട്ടി
Water,مَاء,വെള്ളം
Milk,حَلِيب / لَبَن,പാൽ
Tea,شَاي,ചായ
Coffee,قَهْوَة,കാപ്പി
Juice,عَصِير,ജൂസ്
Meat,لَحْم,ഇറച്ചി
Chicken (Meat),دَجَاج,കോഴിയറച്ചി
Fish (Food),سَمَك,മീൻ
Egg,بَيْضَة,മുട്ട
Cheese,جُبْن,ചീസ്
Butter,زُبْدَة,വെണ്ണ
Honey,عَسَل,തേൻ
Sugar,سُكَّر,പഞ്ചസാര
Salt,مِلْح,ഉപ്പ്
Pepper,فِلْفِل,കുരുമുളക്
Oil,زَيْت,എണ്ണ
Soup,حَسَاء / شُورْبَة,സൂപ്പ്
Fruit,فَاكِهَة,പഴം
Apple,تُفَّاح,ആപ്പിൾ
Banana,مَوْز,വാഴപ്പഴം
Orange (Fruit),بُرْتُقَال,ഓറഞ്ച്
Dates,تَمْر,ഈന്തപ്പഴം
Grapes,عِنَب,മുന്തിരി
Watermelon,بِطِّيخ,തണ്ണിമത്തൻ
Mango,مَانْجُو,മാമ്പഴം
Pomegranate,رُمَّان,മാതളനാരങ്ങ
Lemon,لَيْمُون,നാരങ്ങ
Fig,تِين,അത്തിപ്പഴം
Olive,زَيْتُون,ഒലിവ്
Vegetables,خُضَار / خَضْرَاوَات,പച്ചക്കറികൾ
Tomato,طَمَاطِم,തക്കാളി
Potato,بَطَاطِس,ഉരുളക്കിഴങ്ങ്
Onion,بَصَل,സവാള / ഉള്ളി
Garlic,ثَوْم,വെളുത്തുള്ളി
Cucumber,خِيَار,വെള്ളരി
Carrot,جَزَر,കാരറ്റ്
Land / Earth,أَرْض,ഭൂമി / സ്ഥലം
Tree,شَجَرَة,മരം
Plant,نَبَات,ചെടി
Flower,زَهْرَة / وَرْدَة,പൂവ്
Grass,عُشْب,പുല്ല്
Leaf,وَرَقَة,ഇല
Branch,غُصْن / فَرْع,ചില്ല / കൊമ്പ്
Root,جِذْر,വേര്
Seed,بَذْرَة,വിത്ത്
Fruit (on plant),ثَمَرَة,കായ് / ഫലം
Trunk / Stem,جِذْع,തടി / തണ്ട്
Thorn,شَوْكَة,മുള്ള്
Forest,غَابَة,കാട്
Garden / Park,حَدِيقَة / بُسْتَان,തോട്ടം / പൂന്തോട്ടം
Farm / Field,مَزْرَعَة,കൃഷിയിടം
Palm Tree,نَخْلَة,ഈന്തപ്പന
Wheat,قَمْح,ഗോതമ്പ്
Barley,شَعِير,ബാർലി
Cotton,قُطْن,പരുത്തി
Sky,سَمَاء,ആകാശം
Sun,شَمْس,സൂര്യൻ
Moon,قَمَر,ചന്ദ്രൻ
Star,نَجْم,നക്ഷത്രം
Cloud,سَحَاب / غَيْم,മേഘം
Rain,مَطَر,മഴ
Wind / Air,رِيح / هَوَاء,കാറ്റ് / വായു
Snow / Ice,ثَلْج,മഞ്ഞ് / ഐസ്
Sea / Ocean,بَحْر,കടൽ
River,نَهْر,പുഴ / നദി
Mountain,جَبَل,മല / പർവ്വതം
Hill,تَلّ,കുന്ന്
Valley,وَادِي,താഴ്വര
Desert,صَحْرَاء,മരുഭൂമി
Island,جَزِيرَة,ദ്വീപ്
Fire,نَار,തീ
Dust,غُبَار / تُرَاب,പൊടി
Light,نُور / ضَوْء,വെളിച്ചം
Darkness,ظَلاَم / ظُلْمَة,ഇരുട്ട്
Wave,مَوْج,തിരമാല
To / Towards,إِلَى,ലേക്ക് / വരെ
From / Of,مِنْ,നിന്ന് / പാട്
In / At,فِي,ഇൽ / ൽ
On / Upon,عَلَى,മേൽ / മുകളിൽ
About / Away from,عَنْ,കുറിച്ച് / ൽ നിന്ന്
With / By (using),بِـ,കൊണ്ട് / ഉപകരിച്ച്
For / To (belonging),لِـ,വേണ്ടി / ക്ക്
Like / As,كَـ,പോലെ
Until / Even,حَتَّى,വരെ
With / Together with,مَعَ,കൂടെ / ഒപ്പം
Before (time/space),قَبْلَ,മുമ്പ്
After,بَعْدَ,ശേഷം / കഴിഞ്ഞ്
Above / Over,فَوْقَ,മുകളിൽ
Under / Below,تَحْتَ,താഴെ
In front of,أَمَامَ,മുമ്പിൽ
Behind,وَرَاءَ / خَلْفَ,പിന്നിൽ
Between,بَيْنَ,ഇടയിൽ
Beside / Next to,بِجَانِبِ / عِنْدَ,അടുത്ത് / വശത്ത്
Around,حَوْلَ,ചുറ്റും
Inside,دَاخِلَ,അകത്ത്
Outside,خَارِجَ,പുറത്ത്
Yesterday,أَمْس,ഇന്നലെ
Today,اليَوْم,ഇന്ന്
Tomorrow,غَداً,നാളെ
Day,يَوْم,പകൽ / ദിവസം
Night,لَيْل / لَيْلَة,രാത്രി
Morning,صَبَاح,രാവിലെ
Evening,مَسَاء,വൈകുന്നേരം
Noon / Midday,ظُهْر,ഉച്ച
Afternoon,عَصْر,ഉച്ചയ്ക്ക് ശേഷം
Dawn / Early Morning,فَجْر,പുലർച്ചെ
Hour / Clock / Watch,سَاعَة,മണിക്കൂർ / സമയം
Minute,دَقِيقَة,മിനിറ്റ്
Second,ثَانِيَة,സെക്കൻഡ്
Week,أُسْبُوع,ആഴ്ച
Month,شَهْر,മാസം
Year,سَنَة / عَام,വർഷം / കൊല്ലം
Sunday,الأَحَد,ഞായർ
Monday,الإِثْنَيْن,തിങ്കൾ
Tuesday,الثُّلاَثَاء,ചൊവ്വ
Wednesday,الأَرْبِعَاء,ബുധൻ
Thursday,الخَمِيس,വ്യാഴം
Friday,الجُمُعَة,വെള്ളി
Saturday,السَّبْت,ശനി
Now,الآنَ,ഇപ്പോൾ
Always,دَائِماً,എപ്പോഴും
Sometimes,أَحْيَاناً,ചിലപ്പോൾ
Never,أَبَداً,ഒരിക്കലുമില്ല
Early,مُبَكِّراً,നേരത്തെ
Late,مُتَأَخِّراً,വൈകി
Shirt,قَمِيص,ഷർട്ട് / കുപ്പായം
Pants / Trousers,بَنْنَطَلُون / سِرْوَال,പാന്റ്സ്
Dress / Garment,ثَوْب / فُسْتَان,വസ്ത്രം / ഉടുപ്പ്
Coat / Jacket,مِعْطَف,കോട്ട് / ജാക്കറ്റ്
Shoes,حِذَاء,ഷൂസ് / ചെരുപ്പ്
Socks,جَوْرَب,സോക്സ്
Hat / Cap,قُبَّعَة,തൊപ്പി
Glasses,نَظَّارَة,കണ്ണട
Belt,حِزَام,ബെൽറ്റ്
Ring,خَاتَم,മോതിരം
Watch / Clock,سَاعَة,വാച്ച്
Bag / Purse,حَقِيبَة,ബാഗ്
Abaya / Cloak,عَبَاءَة,അബായ / പരദ
Scarf / Veil,حِجَاب / خِمَار,തട്ടം / സ്കാർഫ്
Happiness / Joy,فَرَح / سَعَادَة,സന്തോഷം
Sadness / Grief,حُزْن,സങ്കടം / ദുഃഖം
Anger,غَضَب,ദേഷ്യം
Fear,خَوْف,ഭയം / പേടി
Love,حُبّ,സ്നേഹം
Hatred,كُرْه / بَغْضَاء,വെറുപ്പ്
Surprise / Wonder,تَعَجُّب / دَهْشَة,അത്ഭുതം
Hope,أَمَل / رَجَاء,പ്രതീക്ഷ
Despair,يَأْس,നിരാശ
Peace / Safety,أَمْن / سَلاَم,സമാധാനം / സുരക്ഷിതത്വം
Shyme / Embarrassment,خَجَل / حَيَاء,ലജ്ജ / നാണം
Jealousy / Envy,حَسَد / غَيْرَة,അസൂയ
Big / Large,كَبِير,വലിയ
Small,صَغِير,ചെറിയ
Long / Tall,طَوِيل,നീളമുള്ള / ഉയരമുള്ള
Short,قَصِير,കുറിയ / നീളം കുറഞ്ഞ
Heavy,ثَقِيل,ഭാരമുള്ള
Light (weight),خَفِيف,ഭാരം കുറഞ്ഞ
New,جَدِيد,പുതിയ
Old (not new),قَدِيم,പഴയ
Good / Beautiful,جَمِيل / حَسَن,നല്ല / ഭംഗിയുള്ള
Ugly / Bad,قَبِيح,വികൃതമായ / മോശം
Clean,نَظِيف,വൃത്തിയുള്ള
Dirty,وَسِخ / وَسِخَة,അഴുക്കായ
Fast / Quick,سَرِيع,വേഗതയുള്ള
Slow,بَطِيء,മെല്ലെയുള്ള / പതുക്കെയുള്ള
Hard / Difficult,صَعْب / شَدِيد,കഠിനമായ / പ്രയാസമുള്ള
Easy,سَهْل,എളുപ്പമുള്ള
Hot,حَارّ,ചൂടുള്ള
Cold,بَارِد,തണുത്ത
Near / Close,قَرِيب,അടുത്തുള്ള
Far / Distant,بَعِيد,ദൂരെയുള്ള
Rich,غَنِيّ,ധനികനായ
Poor,فَقِير,പാവപ്പെട്ട / ദരിദ്രനായ
Strong,قَوِيّ,ശക്തനായ
Weak,ضَعِيف,ബലഹീനനായ
Happy,سَعِيد,സന്തോഷമുള്ള
Sad,حَزِين,വിഷമമുള്ള
Wise / Intelligent,ذَكِيّ / حَكِيم,ബുദ്ധിമാനായ
Stupid / Foolish,غَبِيّ / أَحْمَق,മണ്ടനായ
True / Correct,صَحِيح / حَقّ,ശരിയായ / സത്യമായ
False / Wrong,خَطَأ / بَاطِل,തെറ്റായ / വ്യാജമായ
Quickly,بِسُرْعَة,വേഗത്തിൽ
Slowly,بِبُطْء,പതുക്കെ
Very / Much,جِدّاً / كَثِيراً,വളരെ / വളരെയധികം
A little,قَلِيلاً,കുറച്ച്
Well / Good,جَيِّداً,നന്നായി
Together,مَعاً,ഒരുമിച്ച്
Alone,وَحْدَهُ,ഒറ്റയ്ക്ക്
Here,هُنَا,ഇവിടെ
There,هُنَاكَ,അവിടെ
Everywhere,فِي كُلِّ مَكَان,എല്ലായിടത്തും
House / Home,بَيْت / دَار,വീട്
Door,بَاب,വാതിൽ
Window,شُبَّاك / نَافِذَة,ജനൽ
Room,غُرْفَة,മുറി
Table,طَاوِلَة / مَكْتَب,മേശ
Chair,كُرْسِيّ,കസേര
Bed,سَرِير,കട്ടിൽ / കിടക്ക
Book,كِتَاب,പുസ്തകം
Pen / Pencil,قَلَم,പേന
Paper,وَرَقَة,പേപ്പർ / കടലാസ്
Car,سَيَّارَة,കാർ / വാഹനം
Key,مِفْتَاح,താക്കോൽ
Money,مَال / فُلُوس,പണം
City / Town,مَدِينَة,നഗരം
Country / Land,بَلَد / دَوْلَة,രാജ്യം
Street / Road,شَارِع / طَرِيق,റോഡ് / തെരുവ്
School,مَدْرَسَة,സ്കൂൾ
University,جَامِعَة,സർവ്വകലാശാല
Hospital,مُسْتَشْفَى,ആശുപത്രി
Mosque,مَسْجِد,പള്ളി / മസ്ജിദ്
Market,سُوق,മാർക്കറ്റ് / ചന്ത
To order / command,أَمَرَ,കൽപ്പിക്കുക
To take,أَخَذَ,എടുക്കുക
To eat,أَكَلَ,കഴിക്കുക
To hope / wish,أَمَلَ,ആഗ്രഹിക്കുക / പ്രതീക്ഷിക്കുക
To come,أَتَى / جَاءَ,വരിക
To write,كَتَبَ,എഴുതുക
To read,قَرَأَ,വായിക്കുക
To drink,شَرِبَ,കുടിക്കുക
To go,ذَهَبَ,പോവുക
To see / look,رَأَى / نَظَرَ,കാണുക / നോക്കുക
To hear / listen,سَمِعَ,കേൾക്കുക
To speak / talk,تَكَلَّمَ / قَالَ,സംസാരിക്കുക
To sit,جَلَسَ,ഇരിക്കുക
To stand / stop,وَقَفَ / قَامَ,നിൽക്കുക
To sleep,نَامَ,ഉറങ്ങുക
To wake up,إِسْتَيْقَظَ,ഉണരുക
To walk,مَشَى,നടക്കുക
To run,جَرَى / رَكَضَ,ഓടുക
To play,لَعِبَ,കളിക്കുക
To work,عَمِلَ,ജോലി ചെയ്യുക
To study / learn,دَرَسَ / تَعَلَّمَ,പഠിക്കുക
To teach,عَلَّمَ / دَرَّسَ,പഠിപ്പിക്കുക
To know,عَرَفَ / عَلِمَ,അറിയുക
To understand,فَهِمَ,മനസ്സിലാക്കുക
To think / consider,فَكَّرَ,ചിന്തിക്കുക
To want / desire,أَرَادَ,ആഗ്രഹിക്കുക
To like / love,أَحَبَّ,ഇഷ്ടപ്പെടുക / സ്നേഹിക്കുക
To give,أَعْطَى,നൽകുക / കൊടുക്കുക
To open,فَتَحَ,തുറക്കുക
To close,أَغْلَقَ,അടയ്ക്കുക
To buy,إِشْتَرَى,വാങ്ങുക
To sell,بَاعَ,വില്ക്കുക
To pay,دَفَعَ,പണം നൽകുക
To enter,دَخَلَ,പ്രവേശിക്കുക
To exit / leave,خَرَجَ,പുറത്തുകടക്കുക
To return,رَجَعَ / عَادَ,മടങ്ങുക
To travel,سَافَرَ,യാത്ര ചെയ്യുക
To arrive,وَصَلَ,എത്തിച്ചേരുക
To ask,سَأَلَ,ചോദിക്കുക
To answer,أَجَابَ,മറുപടി നൽകുക
To help,سَاعَدَ,സഹായിക്കുക
To make / do,فَعَلَ / صَنَعَ,ചെയ്യുക / ഉണ്ടാക്കുക
To find,وَجَدَ,കണ്ടെത്തുക
To lose,فَقَدَ,നഷ്ടപ്പെടുക
To wash,غَسَلَ,കഴുകുക
To cook,طَبَخَ,പാചകം ചെയ്യുക
To laugh,ضَحِكَ,ചിരിക്കുക
To cry,بَكَى,കരയുക
To smile,تَبَسَّمَ,പുഞ്ചിരിക്കുക
To live / reside,سَكَنَ / عَاشَ,താമസിക്കുക / ജീവിക്കുക
To die,مَاتَ,മരിക്കുക
To kill,قَتَلَ,കൊല്ലുക
To hit / strike,ضَرَبَ,അടിക്കുക
To cut,قَطَعَ,മുറിക്കുക
To carry,حَمَلَ,ചുമക്കുക / എടുക്കുക
To put / place,وَضَعَ,വെക്കുക
To throw,رَمَى,എറിയുക
To catch / hold,مَسَكَ,പിടിക്കുക
To pull,سَحَبَ,വലിക്കുക
To push,دَفَعَ,തള്ളുക
To change,غَيَّرَ,മാറ്റുക
To clean,نَظَّفَ,വൃത്തിയാക്കുക
To wait,إِنْتَظَرَ,കാത്തിരിക്കുക
To forget,نَسِيَ,മറക്കുക
To remember,تَذَكَّرَ,ഓർക്കുക
To try / attempt,حَاوَلَ,ശ്രമിക്കുക
To succeed,نَجَحَ,വിജയിക്കുക
To fail,فَشِلَ,പരാജയപ്പെടുക
To start / begin,بَدَأَ,തുടങ്ങുക
To finish / end,أَنِهَى / إِنْتَهَى,അവസാനിപ്പിക്കുക
To pray,صَلَّى / دَعَا,പ്രാർത്ഥിക്കുക / നമസ്കരിക്കുക
To fast,صَامَ,നോമ്പ് നോൽക്കുക
To thank,شَكَرَ,നന്ദി പറയുക
To praise,حَمِدَ,സ്തുതിക്കുക
To worship,عَبَدَ,ആരാധിക്കുക
To create,خَلَقَ,സൃഷ്ടിക്കുക
To send,أَرْسَلَ,അയക്കുക
To receive / accept,إِسْتَلَمَ / قَبِلَ,സ്വീകരിക്കുക
To show,أَرَى / أَظْهَرَ,കാണിച്ചുകൊടുക്കുക
To explain,شَرَحَ / وَضَّحَ,വിശദീകരിക്കുക
To promise,وَعَدَ,വാഗ്ദാനം ചെയ്യുക
To fear / dread,خَافَ / خَشِيَ,ഭയപ്പെടുക
To hope for,رَجَا,പ്രതീക്ഷിക്കുക
To trust,وَثِقَ / آمَنَ,വിശ്വസിക്കുക
To lie,كَذَبَ,കള്ളം പറയുക
To tell truth,صَدَقَ,സത്യം പറയുക
To steal,سَرَقَ,മോഷ്ടിക്കുക
To forgive,غَفَرَ / سَامَحَ,പൊറുക്കുക / മാപ്പ് നൽകുക
To agree,وَافَقَ,സമ്മതിക്കുക
To refuse,رَفَضَ,നിഷേധിക്കുക
To choose,إِخْتَارَ,തിരഞ്ഞെടുക്കുക
To decide,قَرَّرَ,തീരുമാനിക്കുക
To grow / increase,نَمَا / زَادَ,വളരുക / കൂടുക
To decrease,قَلَّ / نَقَصَ,കുറയുക
To fall,سَقَطَ / وَقَعَ,വീഴുക
To fly,طَارَ,പറക്കുക
To swim,سَبَحَ,നീന്തുക
To drive,قَادَ / سَاقَ,ഓടിക്കുക (വാഹനം)
To ride,رَكِبَ,സവാരി ചെയ്യുക
To wear,لَبِسَ,ധരിക്കുക
To take off (clothing),خَلَعَ,അഴിച്ചുമാറ്റുക
To touch,لَمَسَ,തൊടുക
To smell,شَمَّ,മണക്കുക
To taste,ذَاقَ,രുചിക്കുക
To feel / sense,شَعَرَ / أَحَسَّ,അനുഭവപ്പെടുക
To suffer / pain,تَأَلَّمَ,വേദനിക്കുക
To heal / cure,شَفَى,സുഖപ്പെടുക / സുഖപ്പെടുത്തുക
To get sick,مَرِضَ,അസുഖം വരിക
To rest,إِسْتَرَاحَ,വിശ്രമിക്കുക
To sing,غَنَّى,പാടുക
To dance,رَقَصَ,നൃത്തം ചെയ്യുക
To draw / paint,رَسَمَ,വരയ്ക്കുക
To build / construct,بَنَى,പണിയുക / നിർമ്മിക്കുക
To destroy,دَمَّرَ / هَدَمَ,നശിപ്പിക്കുക
To burn,حَرَقَ / إِحْتَرَقَ,കത്തുക / കത്തിക്കുക
To break,كَسَرَ,പൊട്ടിക്കുക / ഉടയ്ക്കുക
To repair / fix,صَلَّحَ / أَصْلَحَ,നന്നാക്കുക
To mix,خَلَطَ,കലർത്തുക
To separate,فَصَلَ,വേർപെടുത്തുക
To count,عَدَّ,എണ്ണുക
To measure,قَاسَ,അളക്കുക
To weigh,وَزَنَ,തൂക്കുക
To add,أَضَافَ,കൂട്ടിച്ചേർക്കുക
To subtract / deduct,طَرَحَ / خَصَمَ,കുറയ്ക്കുക
To multiply,ضَرَبَ,ഗുണിക്കുക
To divide,قَسَمَ,വകുക്കുക / പങ്കിടുക
To win,فَازَ / كَسَبَ,ജയിക്കുക
To lose (game/money),خَسِرَ,തോൽക്കുക / നഷ്ടപ്പെടുക
To spend (money),أَنْفَقَ / صَرَفَ,ചിലവഴിക്കുക
To save (money/life),إِدَّخَرَ / أَنْقَذَ,സൂക്ഷിക്കുക / രക്ഷിക്കുക
To waste,ضَيَّعَ / إِسْرَاف,പാഴാക്കുക
To protect / guard,حَمَى / حَفِظَ,സംരക്ഷിക്കുക
To attack,هَجَمَ,ആക്രമിക്കുക
To defend,دَافَعَ,പ്രതിരോധിക്കുക
To hide,إِخْتَفَى / خَبَّأَ,ഒളിക്കുക / മറയ്ക്കുക
To search / look for,بَحَثَ / فَتَّشَ,തിരയുക / അന്വേഷിക്കുക
To discover,إِكْتَشَفَ,കണ്ടെത്തുക / വെളിപ്പെടുത്തുക
To collect / gather,جَمَعَ,ശേഖരിക്കുക / ഒരുമിച്ച് കൂട്ടുക
To spread / scatter,نَشَرَ / نَثَرَ,പരത്തുക / വിതറുക
To fill,مَلَأَ,നിറയ്ക്കുക
To empty,أَفْرَغَ,ശൂന്യമാക്കുക / ഒഴുക്കികളയുക
To turn on / light,شَغَّلَ / أَشْعَلَ,ഓൺ ചെയ്യുക / കത്തിക്കുക
To turn off / extinguish,أَطْفَأَ,ഓഫ് ചെയ്യുക / അണയ്ക്കുക
To connect / link,رَبَطَ / وَصَلَ,ബന്ധിപ്പിക്കുക
To disconnect / cut off,قَطَعَ / فَصَلَ,വിച്ഛേദിക്കുക
To borrow,إِسْتَعَارَ / إِقْتَرَضَ,കടം വാങ്ങുക
To lend,أَعَارَ / أَقْرَضَ,കടം കൊടുക്കുക
To invite,دَعَا / عَزَمَ,ക്ഷണിക്കുക
To welcome,رَحَّبَ,സ്വീകരിക്കുക / സ്വാഗതം ചെയ്യുക
To visit,زَارَ,സന്ദർശിക്കുക
To meet,الْتَقَى / قَابَلَ,കണ്ടുമുട്ടുക
To accompany,رَافَقَ,കൂടെപ്പോവുക
To leave behind / abandon,تَرَكَ,ഉപേക്ഷിച്ച് പോവുക
To stay / remain,بَقِيَ / المَكْث,നിലനിൽക്കുക / തുടരുക
To become,أَصْبَحَ / صَارَ,ആയിത്തീരുക
To continue,إِسْتَمَرَّ,തുടരുക
To stop / cease,تَوَقَّفَ / إِنْتَهَى,അവസാനിക്കുക / നിർത്തുക
To repeat,كَرَّرَ / أَعَادَ,ആവർത്തിക്കുക
To practice / exercise,مَارَسَ / تَدَرَّبَ,പരിശീലിക്കുക
To prepare / get ready,إِسْتَعَدَّ / جَهَّزَ,തയ്യാറാകുക / ഒരുക്കുക
To organize / arrange,نَظَّمَ / رَتَّبَ,ക്രമീകരിക്കുക
To plan,خَطَّطَ,അസൂത്രണം ചെയ്യുക
To control / rule,سَيْطَرَ / حَكَمَ,നിയന്ത്രിക്കുക / ഭരണ നടത്തുക
To obey,أَطَاعَ,അനുസരിക്കുക
To disobey,عَصَى,അനുസരിക്കാതിരിക്കുക
To warn,حَذَّرَ / أَنْذَرَ,താക്കീതു നൽകുക
To advise,نَصَحَ,ഉപദേശിക്കുക
To suggest,إِقْتَرَحَ,നിർദ്ദേശിക്കുക
To agree upon,إِتَّفَقَ,ഒത്തുതീർപ്പിലെത്തുക
To argue / dispute,جَادَلَ / نَازَعَ,തർക്കിക്കുക
To fight / war,حَارَبَ / قَاتَلَ,യുദ്ധം ചെയ്യുക / പോരാടുക
To surrender,إِسْتَسْلَمَ,കീഴടങ്ങുക
To escape / flee,هَرَبَ / فَرَّ,രക്ഷപ്പെടുക / ഓടിപ്പോവുക
To hide oneself,إِخْتَبَأَ,ഒളിച്ചിരിക്കുക
To show off,تَفَاخَرَ,പ്രദർശിപ്പിക്കുക / പ്രശംസിക്കുക
To pretend,تَظَاهَرَ,അഭിനയിക്കുക / നടിക്കുക
To imagine,تَخَيَّلَ,സങ്കൽപ്പിക്കുക
To dream,حَلَمَ,സ്വപ്നം കാണുക
To suffer / endure,صَبَرَ / تَحَمَّلَ,സഹിക്കുക
To complain,شَكَا,പരാതി പറയുക
To blame,لاَمَ,കുറ്റപ്പെടുത്തുക
To criticize,نَقَدَ,വിമർശിക്കുക
To encourage,شَجَّعَ,പ്രോത്സാഹിപ്പിക്കുക
To support,دَعَمَ / سَانَدَ,പിന്തുണയ്ക്കുക
To respect,إِحْتَرَمَ,ബഹുമാനിക്കുക
To insult,أَهَانَ / شَتَمَ,അപമാനിക്കുക
To honor,كَرَّمَ,ആദരിക്കുക
To reward,كَافَأَ,സമ്മാനം നൽകുക
To punish,عَاقَبَ,ശിക്ഷിക്കുക
To warn / alert,نَبَّهَ,ശ്രദ്ധയിൽപ്പെടുത്തുക
To surprise,فَاجَأَ,അത്ഭുതപ്പെടുത്തുക
To confuse,أَرْبَكَ / حَيَّرَ,ആശയക്കുഴപ്പത്തിലാക്കുക
To convince,أَقْنَعَ,ബോധ്യപ്പെടുത്തുക
To force / compel,أَجْبَرَ / إِكْرَاه,നിർബന്ധിക്കുക
To permit / allow,سَمَحَ / أَذِنَ,അനുവദിക്കുക
To prevent / forbid,مَنَعَ / حَرَّمَ,തടയുക / വിലക്കുക
To order / request,طَلَبَ,ആവശ്യപ്പെടുക
To offer / present,قَدَّمَ / عَرَضَ,സമർപ്പിക്കുക / നൽകുക
To accept / agree,قَبِلَ,സ്വീകരിക്കുക
To reject,رَفَضَ / رَدَّ,തള്ളിക്കളയുക
To prove,أَثْبَتَ,തെളിയിക്കുക
To deny,أَنْكَرَ / نَفَى,നിഷേധിക്കുക
To doubt,شَكَّ,സംശയിക്കുക
To suspect,إِشْتَبَهَ,സംശയം തോന്നുക
To confirm,أَكَّدَ,ഉറപ്പുവരുത്തുക
To guarantee,ضَمِنَ,ഉറപ്പുനൽകുക
To promise,وَعَدَ,വാഗ്ദാനം ചെയ്യുക
To fulfill / perform,أَدَّى / وَفَّى,പൂർത്തിയാക്കുക
To break (a promise),خَلَفَ / نَقَضَ,ലംഘിക്കുക
To betray,خَانَ,വഞ്ചിക്കുക
To deceive / cheat,خَدَعَ / غَشَّ,വഞ്ചിക്കുക / പറ്റിക്കുക
To protect / defend,حَرَسَ / حَفِظَ,കാത്തുസൂക്ഷിക്കുക
To rescue / save,أَنْقَذَ / نَجَّى,രക്ഷപ്പെടുത്തുക
To warn / caution,أَنْذَرَ,മുന്നറിയിപ്പ് നൽകുക
To guide / direct,هَدَى / أرْشَدَ,വഴികാട്ടുക
To lead / conduct,قَادَ,നയിക്കുക
To follow,تَبِعَ / إِتَّبَعَ,പിന്തുടരുക
To accompany,صَاحَبَ,ഒപ്പം പോവുക
To avoid / shun,تَجَنَّبَ / إِبْتَعَدَ,ഒഴിവാക്കുക
To escape from,نَجَا,തപ്പിയോടുക / രക്ഷപ്പെടുക
To hide (something),أَخْفَى,മറച്ചുവെക്കുക
To reveal / uncover,كَشَفَ / أَعْلَنَ,വെളിപ്പെടുത്തുക
To express,عَبَّرَ,പ്രകടിപ്പിക്കുക
To announce,أَعْلَنَ,പ്രഖ്യാപിക്കുക
To publish,نَشَرَ,പ്രസിദ്ധീകരിക്കുക
To record / register,سَجَّلَ,രേഖപ്പെടുത്തുക
To sign (signature),وَقَّعَ,ഒപ്പുവെക്കുക
To print,طَبَعَ,അച്ചടിക്കുക
To copy / duplicate,نَسَخَ,പകർത്തിയെഴുതുക
To erase / wipe,مَحَا / مَسَحَ,മായ്ച്ചുകളയുക
To correct / fix,صَحَّحَ,തിരുത്തുക
To translate,تَرْجَمَ,തർജ്ജമ ചെയ്യുക
To summarize,لَخَّصَ,ചുരുക്കി എഴുതുക
To analyze,حَلَّلَ,വിശകലനം ചെയ്യുക
To calculate,حَسَبَ,കണക്കുകൂട്ടുക
To count / estimate,قَدَّرَ,എണ്ണുക / അനുമാനിക്കുക
To weigh (options/items),وَزَنَ,തൂക്കി നോക്കുക
To measure (length/size),قَاسَ,അളന്നുനോക്കുക
To compare,قَارَنَ,താരതമ്യം ചെയ്യുക
To differentiate,مَيَّزَ / فَرَّقَ,വേർതിരിച്ചറിയുക
To connect / attach,وَصَلَ / أَرْفَقَ,ബന്ധിപ്പിക്കുക
To combine / join,دَمَجَ / جَمَعَ,തുന്നിച്ചേർക്കുക / കൂട്ടിച്ചേർക്കുക
To divide / split,قَسَّمَ / جَزَّأَ,ഭാഗിക്കുക
To multiply / double,ضَاعَفَ,ഇരട്ടിയാക്കുക
To reduce / limit,حَدَّ / قَلَّلَ,പരിമിതപ്പെടുത്തുക
To expand / widen,وَسَّعَ / مَدَّ,വികസിപ്പിക്കുക
To stretch / extend,مَدَّ / بَسَطَ,നീട്ടുക
To bend / fold,طَوَى / ثَنَى,മടക്കുക / വളയ്ക്കുക
To break / fracture,كَسَرَ,ഒടിക്കുക
To tear / rip,مَزَّقَ,കീറുക
To cut / chop,قَطَّعَ,കഷ്ണങ്ങളാക്കുക
To grind / crush,طَحَنَ / سَحَقَ,പൊടിക്കുക
To squeeze / press,عَصَرَ,പിഴിയുക
To melt / dissolve,ذَابَ / أَذَابَ,അലിയിക്കുക / ഉരുകുക
To freeze / solidify,تَجَمَّدَ,ഉറയുക / മരവിക്കുക
To boil / cook,غَلَى,തിളപ്പിക്കുക
To fry,قَلَى,വറുക്കുക
To bake,خَبَزَ,ചുടുക (റൊട്ടി മുതലായവ)
To roast / grill,شَوَى,ചുടുക (ഇറച്ചി മുതലായവ)
To pour,صَبَّ / سَكَبَ,ഒഴിക്കുക
To fill up,مَلَأَ,നിറച്ചു വെക്കുക
To spill / leak,سَكَبَ / تَسَرَّبَ,ചീറ്റുക / ഒഴുകിപ്പോവുക
To dry / wipe dry,جَفَّفَ / نَشَّفَ,ഉണക്കുക
To wet / moisten,بَلَّلَ,നനയ്ക്കുക
To clean / scrub,مَسَحَ / نَظَّفَ,തുടച്ചു വൃത്തിയാക്കുക
To sweep / vacuum,كَنَسَ,അടിച്ചുവാരുക
To wash (clothes),غَسَلَ,അലക്കുക
To iron (clothes),كَوَى,ഇസ്തിരി ഇടുക
To sew / stitch,خَاطَ,തുന്നുക
To tie / bind,رَبَطَ,കെട്ടുക
To untie / loosen,فَكَّ / حَلَّ,അഴിക്കുക
To hang / suspend,عَلَّقَ,തൂക്കിയിടുക
To lift / raise,رَفَعَ,ഉയർത്തുക
To lower / drop,خَفَضَ / أَنْزَلَ,താഴ്ത്തുക
To push / shove,دَفَعَ,തള്ളിമാറ്റുക
To pull / drag,سَحَبَ / جَرَّ,വലിച്ചുകൊണ്ടുപോവുക
To carry / transport,نَقَلَ / حَمَلَ,ചുമന്നുകൊണ്ടുപോവുക
To drop / let fall,أَسْقَطَ / أَوْقَعَ,താഴെയിടുക
To throw away / discard,رَمَى / أَلْقَى,എറിഞ്ഞുകളയുക
To catch (ball/object),إِلْتَقَطَ / مَسَكَ,പിടിച്ചെടുക്കുക
To hold / store,إِحْتَفَظَ / مَسَكَ,കൈവശം വെക്കുക
To release / free,أَطْلَقَ / حَرَّرَ,സ്വതന്ത്രമാക്കുക / വിട്ടയക്കുക
To trap / catch,صَادَ / اِحْتَجَزَ,കെണിയിൽപ്പെടുത്തുക
To lock,قَفَلَ / أَغْلَقَ,പൂട്ടുക
To unlock,فَتَحَ,തുറക്കുക (പൂട്ട്)
To turn / rotate,أَدَارَ / دَارَ,തിരിക്കുക / കറങ്ങുക
To move / shift,حَرَّكَ / تَحَرَّكَ,ചലിപ്പിക്കുക / നീങ്ങുക
To stop / freeze,تَوَقَّفَ / ثَبَتَ,നിശ്ചലമാകുക
To bend down / bow,إِنْحَنَى / رَكَعَ,കുനിയുക / കുമ്പിടുക
To kneel,جَثَا / جَلَسَ عَلَى رُكْبَتَيْهِ,മുട്ടുകുത്തുക
To lie down / recline,إِسْتَلْقَى / اِضْطَجَعَ,കിടക്കുക / ചരിഞ്ഞുകിടക്കുക
To jump / leap,قَفَزَ,ചാടുക
To climb / ascend,صَعِدَ / تسَلَّقَ,കയറുക
To descend / go down,نَزَلَ,ഇറങ്ങുക
To slip / slide,إِنْزَلَقَ,വഴുതിവീഴുക
To stumble / trip,تَعَثَّرَ,തട്ടി വീഴുക
To bleed,نَزَفَ,രക്തം വരിക
To swell / puff up,إِنْتَفَخَ / وَرِمَ,വീർക്കുക
To breathe,تَنَفَّسَ,ശ്വാസമെടുക്കുക
To cough,سَعَلَ,ചുമയ്ക്കുക
To sneeze,عَطَسَ,തുമ്മുക
To yawn,تَثَاءَبَ,ഹാംബിക്കുക / കൊട്ടുവായ വിടുക
To sweat / perspire,عَرِقَ,വിയർക്കുക
To shiver / tremble,إِرْتَجَفَ / ارْتَعَدَ,വിറയ്ക്കുക
To faint / pass out,أُغْمِيَ عَلَيْهِ,ബോധക്ഷയം വരിക
To recover / get well,تَعَافَى / شُفِيَ,സുഖം പ്രാപിക്കുക
To bleed to death,نَزَفَ حَتَّى المَوْت,രക്തം വാർന്ന് മരിക്കുക
To choke / suffocate,إِخْتَنَقَ,ശ്വാസം മുട്ടുക
To drown,غَرِقَ,മുങ്ങിമരിക്കുക
To burn / get burned,إِحْتَرَقَ,പൊള്ളലേൽക്കുക
To injure / wound,جَرَحَ / أَصَابَ,പരിക്കേൽപ്പിക്കുക
To cure / treat,عَالَجَ,ചികിത്സിക്കുക
To operate (surgery),أَجْرَى عَمَلِيَّة,ശസ്ത്രക്രിയ ചെയ്യുക
To examine (doctor),فَحَصَ,പരിശോധിക്കുക
To prescribe (medicine),وَصَفَ دَوَاءً,മരുന്ന് കുറിക്കുക
To swallow,بَلَعَ,വിഴുങ്ങുക
To chew,مَضَغَ,ചവയ്ക്കുക
To bite,عَضَّ,കടിക്കുക
To lick,لَعِقَ,നക്കുക
To spit,بَصَقَ,തുപ്പുക
To blow (wind/mouth),نَفَخَ,ഊതുക
To whistle,صَفَّرَ,വിസില്‍ അടിക്കുക
To shout / scream,صَرَخَ / صَاحَ,നിലവിളിക്കുക / ബഹളം വെക്കുക
To whisper,هَمَسَ,രഹസ്യം പറയുക / മന്ത്രിക്കുക
To call out / summon,نَادَى / دَعَا,വിളിക്കുക
To name / call,سَمَّى,പേരിടുക
To greet,سَلَّمَ / حَيَّا,അഭിവാദ്യം ചെയ്യുക
To wave (hand),لَوَّحَ,കൈവീശുക
To point at,أَشَارَ إِلَى,ചൂണ്ടിക്കാണിക്കുക
To nod (head),أَوْمَأَ / هَزَّ رَأْسَهُ,തലയാട്ടുക
To shake hands,صَافَحَ,ഹസ്തദാനം ചെയ്യുക
To hug / embrace,عَانَقَ / حَضَنَ,ആലിംഗനം ചെയ്യുക
To kiss,قَبَّلَ,ചുംബിക്കുക
To hit / strike gently,طَرَقَ / لَمَسَ,തട്ടുക / മുട്ടുക
To knock (door),طَرَقَ البَابَ,മുട്ടുക (വാതിലിൽ)
To ring (bell/phone),رَنَّ / جَرَسَ,മണി അടിക്കുക / ബെൽ അടിക്കുക
To applaud / clap,صَفَّقَ,കൈയടിക്കുക
To snap (fingers),فَرْقَعَ أَصَابِعَهُ,വിരൽ ഞൊടിക്കുക
To scratch,حَكَّ / خَدَشَ,ചൊറിയുക
To rub,دَلَكَ / مَسَحَ,ഉരസുക / തിരുമ്മുക
To squeeze / pinch,قرَصَ,നുള്ളുക
To tickle,دَغْدَغَ,കിചുകിചാക്കുക
To comfort / console,وَاسَى / هَدَّأَ,ആശ്വസിപ്പിക്കുക
To disturb / annoy,أَزْعَجَ / ضَايَقَ,ശല്യപ്പെടുത്തുക
To frighten / scare,أَخَافَ / رَوَّعَ,ഭയപ്പെടുത്തുക
To calm down,هَدَأَ,ശാന്തനാകുക
To relax,إِسْتَرْخَى,ആശ്വാസം കൊള്ളുക
To worry,قَلِقَ,ആകുലപ്പെടുക
To regret,نَدِمَ,ഖേദിക്കുക
To feel ashamed,خَجِلَ / إِسْتَحْيَا,നാണിക്കുക / ലജ്ജിക്കുക
To envy,حَسَدَ,അസൂയപ്പെടുക
To admire,أُعْجِبَ بِـ,അത്ഭുതപ്പെടുക / പ്രശംസിക്കുക
To respect highly,إِجَلَّ / كَرَّمَ,വളരെയധികം ബഹുമാനിക്കുക
To despise / hate,إِحْتَقَرَ / كَرِهَ,വെറുക്കുക / നിന്ദിക്കുക
To ignore / neglect,تَجَاهَلَ / أَهْمَلَ,അവഗണിക്കുക
To notice / observe,لاَحَظَ / لاَحَظَ,ശ്രദ്ധിക്കുക / നിരീക്ഷിക്കുക
To pay attention,إِنْتَبَهَ / إِهْتَمَّ,ശ്രദ്ധ കൊടുക്കുക
To concentrate,رَكَّزَ,ശ്രദ്ധ കേന്ദ്രീകരിക്കുക
To memorize,حَفِظَ,മനഃപാഠമാക്കുക
To remind,ذَكَّرَ,ഓർമ്മിപ്പിക്കുക
To recognize,تَعَرَّفَ عَلَى,തിരിച്ചറിയുക
To realize,أَدْرَكَ,തിരിച്ചറിയുക / മനസ്സിലാക്കുക
To assume / suppose,إِفْتَرَضَ / ظَنَّ,വിചാരിക്കുക / ഊഹിക്കുക
To guess,خَمَّنَ,ഊഹിച്ചു പറയുക
To expect,تَوَقَّعَ,പ്രതീക്ഷിക്കുക
To believe (think),إِعْتَقَدَ / ظَنَّ,വിശ്വസിക്കുക / കരുതുക
To doubt / question,إِشْتَبَهَ / شَكَّ,സംശയിക്കുക
To prefer,فَضَّلَ,മുൻഗണന നൽകുക / ഇഷ്ടപ്പെടുക
To insist,أَصَرَّ,വാശിപിടിക്കുക / നിർബന്ധിക്കുക
To hesitate,تَرَدَّدَ,മടിക്കുക / സംശയിച്ചു നിൽക്കുക
To intend / plan,نَوَى / قَصَدَ,ഉദ്ദേശിക്കുക
To mean / signify,عَنَى / قَصَدَ,ഉദ്ദേശിക്കുക / അർത്ഥമാക്കുക
To require / need,إِحْتَاجَ / إِكْتَفَى,ആവശ്യമായി വരിക
To suit / fit,نَاسَبَ / لاَءَمَ,അനുയോജ്യമാകുക
To depend on,إِعْتَمَدَ عَلَى,ആശ്രയിക്കുക
To belong to,إِنْتَمَى إِلَى / يَعُودُ لِـ,ഉടമസ്ഥതയിലായിരിക്കുക
To seem / appear,بَدَا / ظَهَرَ,തോന്നിക്കുക / കാണപ്പെടുക
To disappear,إِخْتَفَى / غَابَ,അപ്രത്യക്ഷമാകുക
To happen / occur,حَدَثَ / جَرَى,സംഭവിക്കുക
To cause,سَبَّبَ / أَثَارَ,കാരണമാകുക
To result in,أَدَّى إِلَى / نَتَجَ عَنْ,ഫലമായി തീരുക
To affect / influence,أَثَّرَ عَلَى,സ്വധീനിക്കുക / ബാധിക്കുക
To change / alter,غَيَّرَ / عَدَّلَ,മാറ്റം വരുത്തുക
To adapt / adjust,تَكَيَّفَ / تَعَوَّدَ,ഇണങ്ങിപ്പോവുക
To improve,تَحَسَّنَ / طَوَّرَ,മെച്ചപ്പെടുക
To worsen,سَاءَ / تَدَهْوَرَ,മോശമാകുക
To develop,طَوَّرَ / نَمَّى,വികസിപ്പിക്കുക
To maintain / keep,حَافَظَ عَلَى,നിലനിർത്തുക
To protect / save,صَانَ / حَمَى,സംരക്ഷിച്ചു നിർത്തുത
To damage / spoil,أَتْلَفَ / أَفْسَدَ,കേടുവരുത്തുക
To ruin / destroy completely,دَمَّرَ بِالكَالِ,പാടെ നശിപ്പിക്കുക
To construct / erect,أَقَامَ / شَيَّدَ,നിർമ്മിക്കുക
To establish / found,أَسَّسَ / أَنْشَأَ,സ്ഥാപിക്കുക
To design,صَمَّمَ,രൂപകൽപ്പന ചെയ്യുക
To invent,إِخْتَرَعَ,കണ്ടുപിടിക്കുക
To create / make,صَنَعَ / ابْتَكَرَ,ഉണ്ടാക്കുക
To produce,أَنْتَجَ,ഉൽപ്പാദിപ്പിക്കുക
To supply / provide,زَوَّدَ / أَمَدَّ,നൽകുക / വിതരണം ചെയ്യുക
To serve,خَدَمَ,സേവനം ചെയ്യുക
To manage / run,أَدَارَ / إِدارَة,നിയന്ത്രിക്കുക / നടത്തുക
To direct / guide,وَجَّهَ / أَرْشَدَ,മാർഗ്ഗനിർദ്ദേശം നൽകുക
To supervise / oversee,أَشْرَفَ عَلَى,മേൽനോട്ടം വഹിക്കുക
To assign / appoint,عَيَّنَ / كَلَّفَ,ചുമതലപ്പെടുത്തുക / നിയമിക്കുക
To hire / employ,وَظَّفَ / إِسْتَأْجَرَ,ജോലിക്ക് എടുക്കുക
To fire / dismiss,فَصَلَ / طَرَدَ,പിരിച്ചുവിടുക
To resign,إِسْتَقَالَ,രാജി വെക്കുക
To retire,تَقَاعَدَ,വിരമിക്കുക
To earn (money/respect),كَسَبَ / إِكْتَسَبَ,സമ്പാദിക്കുക
To win (prize/competition),فَازَ بِـ / نَالَ,നേടുക / ജയിക്കുക
To lose (game/opportunity),خَسِرَ / ضَاعَ,കൈവിട്ടുപോവുക
To invest,إِسْتَثْمَرَ,നിക്ഷേപിക്കുക
To profit / gain,رَبِحَ,ലാഭം നേടുക
To suffer a loss,خَسِرَ,നഷ്ടം സംഭവിക്കുക
To trade / deal,تَاجَرَ / تَبَادَلَ,കച്ചവടം ചെയ്യുക
To export,صَدَّرَ,കയറ്റി അയക്കുക
To import,إِسْتَوْرَدَ,ഇറക്കുമതി ചെയ്യുക
To advertise,أَعْلَنَ عَنْ,പരസ്യം ചെയ്യുക
To negotiate,فَاوَضَ / تَنَاوَلَ,ചർച്ച നടത്തുക
To sign a contract,وَقَّعَ عَقْداً,കരാറിൽ ഒപ്പുവെക്കുക
To cancel / annul,ألْغَى / أبْطَلَ,റദ്ദാക്കുക
To delay / postpone,أَجَّلَ / أَخَّرَ,വൈകിപ്പിക്കുക / മാറ്റിവെക്കുക
To advance / speed up,قَدَّمَ / عَجَّلَ,മുമ്പോട്ടു കൊണ്ടുപോവുക
To schedule,جَدْوَلَ,സമയക്രമം നിശ്ചയിക്കുക
To confirm (appointment),أَكَّدَ Мَوْعِداً,ഉറപ്പാക്കുക
To attend (meeting/event),حَضَرَ,പങ്കെടുക്കുക
To miss (event/bus),فَاتَهُ / غَابَ عَنْ,നഷ്ടപ്പെടുക / വൈകുക
To participate,شَارَكَ / سَاهَمَ,പങ്കാളിയാകുക
To collaborate,تَعَاوَنَ,സഹകരിച്ചു പ്രവർത്തിക്കുക
To compete,تَنَافَسَ / سَابَقَ,മത്സരിക്കുക
To challenge,تَحَدَّى,വെല്ലുവിളിക്കുക
To overcome,تَغَلَّبَ عَلَى / تَجَاوَزَ,അതിജീവിക്കുക
To achieve / attain,حَقَّقَ / أَنْجَزَ,കൈവരിക്കുക / നേടുക
To fail to achieve,أَخْفَقَ / لَمْ يَحْظَ,നേടാൻ കഴിയാതെ പോവുക
To celebrate,إِحْتَفَلَ,ആഘോഷിക്കുക
To congratulate,هَنَّأَ / بَارَكَ,അഭിനന്ദിക്കുക
To honor / respect,كَرَّمَ / إِحْتَرَمَ,ആദരിക്കുക
To commemorate,إِحْتَفَى بِـ / إِحْيَاء ذِكْرَى,ഓർമ്മ പുതുക്കുക
To pray for / bless,دَعَا لِـ / بَارَكَ,അനുഗ്രഹിക്കുക / പ്രാർത്ഥിക്കുക
To curse,لَعَنَ,ശപിക്കുക
To swear / take an oath,حَلَفَ / أَقْسَمَ,സത്യം ചെയ്യുക
To admit / confess,إِعْتَرَفَ,സമ്മതിക്കുക / ഏറ്റുപറയുക
To apologize,إِعْتَذَرَ,ക്ഷമ ചോദിക്കുക
To forgive / pardon,عَفَا عَنْ / سَامَحَ,മാപ്പു നൽകുക
To reconcile,صَالَحَ / تَصَالَحَ,രമ്യതയിലാകുക
To separate / divorce,إِنْفَصَلَ / طَلَّقَ,വേർപിരിയുക / വിവാഹബന്ധം വേർപെടുത്തുക
To marry,تَزَوَّجَ,വിവാഹം കഴിക്കുക
To propose (marriage),خَطَبَ,വിവാഹഭ്യർത്ഥന നടത്തുക
To give birth,وَلَدَتْ / أَنْجَبَتْ,പ്രസവിക്കുക
To raise / rear (child),رَبَّى / نَشَّأَ,വളർത്തുക
To adopt (child),تَبَنَّى,ദത്തെടുക്കുക
To inherit,وَرِثَ,അനന്തരാവകാശമായി ലഭിക്കുക
To pass away / die,تُُوُفِّيَ / مَاتَ,മരണപ്പെടുക
To bury,دَفَنَ,അടക്കം ചെയ്യുക
To mourn,حَزِنَ / حَادَّ,ദുഃഖം ആചരിക്കുക
To comfort / sympathize,عَزَّى / وَاسَى,സഹതാപം അറിയിക്കുക
To construct / make,صَنَعَ,നിർമ്മിക്കുക
To test / try,إِخْتَبَرَ / جَرَّبَ,പരിശോധിക്കുക / പരീക്ഷിക്കുക
To inspect / examine,فَتَّشَ / فَحَصَ,തപാസിക്കുക / പരിശോധിക്കുക
To prove / demonstrate,أَثْبَتَ / بَرْهَنَ,തെളിയിച്ചു കാണിക്കുക
To disprove / refute,دَحَضَ / نَفَى,ഖണ്ഡിക്കുക / തെറ്റാണെന്ന് തെളിയിക്കുക
To research / investigate,بَحَثَ / حَقَّقَ,ഗവേഷണം നടത്തുക
To explore,إِسْتَكْشَفَ,കണ്ടെത്താൻ ശ്രമിക്കുക / പര്യവേക്ഷണം ചെയ്യുക
To observe / monitor,رَاقَبَ / لاَحَظَ,നിരീക്ഷിച്ചു കൊണ്ടിരിക്കുക
To track / follow up,تَتَبَّعَ / تَابَعَ,പിന്തുടർന്നു പരിശോധിക്കുക
To record / note down,دَوَّنَ / سَجَّلَ,കുറിച്ചുവെക്കുക
To report,أَبْلَغَ / رَفَعَ تَقْرِيراً,റിപ്പോർട്ട് ചെയ്യുക
To inform / notify,أَخْبَرَ / أَعْلَمَ,അറിയിക്കുക
To warn / alert,حَذَّرَ / نَبَّهَ,മുന്നറിയിപ്പ് നൽകുക
To remind someone,ذَكَّرَ فُلاَناً,ഒരാളെ ഓർമ്മിപ്പിക്കുക
To convince / persuade,أَقْنَعَ,വിശ്വസിപ്പിക്കുക
To encourage / inspire,إِلْهَام / شَجَّعَ,പ്രചോദിപ്പിക്കുക
To discourage,إِحْبَاط / ثَبَّطَ,നിരുത്സാഹപ്പെടുത്തുക
To influence,أَثَّرَ فِي,സ്വാധീനിക്കുക
To force / compel,أَجْبَرَ,ബലമായി ചെയ്യിക്കുക
To threaten,هَدَّدَ,ഭീഷണിപ്പെടുത്തുക
To blackmail,إِبْتَزَّ,ഭീഷണിപ്പെടുത്തി പണം തട്ടുക
To deceive / trick,خَدَعَ / المَكْر,വഞ്ചിക്കുക
To cheat / defraud,غَشَّ / إِحْتَالَ,തട്ടിപ്പ് നടത്തുക
To rob / plunder,سَلَبَ / نَهَبَ,കൊള്ളയടിക്കുക
To kidnap / abduct,خَطَفَ,തട്ടിക്കൊണ്ടുപോവുക
To arrest / detain,اعْتَقَلَ / قَبَضَ عَلَى,അറസ്റ്റ് ചെയ്യുക
To imprison / jail,سَجَنَ / حَبَسَ,തടവിലാക്കുക
To judge / sentence,حَكَمَ عَلَى,വിധിക്കുക (കോടതി)
To pardon / release,أَفْرَجَ عَنْ / عَفَا,മോചിപ്പിക്കുക
To sue / prosecute,قَاضَى / رَفَعَ دَعْوَى,കേസ് കൊടുക്കുക
To defend (in court),دَافَعَ عَنْ,വാദിക്കുക / പ്രതിരോധിക്കുക
To accuse / charge,إِتَّهَمَ,കുറ്റപ്പെടുത്തുക / കേസ് ചുമത്തുക
To suspect someone,إِشْتَبَهَ بِـ,ഒരാളെ സംശയിക്കുക
To investigate (crime),حَقَّقَ فِي,അന്വേഷണം നടത്തുക
To search (place/person),فَتَّشَ,സോദ ചെയ്യുക
To confess / admit guilt,إِعْتَرَفَ بِالذَّنْبِ,കുറ്റം ഏറ്റുപറയുക
To deny charges,أَنْكَرَ التُّهْمَةَ,കുറ്റം നിഷേധിക്കുക
To witness / testify,شَهِدَ,സാക്ഷി പറയുക
To sentence to death,حَكَمَ بِالإِعْدَامِ,വധശിക്ഷ വിധിക്കുക
To execute / carry out,نَفَّذَ,നടപ്പിലാക്കുക / നടപ്പാക്കുക
To escape prison,هَرَبَ مِنَ السِّجْنِ,ജയിൽ ചാടുക
To surrender to police,سَلَّمَ نَفْسَهُ,കീഴടങ്ങുക
To protect citizens,حَمَى المُواطِنِينَ,പൗരന്മാരെ സംരക്ഷിക്കുക
To save lives,أَنْقَذَ الأَرْوَاحَ,ജീവ രക്ഷിക്കുക
To extinguish fire,أَطْفَأَ النَّارَ,തീ അണയ്ക്കുക
To treat patients,عَالَجَ المَرْضَى,രോഗികളെ ചികിത്സിക്കുക
To perform surgery,أَجْرَى جِرَاحَةً,സർജറി ചെയ്യുക
To prescribe medicine,وَصَفَ العِلاَجَ,മരുന്ന് നൽകുക
To vaccinate / inject,طَعَّمَ / حَقَنَ,കുത്തിവെപ്പ് എടുക്കുക / വാക്സിൻ നൽകുക
To examine patient,فَحَصَ المَرِيضَ,രോഗിയെ പരിശോധിക്കുക
To diagnose disease,شَخَّصَ المَرَضَ,രോഗം നിർണ്ണയിക്കുക
To prevent infection,مَنَعَ العَدْوَى,അണുബാധ തടയുക
To spread (disease),إِنْتَشَرَ,പടരുക (രോഗം)
To isolate / quarantine,عَزَلَ,ക്വാറന്റൈൻ ചെയ്യുക / മാറ്റിപ്പാർപ്പിക്കുക
To recover completely,شُفِيَ تَمَاماً,പൂർണ്ണമായി സുഖപ്പെടുക
To suffer from illness,عَانَى مِنَ المَرَضِ,രോഗം കൊണ്ട് കഷ്ടപ്പെടുക
To faint / lose consciousness,فَقَدَ الوَعْيَ,ബോധം കെട്ടുവീഴുക
To regain consciousness,إِسْتَعَادَ الوَعْيَ,ബോധം തിരികെ ലഭിക്കുക
To bleed heavily,نَزَفَ بِشِدَّةٍ,കഠിനമായി രക്തം വരിക
To bandage / dress wound,ضَمَّدَ الجُرْحَ,മുറിവ് വെച്ചുകെട്ടുക
To operate a vehicle,شَغَّلَ المَرْكَبَةَ,വാഹനം പ്രവർത്തിപ്പിക്കുക
To steer / drive,قَادَ / وَجَّهَ,സ്റ്റിയറിംഗ് തിരിക്കുക / ഓടിക്കുക
To brake / stop vehicle,فَرْمَلَ / ضَغَطَ المَكَابِحَ,ബ്രേക്ക് ഇടുക
To accelerate / speed up,سَرَّعَ / زَادَ السُّرْعَةَ,വേഗത കൂട്ടുക
To slow down vehicle,خَفَّضَ السُّرْعَةَ,വേഗത കുറയ്ക്കുക
To park (car),أَوْقَفَ / رَكَنَ السَّيَّارَةَ,പാർക്ക് ചെയ്യുക
To reverse (car),تَرَاجَعَ إِلَى الخَلْفِ,റിവേഴ്സ് എടുക്കുക
To overtake (car),تَجَاوَزَ / تَخَطَّى,ഓവർടേക്ക് ചെയ്യുക
To crash / collide,إِصْطَدَمَ / تَصَادَمَ,കൂട്ടിയിടിക്കുക
To overturn / capsize,إِنْقَلَبَتِ السَّيَّارَةُ,മറിയുക (വാഹനം)
To repair vehicle,صَلَّحَ المَرْكَبَةَ,വാഹനം റിപ്പയർ ചെയ്യുക
To refuel / fill gas,زَوَّدَ بِالوُقُودِ,ഇന്ധനം അടിക്കുക
To wash car,غَسَلَ السَّيَّارَةَ,കാർ കഴുകുക
To board (bus/train/plane),رَكِبَ / صَعِدَ إِلَى,കയറുക (ബസ്സ്/ട്രെയിൻ)
To disembark / get off,نَزَلَ مِنْ,ഇറങ്ങുക
To take off (airplane),أَقْلَعَتِ الطَّائِرَةُ,ടേക്ക് ഓഫ് ചെയ്യുക (വിമാനം)
To land (airplane),هَبَطَتِ الطَّائِرَةُ,ലാൻഡ് ചെയ്യുക (വിമാനം)
To fly a plane,قَادَ الطَّائِرَةَ,വിമാനം പറത്തുക
To sail a ship,أَبْحَرَ / قَادَ السَّفِينَةَ,കപ്പൽ ഓടിക്കുക
To sink (ship),غَرِقَتِ السَّفِينَةُ,മുങ്ങിപ്പോവുക (കപ്പൽ)
To float on water,طَفَا عَلَى المَاءِ,വെള്ളത്തിൽ പൊങ്ങിനിൽക്കുക
To dive into water,غَاصَ فِي المَاءِ,ഡൈവ് ചെയ്യുക / മുങ്ങാംകുഴി ഇടുക
To row a boat,جَدَّفَ,തുഴയുക
To anchor (ship),أَرْسَى السَّفِينَةَ,നങ്കൂരമിടുക
To cross (road/river),عَبَرَ / عَبَرَ الطَّرِيقَ,റോഡ്/നദി മുറിച്ചുകടക്കുക
To block (road),سَدَّ الطَّرِيقَ / عَرَّقَلَ,വഴി തടസ്സപ്പെടുത്തുക
To clear (road/obstacle),إِزَالَةُ العَقَبَاتِ,തടസ്സം മാറ്റുക
To pave road,رَصَفَ الطَّرِيقَ,റോഡ് ടാർ ചെയ്യുക / നിർമ്മിക്കുക
To build bridge,بَنَى جِسْراً,പാലം പണിയുക
To dig a hole/well,حَفَرَ بِئْراً / حُفْرَةً,കുഴിയെടുക്കുക / കിണർ കുഴിക്കുക
To plant trees,غَرَسَ الأَشْجَارَ,മരങ്ങൾ നടുക
To water plants,سَقَى النَّبَاتَاتِ,ചെടികൾക്ക് നനയ്ക്കുക
To harvest crops,حَصَدَ المَحَاصِيلَ,വിളവെടുക്കുക
To plow the field,حَرَثَ الأَرْضَ,നിലം ഉഴുതുമറിക്കുക
To sow seeds,بَذَرَ البُذُورَ,വിത്ത് വിതറുക
To breed animals,رَبَّى المَوَاشِيَ,മൃഗങ്ങളെ വളർത്തുക
To milk a cow,حَلَبَ البَقَرَةَ,പശുവെ കറക്കുക
To feed animals,أَطْعَمَ الحَيَوَانَاتِ,തീറ്റ കൊടുക്കുക
To slaughter animal,ذَبَحَ الحَيَوَانَ,അറുക്കുക (മൃഗങ്ങളെ)
To hunt animals,صَادَ الحَيَوَانَاتِ,വേട്ടയാടുക
To catch fish,صَادَ الأَسْمَاكَ,മീൻ പിടിക്കുക
To cook meal,إِعْدَادُ الطَّعَامِ / طَبَخَ,ഭക്ഷണം ഉണ്ടാക്കുക
To set the table,رَتَّبَ الطَّاوِلَةَ,മേശ ഒരുക്കുക
To serve food,قَدَّمَ الطَّعَامَ,ഭക്ഷണം വിളമ്പുക
To clear the table,نَظَّفَ الطَّاوِلَةَ,മേശ വൃത്തിയാക്കുക
To wash dishes,غَسَلَ الأَطْبَاقَ,പാത്രങ്ങൾ കഴുകുക
To dry dishes,جَفَّفَ الأَطْبَاقَ,പാത്രങ്ങൾ തുടയ്ക്കുക
To order food (restaurant),طَلَبَ الطَّعَامَ,ഓർഡർ ചെയ്യുക
To pay bill,دَفَعَ الحِسَابَ,ബില്ല് അടയ്ക്കുക
To leave a tip,تَرَكَ بَقْشِيشاً,ടിപ്പ് നൽകുക
To taste good,كَانَ لَذِيذاً,നല്ല രുചിയുണ്ടാകുക
To taste bad,كَانَ سَيِّئَ الطَّعْمِ,മോശം രുചിയുണ്ടാകുക
To spoil (food),فَسَدَ الطَّعَامُ,ഭക്ഷണം കേടാകുക
To preserve food,حَفِظَ الطَّعَامَ,ഭക്ഷണം കേടുകൂടാതെ സൂക്ഷിക്കുക
To freeze food,جَمَّدَ الطَّعَامَ,ഫ്രീസ് ചെയ്യുക
To heat / warm food,سَخَّنَ الطَّعَامَ,ഭക്ഷണം ചൂടാക്കുക
To cool down food,بَرَّدَ الطَّعَامَ,ആറ്റുക / തണുപ്പിക്കുക
To chop vegetables,قَطَّعَ الخُضَارَ,പച്ചക്കറികൾ അരിയുക
To peel fruit,قَشَّرَ الفَاكِهَةَ,തോൽ കളയുക
To stir / mix food,حَرَّكَ / خَلَطَ,ഇളക്കുക (ഭക്ഷണം)
To boil water,غَلَى المَاءَ,വെള്ളം തിളപ്പിക്കുക
To pour drink,سَكَبَ المَشْرُوبَ,ജ്യൂസ്/വെള്ളം ഒഴിക്കുക
To add salt/sugar,أَضَافَ المِلْحَ/السُّكَّرَ,ഉപ്പ്/പഞ്ചസാര ഇടുക
To knead dough,عَجَنَ العَجِينَةَ,മാവ് കുഴക്കുക
To roll out dough,فَرَدَ العَجِينَ,മാവ് പരത്തുക
To bake bread,خَبَزَ الخُبْزَ,റൊട്ടി ചുട്ടെടുക്കുക
To fry fish/meat,قَلَى السَّمَكَ/اللَّحْمَ,മീൻ/ഇറച്ചി വറുക്കുക
To grill meat,شَوَى اللَّحْمَ,ഇറച്ചി ഗ്രിൽ ചെയ്യുക
To steam food,طَبَخَ عَلَى البُخَارِ,ആവിയിൽ വേവിക്കുക
To filter / strain water,صَفَّى المَاءَ,വെള്ളം അരിച്ചെടുക്കുക
To store in fridge,وَضَعَ فِي الثَّلاَّجَةِ,ഫ്രിഡ്ജിൽ വെക്കുക
To light a candle/fire,أَشْعَلَ الشَّمْعَةَ/النَّارَ,മെഴുകുതിരി/തീ കത്തിക്കുക
To blow out candle,أَطْفَأَ الشَّمْعَةَ بِالنَّفْخِ,മെഴുകുതിരി ഊതി അണയ്ക്കുക
To shine (sun/light),أَشْرَقَتِ الشَّمْسُ,സൂര്യൻ പ്രകാശിക്കുക
To set (sun),غَرَبَتِ الشَّمْسُ,സൂര്യൻ അസ്തമിക്കുക
To rain heavy,أَمْطَرَتْ بِغَزَارَةٍ,കനത്ത മഴ പെയ്യുക
To blow (strong wind),هَبَّتِ الرِّيحُ,ശക്തമായ കാറ്റടിക്കുക
To thunder,رَعَدَتِ السَّمَاءُ,ഇടിമിന്നലുണ്ടാകുക
To flash (lightning),بَرَقَتِ السَّمَاءُ,മിന്നലുണ്ടാകുക
To freeze (weather),تَجَمَّدَ الطَّقْسُ,കഠിനമായി തണുക്കുക
To melt (ice/snow),ذَابَ الثَّلْجُ,മഞ്ഞ് ഉരുകുക
To flow (river),جَرَى النَّهْرُ / فَالَ,പുഴ ഒഴുകുക
To flood / overflow,فَاضَ المَاءُ / إِذَا فَالَ,വെള്ളപ്പൊക്കം ഉണ്ടാകുക
To shake (earthquake),زُلْزِلَتِ الأَرْضُ,ഭൂകമ്പം ഉണ്ടാകുക
To blow dust,ثَارَ الغُبَارُ,പൊടിക്കാറ്റടിക്കുക
To change seasons,تَغَيَّرَتِ الفُصُولُ,ഋതുക്കൾ മാറുക
To rise (moon/star),طَلَعَ القَمَرُ,ചന്ദ്രൻ ഉദിക്കുക
To eclipse (sun/moon),خَسَفَ / كَسَفَ,ഗ്രഹണം ഉണ്ടാകുക
To bloom (flower),تَفَتَّحَتِ الزَّهْرَةُ,പൂവ് വിരിയുക
To wither / fade (plant),ذَبُلَتِ النَّبَاتَاتُ,ഇലകൾ/ചെടികൾ വാടുക
To grow tall (tree),نَمَتِ الشَّجَرَةُ,മരം വളരുക
To drop leaves (autumn),تَسَاقَطَتِ الأَوْرَاقُ,ഇലകൾ പൊഴിയുക
To bear fruit,أَثْمَرَتِ الشَّجَرَةُ,കായ്ക്കുക / ഫലം തരുക
To chirp (birds),غَرَّدَتِ الطُّيُورُ,പക്ഷികൾ ചിലയ്ക്കുക
To roar (lion),زَأَرَ الأَسَدُ,സിംഹം ഗർജ്ജിക്കുക
To bark (dog),نَبَحَ الكَلْبُ,നായ കുരയ്ക്കുക
To meow (cat),مَوَّتِ القِطَّةُ,പൂച്ച മ്യാവൂ പറയുക
To neigh (horse),صَهَلَ الحِصَانُ,കുതിര കറങ്ങുക / കരയുക
To bray (donkey),نَهَقَ الحِمَارُ,കഴുത കരയുക
To bleat (sheep/goat),ثَغَتِ الشَّاةُ,ആട് കരയുക
To moo (cow),خَارَتِ البَقَرَةُ,പശു അലറുക / കരയുക
To crow (rooster),صَاحَ الدِّيكُ,പൂവൻകോഴി കൂവുക
To buzz (bee/fly),طَنَّتِ النَّحْلَةُ,ഈച്ച/തേനീച്ച മൂളുക
To hiss (snake),فَحَّتِ الأَفْعَى,പാമ്പ് ചീറ്റുക
To howl (wolf),عَوَى الذِّئْبُ,ചെന്നായ് ഓലിയിടുക
To croak (frog),نَقَّتِ الضَّفْدَعُ,തവള കരയുക
To fly high (eagle),حَلَّقَ النَّسْرُ,പരുന്ത് ഉയരത്തിൽ പറക്കുക
To swim deep (fish),سَبَحَتِ السَّمَكَةُ,മീൻ ആഴത്തിൽ നീന്തുക
To crawl (snake/insect),زَحَفَ / زَحَفَتْ,ഇഴയുക
To run fast (cheetah),جَرَى بِسُرْعَةٍ,വേഗത്തിൽ ഓടുക
To jump high (kangaroo),قَفَزَ عَالِياً,ഉയരത്തിൽ ചാടുക
To hide in cave,إِخْتَبَأَ فِي الكَهْفِ,ഗുഹയിൽ ഒളിക്കുക
To hunt prey,إِفْتَرَسَ / صَادَ الفَرِيسَةَ,ഇര തേടുക / വേട്ടയാടുക
To build nest (bird),بَنَى العُشَّ,കൂട് പണിയുക
To lay eggs,بَاضَتْ,മുട്ടയിടുക
To hatch eggs,فَقَسَتِ البَيْضَةُ,മുട്ട വിരിയിക്കുക
To feed chicks,أَطْعَمَتِ صِغَارَهَا,കുഞ്ഞുങ്ങൾക്ക് തീറ്റ കൊടുക്കുക
To protect young,حَمَتْ صِغَارَهَا,കുഞ്ഞുങ്ങളെ സംരക്ഷിക്കുക
To migrate (birds),هَاجَرَتِ الطُّيُورُ,ദേശാടനം ചെയ്യുക
To hibernate,إِسْتَكَنَ / بَيَات شَتَوِي,ശീതകാല ഉറക്കത്തിലാകുക
To adapt to environment,تَكَيَّفَ مَعَ البِيئَةِ,പാരിസ്ഥിതികമായി ഇണങ്ങുക
To survive in wild,بَقِيَ عَلَى قَيْدِ الحَيَاةِ,കാട്ടിൽ അതിജീവിക്കുക
To become extinct,إِنْقَرَضَ,വംശനാശം സംഭവിക്കുക
To seize (chance),إِنْتَهَزَ,അവസരം മുതലാക്കുക
To break / be broken,إِنْكَسَرَ,പൊട്ടുക
To cut off / disconnect,إِنْقََطَعَ,മുറിഞ്ഞുപോകുക
To join / merge,إِنْضَمَّ,ഉൾപ്പെടുക
To set off / launch,إِنْطَلَقَ,പുറപ്പെടുക
To reflect / be reflected,إِنْعَكَسَ,പ്രതിഫലിക്കുക
To decrease / drop,إِنْخَفَضَ,കുറയുക
To be busy / occupied,إِنْشَغَلَ,തിരക്കിലാകുക
To care / be interested,إِهْتَمَّ,ശ്രദ്ധിക്കുക
To shake / vibrate,إِهْتَزَّ,കുലുങ്ങുക
Papa / Dad,بَابَا,പപ്പ / അച്ഛൻ
Girl / Daughter,بِنْت,പെൺകുട്ടി / മകൾ
Girls / Daughters,بَنَات,പെൺകുട്ടികൾ / മക്കൾ
Sons / Children,بَنُونَ,ആൺമക്കൾ / മക്കൾ
Mankind / Human,بَشَر,മനുഷ്യൻ
Husband / Lord,بَعْل,ഭർത്താവ്
Hero / Champion,بَطَل,നായകൻ / വീരൻ
Heroine,بَطَلَة,നായിക
Santa Claus,بَابَا نُوِيل,സാന്താക്ലോസ്
Postman,بَرِيدِيّ,തപാലുകാരൻ
Cow,بَقَرَة,പശു
Cows,بَقَر,പശുക്കൾ
Duck,بَطَّة,താറാവ്
Ducks,بَطّ,താറാവുകൾ
Parrot,بَبَّغَاء,തത്ത
Mule,بَغْل,കോവർകഴുത
Owl,بُومَة,മൂങ്ങ
Mosquito,بَعُوضَة,കൊതുക്
Flea,بَرَغُوث,ചെള്ള്
Chameleon,بُوحَاء,ഓന്ത്
Panther / Leopard,بَغِيل,പുള്ളിപ്പുലി
Sea lion / Seal,بَطْرِيق,കടൽനായ
Sea cow / Dugong,بَقَرُ البَحْر,കടൽപ്പശു
Bedbug,بَقّ,മൂട്ട
Camels (herd),بَعِير,ഒട്ടകക്കൂട്ടം
Sheep (pl.),بَهَائِم,ആടുകൾ
Wild animal,بَهْمَة,കാട്ടുമൃഗം
Falcon / Hawk,بَاز,പരുന്ത്
Nightjar / Nighthawk,بَبَغَاءُ اللَّيْل,രാപ്പക്ഷി
Albino animal,بَاقُور,വെളുത്ത മൃഗം
Belly / Stomach,بَطْن,വയർ
Skin / Complexion,بَشَرَة,ചർമ്മം / തോൽ
Sight / Vision,بَصَر,കാഴ്ച
Throat / Voice box,بَلْعُوم,തൊണ്ട
Phlegm / Mucus,بَلْغَم,കഫം
Urine,بَوْل,മൂത്രം
Fingerprint,بَصْمَة,വിരലടയാളം
Groin / Armpit,إِبْط,കക്ഷം / ഇടുപ്പ്
Armpit,إِبْط,കക്ഷം
Pupil of eye,بُؤْبُؤ,കണ്ണിലെ കൃഷ്ണമണി
Glans / Tip,بَضَعَة,അഗ്രം
Arm / Forearm,بَاع,കൈമുട്ട് / ബാഹു
Body / Torso,بَدَن,ശരീരം
Pimple / Zit,بَثْرَة,കുരു
Sperm / Seed,بَذْرَةُ المَنِيّ,ബീജം
Egg,بَيْضَة,മുട്ട
Eggs,بَيْض,മുട്ടകൾ
Watermelon,بِطِّيخ,തണ്ണിമത്തൻ
Orange,بُرْتُقَال,ഓറഞ്ച്
Potato,بَطَاطِس,ഉരുളക്കിഴങ്ങ്
Onion,بَصَل,സവാള / ഉള്ളി
Okra / Ladyfinger,بَامِيَة,വെണ്ടയ്ക്ക
Eggplant,بَاذِنْجَان,വഴുതനങ്ങ
Parsley,بَقْدُونَس,മല്ലിയില / പാര്സ്ലി
Spices / Seasoning,بُهَارَات,മസാലകൾ
Ice cream,بُوظَة,ഐസ്ക്രീം
Biscuits / Cookies,بَسْكَوِيت,ബിസ്കറ്റ്
Coffee bean / Coffee,بُنّ,കാപ്പിക്കുരു / കാപ്പി
Legumes / Pulses,بُقُول,പയറുവർഗ്ഗങ്ങൾ
Pastry / Bakery goods,بَتِيفُور,ബേക്കറി പലഹാരങ്ങൾ
Plum / Prune,بَرْقُوق,പ്ലം പഴം
Bean / Fava bean,بَاقِلاَء,പയർ / ബീൻസ്
Citrus / Bitter orange,بُشْرَى,നാരങ്ങ വർഗ്ഗം
Wheat / Grain,بُرّ,ഗോതമ്പ് / ധാന്യം
Cold drink / Soda,بَارِد,തണുത്ത പാനീയം
Seed,بَذْرَة,വിത്ത്
Seeds,بُذُور,വിത്തുകൾ
Garden / Orchard,بُسْتَان,തോട്ടം
Petal / Bud,بَتَلَة,പൂവിതൾ / മുകുളം
Bamboo,بَامْبُو,മുള
Sprout / Shoot,بُرْعُم,മുളച്ച ഇല
Oak / Acorn tree,بَلُّوط,ഓക്ക് മരം
Herbal plant / Herb,بَقْلَة,മൂലിക / പച്ചമരുന്ന്
Papyrus,بَرْدِيّ,പപ്പൈറസ് ചെടി
Chamomile,بَابُونِج,ചാമോമൈൽ പൂവ്
Forest / Jungle,بِيئَةٌ حَرَشِيَّة,കാട്
Vegetation / Greens,بَسَاتِين,പച്ചപ്പ്
Lotus,بَشْنِين,താമര
Rattan / Cane,بُوص,ചൂരൽ
Basin of plant,بُقْعَةُ النَّبَات,ചെടിച്ചട്ടി / തടം
Sea / Ocean,بَحْر,കടൽ
Seas,بِحَار,കടലുകൾ
Lake,بُحَيْرَة,തടാകം
Steam / Vapor,بُخَار,ആവി
Lightning,بَرْق,മിന്നൽ
Hail / Coldness,بَرَد,ആലിപ്പഴം
Volcano,بُرْكَان,അഗ്നിപർവ്വതം
Land / Countryside,بَرّ,കര / മരുഭൂമി
Puddle / Pond,بِرْكَة,കുളം / വെള്ളക്കെട്ട്
Well (Water),بِئْر,കിണർ
Swamp / Marsh,بُطْحَة,ചതുപ്പ്
Ocean,بَحْرٌ أَعْظَم,മഹാസമുദ്രം
Glacier / Ice,بَرَدِيَّة,മഞ്ഞുപാളി
Plain / Field,بَقْعَة,സമതലം
Environment / Habitat,بِيئَة,പരിസ്ഥിതി
With / In / By,بِـ,കൊണ്ട് / ഇൽ
Between,بَيْنَ,ഇടയിൽ
After,بَعْدَ,ശേഷം
Beside / Next to,بِجَانِبِ,അടുത്ത്
Without,بِدُونِ,കൂടാതെ / ഇല്ലാതെ
Because of,بِسَبَبِ,കാരണം
Instead of,بَدَلاً مِنْ,പകരം
Despite / Although,بِالرَّغْمِ مِنْ,എങ്കിലും
Inside / Within,بِدَاخِلِ,അകത്ത്
By means of / Via,بِوَاسِطَةِ,വഴി / മുഖേന
Early,بَكِير / بُكْرَة,നേരത്തെ
Slowly,بِبُطْء,പതുക്കെ
Hardly / Barely,بِصُعُوبَة,വിഷമത്തോടെ
Easily,بِسُهُولَة,എളുപ്പത്തിൽ
Quickly / Fast,بِسُرْعَة,വേഗത്തിൽ
Directly / Straight,مُبَاشَرَةً,നേരിട്ട്
Together,مَعاً,ഒരുമിച്ച്
Always / Forever,بِاسْتِمْرَار,എപ്പോഴും
Tomorrow,بُكْرَة,നാളെ
Clearly,بِوُضُوح,വ്യക്തമായി
Tomorrow,بُكْرَة,നാളെ
Early morning,بُكْرَة / بُكُور,പ്രഭാതം
Dawn / Morning,بَاكِر,പുലർച്ചെ
Unseasonable time,بَعْدَ إِبَّانِهِ,അവസരമില്ലാത്ത സമയം
Duration / Period,بُرْهَة,കാലയളവ്
Moment / Instant,بُرْهَةٌ وَجِيزَة,നിമിഷം
Eternity / Forever,بَقَاء,എന്നേക്കും
Suit / Outfit,بَدْلَة,സൂട്ട് / കോട്ട്
Pants / Trousers,بَنْنَطَلُون,പാന്റ്സ്
Pyjamas,بِجَامَة,പൈജാമ
Overalls / Jumpsuit,بَدْلَةٌ كَامِلَة,ജമ്പ് സൂട്ട്
Burqa / Veil,بُرْقُع,പർദ്ദ / ബുർഖ
Boots,بَسْتَار,ബൂട്ട്സ് ഷൂസ്
Beret / Cap,بَرِيه,തൊപ്പി
Fabric / Cloth,بَزّ,തുണി
Brown,بُنِّي,തവിട്ടുനിറം
Pink,بِمْبِي,പിങ്ക് നിറം
Purple / Violet,بَنَفْسَجِي,പർപ്പിൾ നിറം
Orange color,بُرْتُقَالِي,ഓറഞ്ച് നിറം
Beige color,بِيج,ബീജ് നിറം
Burgundy color,بُرْغُنْدِي,ബർഗണ്ടി നിറം
Joy / Good news,بُشْرَى,സന്തോഷവാർത്ത
Joy / Happiness,بَهْجَة,സന്തോഷം
Hatred / Enmity,بَغْضَاء,വെറുപ്പ് / ശത്രുത
Heroism / Bravery,بَطُولَة,ധീരത
Misery / Distress,بُؤْس,കഷ്ടപ്പാട്
Cool / Cold,بَارِد,തണുത്ത
Far / Distant,بَعِيد,ദൂരെയുള്ള
Innocent,بَرِيء,തെറ്റില്ലാത്ത / നിഷ്കളങ്കൻ
Simple / Easy,بَسِيط,ലളിതമായ
Stingy / Miserly,بَخِيل,പിശുക്കനായ
Slow,بَطِيء,പതുക്കെയുള്ള
Brave / Heroic,بَاسِل,ധീരനായ
Obvious / Evident,بَاهِر,വ്യക്തമായ
Elegance / Splendor,بَهِيج,മനോഹരമായ
Remaining / Leftover,بَاقٍ / بَاقِيَة,ബാക്കിയുള്ള
Mute / Dumb,أَبْكَم / بَكْمَاء,സംസാരശേഷിയില്ലാത്ത
Barren / Arid,بُور,വറണ്ട / വരണ്ട
Promising / Good,بَشِير,ശുഭപ്രതീക്ഷയുള്ള
Bright / Shining,بَرَّاق,തിളക്കമുള്ള
Plain / Unadorned,بَحْت,സാധാരണയായ
Door / Gate / Chapter,بَاب,വാതിൽ / അധ്യായം
House / Poetry verse,بَيْت,വീട് / കവിതാവരി
Country / Land,بَلَد,രാജ്യം / നാട്
Goods / Merchandise,بَضَاعَة,സാധനങ്ങൾ / ചരക്ക്
Mail / Post,بَرِيد,തപാൽ / പോസ്റ്റ്
Program / Software,بَرْنَامَج,പ്രോഗ്രാം
Tower / Zodiac sign,بُرْج,ടവർ / ഗോപുരം
Proof / Evidence,بُرْهَان,തെളിവ്
Pistol / Gun,بُنْدُقِيَّة,തോക്ക്
Card / Tag,بِطَاقَة,കാർഡ് / ടാഗ്
Suitcase / Trunk,بَقْشَة,പെട്ടി
Steamship / Liner,بَاخِرَة,കപ്പൽ
Petroleum / Oil,بَتْرُول,പെട്രോളിയം
Building / Structure,بِنَاء,കെട്ടിടം
Invention,إِبْتِكَار,കണ്ടുപിടുത്തം
Infrastructure,بُنْيَةٌ تَحْتِيَّة,അടിസ്ഥാന സൗകര്യം
Declaration / Statement,بَيَان,പ്രസ്താവന
Environment,بِيئَة,പരിസ്ഥിതി
Protocol / Code,بَرُوتُوكُول,പ്രോട്ടോക്കോൾ
Patent,بَرَاءَةُ إِخْتِرَاع,പേറ്റന്റ്
Mosque / Shrine,بُقْعَةٌ مُقَدَّسَة,മസ്ജിദ്
Spot / Stain,بُقْعَة,പുള്ളി / കറ
Grocer / Pantry,بَقَّالَة,പലചരക്ക് കട
Parachute,بَارَاشُوت,പാരഷൂട്ട്
Compass,بُوصَلَة,ദിശാസൂചി
Pipe / Tube,بُورِيّ,പൈപ്പ്
Stock exchange / Bourse,بُورْصَة,ഓഹരി വിപണി
Volcano,بُرْكَان,അഗ്നിപർവ്വതം
Battery,بَطَّارِيَّة,ബാറ്ററി
Blanket,بَطَّانِيَّة,പുതപ്പ്
To begin / start,بَدَأَ,തുടങ്ങുക
To search / look for,بَحَثَ,അന്വേഷിക്കുക
To sell,بَاعَ,വില്ക്കുക
To build / construct,بَنَى,പണിയുക
To remain / stay,بَقِيَ,നിലനിൽക്കുക
To appear / seem,بَدَا,കാണപ്പെടുക
To smile,بَتَسَمَ / إِبْتَسَمَ,പുഞ്ചിരിക്കുക
To innovate / invent,إِبْتَكَرَ,കണ്ടുപിടിക്കുക
To swallow,بَلَعَ,വിഴുങ്ങുക
To reach / arrive,بَلَغَ,എത്തുക
To send / dispatch,بَعَثَ,അയക്കുക
To cry / weep,بَكَى,കരയുക
To spit,بَصَقَ,തുപ്പുക
To change / replace,بَدَّلَ,മാറ്റുക
To spend / exert,بَذَلَ,ചിലവഴിക്കുക
To inform / convey news,بَشَّرَ,സന്തോഷവാർത്ത അറിയിക്കുക
To gladden / delight,بَهَجَ,സന്തോഷിപ്പിക്കുക
To shine / sparkle,بَرَقَ,തിളങ്ങുക
To prove / demonstrate,بَرَهَنَ,തെളിയിക്കുക
To scatter / disperse,بَعْثَرَ,വിതറുക
To bless,بَارَكَ,അനുഗ്രഹിക്കുക
To initiate / hasten,بَادَرَ,മുമ്പോട്ടുവരിക
To exaggerate,بَالَغَ,അതിശയോക്തി പറയുക
To pledge allegiance,بَايَعَ,അനുസരണപ്രതിജ്ഞ ചെയ്യുക
To distance oneself,بَاعَدَ,അകന്നുനിൽക്കുക
To keep away,بَعَّدَ,അകറ്റുക
To simplify,بَسَّطَ,ലളിതമാക്കുക
To clarify / explain,بَيَّنَ,വ്യക്തമാക്കുക
To inform / notify,بَلَّغَ,അറിയിക്കുക
To cool down,بَرَّدَ,തണുപ്പിക്കുക
To justify / acquit,بَرَّرَ,ന്യായീകരിക്കുക
To crystallize,بَلْوَرَ,വ്യക്തമാകുക
To adopting an idea,إِبْتَلَعَ,സ്വീകരിക്കുക
To walk proudly / strut,بَغْدَدَ,ഗമയിൽ നടക്കുക
To start first,إِبْتَدَأَ,ആദ്യം തുടങ്ങുക
To smile broadly,إِبْتَسَمَ,പുഞ്ചിരിക്കുക
To test / afflict,إِبْتَلَى,പരീക്ഷിക്കുക
To get wet / soaked,إِبْتَلَّ,നനയുക
To extort / blackmail,إِبْتَزَّ,ഭീഷണിപ്പെടുത്തുക
To move away,إِبْتَعَدَ,അകന്നുപോവുക
To be delighted,إِبْتَهَجَ,സന്തോഷിക്കുക
To pray humbly / beseech,إِبْتَهَلَ,പ്രാർത്ഥിക്കുക
To buy / purchase,إِبْتَاعَ,വാങ്ങുക
To test / trial,إِبْتُلِيَ,പരീക്ഷിക്കപ്പെടുക
To invent / originate,إِبْتَدَعَ,പുതിയത് ഉണ്ടാക്കുക
To swallow up,إِبْتَلَعَ,വിഴുങ്ങുക
To smile softly,إِبْتَسَمَ خَفِيفاً,മൃദുവായി പുഞ്ചിരിക്കുക
To stay away from,إِبْتَعَدَ عَنْ,വിട്ടുനിൽക്കുക
To keep distance,إِبْتَعَدَ كَثِيراً,അകലം പാലിക്കുക
To start again,إِبْتَدَأَ مِنْ جَدِيد,വീണ്ടും തുടങ്ങുക
To show joy,إِبْتَهَجَ بِـ,സന്തോഷം പ്രകടിപ്പിക്കുക
To pray earnestly,إِبْتَهَلَ إِلَى الله,ആത്മാർത്ഥമായി പ്രാർത്ഥിക്കുക
To buy goods,إِشْتَرَى / إِبْتَاعَ,സാധനങ്ങൾ വാങ്ങുക
To swallow whole,إِبْتَلَعَ كَالِماً,മുഴുവനായി വിഴുങ്ങുക
To innovate daily,إِبْتَكَرَ يَوْمِيًّا,ദിനംപ്രതി കണ്ടുപിടിക്കുക
To extortion / force,إِبْتَزَّ المَال,നിർബന്ധിച്ച് വാങ്ങുക
To move back,إِبْتَعَدَ إِلَى الخَلْف,പിന്നോട്ട് മാറുക
To spread out / extend,بَسَطَ,പരത്തുക
To cut / sever,بَتَرَ,മുറിച്ചുമാറ്റുക
To look attentively / gaze,بَصُرَ,ഉറ്റുനോക്കുക
To oppress / transgress,بَغَى,അതിക്രമം കാണിക്കുക
To surprise / overtake,بَغَتَ,പെട്ടെന്ന് വന്നെത്തുക
To stay / abide,قَطَنَ / بَقِيَ,താമസിക്കുക
To excel / surpass,بَرَعَ,മികച്ചുനിൽക്കുക
To heal / cure,بَرِئَ,സുഖപ്പെടുക
To sharpen (pencil),بَرَى,സീവുക / മൂർച്ച കൂട്ടുക
To emerge / stand out,بَرَزَ,പുറത്തുവരിക
To grow cold / freeze,بَرَدَ,തണുക്കുക
To file / polish metal,بَرَدَ المَعْدِن,അരയ്ക്കുക / മിനുക്കുക
To prove innocence,بَرَّأَ,കുറ്റവിമുക്തനാക്കുക
To show out / display,أَبْرَزَ,പ്രദർശിപ്പിക്കുക
To ratify / confirm,أَبْرَمَ,അംഗീകരിക്കുക
To heal (wound),إِنْدَمَلَ / بَرِئَ,ഉണങ്ങുക (മുറിവ്)
To shine bright,بَرَقَ شَدِيداً,ശോഭിക്കുക
To excel in studies,بَرَعَ فِي الدِّرَاسَة,പഠനത്തിൽ മിടുക്കനാകുക
To sharpen pencil,بَرَى القَلَم,പെൻസിൽ സീവുക
To emerge clearly,بَرَزَ بِوُضُوح,വ്യക്തമായി പുറത്തുവരിക
To reach adulthood,بَلَغَ أَشُدَّهُ,പ്രായപൂർത്തിയാകുക
To inform everyone,بَلَّغَ الجَمِيع,എല്ലാവരെയും അറിയിക്കുക
To wet slightly,بَلَّ,ലൈറ്റായി നനയ്ക്കുക
To soak completely,بَلَّلَ,നന്നായി നനയ്ക്കുക
To achieve goal,بَلَغَ الهَدَف,ലക്ഷ്യത്തിൽ എത്തുക
To deliver message,بَلَّغَ الرِّسَالَة,സന്ദേശം എത്തിക്കുക
To reach limit,بَلَغَ الحَدّ,അതിർത്ഥിയിൽ എത്തുക
To be articulate,بَلُغَ,വ്യക്തമായി സംസാരിക്കുക
To wear out / decay,بَلِيَ,പഴകുക
To test / try severely,بَلاَ,പരീക്ഷിക്കുക
To build a home,بَنَى بَيْتاً,വീട് പണിയുക
To establish foundation,بَنَى الأَسَاس,അടിത്തറ ഇടുക
To adopt son,تَبَنَّى,മകനായി സ്വീകരിക്കുക
To be built / constructed,بُنِيَ,പണിയപ്പെടുക
To construct wall,بَنَى الجِدَار,മതിൽ പണിയുക
To adopt plan,تَبَنَّى الخُطَّة,പ്ലാൻ അംഗീകരിക്കുക
To structure speech,بَنَى الكَلاَم,സംസാരം ഘടനയാക്കുക
To rebuild,أَعَادَ البِنَاء,വീണ്ടും പണിയുക
To adopt child,تَبَنَّى الطِّفْل,കുട്ടിയെ ദത്തെടുക്കുക
To build empire,بَنَى الإِمْبِرَاطُورِيَّة,സാമ്രാജ്യം കെട്ടിപ്പടുക്കുക
To sell goods,بَاعَ البَضَائِع,സാധനങ്ങൾ വിൽക്കുക
To sell cheap,بَاعَ بِرُخْص,കുറഞ്ഞവിലയ്ക്ക് വിൽക്കുക
To sell dear / expensive,بَاعَ بِغَلاَء,കൂടിയവിലയ്ക്ക് വിൽക്കുക
To trade / deal,بَاعَ وَاشْتَرَى,വ്യാപാരം ചെയ്യുക
To sell out,بَاعَ الكُلّ,മുഴുവൻ വിറ്റുതീർക്കുക
To allegiance / pledge,بَايَعَ,കരാർ ചെയ്യുക
To offer for sale,عَرَضَ لِلْبَيْع,വില്പനയ്ക്ക് വെക്കുക
To re-sell,أَعَادَ البَيْع,മറിച്ച് വിൽക്കുക
To sell house,بَاعَ البَيْت,വീട് വിൽക്കുക
To sell car,بَاعَ السَّيَّارَة,കാർ വിൽക്കുക
To spend money,بَذَلَ المَال,പണം ചിലവഴിക്കുക
To make effort,بَذَلَ الجُهْد,ശ്രമിക്കുക
To sacrifice life,بَذَلَ النَّفْس,ജീവൻ നൽകുക
To sow seeds,بَذَرَ البُذُور,വിത്ത് വിതറുക
To waste / squander,بَذَّرَ,പാഴാക്കുക
To give generously,بَذَلَ بِسَخَاء,ദാനമായി നൽകുക
To scatter seeds,بَذَرَ فِي الأَرْض,വിത്തുകൾ വിതറുക
To dissipate wealth,بَذَّرَ المَال,സ്വത്ത് നശിപ്പിക്കുക
To do utmost,بَذَلَ قُصَارَى جُهْدِهِ,പരമാവധി ശ്രമിക്കുക
To sow discord,بَذَرَ الشِقَاق,അഭിപ്രായവ്യത്യാസം ഉണ്ടാക്കുക
To replace old with new,بَدَّلَ القَدِيمَ بِالجَدِيد,പഴയതിന് പകരം പുതിയതാക്കുക
To change clothes,بَدَّلَ المَلاَبِس,വസ്ത്രം മാറുക
To exchange positions,تَبَادَلَ المَوَاِقِع,സ്ഥാനങ്ങൾ മാറുക
To start work,بَدَأَ العَمَل,ജോലി തുടങ്ങുക
To start lesson,بَدَأَ الدَّرْس,പാഠം തുടങ്ങുക
To seem clear,بَدَا وَاضِحاً,വ്യക്തമായി കാണപ്പെടുക
To appear on horizon,بَدَا فِي الأُفُق,ആകാശത്ത് കാണപ്പെടുക
To begin journey,بَدَأَ الرِّحْلَة,യാത്ര തുടങ്ങുക
To change mind,بَدَّلَ رَأْيَهُ,അഭിപ്രായം മാറുക
To start over,بَدَأَ مِنْ جَدِيد,വീണ്ടും തുടങ്ങുക
To look carefully,بَصُرَ بِـ,ശ്രദ്ധിച്ചു നോക്കുക
To give sight / enlighten,بَصَّرَ,കാഴ്ച നൽകുക / ചിന്തിപ്പിക്കുക
To stamp fingerprint,بَصَمَ,വിരലടയാളം പതിക്കുക
To spit out,بَصَقَ عَالِياً,പുറത്തേക്ക് തുപ്പുക
To perceive truth,أَبْصَرَ الحَقّ,സത്യം മനസ്സിലാക്കുക
To sign / stamp,بَصَمَ عَلَى الوَثِيقَة,ഒപ്പുവെക്കുക
To see clearly,أَبْصَرَ جَيِّداً,വ്യക്തമായി കാണുക
To insight / reflect,تَبَصَّرَ فِي الأَمْر,ചിന്തിച്ചു മനസ്സിലാക്കുക
To spit on ground,بَصَقَ عَلَى الأَرْض,നിലത്ത് തുപ്പുക
To mark fingerprint,بَصَمَ بِالإِصْبُع,കയ്യൊപ്പ് വെക്കുക
To simplify problem,بَسَّطَ المُشْكِلَة,പ്രശ്നം ലളിതമാക്കുക
To spread hands,بَسَطَ يَدَيْهِ,കൈകൾ നീട്ടുക
To smile broadly,بَسَمَ,തുറന്നു പുഞ്ചിരിക്കുക
To make happy / cheerful,بَسَطَ النَّفْس,സന്തോഷിപ്പിക്കുക
To explain simply,بَسَّطَ الشَّرْح,എളുപ്പത്തിൽ വിശദീകരിക്കുക
To stretch out carpet,بَسَطَ السَّجَّادَة,പായ പരത്തുക
To smile politely,إِبْتَسَمَ بِأَدَب,മര്യാദയോടെ പുഞ്ചിരിക്കുക
To simplify procedure,بَسَّطَ الإِجْرَاءَات,രീതി ലളിതമാക്കുക
To expand power,بَسَطَ نُفُوذَهُ,അധികാരം വികസിപ്പിക്കുക
To smile warmly,إِبْتَسَمَ بِدِفْء,സ്നേഹത്തോടെ പുഞ്ചിരിക്കുക
To explain clearly,بَيَّنَ بِوُضُوح,വ്യക്തമായി വിശദീകരിക്കുക
To declare statement,أَبَانَ عَنْ رَأْيِهِ,പ്രസ്താവന നടത്തുക
To clarify truth,بَيَّنَ الحَقِيقَة,സത്യം വ്യക്തമാക്കുക
To demonstrate proof,أَوْضَحَ / بَيَّنَ,തെളിവ് വ്യക്തമാക്കുക
To become clear,تَبَيَّنَ,വ്യക്തമായിത്തീരുക
To spend night,بَاتَ,രാത്രി കഴിച്ചുകൂട്ടുക
To stay overnight,بَاتَ لَيْلَتَهُ,രാത്രി ഉറങ്ങുക
To clarify details,بَيَّنَ التَّفَاصِيل,വിവരങ്ങൾ വ്യക്തമാക്കുക
To show difference,بَيَّنَ الفَرْق,വ്യത്യാസം കാണിക്കുക
To ascertain truth,تَبَيَّنَ الأَمْر,സത്യം അന്വേഷിച്ചു മനസ്സിലാക്കുക
To give glad tidings,بَشَّرَ بِالخَيْر,സന്തോഷവാർത്ത നൽകുക
To announce success,بَشَّرَ بِالنَّجَاح,വിജയം അറിയിക്കുക
To smile / be cheerful,بَشَّ فِي وَجْهِهِ,പ്രസന്നവദനനാകുക
To perform duty directly,بَاشَرَ العَمَل,നേരിട്ട് ജോലി ചെയ്യുക
To start task directly,بَاشَرَ المَهَام,ഉടൻ ആരംഭിക്കുക
To carry out plan,بَاشَرَ الخُطَّة,പ്ലാൻ നടപ്പിലാക്കുക
To bring good news,أَبْشَرَ,നല്ല വാർത്ത കൊണ്ടുവരിക
To rejoice at news,إِسْتَبْشَرَ,വാർത്തയിൽ സന്തോഷിക്കുക
To supervise directly,بَاشَرَ الإِشْرَاف,നേരിട്ട് മേൽനോട്ടം വഹിക്കുക
To manage directly,بَاشَرَ الإِدَارَة,നേരിട്ട് നിയന്ത്രിക്കുക
To send messenger,بَعَثَ رَسُولاً,ദൂതനെ അയക്കുക
To raise from dead,بَعَثَ مِنَ المَوْت,ഉയിർത്തെഴുന്നേൽപ്പിക്കുക
To send letter,بَعَثَ رِسَالَة,കത്ത് അയക്കുക
To scatter things,بَعْثَرَ الأَشْيَاء,സാധനങ്ങൾ ചിതറിക്കുക
To disarrange room,بَعْثَرَ الغُرْفَة,മുറി കുഴപ്പത്തിലാക്കുക
To send delegation,بَعَثَ وَفْداً,പ്രതിനിധിയെ അയക്കുക
To awaken / arouse,بَعَثَ أَمَلاً,ഉണർത്തുക / പ്രചോദിപ്പിക്കുക
To scatter papers,بَعْثَرَ الأَوْرَاق,കടലാസുകൾ ചിതറിക്കുക
To send greeting,بَعَثَ تَحِيَّة,അഭിവാദ്യം അയക്കുക
To inspire hope,بَعَثَ الرَّجَاء,പ്രതീക്ഷ നൽകുക
To keep away from bad,بَاعَدَ عَنِ الشَّرّ,ചീത്ത കാര്യത്തിൽ നിന്ന് അകലുക
To go far away,إِبْتَعَدَ كَثِيراً,വളരെ ദൂരെ പോവുക
To alienate people,بَعَّدَ النَّاس,ആളുകളെ അകറ്റുക
To distance step by step,بَاعَدَ بَيْنَهُمَا,പതുക്കെ അകറ്റുക
To stretch distance,بَاعَدَ المَسَافَة,ദൂരം കൂട്ടുക
To exclude option,إِسْتَبْعَدَ الخِيَار,ഓപ്ഷൻ മാറ്റിവെക്കുക
To consider unlikely,إِسْتَبْعَدَ الأَمْر,അസാധ്യമെന്ന് കരുതുക
To keep away danger,بَعَّدَ الخَطَر,അപകടം അകറ്റി നിർത്തുക
To remove doubt,إِسْتَبْعَدَ الشَّكّ,സംശയം മാറ്റുക
To push far off,بَعَّدَ إِلَى البَعِيد,ദൂരേക്ക് തള്ളുക
To bless time,بَارَكَ فِي الوَقْت,സമയത്തിൽ ബറക്കത്ത് നൽകുക
To bless food,بَارَكَ فِي الطَّعَام,ഭക്ഷണത്തിൽ ബറക്കത്ത് നൽകുക
To congratulate on marriage,بَارَكَ الزَّوَاج,വിവാഹത്തിന് അഭിനന്ദിക്കുക
To initiate effort,بَادَرَ بِالعَمَل,ശ്രമം ആദ്യമേ തുടങ്ങുക
To take step first,بَادَرَ بِالخُطْوَة,ആദ്യ ചുവടുവെപ്പ് നടത്തുക
To exchange greetings,تَبَادَلَ التَّحِيَّة,അഭിവാദ്യം കൈമാറുക
To exchange ideas,تَبَادَلَ الآَرَاء,അഭിപ്രായങ്ങൾ കൈമാറുക
To bless life,بَارَكَ الحَيَاة,ജീവിതം അനുഗ്രഹിക്കുക
To congratulate on success,بَارَكَ النَّجَاح,വിജയത്തിൽ അഭിനന്ദിക്കുക
To offer help first,بَادَرَ بِالمُسَاعَدَة,സഹായം വാഗ്ദാനം ചെയ്യുക
To cool water,بَرَّدَ المَاء,വെള്ളം തണുപ്പിക്കുക
To freeze / get cold,بَرَدَ الجَوّ,തണുത്തു ഉറയുക
To justify action,بَرَّرَ الفِعْل,പ്രവർത്തിയെ ന്യായീകരിക്കുക
To justify mistake,بَرَّرَ الخَطَأ,തെറ്റ് ന്യായീകരിക്കുക
To heal completely,بَرِئَ تَمَاماً,മുഴുവനായി സുഖപ്പെടുക
To prove innocence in court,تَبَرَّأَ فِي المَحْكَمَة,കോടതിയിൽ കുറ്റവിമുക്തനാകുക
To donate money,تَبَرَّعَ بِالمَال,പണം ദാനം ചെയ്യുക
To donate blood,تَبَرَّعَ بِالدَّم,രക്തം ദാനം ചെയ്യുക
To disown action,تَبَرَّأَ مِنَ الفِعْل,പ്രവർത്തിയുമായി ബന്ധമില്ലെന്ന് പറയുക
To justify absence,بَرَّرَ الغِيَاب,ഹാജരാകാത്തത് ന്യായീകരിക്കുക
To exaggerate story,بَالَغَ فِي القِصَّة,കഥ അതിശയോക്തിയായി പറയുക
To exaggerate danger,بَالَغَ فِي الخَطَر,അപകടം വലുതായി കാണിക്കുക
To reach climax,بَلَغَ الذِّرْوَة,പാരമ്യത്തിൽ എത്തുക
To reach destination,بَلَغَ المَقْصِد,ലക്ഷ്യസ്ഥാനത്ത് എത്തുക
To try hard / strain,بَالَغَ فِي الجُهْد,കഠിനമായി ശ്രമിക്കുക
To overstate problem,بَالَغَ فِي المُشْكِلَة,പ്രശ്നം വലുതാക്കി പറയുക
To reach mature age,بَلَغَ سِنَّ الرُّشْد,പ്രായപൂർത്തിയാകുക
To convey order,بَلَّغَ الأَمْر,ഉത്തരവ് അറിയിക്കുക
To reach high level,بَلَغَ مُسْتَوَى عَالِياً,ഉയർന്ന തലത്തിൽ എത്തുക
To overdo praise,بَالَغَ فِي المَدْح,വളരെയധികം പ്രശംസിക്കുക
To pledge loyalty,بَايَعَ عَلَى الطَّاعَة,വിശ്വസ്തത പ്രതിജ്ഞ ചെയ്യുക
To pledge support,بَايَعَ بِالدَّعْم,പിന്തുണ വാഗ്ദാനം ചെയ്യുക
To remain patient,بَقِيَ صَابِراً,ക്ഷമയോടെ നിൽക്കുക
To remain silent,بَقِيَ صَامِتاً,മിണ്ടാതിരിക്കുക
To remain firm / steadfast,بَقِيَ ثَابِتاً,ഉറച്ചുനിൽക്കുക
To survive trial,بَقِيَ حَيًّا,പരീക്ഷണം അതിജീവിക്കുക
To stay home,بَقِيَ فِي البَيْت,വീട്ടിൽ തന്നെ ഇരിക്കുക
To stay awake,بَقِيَ مُسْتَيْقِظاً,ഉണർന്നിരിക്കുക
To remain calm,بَقِيَ هَادِئاً,ശാന്തമായിരിക്കുക
To last long,بَقِيَ طَوِيلاً,വളരെക്കാലം നിലനിൽക്കുക
To weep bitterly,بَكَى بِشِدَّة,കഠിനമായി കരയുക
To cry out of fear,بَكَى مِنَ الخَوْف,പേടിച്ച് കരയുക
To cry out of joy,بَكَى مِنَ الفَرَح,സന്തോഷം കൊണ്ട് കരയുക
To make someone cry,أَبْكَى,ഒരാളെ കരയിപ്പിക്കുക
To weep silently,بَكَى بِصَمْت,ശബ്ദമില്ലാതെ കരയുക
To mourn and cry,بَكَى حُزْناً,സങ്കടപ്പെട്ട് കരയുക
To cry for help,بَكَى طَلَباً لِلْمُسَاعَدَة,സഹായത്തിന് കരയുക
To cry loud,بَكَى بِصَوْتٍ عَالٍ,ഉച്ചത്തിൽ കരയുക
To weep over loss,بَكَى عَلَى الخَسَارَة,നഷ്ടത്തിൽ കരയുക
To bring to tears,أَبْكَى الحَاضِرِينَ,കണ്ണീരിലാഴ്ത്തുക
To shine bright (star),بَرَقَ النَّجْم,നക്ഷത്രം തിളങ്ങുക
To flash lightning,بَرَقَتِ السَّمَاء,മിന്നൽ മിന്നുക
To gladden heart,بَهَجَ القَلْب,ഹൃദയം സന്തോഷിപ്പിക്കുക
To dazzle eyes,بَهَرَ الأَبْصَار,കണ്ണഞ്ചിപ്പിക്കുക
To amaze everyone,بَهَرَ الجَمِيع,എല്ലാവരെയും അത്ഭുതപ്പെടുത്തുക
To shine gold,بَرَقَ الذَّهَب,സ്വർണ്ണം തിളങ്ങുക
To delight mind,بَهَجَ النَّفْس,മനസ്സിന് സന്തോഷം നൽകുക
To dazzle audience,بَهَرَ الحُضُور,പ്രേക്ഷകരെ അത്ഭുതപ്പെടുത്തുക
To sparkle crystal,بَرَقَ الكِرِيسْتَال,ക്രിസ്റ്റൽ തിളങ്ങുക
To bring joy,أَبْهَجَ,സന്തോഷം കൊണ്ടുവരിക
To scatter dust,بَعْثَرَ التُّرَاب,പൊടി വിതറുക
To confuse order,بَعْثَرَ النِّظَام,ക്രമം തെറ്റിക്കുക
To waste time,بَذَّرَ الوَقْت,സമയം പാഴാക്കുക
To waste resources,بَذَّرَ المَوَارِد,സമ്പത്ത് പാഴാക്കുക
To scatter money,بَعْثَرَ المَال,പണം ചിതറിക്കുക
To mess up plan,بَعْثَرَ الخُطَّة,പ്ലാൻ തകരാറിലാക്കുക
To squander fortune,بَذَّرَ الثَّرْوَة,സമ്പാദ്യം പാഴാക്കുക
To scatter thoughts,بَعْثَرَ الأَفْكَار,ചിന്തകൾ ചിതറിക്കുക
To waste energy,بَذَّرَ الطَّاقَة,ഊർജ്ജം പാഴാക്കുക
To mix up items,بَعْثَرَ المَفْرُوشَات,സാധനങ്ങൾ കൂട്ടിക്കലർത്തുക
To initiate project,بَادَرَ بِالمَشْرُوع,പ്രോജക്റ്റ് തുടങ്ങുക
To take lead,بَادَرَ بِالقِيَادَة,നേതൃത്വം എടുക്കുക
To initiate peace,بَادَرَ بِالسَّلاَم,സമാധാനത്തിന് മുമ്പോട്ടുവരിക
To offer solution first,بَادَرَ بِالحَلّ,ആദ്യം പരിഹാരം പറയുക
To exchange visits,تَبَادَلَ الزِّيَارَات,സന്ദർശനങ്ങൾ കൈമാറുക
To exchange gifts,تَبَادَلَ الهَدَايَا,സമ്മാനങ്ങൾ കൈമാറുക
To exchange messages,تَبَادَلَ الرَّسَائِل,സന്ദേശങ്ങൾ കൈമാറുക
To exchange business,تَبَادَلَ التِّجَارَة,കച്ചവടം കൈമാറുക
To initiate conversation,بَادَرَ بِالحَدِيث,സംസാരം തുടങ്ങുക
To exchange respect,تَبَادَلَ الاِحْتِرَام,ബഹുമാനം പരസ്പരം നൽകുക
To clarify policy,بَيَّنَ السِّيَاسَة,നയം വ്യക്തമാക്കുക
To declare position,أَبَانَ المَوْقِف,നിലപാട് വ്യക്തമാക്കുക
To show cause,بَيَّنَ السَّبَب,കാരണം കാണിക്കുക
To become evident,تَبَيَّنَ بَوُضُوح,വ്യക്തമായിത്തീരുക
To clarify misunderstanding,بَيَّنَ السُّوءَ الفَهْم,തെറ്റിദ്ധാരണ മാറ്റുക
To explain procedure,بَيَّنَ الخُطُوَات,രീതി വ്യക്തമാക്കുക
To verify facts,تَبَيَّنَ الحَقَائِق,സത്യവസ്തുത പരിശോധിക്കുക
To show interest,أَبْدَى إِهْتِمَاماً,താല്പര്യം കാണിക്കുക
To express opinion,أَبْدَى رَأْيَهُ,അഭിപ്രായം പ്രകടിപ്പിക്കുക
To show readiness,أَبْدَى إِسْتِعْدَادَهُ,സന്നദ്ധത പ്രകടിപ്പിക്കുക
To innovate solution,إِبْتَكَرَ حَلًّ,പുതിയ പരിഹാരം കണ്ടെത്തുക
To invent technology,إِبْتَكَرَ تِكْنُولُوجِيَا,സാങ്കേതികവിദ്യ കണ്ടുപിടിക്കുക
To innovate method,إِبْتَكَرَ طَرِيقَةً,പുതിയ രീതി ഉണ്ടാക്കുക
To originate idea,إِبْتَكَرَ فِكْرَةً,പുതിയ ആശയം കൊണ്ടുവരിക
To design new device,إِبْتَكَرَ جَهَازاً,പുതിയ ഉപകരണം ഉണ്ടാക്കുക
To smile warmly at guest,إِبْتَسَمَ لِلضَّيْف,അതിഥിയോട് പുഞ്ചിരിക്കുക
To smile in face of hardship,إِبْتَسَمَ رَغْمَ الصُّعُوبَة,പ്രയാസത്തിലും പുഞ്ചിരിക്കുക
To innovate new product,إِبْتَكَرَ مُنْتَجاً,പുതിയ ഉൽപ്പന്നം ഉണ്ടാക്കുക
To create new style,إِبْتَكَرَ أُسْلُوباً,പുതിയ ശൈലി ഉണ്ടാക്കുക
To smile cheerfully,إِبْتَسَمَ بِفَرَح,സന്തോഷത്തോടെ പുഞ്ചിരിക്കുക
To begin work early,بَدَأَ العَمَلَ بَاكِراً,നേരത്തെ ജോലി തുടങ്ങുക
To begin reading,بَدَأَ القِرَاءَةَ,വായന തുടങ്ങുക
To begin writing,بَدَأَ الكِتَابَةَ,എഴുത്ത് തുടങ്ങുക
To begin speaking,بَدَأَ الكَلاَمَ,സംസാരം തുടങ്ങുക
To begin meeting,بَدَأَ الاِجْتِمَاعَ,മീറ്റിംഗ് തുടങ്ങുക
To appear suddenly,بَدَا فَجْأَةً,പെട്ടെന്ന് കാണപ്പെടുക
To seem difficult,بَدَا صَعْباً,പ്രയാസമെന്ന് തോന്നുക
To seem easy,بَدَا سَهْلاً,എളുപ്പമെന്ന് തോന്നുക
To begin study,بَدَأَ الدِّرَاسَةَ,പഠനം തുടങ്ങുക
To begin trip,بَدَأَ السَّفَرَ,യാത്ര ആരംഭിക്കുക
To search for truth,بَحَثَ عَنِ الحَقِيقَةِ,സത്യം അന്വേഷിക്കുക
To search for job,بَحَثَ عَنْ عَمَلٍ,ജോലി അന്വേഷിക്കുക
To search for book,بَحَثَ عَنِ الكِتَابِ,പുസ്തകം തിരയുക
To discuss problem,بَحَثَ المُشْكِلَةَ,പ്രശ്നം ചർച്ച ചെയ്യുക
To research topic,بَحَثَ المَوْضُوعَ,വിഷയം ഗവേഷണം ചെയ്യുക
To search everywhere,بَحَثَ فِي كُلِّ مَكَانٍ,എല്ലായിടത്തും തിരയുക
To search for solution,بَحَثَ عَنْ حَلٍّ,പരിഹാരം അന്വേഷിക്കുക
To search online,بَحَثَ عَبْرَ الإِنْتَرْنِت,ഓൺലൈനിൽ തിരയുക
To research deeply,بَحَثَ عَمِيقاً,ആഴത്തിൽ ഗവേഷണം ചെയ്യുക
To search for key,بَحَثَ عَنِ المِفْتَاحِ,താക്കോൽ തിരയുക
To build future,بَنَى المُسْتَقْبَلَ,ഭാവിയെ കെട്ടിപ്പടുക്കുക
To build nation,بَنَى الأُمَّةَ,രാഷ്ടം കെട്ടിപ്പടുക്കുക
To build mosque,بَنَى مَسْجِداً,പള്ളി പണിയുക
To build school,بَنَى مَدْرَسَةً,സ്കൂൾ പണിയുക
To build hospital,بَنَى مُسْتَشْفَى,ആശുപത്രി പണിയുക
To establish relations,بَنَى العَلاَقَاتِ,ബന്ധങ്ങൾ കെട്ടിപ്പടുക്കുക
To build trust,بَنَى الثِّقَةَ,വിശ്വാസം വളർത്തുക
To build bridge of love,بَنَى جِسْرَ المَحَبَّةِ,സ്നേഹത്തിന്റെ പാലം പണിയുക
To construct building,بَنَى العِمَارَةَ,കെട്ടിടം പണിയുക
To build career,بَنَى المَسَارَ المِهْنِيَّ,കരിയർ കെട്ടിപ്പടുക്കുക
To stay hopeful,بَقِيَ مُتَفَائِلاً,പ്രതീക്ഷയോടെ ഇരിക്കുക
To stay alive,بَقِيَ عَلَى قَيْدِ الحَيَاةِ,ജീവനോടെ ഇരിക്കുക
To stay focused,بَقِيَ مُرَكِّزاً,ശ്രദ്ധയോടെ ഇരിക്കുക
To stay in city,بَقِيَ فِي المَدِينَةِ,നഗരത്തിൽ തന്നെ തുടരുക
To remain balance,بَقِيَ الرَّصِيدُ,ബാക്കി നിൽക്കുക
To stay connected,بَقِيَ عَلَى إِتِّصَالٍ,ബന്ധത്തിൽ തുടരുക
To stay calm in danger,بَقِيَ هَادِئاً فِي الخَطَرِ,അപകടത്തിലും ശാന്തനായിരിക്കുക
To remain true,بَقِيَ صَادِقاً,സത്യസന്ധനായി തുടരുക
To stay strong,بَقِيَ قَوِيًّا,ശക്തനായി തുടരുക
To remain unchanged,بَقِيَ كَمَا هُوَ,മാറ്റമില്ലാതെ തുടരുക
To send letter by post,بَعَثَ رِسَالَةً بِالبَرِيدِ,തപാലിൽ കത്തയക്കുക
To send email,بَعَثَ بَرِيداً إِلكْتُرُونِيًّا,ഇമെയിൽ അയക്കുക
To send gift,بَعَثَ هَدِيَّةً,സമ്മാനം അയക്കുക
To send invitation,بَعَثَ دَعْوَةً,ക്ഷണക്കത്ത് അയക്കുക
To send army,بَعَثَ جَيْشاً,സൈന്യത്തെ അയക്കുക
To send signal,بَعَثَ إِشَارَةً,സിഗ്നൽ അയക്കുക
To send peace message,بَعَثَ رِسَالَةَ سَلاَمٍ,സമാധാന സന്ദേശം അയക്കുക
To send team,بَعَثَ فَرِيقاً,ടീമിനെ അയക്കുക
To send representative,بَعَثَ مُمَثِّلاً,പ്രതിനിധിയെ അയക്കുക
To send help,بَعَثَ المُسَاعَدَةَ,സഹായം അയക്കുക
To smile with happiness,إِبْتَسَمَ بِسَعَادَةٍ,സന്തോഷത്തോടെ പുഞ്ചിരിക്കുക
To smile at child,إِبْتَسَمَ لِلطِّفْلِ,കുട്ടിയോട് പുഞ്ചിരിക്കുക
To smile with hope,إِبْتَسَمَ بِأَمَلٍ,പ്രതീക്ഷയോടെ പുഞ്ചിരിക്കുക
To smile gently,إِبْتَسَمَ بِرِقَّةٍ,മൃദുവായി പുഞ്ചിരിക്കുക
To smile quietly,إِبْتَسَمَ بِهَدُوءٍ,നിശ്ശബ്ദമായി പുഞ്ചിരിക്കുക
To smile brightly,إِبْتَسَمَ بِإِشْرَاقٍ,പ്രകാശത്തോടെ പുഞ്ചിരിക്കുക
To smile with love,إِبْتَسَمَ بِحُبٍّ,സ്നേഹത്തോടെ പുഞ്ചിരിക്കുക
To smile proudly,إِبْتَسَمَ بِفَخْرٍ,അഭിമാനത്തോടെ പുഞ്ചിരിക്കുക
To smile in picture,إِبْتَسَمَ لِلصُّورَةِ,ഫോട്ടോയ്ക്ക് പുഞ്ചിരിക്കുക
To smile always,إِبْتَسَمَ دَائِماً,എപ്പോഴും പുഞ്ചിരിക്കുക
To clarify plan,بَيَّنَ الخُطَّةَ,പ്ലാൻ വ്യക്തമാക്കുക
To clarify vision,بَيَّنَ الرُّؤْيَةَ,കാഴ്ചപ്പാട് വ്യക്തമാക്കുക
To clarify role,بَيَّنَ الدَّوْرَ,പങ്ക് വ്യക്തമാക്കുക
To clarify rule,بَيَّنَ القَاعِدَةَ,നിയമം വ്യക്തമാക്കുക
To clarify task,بَيَّنَ المَهَمَّةَ,ചുമതല വ്യക്തമാക്കുക
To clarify idea,بَيَّنَ الفِكْرَةَ,ആശയം വ്യക്തമാക്കുക
To clarify path,بَيَّنَ الطَّرِيقَ,വഴി വ്യക്തമാക്കുക
To clarify answer,بَيَّنَ الإِجَابَةَ,ഉത്തരം വ്യക്തമാക്കുക
To clarify result,بَيَّنَ النَّتِيجَةَ,ഫലം വ്യക്തമാക്കുക
To clarify meaning,بَيَّنَ المَعْنَى,അർത്ഥം വ്യക്തമാക്കുക
To sell car fast,بَاعَ السَّيَّارَةَ سَرِيعاً,കാർ വേഗത്തിൽ വിൽക്കുക
To sell house high price,بَاعَ البَيْتَ بِسِعْرٍ عَالٍ,വീട് നല്ല വിലയ്ക്ക് വിൽക്കുക
To sell goods online,بَاعَ البَضَائِعَ عَبْرَ الإِنْتَرْنِت,സാധനങ്ങൾ ഓൺലൈനിൽ വിൽക്കുക
To sell fruit in market,بَاعَ الفَاكِهَةَ فِي السُّوقِ,പഴങ്ങൾ മാർക്കറ്റിൽ വിൽക്കുക
To sell products,بَاعَ المُنْتَجَاتِ,ഉൽപ്പന്നങ്ങൾ വിൽക്കുക
To sell land,بَاعَ الأَرْضَ,സ്ഥലം വിൽക്കുക
To sell book,بَاعَ الكِتَابَ,പുസ്തകം വിൽക്കുക
To sell food,بَاعَ الطَّعَامَ,ഭക്ഷണം വിൽക്കുക
To sell clothes,بَاعَ المَلاَبِسَ,വസ്ത്രങ്ങൾ വിൽക്കുക
To sell ticket,بَاعَ التَّذْكِرَةَ,ടിക്കറ്റ് വിൽക്കുക
To make full effort,بَذَلَ كُلَّ جُهْدِهِ,മുഴുവൻ ശ്രമവും നടത്തുക
To spend all money,بَذَلَ كُلَّ مَالِهِ,എല്ലാ പണവും ചിലവഴിക്കുക
To give best performance,بَذَلَ أَفْضَلَ مَا لَدَيْهِ,മികച്ച പ്രകടനം പുറത്തെടുക്കുക
To exert time and energy,بَذَلَ الوَقْتَ وَالطَّاقَةَ,സമയവും ഊർജ്ജവും നൽകുക
To sow goodness,بَذَرَ الخَيْرَ,നന്മ വിതറുക
To sow love,بَذَرَ المَحَبَّةَ,സ്നേഹം വിതറുക
To sow hope,بَذَرَ الأَمَلَ,പ്രതീക്ഷ വിതറുക
To waste money foolishly,بَذَّرَ المَالَ بِغَبَاءٍ,പണം മണ്ടത്തരത്തിൽ പാഴാക്കുക
To make effort for peace,بَذَلَ الجُهْدَ لِلسَّلاَمِ,സമാധാനത്തിനായി ശ്രമിക്കുക
To make effort for success,بَذَلَ الجُهْدَ لِلنَّجَاحِ,വിജയത്തിനായി കഠിനാധ്വാനം ചെയ്യുക
To exchange good wishes,تَبَادَلَ التَّمَنِّيَاتِ الطَّيِّبَةَ,നല്ല ആശംസകൾ കൈമാറുക
To exchange view points,تَبَادَلَ وُجْهَاتِ النَّظَرِ,കാഴ്ചപ്പാടുകൾ കൈമാറുക
To initiate conversation warmly,بَادَرَ بِالحَدِيثِ بِدِفْءٍ,സ്നേഹത്തോടെ സംഭാഷണം തുടങ്ങുക
To exchange smile,تَبَادَلَ الاِبْتِسَامَةَ,പരസ്പരം പുഞ്ചിരിക്കുക
To initiate good deed,بَادَرَ بِالخَيْرِ,നല്ല പ്രവർത്തനം ആദ്യം ചെയ്യുക
To exchange knowledge,تَبَادَلَ المَعْرِفَةَ,അറിവ് കൈമാറുക
To exchange culture,تَبَادَلَ الثَّقَافَةَ,സംസ്കാരം കൈമാറുക
To initiate apology,بَادَرَ بِالاِعْتِذَارِ,ആദ്യം ക്ഷമ ചോദിക്കുക
To exchange experience,تَبَادَلَ الخِبْرَةَ,അനുഭവം കൈമാറുക
To exchange trust,تَبَادَلَ الثَّقَةَ,വിശ്വാസം പരസ്പരം കൈമാറുക
To inform good news to family,بَشَّرَ العَائِلَةَ بِالخَيْرِ,കുടുംബത്തെ സന്തോഷവാർത്ത അറിയിക്കുക
To announce victory to people,بَشَّرَ النَّاسَ بِالنَّصْرِ,ജനങ്ങളെ വിജയം അറിയിക്കുക
To start work directly now,بَاشَرَ العَمَلَ الآنَ,ഇപ്പോൾ തന്നെ ജോലി തുടങ്ങുക
To start duty directly today,بَاشَرَ المَهَمَّةَ اليَوْمَ,ഇന്ന് തന്നെ ചുമതലയേൽക്കുക
To smile warmly at all,بَشَّ فِي وَجْهِ الجَمِيعِ,എല്ലാവരോടും പ്രസന്നമായി പെരുമാറുക
To bring glad tidings of peace,بَشَّرَ بِالسَّلاَمِ,സമാധാനത്തിന്റെ സന്തോഷവാർത്ത അറിയിക്കുക
To start business directly,بَاشَرَ التِّجَارَةَ,ബിസിനസ്സ് നേരിട്ട് ആരംഭിക്കുക
To start project directly,بَاشَرَ المَشْرُوعَ,പ്രോജക്റ്റ് നേരിട്ട് തുടങ്ങുക
To rejoice at good news,إِسْتَبْشَرَ بِالخَبَرِ الطَّيِّبِ,നല്ല വാർത്തയിൽ സന്തോഷിക്കുക
To rejoice at rain,إِسْتَبْشَرَ بِالمَطَرِ,മഴയിൽ സന്തോഷിക്കുക
To keep away bad thoughts,بَعَّدَ الأَفْكَارَ السَّيِّئَةَ,ചീത്ത ചിന്തകൾ അകറ്റി നിർത്തുക
To stay far from crime,إِبْتَعَدَ عَنِ الجَرِيمَةِ,കുറ്റകൃത്യങ്ങളിൽ നിന്ന് അകന്നുനിൽക്കുക
To exclude bad option,إِسْتَبْعَدَ الخِيَارَ السَّيِّئَ,മോശം ഓപ്ഷൻ ഒഴിവാക്കുക
To distance from danger,إِبْتَعَدَ عَنِ الخَطَرِ,അപകടത്തിൽ നിന്ന് അകലുക
To keep away evil,بَعَّدَ الشَّرَّ,തിന്മ അകറ്റുക
To rule out doubt,إِسْتَبْعَدَ الشُّبْهَةَ,സംശയം തള്ളിക്കളയുക
To stay far from conflict,إِبْتَعَدَ عَنِ النِّزَاعِ,തർക്കങ്ങളിൽ നിന്ന് വിട്ടുനിൽക്കുക
To keep safe distance,بَاعَدَ المَسَافَةَ الآمِنَةَ,സുരക്ഷിതമായ അകലം പാലിക്കുക
To rule out failure,إِسْتَبْعَدَ الفَشَلَ,പരാജയം അസാധ്യമെന്ന് കരുതുക
To distance from bad friends,إِبْتَعَدَ عَنْ أَصْدِقَاءِ السُّوءِ,മോശം കൂട്ടുകാരിൽ നിന്ന് അകലുക
To bless new home,بَارَكَ البَيْتَ الجَدِيدَ,പുതിയ വീടിനെ അനുഗ്രഹിക്കുക
To bless work,بَارَكَ العَمَلَ,ജോലിയെ അനുഗ്രഹിക്കുക
To bless family,بَارَكَ العَائِلَةَ,കുടുംബത്തെ അനുഗ്രഹിക്കുക
To bless children,بَارَكَ الأَطْفَالَ,കുട്ടികളെ അനുഗ്രഹിക്കുക
To bless health,بَارَكَ الصِّحَّةَ,ആരോഗ്യത്തെ അനുഗ്രഹിക്കുക
To bless life journey,بَارَكَ مَسِيرَةَ الحَيَاةِ,ജീവിതയാത്രയെ അനുഗ്രഹിക്കുക
To congratulate on achievement,بَارَكَ الإِنْجَازَ,നേട്ടത്തിൽ അഭിനന്ദിക്കുക
To bless business,بَارَكَ التِّجَارَةَ,കച്ചവടത്തെ അനുഗ്രഹിക്കുക
To bless study,بَارَكَ الدِّرَاسَةَ,പഠനത്തെ അനുഗ്രഹിക്കുക
To bless step,بَارَكَ الخُطْوَةَ,ചുവടുവെപ്പിനെ അനുഗ്രഹിക്കുക
To reach excellence,بَلَغَ القِمَّةَ,മികവിന്റെ അറ്റത്തെത്തുക
To convey truth to all,بَلَّغَ الحَقَّ لِلْجَمِيعِ,എല്ലാവരിലേക്കും സത്യം എത്തിക്കുക
To reach high score,بَلَغَ الدَّرَجَةَ العَالِيَةَ,ഉയർന്ന മാർക്ക് നേടുക
To overstate issue in news,بَالَغَ فِي الخَبَرِ,വാർത്തയിൽ പ്രയാസം വലുതാക്കി പറയുക
To reach target speed,بَلَغَ السُّرْعَةَ المَطْلُوبَةَ,ലക്ഷ്യമാക്കിയ വേഗതയിലെത്തുക
To convey message clearly,بَلَّغَ الرِّسَالَةَ بِوُضُوحٍ,സന്ദേശം വ്യക്തമായി എത്തിക്കുക
To reach agreement,بَلَغَ الاِتِّفَاقَ,ഒത്തുതീർപ്പിൽ എത്തുക
To overdo reaction,بَالَغَ فِي الرَّدِّ,പ്രതികരണം അതിരു കടക്കുക
To reach safe zone,بَلَغَ المَنْطِقَةَ الآمِنَةَ,സുരക്ഷിത മേഖലയിൽ എത്തുക
To convey gratitude,بَلَّغَ الشُّكْرَ,നന്ദി അറിയിക്കുക
To weep with gratitude,بَكَى شُكْراً,നന്ദിയോടെ കരയുക
To weep during prayer,بَكَى فِي الصَّلاَةِ,പ്രാർത്ഥനയിൽ കരയുക
To shine bright in sky,بَرَقَ فِي السَّمَاءِ,ആകാശത്ത് ശോഭിക്കുക
To dazzle eyes with beauty,بَهَرَ الأَعْيُنَ بِالجَمَالِ,ഭംഗി കൊണ്ട് കണ്ണഞ്ചിപ്പിക്കുക
To scatter papers on floor,بَعْثَرَ الأَوْرَاقَ عَلَى الأَرْضِ,കടലാസുകൾ നിലത്ത് ചിതറിക്കുക
To waste money on luxury,بَذَّرَ المَالَ فِي التَّرَفِ,ആഡംബരത്തിൽ പണം പാഴാക്കുക
To start trip early morning,بَدَأَ الرِّحْلَةَ صَبَاحاً,അതിരാവിലെ യാത്ര തുടങ്ങുക
To search for truth sincerely,بَحَثَ عَنِ الحَقِيقَةِ بِإِخْلاَصٍ,ആത്മാർത്ഥമായി സത്യം അന്വേഷിക്കുക
To build future with work,بَنَى المُسْتَقْبَلَ بِالعَمَلِ,അദ്ധ്വാനം കൊണ്ട് ഭാവി കെട്ടിപ്പടുക്കുക
To stay patient in trouble,بَقِيَ صَابِراً فِي البَلاَءِ,പ്രയാസത്തിൽ ക്ഷമയോടെ ഇരിക്കുക
To be firm / proven,ثَبَتَ,ഉറച്ചുനിന്നു
To fix / confirm / consolidate,ثَبَّتَ,ഉറപ്പിച്ചു
To persevere / persist,ثَابَرَ,സ്ഥിരതയോടെ തുടർന്നു
To be sluggish / slow,ثَبُطَ,മന്ദഗതിയിലായി
To discourage / detain,ثَبَطَ,പിന്തിരിപ്പിച്ചു
To hinder / delay,ثَبَطَّ,വൈകിച്ചു
To render obscure / confuse,ثَبَجَ,ആശയക്കുഴപ്പത്തിലാക്കി
To chatter / babble,ثَرَثَرَ,അനാവശ്യം പറഞ്ഞു
To moisten / enrich soil,ثَرَى,ഈറനണിയിച്ചു
To multiply / increase in wealth,ثَرَأَ,സമ്പന്നനായി
To bore / pierce,ثَقَبَ,ദ്വാരമുണ്ടാക്കി
To pierce through / penetrate,ثَقَّبَ,തുളച്ചുകയറി
To gain wisdom / become cultured,ثَقُفَ,വിദ്യാഭ്യാസം നേടി
To educate / refine / cultivate,ثَقَّفَ,വിദ്യാഭ്യാസം നൽകി
To heavy / weigh down,ثَقُلَ,ഭാരമുള്ളതാക്കി
To burden / make heavy,ثَقَّلَ,ഭാരം ചുമത്തി
To make a gap / breach,ثَلَمَ,വിടവുണ്ടാക്കി
To damage / notch,ثَلَّمَ,കേടുവരുത്തി
To blame / censure,ثَلَبَ,കുറ്റപ്പെടുത്തി
To slander / defame,ثَلَّبَ,അപമാനിച്ചു
To stay / reside / settle,ثَوَى,താമസിച്ചു
To accommodate / lodge,أَثْوَى,പാർപ്പിച്ചു
To revolt / rebel / explode,ثَارَ,പ്രക്ഷോഭം നടത്തി
To agitate / incite / excite,أَثَارَ,ഇളക്കിവിട്ടു
To discuss / raise an issue,ثَوَّرَ,ചർച്ചയാക്കി
To return / repent,ثَابَ,മടങ്ങിവന്നു
To reward / compensate,أَثَابَ,പ്രതിഫലം നൽകി
To praise / commend,أَثْنَى,പ്രശംസിച്ചു
To fold / bend / divert,ثَنَى,മടക്കി
To double / repeat,ثَنَّى,രണ്ടട്ടിയാക്കി
To make fruitful / bear fruit,أَثْمَرَ,ഫലം നൽകി
To produce fruit,ثَمَرَ,കായ്ച്ചു
To evaluate / appraise,ثَمَّنَ,വിലയിരുത്തി
To appreciate / value,أَثْمَنَ,വിലമതിച്ചു
To make eightfold,ثَمَنَ,എട്ടാക്കി
To divide into eight parts,ثَمَّنَ,എട്ടു ഭാഗമാക്കി
To divide into three parts,ثَلَّثَ,മൂന്നു ഭാഗമാക്കി
To make threefold / triple,ثَلَثَ,മൂന്നിരട്ടിയാക്കി
To pierce through,ثَغَرَ,കുത്തിത്തുളച്ചു
To make an opening / breach,ثَغَّرَ,വഴിയുണ്ടാക്കി
To grieve / bereave,ثَكِلَ,ദുഃഖിപ്പിച്ചു
To cause loss of a child,أَثْكَلَ,കുട്ടിയെ നഷ്ടപ്പെടുത്തി
To overcome / defeat severe illness,ثَخَنَ,തളർത്തിക്കളഞ്ഞു
To weaken / subdue completely,أَثْخَنَ,ശക്തിക്ഷയിപ്പിച്ചു
To establish firm foundation,ثَبَّتَ الأَسَاسَ,അടിത്തറയുണ്ടാക്കി
To confirm accuracy,ثَبَّتَ الدِّقَّةَ,കൃത്യത ഉറപ്പുവരുത്തി
To prove presence,ثَبَتَ الحُضُورُ,സാന്നിധ്യം തെളിയിച്ചു
To fix the date,ثَبَّتَ المَوْعِدَ,തീയതി ഉറപ്പിച്ചു
To prove guilt,ثَبَتَتِ التُّهْمَةُ,കുറ്റം തെളിയിച്ചു
To stand firm in trial,ثَبَتَ فِي البَلاَءِ,പരീക്ഷണത്തിൽ ഉറച്ചുനിന്നു
To fix price,ثَبَّتَ السِّعْرَ,വില ഉറപ്പിച്ചു
To confirm appointment,ثَبَّتَ التَّعْيِينَ,നിയമനം ഉറപ്പിച്ചു
To prove fact,ثَبَتَتِ الحَقِيقَةُ,വസ്തുത തെളിയിച്ചു
To consolidate power,ثَبَّتَ النُّفُوذَ,അധികാരം ഉറപ്പിച്ചു
To incite anger,أَثَارَ الغَضَبَ,കോപം ഇളക്കിവിട്ടു
To raise doubt,أَثَارَ الشَّكَّ,സംശയം ഉണ്ടാക്കി
To raise issue / question,أَثَارَ المََسْأَلَةَ,ചോദ്യം ഉന്നയിച്ചു
To provoke conflict,أَثَارَ النِّزَاعَ,തർക്കം ഉണ്ടാക്കി
To stir emotion,أَثَارَ المَشَاعِرَ,വികാരം ഇളക്കിവിട്ടു
To raise public concern,أَثَارَ الاِهْتِمَامَ,പൊതുജനശ്രദ്ധ നേടികൊടുത്തു
To spark debate,أَثَارَ الجَدَلَ,ചർച്ചയ്ക്ക് വഴിവെച്ചു
To incite rebellion,أَثَارَ الثَّوْرَةَ,കലാപം ഇളക്കിവിട്ടു
To stir dust,أَثَارَ الغُبَارَ,പൊടിപടലം ഉയർത്തി
To raise suspicion,أَثَارَ الشُّبْهَةَ,സംശയം ജനിപ്പിച്ചു
To praise work,أَثْنَى عَلَى العَمَلِ,പ്രവർത്തിയെ പ്രശംസിച്ചു
To praise effort,أَثْنَى عَلَى الجُهْدِ,ശ്രമത്തെ പ്രശംസിച്ചു
To praise courage,أَثْنَى عَلَى الشَّجَاعَةِ,ധൈര്യത്തെ പ്രശംസിച്ചു
To praise success,أَثْنَى عَلَى النَّجَاحِ,വിജയത്തെ പ്രശംസിച്ചു
To praise student,أَثْنَى عَلَى الطَّالِبِ,വിദ്യാർത്ഥിയെ പ്രശംസിച്ചു
To praise honesty,أَثْنَى عَلَى الصِّدْقِ,സത്യസന്ധതയെ പ്രശംസിച്ചു
To praise patience,أَثْنَى عَلَى الصَّبْرِ,ക്ഷമയെ പ്രശംസിച്ചു
To praise role,أَثْنَى عَلَى الدَّوْرِ,പങ്കിനെ പ്രശംസിച്ചു
To praise leadership,أَثْنَى عَلَى القِيَادَةِ,നേതൃത്വത്തെ പ്രശംസിച്ചു
To praise sacrifice,أَثْنَى عَلَى التَّضْحِيَةِ,ത്യാഗത്തെ പ്രശംസിച്ചു
To bear good fruit,أَثْمَرَ نَتَائِجَ طَيِّبَةً,നല്ല ഫലം നൽകി
To yield high profit,أَثْمَرَ أَرْبَاحاً عَالِيَةً,ഉയർന്ന ലാഭം നൽകി
To bear effort fruit,أَثْمَرَتِ الجُهُودُ,ശ്രമം ഫലം കണ്ടു
To produce tree fruit,أَثْمَرَتِ الشَّجَرَةُ,മരം കായ്ച്ചു
To yield success,أَثْمَرَ نَجَاحاً,വിജയം ഫലമായി ലഭിച്ചു
To bear positive results,أَثْمَرَ نَتَائِجَ إِيجَابِيَّةً,അനുകൂല ഫലം നൽകി
To bear long-term fruit,أَثْمَرَ عَلَى المَدَى الطَّوِيلِ,ദീർഘകാല ഫലം നൽകി
To yield cooperation,أَثْمَرَ تَعَاوُناً,സഹകരണം ഫലമായി ലഭിച്ചു
To bear project fruit,أَثْمَرَ المَشْرُوعُ,പ്രോജക്ട് ഫലം നൽകി
To yield stability,أَثْمَرَ اسْتِقْرَاراً,സ്ഥിരത കൈവരിച്ചു
To educate youth,ثَقَّفَ الشَّبَابَ,യുവാക്കളെ വിദ്യാസമ്പന്നരാക്കി
To educate mind,ثَقَّفَ العَقْلَ,ചിന്തകളെ മൂർച്ചകൂട്ടി
To enlighten society,ثَقَّفَ المُجْتَمَعَ,സമൂഹത്തെ ബോധവത്കരിച്ചു
To refine character,ثَقَّفَ الخُلُقَ,സ്വഭാവം സംസ്കരിച്ചു
To educate public,ثَقَّفَ الجَمَاهِيرَ,പൊതുജനങ്ങളെ ബോധവത്കരിച്ചു
To gain culture / education,ثَقُفَ الفَرْدُ,സംസ്കാരം നേടി
To educate generation,ثَقَّفَ الجِيلَ,തലമുറയെ ബോധവത്കരിച്ചു
To develop skills,ثَقَّفَ المَهَارَاتِ,കഴിവുകൾ വികസിപ്പിച്ചു
To spread knowledge,ثَقَّفَ ثَقَافِيًّا,അറിവ് പ്രചരിപ്പിച്ചു
To enlighten people,ثَقَّفَ النَّاسَ,ആളുകളെ സാംസ്കാരിക സമ്പന്നരാക്കി
To burden budget,ثَقُلَ عَلَى المِيزَانِيَّةِ,ബജറ്റിൽ ഭാരം വരുത്തി
To make responsibility heavy,ثَقُلَتِ المَسْؤُولِيَّةُ,ഉത്തരവാദിത്തം ഭാരമുള്ളതാക്കി
To weigh down steps,ثَقُلَتِ الخُطُوَاتُ,നടത്തത്തിന് ഭാരം കൂടി
To burden chest / heart,ثَقُلَ الصَّدْرُ,ഹൃദയത്തിൽ ഭാരം അനുഭവപ്പെട്ടു
To grow heavy in weight,ثَقُلَ الوَزْنُ,ഭാരം വർദ്ധിച്ചു
To burden soul,ثَقَّلَ النَّفْسَ,ആത്മാവിനെ ഭാരപ്പെടുത്തി
To weigh heavily on mind,ثَقُلَ عَلَى العَقْلِ,മനസ്സിൽ ഭാരമായി തീർന്നു
To burden shoulders,ثَقُلَ عَلَى الكَتِفِ,തോളുകളിൽ ഭാരമായി
To make air heavy,ثَقُلَ الهَوَاءُ,അന്തരീക്ഷം ഭാരമുള്ളതാക്കി
To burden duty,ثَقُلَتِ المَهَمَّةُ,ചുമതല ഭാരമേറിയതാക്കി
To pierce shield,ثَقَبَ الدِّرْعَ,പരിച തകർത്തു
To bore hole in wall,ثَقَبَ الجِدَارَ,മതിലിൽ ദ്വാരമുണ്ടാക്കി
To pierce ear,ثَقَبَ الأُذُنَ,കാതു കുത്തി
To bore iron,ثَقَبَ الحَدِيدَ,ഇരുമ്പ് തുളച്ചു
To pierce board,ثَقَبَ اللَّوْحَ,ബോർഡ് തുളച്ചു
To penetrate obstacle,ثَقَبَ العَائِقَ,തടസ്സം മറികടന്നു
To bore stone,ثَقَبَ الحَجَرَ,കല്ല് തുളച്ചു
To pierce target,ثَقَبَ الهَدَفَ,ലക്ഷ്യം തുളച്ചുകയറി
To bore paper,ثَقَبَ الوَرَقَةَ,പേപ്പർ തുളച്ചു
To penetrate darkness,ثَقَبَ الظَّلاَمَ,ഇരുട്ട് തുളച്ചുപോയി
To value effort,ثَمَّنَ الجُهْدَ,ശ്രമത്തെ വിലമതിച്ചു
To evaluate property,ثَمَّنَ العَقَارَ,സ്വത്ത് വിലയിരുത്തി
To appreciate stance,ثَمَّنَ المَوْقِفَ,നിലപാടിനെ വിലമതിച്ചു
To appraise goods,ثَمَّنَ البَضَاعَةَ,ചരക്കിന് വിലയിട്ടു
To value contribution,ثَمَّنَ المُسَاهَمَةَ,സംഭാവനയെ വിലമതിച്ചു
To evaluate role,ثَمَّنَ الدَّوْرَ,പങ്കിനെ വിലയിരുത്തി
To value support,ثَمَّنَ الدَّعْمَ,പിന്തുണയെ വിലമതിച്ചു
To evaluate house,ثَمَّنَ البَيْتَ,വീടിന്റെ വില നിശ്ചയിച്ചു
To value friendship,ثَمَّنَ الصَّدَاقَةَ,സൗഹൃദത്തെ വിലമതിച്ചു
To appraise asset,ثَمَّنَ الأُصُولَ,സമ്പത്തിന്റെ വില തട്ടിച്ചു
To persevere in study,ثَابَرَ فِي الدِّرَاسَةِ,പഠനത്തിൽ സ്ഥിരത കാട്ടി
To persist in work,ثَابَرَ فِي العَمَلِ,ജോലിയിൽ സ്ഥിരത പുലർത്തി
To persevere until end,ثَابَرَ حَتَّى النِّهَايَةِ,അവസാനം വരെ സ്ഥിരത കാട്ടി
To persist in patience,ثَابَرَ عَلَى الصَّبْرِ,ക്ഷമയിൽ സ്ഥിരത പുലർത്തി
To persevere in training,ثَابَرَ فِي التَّدْرِيبِ,പരിശീലനത്തിൽ സ്ഥിരത കാട്ടി
To persist in research,ثَابَرَ فِي البَحْثِ,ഗവേഷണത്തിൽ തുടർച്ച കാട്ടി
To persevere in goal,ثَابَرَ عَلَى الهَدَفِ,ലക്ഷ്യത്തിനായി സ്ഥിരമായി ശ്രമിച്ചു
To persist despite hardship,ثَابَرَ رَغْمَ الصُّعُوبَةِ,പ്രയാസത്തിലും സ്ഥിരത കാട്ടി
To persevere in service,ثَابَرَ فِي الخِدْمَةِ,സേവനത്തിൽ സ്ഥിരത പുലർത്തി
To persist in learning,ثَابَرَ عَلَى التَّعَلُّمِ,പഠനത്തിൽ തുടർന്നും ശ്രദ്ധിച്ചു
To chatter loudly,ثَرَثَرَ بِصَوْتٍ عَالٍ,ഉച്ചത്തിൽ വർത്തമാനം പറഞ്ഞു
To babble without stop,ثَرَثَرَ دُونَ تَوَقُّفٍ,നിർത്താതെ വർത്തമാനം പറഞ്ഞു
To chatter about useless things,ثَرَثَرَ فِي أُمُورٍ تَافِهَةٍ,അനാവശ്യം പറഞ്ഞുനടന്നു
To chatter with friends,ثَرَثَرَ مَعَ الأَصْدِقَاءِ,കൂട്ടുകാരോട് അനാവശ്യം പറഞ്ഞു
To babble all day,ثَرَثَرَ طَوَالَ اليَوْمِ,ദിവസമത്രയും സംസാരിച്ചുകൊണ്ടിരുന്നു
To chatter in meeting,ثَرَثَرَ فِي الاِجْتِمَاعِ,മീറ്റിംഗിൽ അനാവശ്യം പറഞ്ഞു
To babble about secret,ثَرَثَرَ بِالسِّرِّ,രഹസ്യം വിളിച്ചുപറഞ്ഞു
To chatter on phone,ثَرَثَرَ فِي الهَاتِفِ,ഫോണിൽ അനാവശ്യം പറഞ്ഞു
To babble constantly,ثَرَثَرَ بِاسْتِمْرَارٍ,എപ്പോഴും വർത്തമാനം പറഞ്ഞു
To chatter without benefit,ثَرَثَرَ بِلاَ فَائِدَةٍ,ഒരു പ്രയോജനവുമില്ലാതെ സംസാരിച്ചു
To bend iron wire,ثَنَى السِّلْكَ الحَدِيدِيَّ,ഇരുമ്പുകമ്പി മടക്കി
To fold paper,ثَنَى الوَرَقَةَ,കടലാസ് മടക്കി
To bend branch,ثَنَى الغُصْنَ,ചില്ല മടക്കി
To fold cloth,ثَنَى الثَّوْبَ,തുണി മടക്കി
To double effort,ثَنَّى الجُهْدَ,ശ്രമം രണ്ടട്ടിയാക്കി
To bend knee,ثَنَى الرُّكْبَةَ,മുട്ടുമടക്കി
To fold arm,ثَنَى الذِّرَاعَ,കൈ മടക്കി
To double praise,ثَنَّى الثَّنَاءَ,പ്രശംസ വീണ്ടും ആവർത്തിച്ചു
To bend rod,ثَنَى القَضِيبَ,വടി മടക്കി
To fold map,ثَنَى الخَرِيطَةَ,മാപ്പ് മടക്കിവെച്ചു
To revolt against oppression,ثَارَ ضِدَّ الظُّلْمِ,അക്രമത്തിനെതിരെ പ്രക്ഷോഭം നടത്തി
To rebel against rule,ثَارَ ضِدَّ الحُكْمِ,ഭരണത്തിനെതിരെ പ്രക്ഷോഭം നടത്തി
To explode volcano,ثَارَ بُرْكَانٌ,അഗ്നിപർവ്വതം പൊട്ടിത്തെറിച്ചു
To revolt for freedom,ثَارَ لِلْحُرِّيَّةِ,സ്വാതന്ത്ര്യത്തിനായി പ്രക്ഷോഭം നടത്തി
To rebel against corruption,ثَارَ ضِدَّ الفَسَادِ,അഴിമതിക്കെതിരെ പ്രക്ഷോഭം നടത്തി
To revolt for justice,ثَارَ لِلْعَدْلِ,നീതിക്കായി പ്രക്ഷോഭം നടത്തി
To stir up sea / storm,ثَارَ البَحْرُ,കടൽ ഇളകിമറിഞ്ഞു
To revolt for rights,ثَارَ لِلْحُقُوقِ,അവകാശങ്ങൾക്കായി പ്രക്ഷോഭം നടത്തി
To rebel in anger,ثَارَ غَضَباً,ദേഷ്യത്തിൽ പ്രക്ഷോഭം നടത്തി
To revolt everywhere,ثَارَ فِي كُلِّ مَكَانٍ,എല്ലായിടത്തും പ്രക്ഷോഭം ഉയർന്നു
To return to senses / truth,ثَابَ إِلَى الرُّشْدِ,സത്യത്തിലേക്ക് മടങ്ങിവന്നു
To repent to God,ثَابَ إِلَى اللهِ,ദൈവത്തിലേക്ക് മടങ്ങി
To reward good worker,أَثَابَ العَامِلَ الطَّيِّبَ,നല്ല തൊഴിലാളിക്ക് പ്രതിഫലം നൽകി
To return to path,ثَابَ إِلَى الطَّرِيقِ,നേർവഴിയിലേക്ക് മടങ്ങിവന്നു
To reward patience,أَثَابَ الصَّبْرَ,ക്ഷമയ്ക്ക് പ്രതിഫലം നൽകി
To return to wisdom,ثَابَ إِلَى الصَّوَابِ,ബുദ്ധിയിലേക്ക് മടങ്ങിവന്നു
To reward effort,أَثَابَ الجُهْدَ,ശ്രമത്തിന് പ്രതിഫലം നൽകി
To return from error,ثَابَ عَنِ الخَطَأِ,തെറ്റിൽ നിന്ന് മടങ്ങിവന്നു
To reward sincerity,أَثَابَ الإِخْلاَصَ,ആത്മാർത്ഥതയ്ക്ക് പ്രതിഫലം നൽകി
To return to calm,ثَابَ إِلَى الهُدُوءِ,ശാന്തതയിലേക്ക് മടങ്ങിവന്നു
To discourage from work,ثَبَطَ عَنِ العَمَلِ,ജോലിയിൽ നിന്ന് പിന്തിരിപ്പിച്ചു
To hinder progress,ثَبَطَّ التَّقَدُّمَ,പുരോഗതി വൈകിച്ചു
To discourage attempt,ثَبَطَ المُحَاوَلَةَ,ശ്രമത്തിൽ നിന്ന് പിന്തിരിപ്പിച്ചു
To delay implementation,ثَبَطَّ التَّنْفِيذَ,നടപ്പാക്കൽ വൈകിച്ചു
To discourage enthusiasm,ثَبَطَ الحَمَاسَ,ആവേശം തണപ്പിച്ചു
To hinder process,ثَبَطَّ العَمَلِيَّةَ,നടപടികൾ വൈകിച്ചു
To discourage spirit,ثَبَطَ العَزِيمَةَ,വീര്യം കുറച്ചു
To delay resolution,ثَبَطَّ القَرَارَ,തീരുമാനം വൈകിച്ചു
To discourage step,ثَبَطَ الخُطْوَةَ,ചുവടുവെപ്പിൽ നിന്ന് പിന്തിരിപ്പിച്ചു
To hinder movement,ثَبَطَّ الحَرَكَةَ,ചലനം വൈകിച്ചു
To reside in city,ثَوَى فِي المَدِينَةِ,നഗരത്തിൽ താമസിച്ചു
To lodge guest,أَثْوَى الضَّيْفَ,അതിഥിയെ പാർപ്പിച്ചു
To settle in village,ثَوَى فِي القَرْيَةِ,ഗ്രാമത്തിൽ താമസമാക്കി
To lodge traveler,أَثْوَى المُسَافِرَ,യാത്രക്കാരനെ പാർപ്പിച്ചു
To reside long time,ثَوَى طَوِيلاً,വളരെക്കാലം താമസിച്ചു
To accommodate visitor,أَثْوَى الزَّائِرَ,സന്ദർശകനെ പാർപ്പിച്ചു
To settle in country,ثَوَى فِي البَلاَدِ,രാജ്യത്ത് സ്ഥിരതാമസമാക്കി
To lodge friend,أَثْوَى الصَّدِيقَ,കൂട്ടുകാരനെ പാർപ്പിച്ചു
To reside in home,ثَوَى فِي البَيْتِ,വീട്ടിൽ കഴിഞ്ഞുകൂടി
To accommodate team,أَثْوَى الفَرِيقَ,ടീമിന് വസതി നൽകി
Fruit / Consequence,ثَمَرَة,ഫലം / കായ്
Fruits,ثِمَار / أَثْمَار,ഫലങ്ങൾ / കായ്കൾ
Price / Cost / Value,ثَمَن,വില / മൂല്യം
Prices / Costs,أَثْمَان,വിലകൾ
Garment / Dress / Cloth,ثَوْب,വസ്ത്രം
Garments / Clothes,ثِيَاب / أَثْوَاب,വസ്ത്രങ്ങൾ
Bull / Ox,ثَوْر,കാള / കാളക്കൂറ്റൻ
Bulls / Oxen,ثِيرَان,കാളകൾ
الثَّوْرَةُ,വിപ്ലവം / പ്രക്ഷോഭം,Revolution / Uprising
الثَّوْرَاتُ,വിപ്ലവങ്ങൾ,Revolutions
Wealth / Fortune / Riches,ثَرْوَة,സമ്പത്ത് / ഐശ്വര്യം
Wealths / Fortunes,ثَرَوَات,സമ്പത്തുകൾ
Fox / Jackal,ثَعْلَب,കുറുക്കൻ
Foxes,ثَعَالِب,കുറുക്കന്മാർ
Snake / Serpent,ثُعْبَان,പാമ്പ്
Snakes / Serpents,ثَعَابِين,പാമ്പുകൾ
Hole / Piercing / Aperture,ثَقْب,ദ്വാരം / സുഷിരം
Holes / Piercings,ثُقُوب,ദ്വാരങ്ങൾ
الثَّقَافَةُ,സംസ്കാരം / വിദ്യാഭ്യാസം,Culture / Education
والثَّقَافَاتُ,സംസ്കാരങ്ങൾ,Cultures
الثِّقَلُ,ഭാരം / കനം,Weight / Heaviness
الأَثْقَالُ,ഭാരങ്ങൾ,Weights / Burdens
الثَّلْجُ,മഞ്ഞ് / ഐസ്,Ice / Snow
الثُّلُوجُ,മഞ്ഞുകൾ,Snows / Ices
الثُّلُثُ,മൂന്നിലൊന്ന്,One-third / Third part
الأَثْلاَثُ,മൂന്നിലൊന്നുകൾ,One-thirds
الثُّثْنُ,എട്ടിലൊന്ന്,One-eighth / Eighth part
الأَثْمَانُ,എട്ടിലൊന്നുകൾ,One-eighths
الثَّانِيَةُ,സെക്കൻഡ്,Second (Time unit)
الثَّوَانِي,സെക്കൻഡുകൾ,Seconds
الثُّقْبَةُ,ചെറിയ ദ്വാരം,Small hole / Slot
الثُّقَبُ,ചെറിയ ദ്വാരങ്ങൾ,Small holes
الثُغْرَةُ,വിടവ് / വിടവുകൾ,Gap / Breach / Loophole
الثُّغَرُ,വിടവുകൾ,Gaps / Breaches
الثَّدْيُ,സ്തനം / അകിട്,Breast / Udder
الأَثْدَاءُ,സ്തനങ്ങൾ,Breasts / Udders
الثُؤْلُولُ,അരു / ഉണ്ണിയുരുള,Wart / Verruca
والثَّآلِيلُ,അരുക്കൾ,Warts
الثُومُ,വെളുത്തുള്ളി,Garlic
الثَّرَى,ഈറൻ മണ്ണ് / മണ്ണ്,Moist earth / Soil
الثَّكَلُ,സന്താനനഷ്ടം,Bereavement / Loss of child
الثَّوَابُ,പ്രതിഫലം / പുണ്യം,Reward / Recompense
الثَّنَاءُ,പ്രശംസ / സ്തുതി,Praise / Commendation
الثَّغْرُ,മുൻപല്ല് / വായ / തുറമുഖം,Front teeth / Mouth / Port
الثُّغُورُ,തുറമുഖങ്ങൾ / അതിർത്തികൾ,Ports / Frontiers
الثَّرَثَارُ,വാചാലൻ / സംസാരി,Chatterbox / Talkative
الثَّرَثَارُونَ,വാചാലന്മാർ,Chatterboxes
الثَّابِتُ,സ്ഥിരമായ / ഉറച്ച,Constant / Fixed / Firm
الثَّوَابِتُ,സ്ഥിരതയുള്ളവ,Constants / Fixed principles
الثَّائِرُ,വിപ്ലവകാരി / പ്രക്ഷോഭകാരി,Rebel / Revolutionary
الثُّوَّارُ,വിപ്ലവകാരികൾ,Rebels / Revolutionaries
الثَّمِينُ,വിലയേറിയ / വിലപിടിപ്പുള്ള,Precious / Valuable
الثَّقِيلُ,ഭാരമുള്ള / കനത്ത,Heavy / Weighty
الثِّقَالُ,ഭാരമുള്ളവ,Heavy items
الثُّلَاثَاءُ,ചൊവ്വാഴ്ച,Tuesday
الثَّالِثُ,മൂന്നാമത്തെ,Third (3rd)
الثَّامِنُ,എട്ടാമത്തെ,Eighth (8th)
الثَّانِي,രണ്ടാമത്തെ,Second (2nd)
الثَّلاَثَةُ,മൂന്ന്,Three (3)
الثَّمَانِيَةُ,എട്ട്,Eight (8)
الثَّلاَثُونَ,മുപ്പത്,Thirty (30)
الثَّمَانُونَ,എൺപത്,Eighty (80)
الثِّقَةُ,വിശ്വാസം / ആത്മവിശ്വാസം,Trust / Confidence
الثَّنِيَّةُ,മടക്ക് / ചുരം / മുൻപല്ല്,Fold / Mountain pass / Incisor
الثَّنَايَا,മടക്കുകൾ / ചുരങ്ങൾ,Folds / Mountain passes
الثَّلّاجَةُ,ഫ്രിഡ്ജ് / തണുപ്പുകട്ട,Refrigerator / Fridge
الثَّلاَّجَاتُ,ഫ്രിഡ്ജുകൾ,Refrigerators
الثَّانَوِيَّةُ,സെക്കൻഡറി സ്കൂൾ,Secondary school / High school
الثَّبَاتُ,സ്ഥിരത / ഉറപ്പ്,Stability / Firmness
الثَّامِنَةُ,എട്ടു മണി,Eight o'clock
الثَّالِثَةُ,മൂന്നു മണി,Three o'clock
الثَّانِيَةُ,രണ്ടു മണി,Two o'clock
الثُّكْنَةُ,പട്ടാളബാരക്ക്,Barracks / Outpost
الثُّكَنُ,പട്ടാളബാരക്കുകൾ,Barracks
الثَّلَمُ,വിള്ളൽ / കേട്,Notch / Crack / Breach
الأَثْلاَمُ,വിള്ളലുകൾ,Notches / Cracks
الثَّمَلُ,ലഹരി / മദ്യപിത്തം,Drunkenness / Intoxication
الثَّوَانِي,മന്ദത / അലസത,Lethargy / Sluggishness
الثُّلاَثِيُّ,മൂന്നടങ്ങുന്ന / ത്രയം,Triple / Trio / Tripartite
الثُّمَانِيُّ,എട്ടടങ്ങുന്ന / അഷ്ടകോൺ,Octagonal / Eightfold
الثُّنَائِيُّ,രണ്ടടങ്ങുന്ന / ദ്വയം,Dual / Binary / Duo
الثَّقَافِيُّ,സാംസ്കാരികമായ,Cultural / Educational
الثَّوْرِيُّ,വിപ്ലവകരമായ,Revolutionary
الثُّلاَثِيَّةُ,ത്രയഗ്രന്ഥം / മൂന്നുഭാഗം,Trilogy
الثُّنَائِيَّةُ,ദ്വൈതം / രണ്ടെണ്ണം,Duality / Dyad
الثُّمَانِيَّةُ,അഷ്ടകം,Octet
الثَّمِينَةُ,വിലപിടിപ്പുള്ള വസ്തു,Valuable item
الثَّقِيلَةُ,ഭാരമുള്ള വസ്തു,Heavy item / Burden
الثِّقَلُ النوعِيُّ,ആപേക്ഷിക സാന്ദ്രത,Specific gravity
الثَّقْبُ الأَسْوَدُ,കൃഷ്ണവിവരം,Black hole
الثَّلْجُ الجَافُّ,ഡ്രൈ ഐസ്,Dry ice
الثَّوْرَةُ الصِّنَاعِيَّةُ,വ്യവസായ വിപ്ലവം,Industrial Revolution
الثَّوْرَةُ المَعْلُومَاتِيَّةُ,വിവരസാങ്കേതിക വിപ്ലവം,Information Revolution
الثَّقَافَةُ العَامَّةُ,പൊതുവിജ്ഞാനം,General knowledge / Culture
الثِّقَةُ بِالنَّفْسِ,ആത്മവിശ്വാസം,Self-confidence
الثَّمَنُ الإِجْمَالِيُّ,ആകെ തുക / മൊത്തം വില,Total price / Cost
الثَّرَوَاتُ الطَّبِيعِيَّةُ,പ്രകൃതിവിഭവങ്ങൾ,Natural resources
الثَّمَرَةُ النَّاجِحَةُ,വിജയകരമായ ഫലം,Successful result
الثَّوْبُ الرَّسْمِيُّ,ഔദ്യോഗിക വസ്ത്രം,Official dress / Uniform
الثَّبَاتُ الإِنْفِعَالِيُّ,വൈകാരിക സ്ഥിരത,Emotional stability
الثَّقَافَةُ الشَّعْبِيَّةُ,ജനകീയ സംസ്കാരം,Popular culture
الثَّلْجُ المَتَسَاقِطُ,മഞ്ഞുപൊഴിച്ചിൽ,Snowfall
الثَّوْرَةُ العِلْمِيَّةُ,ശാസത്രീയ വിപ്ലവം,Scientific Revolution
الثِّقَةُ المُمُتَبَادَلَةُ,പരസ്പര വിശ്വാസം,Mutual trust
الثَّمَنُ المُنَاسِبُ,ഉചിതമായ വില,Reasonable price
الثَّرَوَاتُ المَعْدِنِيَّةُ,ഖനന വിഭവങ്ങൾ,Mineral resources
الثَّمَرَةُ المُرَّاةُ,കയ്പേറിയ ഫലം,Bitter fruit / Result
الثَّوْبُ التقلِيدِيُّ,പാരമ്പര്യ വസ്ത്രം,Traditional dress
الثَّقَافَةُ المَحَلِّيَّةُ,പ്രാദേശിക സംസ്കാരം,Local culture
الثَّلْجُ الذَّائِبُ,ഉരുകുന്ന മഞ്ഞ്,Melting ice
الثِّقَةُ المَطْلُوقَةُ,പൂർണ്ണവിശ്വാസം,Absolute trust
الثَّمَنُ البَاهِظُ,വളരെ ഉയർന്ന വില,Exorbitant price
الثَّرْوَةُ الحَيَوَانِيَّةُ,മൃഗസമ്പത്ത്,Livestock / Animal wealth
الثَّمَرَةُ النَّاضِجَةُ,പഴുത്ത പഴം,Ripe fruit
الثَّوْبُ الجَدِيدُ,പുതിയ വസ്ത്രം,New dress
الثَّقَافَةُ العَالَمِيَّةُ,ആഗോള സംസ്കാരം,Global culture
الثَّلْجُ الصَّلْبُ,കട്ടിയുള്ള ഐസ്,Hard ice
الثِّقَةُ العَامَّةُ,പൊതുവിശ്വാസം,Public trust
الثَّمَنُ الرَّخِيصُ,കുറഞ്ഞ വില,Cheap price
الثَّرْوَةُ السَّمَكِيَّةُ,മത്സ്യസമ്പത്ത്,Fishery wealth
الثَّمَرَةُ الطَّازَجَةُ,പുതിയ പഴം,Fresh fruit
الثَّوْبُ النَّظِيفُ,വൃത്തിയുള്ള വസ്ത്രം,Clean dress
الثَّقَافَةُ المَهْنِيَّةُ,തൊഴിൽ സംസ്കാരം,Professional culture
الثَّلْجُ النَّقِيُّ,വിശുദ്ധമായ മഞ്ഞ്,Pure snow
الثِّقَةُ المَالِيَّةُ,സാമ്പത്തിക വിശ്വാസ്യത,Financial confidence
الثَّمَنُ المَقْبُولُ,സ്വീകാര്യമായ വില,Acceptable price
الثَّرْوَةُ الزِّرَاعِيَّةُ,കാർഷിക സമ്പത്ത്,Agricultural wealth
الثَّمَرَةُ اللَّذِيذَةُ,രുചികരമായ പഴം,Delicious fruit
الثَّوْبُ الأَبْيَضُ,വെളുത്ത വസ്ത്രം,White dress
الثَّقَافَةُ الرَّقْمِيَّةُ,ഡിജിറ്റൽ സംസ്കാരം,Digital culture
الثَّلْجُ المَجْرُوشُ,പൊടിച്ച ഐസ്,Crushed ice
الثِّقَةُ المُنَاسِبَةُ,അനുയോജ്യമായ വിശ്വാസം,Appropriate trust
الثَّمَنُ الرَّمْزِيُّ,പ്രതീകാത്മക വില,Token price
الثَّرْوَةُ البَشَرِيَّةُ,മനുഷ്യസമ്പത്ത്,Human resources / Wealth
الثَّمَرَةُ المُنَاسِبَةُ,അനുയോജ്യമായ ഫലം,Suitable fruit
الثَّوْبُ الفَاخِرُ,വിലകൂടിയ വസ്ത്രം,Luxury dress
الثَّقَافَةُ الوَطَنِيَّةُ,ദേശീയ സംസ്കാരം,National culture
الثَّلْجُ النَّاعِمُ,മൃദുവായ മഞ്ഞ്,Soft snow
الثِّقَةُ المُمُتَابَعَةُ,തുടരുന്ന വിശ്വാസം,Continued trust
الثَّمَنُ الصَافِي,അറ്റവില,Net price
الثَّرْوَةُ المَالِيَّةُ,സാമ്പത്തിക സമ്പത്ത്,Financial wealth
الثَّمَرَةُ الحُلْوَةُ,മധുരമുള്ള പഴം,Sweet fruit
الثَّوْبُ المُمَزَّقُ,കീറിയ വസ്ത്രം,Torn dress
الثَّقَافَةُ المَكْتُوبَةُ,എഴുതപ്പെട്ട സംസ്കാരം,Written culture
الثَّلْجُ المُنْهَارُ,മഞ്ഞുവീഴ്ച / ഹിമപാതം,Avalanche
الثِّقَةُ الكَامِلَةُ,പൂർണ്ണമായ വിശ്വാസം,Complete trust
الثَّمَنُ الثَّابِتُ,സ്ഥിരമായ വില,Fixed price
الثَّرْوَةُ الفِكْرِيَّةُ,ബൗദ്ധിക സമ്പത്ത്,Intellectual property / Wealth
الثَّمَرَةُ المُفِيدَةُ,ഉപകാരപ്രദമായ ഫലം,Useful fruit / Result
الثَّوْبُ الصُّوفِيُّ,ഉടുപ്പ് / കമ്പിളി വസ്ത്രം,Woolen dress
الثَّقَافَةُ المَرْئِيَّةُ,ദൃശ്യ സംസ്കാരം,Visual culture
الثَّلْجُ الاصْطِنَاعِيُّ,കൃത്രിമ മഞ്ഞ്,Artificial ice
الثِّقَةُ العَالِيَةُ,ഉയർന്ന ആത്മവിശ്വാസം,High confidence
الثَّمَنُ المُخَفَّضُ,ഇളവുചെയ്ത വില,Discounted price
الثَّرْوَةُ العَقَارِيَّةُ,റിഫ്ലക്സ് സമ്പത്ത്,Real estate wealth
الثَّمَرَةُ الجَيِّدَةُ,നല്ല ഫലം,Good fruit
الثَّوْبُ القُطْنِيُّ,കോട്ടൺ വസ്ത്രം,Cotton dress
الثَّقَافَةُ الصَّوْتِيَّةُ,ശ്രവ്യ സംസ്കാരം,Audio culture
الثَّلْجُ الكَثِيفُ,കട്ടിയുള്ള മഞ്ഞ്,Dense snow
الثِّقَةُ الإِيجَابِيَّةُ,അനുകൂല വിശ്വാസം,Positive trust
الثَّمَنُ العَادِلُ,ന്യായമായ വില,Fair price
الثَّرْوَةُ الوَطَنِيَّةُ,ദേശീയ സമ്പത്ത്,National wealth
الثَّمَرَةُ السَّرِيعَةُ,പെട്ടെന്നുള്ള ഫലം,Quick fruit / Result
الثَّوْبُ الحَرِيرِيُّ,പട്ടു വസ്ത്രം,Silk dress
الثَّقَافَةُ الفَنِّيَّةُ,കലാ സംസ്കാരം,Artistic culture
الثَّلْجُ الخَفِيفُ,നേർത്ത മഞ്ഞ്,Light snow
الثِّقَةُ القَوِيَّةُ,ശക്തമായ വിശ്വാസം,Strong confidence
الثَّمَنُ المُرْتَفِعُ,ഉയർന്ന വില,High price
الثَّرْوَةُ النَّفْطِيَّةُ,എണ്ണസമ്പത്ത്,Oil wealth
الثَّمَرَةُ العَظِيمَةُ,വലിയ ഫലം,Great fruit / Result
الثَّوْبُ الطَّوِيلُ,നീളമുള്ള വസ്ത്രം,Long dress
الثَّقَافَةُ الأَدَبِيَّةُ,സാഹിത്യ സംസ്കാരം,Literary culture
الثَّلْجُ المُرَاكَمُ,കൂട്ടിവെച്ച മഞ്ഞ്,Accumulated snow
الثِّقَةُ المُنْخَفِضَةُ,കുറഞ്ഞ വിശ്വാസം,Low trust
الثَّمَنُ المُنْخَفِضُ,കുറഞ്ഞ വില,Low price
الثَّرْوَةُ القَوْمِيَّةُ,ദേശീയ സമ്പത്ത്,National wealth
الثَّمَرَةُ المَرْجُوَّةُ,ആഗ്രഹിച്ച ഫലം,Desired fruit / Result
الثَّوْبُ القَصِيرُ,ചെറിയ വസ്ത്രം,Short dress
الثَّقَافَةُ التَّارِيخِيَّةُ,ചരിത്ര സംസ്കാരം,Historical culture
الثَّلْجُ المَخْلُوطُ,കലർന്ന ഐസ്,Mixed ice
الثِّقَةُ المَتِينَةُ,ഉറച്ച വിശ്വാസം,Solid trust
الثَّمَنُ النَّهَائِيُّ,അവസാന വില,Final price
الثَّرْوَةُ الثَّقَافِيَّةُ,സാംസ്കാരിക സമ്പത്ത്,Cultural wealth
الثَّمَرَةُ المُبَاشِرَةُ,നേരിട്ടുള്ള ഫലം,Direct fruit / Result
الثَّوْبُ المُنَاسِبُ,അനുയോജ്യമായ വസ്ത്രം,Suitable dress
الثَّقَافَةُ السِّيَاسِيَّةُ,രാഷ്ട്രീയ സംസ്കാരം,Political culture
الثَّلْجُ المَحَلِّيُّ,പ്രാദേശിക മഞ്ഞ്,Local snow
الثِّقَةُ المُنَاسِبَةُ,അനുയോജ്യമായ വിശ്വാസം,Proper trust
الثَّمَنُ الاِفْتِرَاضِيُّ,കണക്കാക്കിയ വില,Estimated price
الثَّرْوَةُ الروُحِيَّةُ,ആത്മീയ സമ്പത്ത്,Spiritual wealth
الثَّمَرَةُ الدَّائِمَةُ,സ്ഥിരമായ ഫലം,Lasting fruit
الثَّوْبُ المُمَيَّزُ,പ്രത്യേക വസ്ത്രം,Distinct dress
الثَّقَافَةُ الاِقْتِصَادِيَّةُ,സാമ്പത്തിക സംസ്കാരം,Economic culture
الثَّلْجُ المَطْمُورُ,മൂടപ്പെട്ട മഞ്ഞ്,Buried ice
الثِّقَةُ الإِضَافِيَّةُ,അധിക വിശ്വാസം,Extra trust
الثَّمَنُ المَقْبُولُ,സ്വീകാര്യമായ തുക,Fair cost
الثَّرْوَةُ العلمِيَّةُ,ശാസ്ത്രീയ സമ്പത്ത്,Scientific wealth
الثَّمَرَةُ الإِيجَابِيَّةُ,അനുകൂല ഫലം,Positive fruit
الثَّوْبُ المُرِيحُ,ആശ്വാസമുള്ള വസ്ത്രം,Comfortable dress
الثَّقَافَةُ الإِجْتِمَاعِيَّةُ,സാമൂഹിക സംസ്കാരം,Social culture
الثَّلْجُ المُتَسَاقِطُ بِغَزَارَةٍ,ശക്തമായ മഞ്ഞുവീഴ്ച,Heavy snowfall
الثِّقَةُ الرَّسْمِيَّةُ,ഔദ്യോഗിക വിശ്വാസം,Official confidence
الثَّمَنُ الحَقِيقِيُّ,യഥാർത്ഥ വില,Real price
الثَّرْوَةُ التجَارِيَّةُ,വാണിജ്യ സമ്പത്ത്,Commercial wealth
الثَّمَرَةُ الطَيِّبَةُ,നല്ല ഫലം,Goodly fruit
الثَّوْبُ المُمَتاَزُ,മികച്ച വസ്ത്രം,Excellent dress
الثَّقَافَةُ الروُحِيَّةُ,ആത്മീയ സംസ്കാരം,Spiritual culture
الثَّلْجُ الصَافِي,വ്യക്തമായ മഞ്ഞ്,Clear ice
الثِّقَةُ العَمَلِيَّةُ,പ്രായോഗിക വിശ്വാസം,Practical trust
الثَّمَنُ التَّقْدِيرِيُّ,തോராயമായ വില,Approximate price
الثَّرْوَةُ الخَاصَّةُ,സ്വകാര്യ സമ്പത്ത്,Private wealth
الثَّمَرَةُ المُبَارَكَةُ,അനുഗൃഹീത ഫലം,Blessed fruit
الثَّوْبُ האَنِيقُ,മനോഹരമായ വസ്ത്രം,Elegant dress
الثَّقَافَةُ العلمِيَّةُ,ശാസ്ത്രീയ സംസ്കാരം,Scientific culture
الثَّلْجُ المَذَابُ,ഉരുകിയ മഞ്ഞ്,Melted snow
الثِّقَةُ المِهْنِيَّةُ,തൊഴിൽപരമായ വിശ്വാസം,Professional trust
الثَّمَنُ المُنَاسِبُ جِدًّا,വളരെ അനുയോജ്യമായ വില,Very suitable price
الثَّرْوَةُ العَامَّةُ,പൊതുസമ്പത്ത്,Public wealth
الثَّمَرَةُ המَطْلُوبَةُ,ആവശ്യപ്പെട്ട ഫലം,Desired fruit
الثَّوْبُ الخَفِيفُ,നേർത്ത വസ്ത്രം,Light dress
الثَّقَافَةُ המُعَاصِرَةُ,ആധുനിക സംസ്കാരം,Contemporary culture
الثَّلْجُ المَضْغُوطُ,അമർത്തിയ മഞ്ഞ്,Compressed ice
الثِّقَةُ הדَائِمَةُ,സ്ഥിരമായ വിശ്വാസം,Lasting confidence
الثَّمَنُ المعْقُولُ,ന്യായമായ തുക,Reasonable cost
الثَّرْوَةُ الكَبِيرَةُ,വലിയ സമ്പത്ത്,Great wealth
الثَّمَرَةُ המُمَيَّزَةُ,പ്രത്യേക ഫലം,Special fruit
الثَّوْبُ הَثَقِيلُ,കട്ടിയുള്ള വസ്ത്രം,Heavy dress
الثَّقَافَةُ היَومِيَّةُ,ദിനചര്യ സംസ്കാരം,Daily culture
الثَّلْجُ الرَّقِيقُ,നേർത്ത മഞ്ഞുപാളി,Thin ice
الثِّقَةُ המَشْرُوطَةُ,വ്യവസ്ഥാപിത വിശ്വാസം,Conditional trust
الثَّمَنُ הרَسْمِيُّ,ഔദ്യോഗിക വില,Official price
الثَّرْوَةُ الضَخْمَةُ,വമ്പിച്ച സമ്പത്ത്,Huge wealth
الثَّمَرَةُ المُمِتَازَةُ,മികച്ച ഫലം,Excellent fruit
الثَّوْبُ המُلَوَّنُ,നിറമുള്ള വസ്ത്രം,Colored dress
الثَّقَافَةُ השَامِلَةُ,സമഗ്ര സംസ്കാരം,Comprehensive culture
الثَّلْجُ الجَبَلِيُّ,മലമുകളിലെ മഞ്ഞ്,Mountain snow
الثِّقَةُ المُمُتَازَةُ,മികച്ച വിശ്വാസം,Excellent trust
الثَّمَنُ المَحَدَّدُ,നിശ്ചയിച്ച വില,Specified price
الثَّرْوَةُ המُسْتَدَامَةُ,സുസ്ഥിര സമ്പത്ത്,Sustainable wealth
الثَّمَرَةُ האَكِيدَةُ,ഉറപ്പായ ഫലം,Sure result
الثَّوْبُ הבَسِيطُ,സാധാരണ വസ്ത്രം,Simple dress
الثَّقَافَةُ البيئِيَّةُ,പരിസ്ഥിതി സംസ്കാരം,Environmental culture
الثَّلْجُ المائيُّ,വെള്ളമുള്ള ഐസ്,Watery ice
الثِّقَةُ الشَّخْصِيَّةُ,വ്യക്തിഗത വിശ്വാസം,Personal trust
الثَّمَنُ المعِيَارِيُّ,മാനദണ്ഡ വില,Standard price
الثَّرْوَةُ האَسَاسِيَّةُ,അടിസ്ഥാന സമ്പത്ത്,Basic wealth
الثَّمَرَةُ الوَاضِحَةُ,വ്യക്തമായ ഫലം,Clear fruit / Result
الثَّوْبُ המُمَاثِلُ,സമാനമായ വസ്ത്രം,Similar dress
الثَّقَافَةُ ההُمَامَةُ,പ്രധാന സംസ്കാരം,Important culture
الثَّلْجُ התَجَارِيُّ,വാണിജ്യ ഐസ്,Commercial ice
الثِّقَةُ הרُوحِيَّةُ,ആത്മീയ വിശ്വാസം,Spiritual confidence
الثَّمَنُ התَنَافُسِيُّ,മത്സരാധിഷ്ഠിത വില,Competitive price
الثَّرْوَةُ الهَائِلَةُ,അപാരമായ സമ്പത്ത്,Enormous wealth
الثَّمَرَةُ المُسْتَقْبَلِيَّةُ,ഭാവി ഫലം,Future fruit / Result
الثَّوْبُ المُطَرَّزُ,തുന്നൽ പണിയുള്ള വസ്ത്രം,Embroidered dress
الثَّقَافَةُ المُﺘَﻜَﺎﻣِﻠَﺔُ,സംയോജിത സംസ്കാരം,Integrated culture
الثَّلْجُ الصَّبَاحِيُّ,രാവിലത്തെ മഞ്ഞ്,Morning snow
الثِّقَةُ الكَبِيرَةُ,വലിയ വിശ്വാസം,Great trust
الثَّمَنُ الأَصْلِيُّ,അസൽ വില,Original price
الثَّرْوَةُ المَوْرُوثَةُ,പാരമ്പര്യ സമ്പത്ത്,Inherited wealth
الثَّمَرَةُ القَيِّمَةُ,വിലപ്പെട്ട ഫലം,Valuable result
الثَّوْبُ الجَمِيلُ,മനോഹരമായ വസ്ത്രം,Beautiful dress
الثَّقَافَةُ المُمَيَّزَةُ,പ്രത്യേക സംസ്കാരം,Special culture
الثَّلْجُ اللَّيْلِيُّ,രാത്രിയിലെ മഞ്ഞ്,Night snow
الثِّقَةُ المُتَزَايِدَةُ,വർദ്ധിച്ചുവരുന്ന വിശ്വാസം,Growing confidence
الثَّمَنُ המُنَاسِبُ لِلْجَمِيعِ,എല്ലാവർക്കും അനുയോജ്യമായ വില,Affordable price for all
الثَّرْوَةُ האَسَاسِيَّةُ لِلْبَلاَدِ,രാജ്യത്തിന്റെ പ്രധാന സമ്പത്ത്,Nation's primary wealth
الثَّمَرَةُ האَخِيرَةُ,അവസാന ഫലം,Final fruit / Outcome
الثَّوْبُ المُنَاسِبُ لِلْحَفْلِ,പാർട്ടി വസ്ത്രം,Party dress
الثَّقَافَةُ الأَصِيلَةُ,യഥാർത്ഥ സംസ്കാരം,Authentic culture
الثَّلْجُ البَارِدُ,തണുത്ത മഞ്ഞ്,Cold snow / Ice
الثِّقَةُ التَّامَّةُ,പൂർണ്ണ വിശ്വാസം,Full trust
الثَّمَنُ המَقْبُولُ جدًّا,വളരെ സ്വീകാര്യമായ വില,Highly acceptable price
الثَّرْوَةُ الحَقِيقِيَّةُ,യഥാർത്ഥ സമ്പത്ത്,True wealth
الثَّمَرَةُ المُمْتَازَةُ لِلْعَمَلِ,മികച്ച പ്രവൃത്തി ഫലം,Excellent work result
الثَّوْبُ النَّاعِمُ,മൃദുവായ വസ്ത്രം,Soft dress
الثَّقَافَةُ المُنَفَتِحَةُ,തുറന്ന സംസ്കാരം,Open culture
الثَّلْجُ المُتَرَاكِمُ,കൂടിക്കിടക്കുന്ന മഞ്ഞ്,Accumulated snow
الثِّقَةُ المُﺘَﺒَﺎدَلَةُ بَيْنَ الطَّرَفَيْنِ,ഇരുപക്ഷവും തമ്മിലുള്ള പരസ്പരവിശ്വാസം,Mutual trust between both sides
الثَّمَنُ المُخَفَّضُ كَثِيراً,വളരെ കുറഞ്ഞ വില,Highly discounted price
الثَّرْوَةُ العَظِيمَةُ لِلأُمَّةِ,രാഷ്ട്രത്തിന്റെ വലിയ സമ്പത്ത്,Nation's great wealth
الثَّمَرَةُ המُرْضِيَةُ,തൃപ്തികരമായ ഫലം,Satisfactory result
الثَّوْبُ الدافِئُ,ചൂടുള്ള വസ്ത്രം,Warm dress
الثَّقَافَةُ المُمْتَازَةُ,മികച്ച സംസ്കാരം,Excellent culture
الثَّلْجُ الصَّافِي جِدًّا,വളരെ വ്യക്തമായ ഐസ്,Very clear ice
الثِّقَةُ القَوِيَّةُ جِدًّا,വളരെ ശക്തമായ വിശ്വാസം,Very strong confidence
الثَّمَنُ المُنَاسِبُ لِلشِّرَاءِ,വാങ്ങാൻ അനുയോജ്യമായ വില,Best price to buy
الثَّرْوَةُ המُتَجَدِّدَةُ,പുനരുൽപ്പാദിപ്പിക്കാവുന്ന സമ്പത്ത്,Renewable wealth
الثَّمَرَةُ الإِيجَابِيَّةُ لِلْجُهْدِ,ശ്രമത്തിന്റെ അനുകൂല ഫലം,Positive result of effort
الثَّوْبُ المُتَنَاسِقُ,ഇണങ്ങുന്ന വസ്ത്രം,Matching dress
الثَّقَافَةُ الرَّائِعَةُ,അത്ഭുതകരമായ സംസ്കാരം,Wonderful culture
الثَّلْجُ النَّاصِعُ,വെളുത്ത മഞ്ഞ്,Pure white snow
الثِّقَةُ المُطْلَقَةُ فِي العَمَلِ,ജോലിയിലെ പൂർണ്ണ വിശ്വാസം,Absolute trust in work
الثَّمَنُ המُنَاسِبُ لِلْجَمِيعِ,എല്ലാവർക്കും താങ്ങാവുന്ന തുക,Affordable cost for all
الثَّرْوَةُ الفِكْرِيَّةُ العَالِيَةُ,ഉയർന്ന ബൗദ്ധിക സമ്പത്ത്,High intellectual wealth
الثَّمَرَةُ المُمْتَازَةُ لِلتَّدْرِيبِ,പരിശീലനത്തിന്റെ മികച്ച ഫലം,Excellent result of training
الثَّوْبُ המُمَيَّزُ جِدًّا,വളരെ പ്രത്യേകതയുള്ള വസ്ത്രം,Very distinct dress
الثَّقَافَةُ المَحَلِّيَّةُ الأَصِيلَةُ,യഥാർത്ഥ പ്രാദേശിക സംസ്കാരം,Authentic local culture
الثَّلْجُ الخَفِيفُ الصَّبَاحِيُّ,രാവിലത്തെ നേർത്ത മഞ്ഞ്,Light morning snow
الثِّقَةُ الكَبِيرَةُ بَيْنَ الأَصْدِقَاءِ,കൂട്ടുകാർക്കിടയിലെ വലിയ വിശ്വാസം,Great trust among friends
الثَّمَنُ المُخَفَّضُ لِلْمُنْتَجِ,ഉൽപ്പന്നത്തിന്റെ ഇളവ് ചെയ്ത വില,Discounted product price
الثَّرْوَةُ الطَّبِيعِيَّةُ لِلْبَلاَدِ,രാജ്യത്തിന്റെ പ്രകൃതിസമ്പത്ത്,Country's natural wealth
الثَّمَرَةُ המُرْضِيَةُ لِلْجَمِيعِ,എല്ലാവർക്കും തൃപ്തികരമായ ഫലം,Satisfactory result for all
الثَّوْبُ האَنِيقُ جِدًّا,വളരെ മനോഹരമായ വസ്ത്രം,Very elegant dress
الثَّقَافَةُ المَكْتُوبَةُ القَدِيمَةُ,പുരാതന എഴുതപ്പെട്ട സംസ്കാരം,Ancient written culture
الثَّلْجُ المَذَابُ بِسُرْعَةٍ,വേഗത്തിൽ ഉരുകുന്ന മഞ്ഞ്,Quickly melting ice
الثِّقَةُ المُمُتَازَةُ فِي الفَرِيقِ,ടീമിലുള്ള മികച്ച വിശ്വാസം,Excellent trust in team
الثَّمَنُ المَعْقُولُ لِلْخِدْمَةِ,സേവനത്തിന്റെ ന്യായമായ തുക,Reasonable service price
الثَّرْوَةُ المَالِيَّةُ الكَبِيرَةُ,വലിയ സാമ്പത്തിക സമ്പത്ത്,Great financial wealth
الثَّمَرَةُ العَظِيمَةُ لِلصَّبْرِ,ക്ഷമയുടെ വലിയ ഫലം,Great fruit of patience
الثَّوْبُ الرَّسْمِيُّ المُمَيَّزُ,പ്രത്യേക ഔദ്യോഗിക വസ്ത്രം,Distinct official dress
الثَّقَافَةُ العَالَمِيَّةُ المُعَاصِرَةُ,ആധുനിക ആഗോള സംസ്കാരം,Contemporary global culture
الثَّلْجُ الصَّلْبُ جِدًّا,വളരെ കട്ടിയുള്ള ഐസ്,Very hard ice
الثِّقَةُ العَالِيَةُ بِالنَّفْسِ,ഉയർന്ന ആത്മവിശ്വാസം,High self-confidence
الثَّمَنُ المَقْبُولُ لِلْجَمِيعِ,എല്ലാവർക്കും സ്വീകാര്യമായ വില,Acceptable price for all
الثَّرْوَةُ הבَشَرِيَّةُ الهَائِلَةُ,അപാരമായ മനുഷ്യസമ്പത്ത്,Enormous human wealth
الثَّمَرَةُ المُنَاسِبَةُ لِلْعَمَلِ,ജോലിക്ക് അനുയോജ്യമായ ഫലം,Suitable work result
الثَّوْبُ הَجَدِيدُ المُمَتاَزُ,മികച്ച പുതിയ വസ്ത്രം,Excellent new dress
الثَّقَافَةُ השَّعْبِيَّةُ الأَصِيلَةُ,യഥാർത്ഥ ജനകീയ സംസ്കാരം,Authentic popular culture
الثَّلْجُ المُنْهَارُ كَثِيراً,വലിയ ഹിമപാതം,Massive avalanche
الثِّقَةُ المَتِينَةُ فِي العَلاَقَةِ,ബന്ധത്തിലെ ഉറച്ച വിശ്വാസം,Solid trust in relationship
الثَّمَنُ הנَّهَائِيُّ لِلْمُنْتَجِ,ഉൽപ്പന്നത്തിന്റെ അവസാന വില,Final product price
الثَّرْوَةُ החَقِيقِيَّةُ لِلإِنْسَانِ,മനുഷ്യന്റെ യഥാർത്ഥ സമ്പത്ത്,Human's true wealth
الثَّمَرَةُ האَكِيدَةُ لِلنَّجَاحِ,വിജയത്തിന്റെ ഉറപ്പായ ഫലം,Sure fruit of success
الثَّوْبُ المُطَرَّزُ الجَمِيلُ,മനോഹരമായ തുന്നൽ വസ്ത്രം,Beautiful embroidered dress
الثَّقَافَةُ الشَّامِلَةُ لِلْمُجْتَمَعِ,സമൂഹത്തിന്റെ സമഗ്ര സംസ്കാരം,Society's comprehensive culture
الثَّلْجُ الجَبَلِيُّ الصَّافِي,മലമുകളിലെ തെളിഞ്ഞ മഞ്ഞ്,Clear mountain snow
الثِّقَةُ التَّامَّةُ فِي القِيَادَةِ,നേതൃത്വത്തിലുള്ള പൂർണ്ണ വിശ്വാസം,Full trust in leadership
الثَّمَنُ המُنَاسِبُ لِلشَّرَاءِ الآنَ,ഇപ്പോൾ വാങ്ങാൻ അനുയോജ്യമായ വില,Best price to buy now
الثَّرْوَةُ המُسْتَدَامَةُ لِلأَجْيَالِ,തലമുറകൾക്കുള്ള സുസ്ഥിര സമ്പത്ത്,Sustainable wealth for generations
الثَّمَرَةُ المُمِتَازَةُ لِلشَّرِكَةِ,കമ്പനിയുടെ മികച്ച ഫലം,Company's excellent result
الثَّوْبُ הבَسِيطُ الأَنِيقُ,സാധാരണ മനോഹരമായ വസ്ത്രം,Simple elegant dress
الثَّقَافَةُ הביئِيَّةُ المُمُتَازَةُ,മികച്ച പരിസ്ഥിതി സംസ്കാരം,Excellent environmental culture
الثَّلْجُ الكَثِيفُ فِي الشِّتَاءِ,ശൈത്യകാലത്തെ കട്ടിയുള്ള മഞ്ഞ്,Dense winter snow
الثِّقَةُ השَّخْصِيَّةُ العَالِيَةُ,ഉയർന്ന വ്യക്തിഗത വിശ്വാസം,High personal trust
الثَّمَنُ المَعْقُولُ لِلْكُلِّ,എല്ലാവർക്കും ന്യായമായ വില,Reasonable price for all
الثَّرْوَةُ העَظِيمَةُ لِلشَّعْبِ,ജനങ്ങളുടെ വലിയ സമ്പത്ത്,People's great wealth
الثَّمَرَةُ הУَالِيَةُ لِلْجُهْدِ,ശ്രമത്തിന്റെ ഉയർന്ന ഫലം,High result of effort
الثَّوْبُ المُمَازُ لِلْحَفْلَةِ,പാർട്ടിക്കുള്ള മികച്ച വസ്ത്രം,Excellent party dress
الثَّقَافَةُ ההُمَامَةُ لِلْجِيلِ,തലമുറയ്ക്കുള്ള പ്രധാന സംസ്കാരം,Important culture for generation
الثَّلْجُ التَّجَارِيُّ النَّقِيُّ,ശുദ്ധമായ വാണിജ്യ ഐസ്,Pure commercial ice
الثِّقَةُ الرُّوحِيَّةُ القَوِيَّةُ,ശക്തമായ ആത്മീയ വിശ്വാസം,Strong spiritual confidence
الثَّمَنُ التَّنَافُسِيُّ لِلسُّوقِ,മാർക്കറ്റിലെ മത്സര വില,Market competitive price
الثَّرْوَةُ الهَائِلَةُ لِلْمَمْلَكَةِ,രാജ്യത്തിന്റെ അപാരമായ സമ്പത്ത്,Kingdom's enormous wealth
الثَّمَرَةُ المُسْتَقْبَلِيَّةُ لِلْمَشْرُوعِ,പ്രോജക്ടിന്റെ ഭാവി ഫലം,Project's future result
الثَّوْبُ المُطَرَّزُ הפَاخِرُ,വിലകൂടിയ തുന്നൽ വസ്ത്രം,Luxury embroidered dress
الثَّقَافَةُ المُتَكَامِلَةُ لِلأُمَّةِ,രാഷ്ട്രത്തിന്റെ സംയോജിത സംസ്കാരം,Nation's integrated culture
الثَّلْجُ الصَّبَاحِيُّ الخَفِيفُ,രാവിലത്തെ നേർത്ത മഞ്ഞ്,Light morning snow
الثِّقَةُ الكَبِيرَةُ فِي العَمَلِ,ജോലിയിലുള്ള വലിയ വിശ്വാസം,Great trust in work
الثَّمَنُ الأَصْلِيُّ لِلْمُنْتَجِ,ഉൽപ്പന്നത്തിന്റെ അസൽ വില,Product's original price
الثَّرْوَةُ المَوْرُوثَةُ مِنَ الأَجْدَادِ,മുത്തശ്ശിമാരിൽ നിന്ന് ലഭിച്ച പാരമ്പര്യ സമ്പത്ത്,Wealth inherited from ancestors
الثَّمَرَةُ القَيِّمَةُ لِلْعِلْمِ,അറിവിന്റെ വിലപ്പെട്ട ഫലം,Valuable result of knowledge
الثَّوْبُ الجَمِيلُ جِدًّا,വളരെ മനോഹരമായ വസ്ത്രം,Very beautiful dress
الثَّقَافَةُ المُمَيَّزَةُ لِلْمُجْتَمَعِ,സമൂഹത്തിന്റെ പ്രത്യേക സംസ്കാരം,Society's special culture
الثَّلْجُ اللَّيْلِيُّ الكَثِيفُ,രാത്രിയിലെ കട്ടിയുള്ള മഞ്ഞ്,Dense night snow
الثِّقَةُ المُتَزَايِدَةُ بَيْنَنَا,നമുക്കിടയിൽ വർദ്ധിച്ചുവരുന്ന വിശ്വാസം,Growing confidence between us
Forest wealth,ثَرْوَةٌ غَابِيَّة,വനസമ്പത്ത്
Pittance / Low price,ثَمَنٌ خَبَخ,തുച്ഛമായ വില
Exorbitant price,ثَمَنٌ بَاهِظ,വളരെ ഉയർന്ന വില
Fair price,ثَمَنٌ عَادِل,ന്യായമായ വില
Reasonable price,ثَمَنٌ مُنَاسِب,അനുയോജ്യമായ വില
To collect / gather,جَمَعَ,ശേഖരിച്ചു / ഒരുമിച്ചുകൂട്ടി
To sit,جَلَسَ,ഇരുന്നു
To run / flow,جَرَى,ഓടി / ഒഴുകി
To come / arrive,جَاءَ,വന്നു
To make / cause,جَعَلَ,ആക്കി / ഉണ്ടാക്കി
To strive / struggle,جَاهَدَ,ശ്രമിച്ചു / പോരാടി
To argue / debate,جَادَلَ,തർക്കിച്ചു
To answer / reply,جَاوبَ,മറുപടി നൽകി
To test / try / experiment,جَرَّبَ,പരീക്ഷിച്ചു / പരീക്ഷിച്ചുനോക്കി
To prepare / equip,جَهَّزَ,തയ്യാറാക്കി
To renew / renovate,جَدَّدَ,പുതുക്കി
To embody / represent,جَسَّدَ,മൂർത്തിമദ്ഭവിപ്പിച്ചു
To beautify / decorate,جَمَّلَ,അലങ്കരിച്ചു / ഭംഗിയാക്കി
To freeze / solidify,جَمُدَ,തണുത്തുറഞ്ഞു
To dry / dry up,جَفَّ,ഉണങ്ങി
To dry / dehydrate,جَفَّفَ,ഉണക്കി
To attract / pull,جَذَبَ,ആകർഷിച്ചു / വലിച്ചു
To wound / injure,جَرَحَ,പരുക്കേൽപ്പിച്ചു
To pull / drag,جَرَّ,വലിച്ചിഴച്ചു
To reward / punish,جَازَى,പ്രതിഫലം നൽകി / ശിക്ഷിച്ചു
To be ignorant,جَهِلَ,അജ്ഞനായി ഇരുന്നു
To ignore,جَهَلَ,അവഗണിച്ചു
To speak aloud / declare,جَهَرَ,ഉച്ചത്തിൽ പറഞ്ഞു / പരസ്യമാക്കി
To force / compel / restore,جَبَرَ,നിർബന്ധിച്ചു / കൂട്ടിച്ചേർത്തു
To be cowardly,جَبُنَ,ഭീരുവായി
To tour / roam,جَوَّلَ,സഞ്ചരിച്ചു / ചുറ്റിസഞ്ചരിച്ചു
To be permissible / pass,جَازَ,അനുവദനീയമായി / കടന്നുപോയി
To be hungry,جَاعَ,വിശന്നു
To be generous / excel,جَادَ,ഉദാരമനസ്കനായി / മികച്ചുനിന്നു
To traverse / explore,جَابَ,ചുറ്റിക്കണ്ടു / സഞ്ചരിച്ചു
To roam / wander,جَالَ,ചുറ്റിനടന്നു
To avoid / side with,جَانَبَ,ഒഴിവാക്കി
To neighbor / be adjacent,جَاوَرَ,അയൽപക്കത്തായിരിന്നു
To exceed / surpass,جَاوَزَ,മറികടന്നു / അതിക്രമിച്ചു
To risk / gamble,جَازَفَ,സാഹസം ചെയ്തു / അപകടസാധ്യത എടുത്തു
To unite with / copulate,جَامَعَ,ഒരുമിച്ചു ചേർന്നു
To be impatient,جَازَعَ,ക്ഷമകെട്ടു
To sit with / keep company,جَالَسَ,കൂടെയിരുന്നു
To flatter / be polite,جَامَلَ,പുകഴ്ത്തി / മര്യാദ കാണിച്ചു
To confront / face,جَابَهَ,നേരിട്ടു
To strip / bare / abstract,جَرَّدَ,ഒഴിവാക്കി / നഗ്നമാക്കി
To criminalize / incriminate,جَرَّمَ,കുറ്റകരമാക്കി
To ring / chime,جَرَسَ,മണി മുഴക്കി
To wash away / sweep,جَرَّفَ,ഒഴുക്കിക്കൊണ്ടുപോയി
To swallow / gulp,جَرَعَ,വിഴുങ്ങി
To make gulp / administer,جَرَّعَ,കുടിപ്പിച്ചു / വിഴുങ്ങിച്ചു
To panic / fret,جَزَعَ,പരിഭ്രാന്തനായി
To decide / assert firmly,جَزَمَ,തീരുമാനിച്ചു / ഉറപ്പിച്ചു പറഞ്ഞു
To divide / parse,جَزَّأَ,ഭാഗിച്ചു / വിഭജിച്ചു
To shear / cut,جَزَّ,രരോമം കത്രിച്ഛു / വെട്ടി
To feel / palpate / probe,جَسَّ,തൊട്ടുനോക്കി / പരിശോധിച്ചു
To spy / inspect,جَسَّسَ,ചാരപ്പണി നടത്തി
To be daring / brave,جَسُرَ,ധൈര്യപ്പെട്ടു
To curl / crinkle,جَعَّدَ,ചുളിച്ചു / ചുരുട്ടി
To fetch / bring / attract,جَلَبَ,കൊണ്ടുവന്നു / ആകർഷിച്ചു
To whip / flog,جَلَدَ,ചാട്ടവാറുകൊണ്ട് അടിച്ചു
To be patient / enduring,جَلُدَ,ക്ഷമ പാലിച്ചു
To cover / wrap,جَلَّلَ,മൂടി / പൊതിഞ്ഞു
To clarify / polish / reveal,جَلَى,വ്യക്തമാക്കി / തിളക്കി
To bolt / run wild,جَمَحَ,കൈവിട്ടുപോയി / കുതിച്ചുപായുന്നു
To freeze / chill,جَمَّدَ,മരവിപ്പിച്ചു / തണുപ്പിച്ചു
To add / accumulate,جَمَعَ,കൂട്ടിച്ചേർത്തു
To be handsome / good,جَمُلاَ,ഭംഗിയുള്ളതായി
To harvest / reap,جَنَى,വിളവെടുത്തു / ശേഖരിച്ചു
To drive mad / cover,جَنَّ,ഭ്രാന്ത് പിടിപ്പിച്ചു / മൂടി
To ward off / shield,جَنَّبَ,തടഞ്ഞു നിർത്തി / മാറ്റി നിർത്തി
To recruit / draft,جَنَّدَ,സൈന്യത്തിൽ ചേർത്തു
To classify / assimilate,جَنَسَ,വർഗ്ഗീകരിച്ചു
To finish off / dispatch,جَهَزَ,അവസാനിപ്പിച്ചു
To sob / burst into tears,جَهَشَ,വിങ്ങിപ്പൊട്ടി
To look sternly / frown,جَهَّمَ,മുഖം കനപ്പിച്ചു
To comfort / appease,جَابَرَ,ആശ്വസിപ്പിച്ചു
To act unjustly / oppress,جَارَ,അക്രമം കാണിച്ചു
To keep pace with / simulate,جَارَى,ഒപ്പം മുന്നേറി / അനുകരിച്ചു
To dispute / contest,جَادَلَ,തർക്കത്തിൽ ഏർപ്പെട്ടു
To offer / display,جَارَضَ,കാഴ്ചവെച്ചു
To snub / keep away,جَافَى,അകന്നുനിന്നു
To sever / cut off,جَذَّ,മുറിച്ചുമാറ്റി
To uproot / take root,جَذَرَ,വേരോടി
To establish deeply,جَذَّرَ,ആഴത്തിൽ ഉറപ്പിച്ചു
To commit a crime,جَرُمَ,കുറ്റം ചെയ്തു
To dare / venture,جَرُؤَ,ധൈര്യപ്പെട്ടു
To repay / compensate,جَزَى,പ്രതിഫലം നൽകി
To slaughter / butcher,جَزَّرَ,അറുത്തു / വെട്ടി
To clothe / robe,جَلَبَبَ,വസ്ത്രം ധരിപ്പിച്ചു
To clear up / evict,جَلَّى,വ്യക്തമാക്കി / ഒഴിപ്പിച്ചു
To assemble / gather together,جَمَّعَ,ഒരുമിച്ചുകൂട്ടി
To mobilize / crowd,جَمْهَرَ,ജനങ്ങളെ സംഘടിപ്പിച്ചു
To lean / incline / stray,جَنَحَ,ചരിഞ്ഞു / വഴിതെറ്റി
To fit out / ready,جَهَزَ,സജ്ജമാക്കി
To improve / optimize,جَوَّدَ,മെച്ചപ്പെടുത്തി
To permit / pass,جَوَّزَ,അനുവാദം നൽകി
To starve / deprive of food,جَوَّعَ,പട്ടിണിക്കിട്ടു
To become dry,جَافَّ,ഉണങ്ങിപ്പോയി
To deny stubbornly,جَاحَدَ,വാശിയോടെ നിഷേധിച്ചു
To contend for / pull gently,جَاذَبَ,വലിപ്പിച്ചു / തർക്കിച്ചു
To sweep away,جَارَفَ,അടിച്ചുവാരിപ്പോയി
To penalize / sentence,جَازَءَ,ശിക്ഷിച്ചു
To curl hair,جَاعَدَ,മുടി ചുരുട്ടി
To dry up thoroughly,جَافَفَ,പൂർണ്ണമായി ഉണക്കി
To compete / clamor,جَالَبَ,മത്സരിച്ചു
To duel / fight with swords,جَالَدَ,വാളുകൊണ്ട് പോരാടി
To exile / deport,جَالَى,നാടുകടത്തി
To combine / merge,جَامَعَ,ലയിപ്പിച്ചു
To freeze solid,جَامَدَ,കട്ടിയാക്കി
To homogenize / match,جَانَسَ,സമാനമാക്കി
To manifest / make public,جَاهَرَ,പരസ്യമായി പ്രഖ്യാപിച്ചു
To finalize deal,جَاهَزَ,കരാർ ഉറപ്പിച്ചു
To overlook / pardon,جَاوَزَ,മാപ്പുനൽകി / വിട്ടുനൽകി
To co-exist generationally,جَايَلَ,തലമുറകളായി ജീവിച്ചു
To pull forcefully,جَبَذَ,ശക്തിയായി വലിച്ചു
To force upon,جَبَّارَ,അടിച്ചേൽപ്പിച്ചു
To hit forehead / confront,جَبِهَ,നെറ്റിയിൽ അടിച്ചു / നേരിട്ടു
To crouch / kneel,جَثَمَ,കുനിഞ്ഞിരുന്നു / മുട്ടുകുത്തി
To kneel down,جَثَا,മുട്ടുകുത്തി ഇരുന്നു
To deny / disbelieve,جَحَدَ,നിഷേധിച്ചു
To retreat into hole,جَحَرَ,പൊന്തിൽ ഒളിച്ചു
To bulge eyes,جَحَظَ,കണ്ണുകൾ തള്ളിപ്പൊന്തിച്ചു
To bury / entomb,جَدَثَ,മറവുചെയ്തു
To braid / weave,جَدَلَ,മെടഞ്ഞു / നെയ്തു
To suffer drought / be barren,جَدَبَ,വരൾച്ചയുണ്ടായി
To cut off nose / mutilate,جَدَعَ,മൂക്ക് മുറിച്ചു
To row / paddle boat,جَدَفَ,തുഴഞ്ഞു
To be serious / strive,جَدَّ,ഗൗരവമായി എടുത്തു / അധ്വാനിച്ചു
To entice / lure,جَذَبَ,പ്രലോഭിപ്പിച്ചു
To amputate / cut off,جَذَمَ,മുറിച്ചു മാറ്റി
To erode / undermine,جَرُفَ,ഒലിച്ചുപോയി
To commit crime / fault,جَرَمَ,തെറ്റ് ചെയ്തു
To become bare / desolate,جَرُدَ,ശൂന്യമായി
To occur / take place,جَرَى,സംഭവിച്ചു
To divide into sections,جَزَأَ,ഭാഗങ്ങളാക്കി
To ebb (tide) / slaughter,جَزَرَ,വറ്റാനിടയായി / അറുത്തു
To give copiously,جَزَلَ,ധാരാളമായി നൽകി
To materialize / embody,جَسَمَ,രൂപീകരിച്ചു
To be huge / massive,جَسُمَ,വലുതായി
To appoint / designate,جَعَلَ,നിയമിച്ചു
To tear up / uproot,جَعَفَ,പിഴുതെറിഞ്ഞു
To grind / polish metal,جَلَخَ,മിനുക്കിയെടുത്തു
To take a seat,جَلَسَ,ആസനസ്ഥനായി
To clot (blood),جَلَطَ,രക്തം കട്ടപിടിച്ചു
To uncover / strip bare,جَلَعَ,തുറന്നുകാട്ടി
To shear sheep,جَلَمَ,ആടിന്റെ രോമം വെട്ടി
To clarify situation,جَلَى,സാഹചര്യം വ്യക്തമാക്കി
To compile / summarize,جَمَعَ,സമാഹരിച്ചു
To sum up / aggregate,جَمَلَ,മൊത്തത്തിൽ കണക്കാക്കി
To banter / tease,جَمُشَ,തമാശ പറഞ്ഞു
To solidify liquid,جَمَّدَ,കട്ടിയാക്കി മാറ്റിയ
To make elegant,جَمَّلَ,മനോഹരമാക്കി
To gather crowds,جَمْهَرَ,ആളുകളെ കൂട്ടി
To veer off course,جَنَحَ,വഴിമാറിപ്പോയി
To commit offense,جَنَى,അപരാധം ചെയ്തു
To craze / madden,جَنَّنَ,ഭ്രാന്ത് പിടിപ്പിച്ചു
To prepare army,جَهَزَ,സൈന്യത്തെ സജ്ജമാക്കി
To be unaware of,جَهِلَ,അറിയാതെ പോയി
To pronounce loudly,جَهَرَ,ഉറക്കെ ഉച്ചരിച്ചു
To recite Quran skillfully,جَوَّدَ,ഖുർആൻ നന്നായി ഓതി
To wander around town,جَوَّلَ,പട്ടണത്തിൽ ചുറ്റിനടന്നു
To starve enemy,جَوَّعَ,ശത്രുവിനെ പട്ടിണിക്കിട്ടു
To mobilize military,جَيَّشَ,സൈന്യത്തെ അണിനിരത്തി
To endorse check / transfer,جَيَّرَ,ചെക്ക് ഒപ്പിട്ടു നൽകി / കൈമാറി
To yield / bring about,جَاءَ,ഉണ്ടാക്കിത്തീർത്തു
To traverse countries,جَابَ,രാജ്യങ്ങളിൽ സഞ്ചരിച്ചു
To bestow gifts,جَادَ,സമ്മാനങ്ങൾ നൽകി
To trespass / encroach,جَارَ,അതിക്രമിച്ചു കയറി
To pass exam / qualify,جَازَ,പരീക്ഷ ജയിച്ചു
To circulate / revolve,جَالَ,കറങ്ങിനടന്നു
To mend broken bone,جَبَرَ,എല്ല് കൂട്ടിച്ചേർത്തു
To bow down / submit,جَثَا,വിധേയനായി കുനിഞ്ഞു
To disown / repudiate,جَحَدَ,തള്ളിപ്പറഞ്ഞു
To modernize / reform,جَدَّدَ,ആധുനികവൽക്കരിച്ചു
To charm / captivate,جَذَبَ,വശീകരിച്ചു
To test drive / sample,جَرَّبَ,രുചിച്ചു നോക്കി / ഓടിച്ചുനോക്കി
To disarm / strip rank,جَرَّدَ,ആയുധം എടുത്തുമാറ്റി
To make suffer,جَرَّعَ,സഹിപ്പിച്ചു
To grammar jussive state,جَزَمَ,വ്യാകരണപരമായ മാറ്റം വരുത്തി
To eavesdrop,جَسَّسَ,ഒളിഞ്ഞുനോക്കി / കേട്ടു
To wrinkle skin,جَعَّدَ,ചർമ്മം ചുളിച്ചു
To import goods,جَلَبَ,സാധനങ്ങൾ ഇറക്കുമതി ചെയ്തു
To honor / venerate,جَلَّلَ,ആദരിച്ചു
To freeze assets,جَمَّدَ,സ്വത്ത് മരവിപ്പിച്ചു
To collect stamps,جَمَّعَ,സ്റ്റാമ്പുകൾ ശേഖരിച്ചു
To steer clear of,جَنَّبَ,മാറിനിന്നു
To enlist troops,جَنَّدَ,പടയാളികളെ നിയമിച്ചു
To package goods,جَهَّزَ,സാധനങ്ങൾ പാക്ക് ചെയ്തു
To certify / validate,جَوَّزَ,സാക്ഷ്യപ്പെടുത്തി
To compensate loss,جَزَى,നഷ്ടപരിഹാരം നൽകി
To adjoin / flank,جَاوَرَ,തൊട്ടുരുമ്മി നിന്നു
To debate fiercely,جَادَلَ,ശക്തമായി വാദിച്ചു
To attend meeting with,جَالَسَ,യോഗത്തിൽ പങ്കെടുത്തു
To resist / defy,جَابَهَ,പ്രതിരോധിച്ചു
To entrench deeply,جَذَّਰَ,ആഴത്തിൽ സ്ഥാപിച്ചു
To outlaw / ban,جَرَّمَ,നിരോധിച്ചു
To segment market,جَزَّأَ,വിപണി തിരിച്ചു
To encapsulate idea,جَسَّدَ,ആശയം ഉൾക്കൊണ്ടു
To polish text,جَمَّلَ,വാചകം ഭംഗിയാക്കി
To naturalize citizen,جَنَّسَ,പൗരത്വം നൽകി
To furnish room,جَهَّزَ,മുറി അലങ്കരിച്ചു / ക്രമീകരിച്ചു
To refine process,جَوَّدَ,പ്രക്രിയ ശുദ്ധീകരിച്ചു
To rally supporters,جَيَّشَ,പിന്തുണക്കാരെ അണിനിരത്തി
To render impossible,جَعَلَ,അസാധ്യമാക്കി
To incur penalty,جَلَبَ,ശിക്ഷ വരുത്തിവെച്ചു
To combine forces,جَمَعَ,ശക്തികൾ ഏകോപിപ്പിച്ചു
To proceed smooth,جَرَى,സുഗമമായി നടന്നു
To produce results,جَاءَ,ഫലം നൽകി
To strive for peace,جَاهَدَ,സമാധാനത്തിനായി പോരാടി
To renew license,جَدَّدَ,ലൈസൻസ് പുതുക്കി
To cook meal,جَهَّزَ,ഭക്ഷണം ഒരുക്കി
To try new approach,جَرَّبَ,പുതിയ രീതി പരീക്ഷിച്ചു
To stall project,جَمَّدَ,പദ്ധതി നിർത്തിവെച്ചു
To edit image,جَمَّلَ,ചിത്രം മനോഹരമാക്കി
To alienate friend,جَافَى,കൂട്ടുകാരനെ അകറ്റി
To pull lever,جَذَبَ,ലിവർ വലിച്ചു
To hurt feelings,جَرَحَ,മനസ്സിനെ മുറിവേൽപ്പിച്ചു
To tow vehicle,جَرَّ,വാഹനം വലിച്ചുകൊണ്ടുപോയി
To reward effort,جَازَى,ശ്രമത്തെ അഭിനന്ദിച്ചു
To miss point,جَهِلَ,കാര്യം മനസ്സിലാക്കാതിരുന്നു
To reveal secret,جَهَرَ,രഹസ്യം പരസ്യമാക്കി
To compensate damage,جَبَرَ,കേടുപാടുകൾ തീർത്തു
To travel world,جَوَّلَ,ലോകം ചുറ്റിക്കണ്ടു
To fast / go hungry,جَاعَ,പട്ടിണി കിടന്നു
To rain heavily,جَادَ,കനത്ത മഴ പെയ്തു
To neighbor upon,جَالَرَ,അതിർത്തി പങ്കിട്ടു
To exceed limit,جَاوَزَ,പരിധി ലംഘിച്ചു
To take chances,جَازَفَ,അപകടസാധ്യത നേരിട്ടു
To sit together,جَالَسَ,ഒരുമിച്ചിരുന്നു
To compliment user,جَامَلَ,ഉപയോക്താവിനെ പ്രശംസിച്ചു
To face crisis,جَابَهَ,പ്രതിസന്ധിയെ നേരിട്ടു
To strip bare details,جَرَّدَ,വിവരങ്ങൾ പുറത്തെടുത്തു
To convict accused,جَرَّمَ,പ്രതിയെ കുറ്റക്കാരനാക്കി
To dredge river,جَرَّفَ,പുഴ ശുദ്ധീകരിച്ചു
To drink medicine,جَرَعَ,മരുന്ന് വിഴുങ്ങി
To lose composure,جَزَعَ,നിയന്ത്രണം വിട്ടു
To confirm appointment,جَزَمَ,അപ്പോയിന്റ്മെന്റ് ഉറപ്പിച്ചു
To check pulse,جَسَّ,നാഡിമിടിപ്പ് പരിശോധിച്ചു
To monitor signal,جَسَّسَ,സിഗ്നൽ വീക്ഷിച്ചു
To crumble paper,جَعَّدَ,പേപ്പർ ചുരുട്ടി
To draw attention,جَلَبَ,ശ്രദ്ധ ആകർഷിച്ചു
To bind book,جَلَدَ,പുസ്തകം ബൈൻഡ് ചെയ്തു
To veil face,جَلَّلَ,മുഖം മൂടി
To polish shoes,جَلَى,ഷൂ മിനുക്കി
To run away (horse),جَمَحَ,കുതിര പായുന്നു
To freeze liquid,جَمَّدَ,ദ്രാവകം തണുപ്പിച്ചു
To add numbers,جَمَعَ,സംഖ്യകൾ കൂട്ടി
To reap benefits,جَنَى,നേട്ടങ്ങൾ കൊയ്തു
To avoid error,جَنَّبَ,തെറ്റ് ഒഴിവാക്കി
To assemble crew,جَنَّدَ,സംഘത്തെ ഉണ്ടാക്കി
To pack luggage,جَهَزَ,ലഗേജ് റെഡിയാക്കി
To cry out,جَهَشَ,നിലവിളിച്ചു
To deviate from truth,جَارَ,സത്യത്തിൽ നിന്ന് വ്യതിചലിച്ചു
To follow trend,جَارَى,ട്രെൻഡ് പിന്തുടർന്നു
To prune tree,جَذَّ,മരം വെട്ടിമിനുക്കി
To extract root,جَذَرَ,വർഗ്ഗമൂലം കണ്ടുപിടിച്ചു
To sin,جَرُمَ,പാപം ചെയ്തു
To repay kindness,جَزَى,നന്മയ്ക്ക് നന്മ ചെയ്തു
To cover completely,جَلَبَبَ,പൂർണ്ണമായി മൂടി
To pool resources,جَمَّعَ,വിഭവങ്ങൾ ഒരുമിച്ചുകൂട്ടി
To tilt to side,جَنَحَ,ഒരുവശത്തേക്ക് ചരിഞ്ഞു
To enhance quality,جَوَّدَ,ഗുണനിലവാരം ഉയർത്തി
To pass milestone,جَاوَزَ,മൈൽസ്റ്റോൺ പിന്നിട്ടു
To jerk rope,جَبَذَ,കയർ പെട്ടെന്ന് വലിച്ചു
To lie heavy,جَثَمَ,ഭാരമായി കിടന്നു
To disavow pledge,جَحَدَ,വാഗ്ദാനം ലംഘിച്ചു
To twist fiber,جَدَلَ,നൂൽ പിരിത്തു
To blaspheme / curse,جَدَفَ,ശപിച്ചു / നിന്ദിച്ചു
To sever bond,جَذَمَ,ബന്ധം വേർപെടുത്തി
To shape object,جَسَمَ,വസ്തുവിന് രൂപം നൽകി
To sharpen knife,جَلَخَ,കത്തി മൂർച്ചകൂട്ടി
To coagulate,جَلَطَ,കട്ടപിടിച്ചു
To total amount,جَمَلَ,മൊത്തം തുക കണക്കാക്കി
To incite emotions,جَيَّشَ,വികാരങ്ങൾ ഇളക്കിവിട്ടു
To pass ownership,جَيَّرَ,ഉടമസ്ഥത കൈമാറി
Camel,جَمَل,ഒട്ടകം
Buffalo,جَمَس,പോത്ത് / എരുമ
Puppy / Cub,جَرْو,നായ്ക്കുട്ടി / സിംഹക്കുട്ടി
Locust,جَرَّاد,വെട്ടുകിളി
Cricket (insect),جُدَج,ചീവീട്
Water buffalo,جَامُوس,കാട്ടുപോത്ത്
Kid / Young goat,جَدْي,ആട്ടുക്കുട്ടി
Grasshopper,جُنْدُب,പച്ചക്കുതിര
Camels (plural),جَمَال,ഒട്ടകങ്ങൾ
Giraffe (archaic dialect),جِيرَان (حَيَوَان),ഒട്ടകപ്പക്ഷി / ജിറാഫ്
Cheese,جُبْن,ചീസ്
Walnut,جَوْز,വാൾനട്ട്
Carrot,جَزَر,കാരറ്റ്
Beef broth / Stew,جُؤَار,മാംസച്ചാറ്
Rose water syrup / Jallab,جَلَاب,റോസ് വാട്ടർ സിറപ്പ്
A piece of cheese,جُبْنَة,ചീസ് കഷ്ണം
Coconut,جَوْزُ الْهِنْد,തേങ്ങ
Grated cheese,جُبْنٌ مَبْشُور,ചിരകിയ ചീസ്
Garden / Paradise,جَنَّة,തോട്ടം / സ്വർഗ്ഗം
Roots,جُذُور,വേരുകൾ
Root,جَذْر,വേര്
Trunk / Stem,جَذْع,മരത്തടി
Sycamore fig tree,جُمَّيز,കാട്ടത്തിമരം
Tuber,جُرْذَانُ النَّبَات,കിഴങ്ങ്
Little garden / Lawn,جُنَيْنَة,ചെറിയ തോട്ടം
Gardens,جَنَائِن,തോട്ടങ്ങൾ
Mountain,جَبَل,പർവ്വതം
Mountains,جِبَال,പർവ്വതങ്ങൾ
Island,جَزِيرَة,ദ്വീപ്
Islands,جُزُر,ദ്വീപുകൾ
Atmosphere / Weather,جَوّ,അന്തരീക്ഷം / കാലാവസ്ഥ
Stream / Creek / Table,جَدْوَل,അരുവി / പട്ടിക
Ice / Glacier,جَلِيد,മഞ്ഞുപാളി
Horizon / Prominence,جَاه,ചക്രവാളം / പദവി
Cliff / Bank,جُرْف,ചെരിവ് / കര
Hellfire,جَهَنَّم,നരകം
Cavity / Interior / Depths,جَوْف,ഉൾഭാഗം / ആഴം
Ember / Live coal,جَمْر,കനൽ
Burning coal,جَمْرَة,തീക്കനൽ
Body,جِسْم,ശരീരം
Body / Corpse,جَسَد,ശരീരം / ഭൗതികശരീരം
Forehead,جَبْهَة,നെറ്റി
Skin / Hide,جَلَم,ചർമ്മം
Skin / Leather,جِلْد,തൊലി / ചർമ്മം
Eyelid,جَفْن,കണ്ണുപ്പൊള
Eyelids,جُفُون,കണ്ണുപ്പൊളകൾ
Skull,جَمْجَمَة,തലയോട്ടി
Side / Flank,جَانِب,വശം / പാർശ്വം
Wing,جَنَاح,ചിറക്
Limbs / Organs,جَوَارِح,അവയവങ്ങൾ
Corpse / Body,جُثَّة,മൃതദേഹം
Neighbor (male),جَار,അയൽവാസി (ആൺ)
Neighbor (female),جَارَة,അയൽവാസി (പെൺ)
Grandfather,جَدّ,മുത്തശ്ശൻ
Grandmother,جَدَّة,മുത്തശ്ശി
Neighbors,جِيرَان,അയൽവാസികൾ
Embryo / Fetus,جَنِين,ഭ്രൂണം
Group / Community,جَمَاعَة,സംഘം / സമൂഹം
Generation,جِيْل,തലമുറ
Jellabiya (Traditional gown),جَلَابِيَّة,പരമ്പരാഗത കുപ്പായം
Sock / Stocking,جَوْرَب,സോക്സ്
Socks,جَوارِب,സോക്സുകൾ
Jacket,جَاكِيت,ജാക്കറ്റ്
Jilbab / Cloak,جِلْبَاب,പർദ്ദ / കുപ്പായം
Boots / Shoes,جِزْمَة,ബൂട്ട്സ് / ഷൂസ്
Leather garment,جِلْدِيّ (ثَوْب),തോൽ വസ്ത്രം
Friday,جُمُعَة,വെള്ളിയാഴ്ച
Era / Age / Generation,جِيل (زَمَن),യുഗം / കാലഘട്ടം
Part of the day,جُزْءُ النَّهَار,പകലിന്റെ ഭാഗം
Beautiful / Handsome,جَمِيل,മനോഹരമായ
New / Modern,جَدِيد,പുതിയ
Good / Quality,جَيِّد,നല്ല
Huge / Massive / Severe,جَسِيم,വലിയ / ഗുരുതരമായ
Exalted / Great / Glorious,جَلِيل,മഹത്തായ
Mighty / Tyrant / Giant,جَبَّار,ശക്തനായ / അഹങ്കാരിയായ
Ignorant / Uneducated,جَاهِل,അജ്ഞനായ
Cowardly,جَبَان,ഭീരുവായ
Dry / Arid,جَافّ,ഉണങ്ങിയ
Sharp / Hurtful / Predatory,جَارِح,കൂർത്ത / വേദനപ്പിക്കുന്ന
Current / Running / Ongoing,جَارٍ,നിലവിലുള്ള / ഓടുന്ന
Serious / Earnest,جَادّ,ഗൗരവമുള്ള
Rigid / Frozen / Inanimate,جَامِد,കട്ടിയുള്ള / മരവിച്ച
Comprehensive / Universal,جَامِع,സമഗ്രമായ
Aerial / Atmospheric,جَوِّيّ,അന്തരീക്ഷസംബന്ധിയായ
Attractive / Charming,جَذَّاب,ആകർഷകമായ
Loud / Vocal,جَهُور,ഉച്ചത്തിലുള്ള
Hellish / Fiendish,جَهَنَّمِيّ,ഭയാനകമായ
Crazy / Insane,جُنُونِيّ,ഭ്രാന്തമായ
Partial / Fractional,جُزْئِيّ,ഭാഗികമായ
Essential / Core / Fundamental,جَوْهَرِيّ,അടിസ്ഥാനപരമായ
Collective / Group,جَمَاعِيّ,കൂട്ടായ
Side / Secondary,جَانِبِيّ,പാർശ്വഫലമായ / അനുബന്ധ
Radical / Fundamental,جَذْرِيّ,അടിമുടിയുള്ള
Southern,جَنُوبيّ,തെക്കൻ
Criminal / Penal,جِنَائِيّ,ക്രിമിനൽ സംബന്ധിയായ
Nut-brown / Walnut color,جَوْزِيّ,തവിട്ടുനിറം
Ember red / Glowing red,جَمَرِيّ,കനൽ ചുവപ്പ്
Majesty / Dignity,جَلال,മഹത്വം
Joy / Delight / Gladness,جَذَل,സന്തോഷം
Greed / Avarice,جَشَع,പേരാശ / അത്യാഗ്രഹം
Panic / Anxiety / Agony,جَزَع,പരിഭ്രമം / ആകുലത
Alienation / Harshness,جَفَاء,അകൽച്ച / രൂക്ഷത
Ignorance / Foolishness,جَهَالَة,അജ്ഞത
Boldness / Courage,جُرْأَة,ധൈര്യം
Cowardice,جَبَن,ഭീരുത്വം
Very / Extremely,جِدًّا,വളരെ
Aside / To the side,جَانِبًا,ഒരുവശത്തേക്ക്
All together / Together,جَمِيعًا,എല്ലാവരും ഒരുമിച്ച്
Partially,جُزْئِيًّا,ഭാഗികമായി
Essentially,جَوْهَرِيًّا,അടിസ്ഥാനപരമായി
In gross / Altogether,جُمْلَةً,മൊത്തത്തിൽ
Beside / Next to,جَانِبَ,അടുത്ത് / അരികിൽ
Inside / Within,جَوَّ,ഉള്ളിൽ
All of them,جَمِيعُهُمْ,അവരെല്ലാവരും
All of us,جَمِيعُنَا,നാമെല്ലാവരും
University,جَامِعَة,സർവ്വകലാശാല
Mosque,جَامِع,പള്ളി / മസ്ജിദ്
Mosques,جَوَامِع,പള്ളികൾ
Concise wise speech,جَوَامِعُ الكَلِم,സാരസമ്പൂർണ്ണമായ വാക്ക്
Passport / Permission,جَوَاز,പാസ്‌പോർട്ട് / അനുമതി
Passport,جَوَازُ السَّفَر,പാസ്‌പോർട്ട്
Prize / Award,جَائِزَة,സമ്മാനം / അവാർഡ്
Prizes / Awards,جَوَائِز,സമ്മാനങ്ങൾ
Army / Military,جَيْش,സൈന്യം
Armies,جُيُوش,സൈന്യങ്ങൾ
Crime / Offense,جَرِيمَة,കുറ്റം / കുറ്റകൃത്യം
Crimes,جَرَائِم,കുറ്റകൃത്യങ്ങൾ
Bridge,جِسْر,പാലം
Bridges,جُسُور,പാലങ്ങൾ
Wall,جِدَار,മതിൽ
Walls,جُدْرَان,മതിലുകൾ
Agenda / Schedule,جَدْوَلُ الأَعْمَال,കാര്യപരിപാടി
Bell / Chime,جَرْس,മണി
Bell,جَرَس,മണി
Jewels / Gems,جَوَاهِر,രത്നങ്ങൾ
Jewel / Gem,جَوْهَرَة,രത്നം
Essence / Core,جَوْهَر,സത്ത / സാരം
South,جَنُوب,തെക്ക്
League of states,جَامِعَةُ الدُوَل,അറബ് ലീഗ്
Public / Audience,جُمْهُور,പൊതുജനം / പ്രേക്ഷകർ
Masses / Crowds,جَمَاهِير,ജനക്കൂട്ടം
Republic,جُمْهُورِيَّة,റിപ്പബ്ലിക്
Customs,جُمْرُك,കസ്റ്റംസ്
Customs department,جَمَارِك,കസ്റ്റംസ് വകുപ്പ്
Sentence / Wholesale,جُمْلَة,വാചകം / മൊത്തവ്യാപാരം
Sentences,جُمَل,വാചകങ്ങൾ
Roadside,جَانِبُ الطَّرِيق,റോഡരികിൽ
Slave girl / Maid,جَارِيَة,ദാസി
Funeral,جَنَازَة,മയ്യത്ത് സംസ്കാരം
Funerals,جَنَائِز,മയ്യത്തുകൾ
Wing of organization,جَنَاحُ المُنَظَّمَة,സംഘടനാ വിഭാഗം
Felony / Major crime,جِنَايَة,വൻകുറ്റം
Gender / Sex / Species,جِنْس,ലിംഗം / വർഗ്ഗം
Nationality / Citizenship,جِنْسِيَّة,പൗരത്വം
Geography,جُغْرَافِيَا,ഭൂമിശാസ്ത്രം
Device / Apparatus / System,جِهَاز,ഉപകരണം / സിസ്റ്റം
Television set,جِهَازُ التَّلَفَزيُون,ടെലിവിഷൻ
Computer system,جِهَازُ الحَاسُوب,കംപ്യൂട്ടർ
Devices / Equipment,أَجْهِزَة,ഉപകരണങ്ങൾ
Direction / Side / Entity,جِهَة,ദിശ / വശം / ഏജൻസി
Directions / Quarters,جِهَات,ദിശകൾ
Struggle / Jihad,جِهَاد,പോരാട്ടം
Mobile phone / Walker,جَوَّال,മൊബൈൽ ഫോൺ
Quality / Excellence,جَوْدَة,ഗുണനിലവാരം
Round / Tour / Trip,جَوْلَة,സന്ദർശനം / ടൂർ
Rounds / Tours,جَوْلاَت,സഞ്ചാരങ്ങൾ
Guava,جُوّافَة,പേരയ്ക്ക
Pocket / Sinus,جَيَب,പോക്കറ്റ്
Pockets / Cavities,جُيُوب,പോക്കറ്റുകൾ
Present generation,جَيْلُ الحَاضِر,വർത്തമാന തലമുറ
Pouch / Bag,جِرَاب,സഞ്ചി
Newspaper,جَرِيدَة,പത്രം
Newspapers,جَرَائِد,പത്രങ്ങൾ
Homicide / Murder,جَرِيمَةُ قَتْل,കൊലപാതകം
Wounded person,جَرِيح,പരുക്കേറ്റയാൾ
Wound / Cut,جَرْح,പരുക്ക്
Wounds,جُرُوح,പരുക്കുകൾ
Part / Portion / Para,جُزْء,ഭാഗം / അദ്ധ്യായം
Parts / Sections,أَجْزَاء,ഭാഗങ്ങൾ
Recompense / Penalty,جَزَاء,പ്രതിഫലം / ശിക്ഷ
Butchery,جَزَارَة,കശാപ്പുശാല
Butcher,جَزَّار,കശാപ്പുകാരൻ
Jizya / Tribute tax,جِزْيَة,ജിസ്‌യ ടാക്സ്
Gravity / Immensity,جَسَامَة,വ്യാപ്തി
Espionage,جَسَس,ചാരപ്രവർത്തനം
Spy,جَاسُوس,ചാരൻ
Spies,جَوَاسِيس,ചാരന്മാർ
Sexual intercourse / Union,جِمَاع,സംഗമം
Aesthetics,جَمَالِيَّات,സൗന്ദര്യശാസ്ത്രം
Aesthetic,جَمَالِيّ,സൗന്ദര്യാത്മകമായ
All / Everybody,جَمِيع,എല്ലാവരും
All parties,جَمِيعُ الأَطْرَاف,എല്ലാ കക്ഷികളും
Association / Society,جَمْعِيَّة,സംഘടന / സൊസൈറ്റി
Associations,جَمْعِيَّات,സംഘടനകൾ
Plural / Gathering,جَمْع,ബഹുവചനം / കൂട്ടായ്മ
Jameed (Hard dried yogurt),جَمِيد,ഉണക്കിയ തൈര്
Stagnation / Rigidity,جُمُود,നിശ്ചലത
Republics,جُمْهُورِيَّات,റിപ്പബ്ലിക്കുകൾ
Beauty / Elegance,جِمَאל,സൗന്ദര്യം
Hotel suite,جَنَاحُ الفُنْدُق,ഹോട്ടൽ സ്യൂട്ട്
Delinquency / Veering,جُنُوح,കുറ്റകൃത്യം
Soldiers / Troops,جُنُود,പടയാളികൾ
Soldier,جُنْدِيّ,പടയാളി
Madness / Insanity,جُنُون,ഭ്രാന്ത്
Garden of Eden,جَنَّةُ العَدْن,ഏദൻ തോട്ടം
Effort / Strain / Voltage,جُهْد,ശ്രമം / വോൾട്ടേജ്
Efforts,جُهُود,ശ്രമങ്ങൾ
Electric voltage,جُهْدُ الكَهْرَبَاء,വൈദ്യുതി വോൾട്ടേജ്
Ignorance of law,جَهَالَةُ القَانُون,നിയമത്തെക്കുറിച്ചുള്ള അജ്ഞത
By air / By plane,جَوّاً,വിമാനം വഴി
Aviation / Air force,جَوِّيَّة,വ്യോമസേന
Quality of life,جَوْدَةُ الحَيَاة,ജീവിതനിലവാരം
Product quality,جَوْدَةُ المُنْتَج,ഉൽപ്പന്ന ഗുണനിലവാരം
Injustice / Tyranny,جَوْر,അക്രമം
Interior of earth,جَوْفُ الأَرْض,ഭൂഗർഭം
Middle of the night,جَوْفُ اللَّيْل,നടുരാത്രി
Round of talks,جَوْلَةُ المَفَاوَضَات,ചർച്ചകളുടെ ഘട്ടം
Core of the issue,جَوْهَرُ القَضِيَّة,പ്രശ്നത്തിന്റെ കാതൽ
Coat pocket,جَيَبُ المِعْطَف,കോട്ട് പോക്കറ്റ്
Liberation army,جَيْشُ التَّحْرِير,വിമോചന സേന
Animal hide / Leather,جِلْدُ الحَيَوَان,മൃഗത്തോൽ
Human body,جِسْمُ الإِنْسَان,മനുഷ്യശരീരം
Man's neighbor,جَارُ الرَّجُل,ആളിന്റെ അയൽവാസി
Mount Hermon,جَبَلُ الشَّيْخ,ഹെർമൺ പർവ്വതം
Arabian Peninsula,جَزِيرَةُ العَرَب,അറേബ്യൻ ഉപദ്വീപ്
Wall of silence,جِدَارُ الصَّمْت,മൗനത്തിന്റെ മതിൽ
Polar ice,جَلِيدُ القُطْب,ധ്രുവ മഞ്ഞ്
Raging hellfire,جَهَنَّمُ الحَمْرَاء,ഭയാനകമായ നരകം
Smallpox / Chickenpox,جُدَرِيّ,വസൂരി / വസൂരിരോഗം
Surgery,جِرَاحَة,ശസ്ത്രക്രിയ
Surgeon,جَرَّاح,സർജൻ / ശസ്ത്രക്രിയാ വിദഗ്ധൻ
Youth generation,جِيلُ الشَبَاب,യുവതലമുറ
Cairo University,جَامِعَةُ القَاهِرَة,കെയ്റോ സർവ്വകലാശാല
Nobel Prize,جَائِزَةُ نُوبِل,നോബൽ സമ്മാനം
Alarm clock / Device,جِهَازُ المُنَبِّه,അലാറം
Air conditioner,جِهَازُ التَّكْيِيف,എയർ കണ്ടീഷണർ
State army,جَيْشُ الدَّوْلَة,ദേശീയ സൈന്യം
Charity association,جَمْعِيَّةٌ خَيْرِيَّة,ചാരിറ്റി സംഘടന
Timetable / Schedule,جَدْوَلُ المَوَاعِيد,സമയക്രമം
Budget table,جَدْوَلُ المِيزَانِيَّة,ബജറ്റ് പട്ടിക
Daily newspaper,جَرِيدَةٌ يَوْمِيَّة,ദിനപത്രം
Weekly newspaper,جَرِيدَةٌ أُسْبُوعِيَّة,വാരിക
Megalomania,جُنُونُ العَظَمَة,അഹംഭാവ രോഗം
Part two / Second portion,جُزْءُ الثَّانِي,രണ്ടാം ഭാഗം
Reward for work,جَزَاءُ العَمَل,പ്രവൃത്തിയുടെ ഫലം
Quality of service,جَوْدَةُ الخِدْمَة,സേവന ഗുണനിലവാരം
Heart of the city,جَوْفُ المَدِينَة,നഗരമധ്യത്തിൽ
Football fans,جُمْهُورُ الكُرَة,ഫുട്ബോൾ ആരാധകർ
Gathering of people,جُمُوعُ النَّاس,ജനക്കൂട്ടം
Islet / Small island,جَزِيرَةٌ صَغِيرَة,ചെറിയ ദ്വീപ്
Volcanic mountain,جَبَلٌ بَرْكَانِيّ,അഗ്നിപർവ്വതം
Barrier wall,جِدَارٌ عَازِل,തടസ്സ മതിൽ
Superhuman effort,جَهْدٌ خَارِق,അതീവ പരിശ്രമം
United republic,جُمْهُورِيَّةٌ مُتَّحِدَة,ഐക്യ റിപ്പബ്ലിക്
Caravan camels,جِمَالٌ المَحْمَل,കച്ചവട ഒട്ടകങ്ങൾ
Secret service / Agency,جِهَازٌ سِرِّيّ,രഹസ്യാന്വേഷണ ഏജൻസി
Responsible authorities,جِهَاتٌ مَسْؤُولَة,ഉത്തരവാദപ്പെട്ട അധികാരികൾ
Dual citizenship,جِنْسِيَّةٌ مُزْدَوَجَة,രട്ടപ്പൗരത്വം
Organized crime,جَرِيمَةٌ مُنَظَّمَة,ആസൂത്രിത കുറ്റകൃത്യം
Grievous injury,جَرْحٌ بَالِغ,ഗുരുതരമായ പരുക്ക്
Synthetic leather,جِلْدٌ صُنَاعِيّ,കൃത്രിമ തോൽ
Solid body,جِسْمٌ صَلْب,ദൃഢമായ ശരീരം
Concrete walls,جُدُرٌ خَرَسَانِيَّة,കോൺക്രീറ്റ് മതിലുകൾ
Woolen socks,جَوْرَبٌ صُوفِيّ,കമ്പിളി സോക്സ്
Winter jacket,جَاكِيتٌ شِتَوِيّ,ശൈത്യകാല ജാക്കറ്റ്
White gown,جَلَابِيَّةٌ بَيْضَاء,വെളുത്ത കുപ്പായം
Battlefront,جَبْهَةُ القِتَال,യുദ്ധമുന്നണി
Eyelid,جَفْنُ العَيْن,കണ്പോള
Slim body,جَسَدٌ نَحِيف,മെലിഞ്ഞ ശരീരം
Sensitive skin,جِلْدٌ حَسَّاس,സൂക്ഷ്മ ചർമ്മം
Dead body,جُثَّةُ الهَامِش,ശവം
Good neighbor,جَارُ الخَيْر,നല്ല അയൽവാസി
Patriarch of family,جَدُّ العَائِلَة,കുടുംബത്തിലെ മുത്തശ്ശൻ
Fetus in womb,جَنِينٌ فِي الرَّحِم,ഗർഭപാത്രത്തിലെ ഭ്രൂണം
Leading generation,جِيْلُ المَنَار,വഴികാട്ടിയായ തലമുറ
Love,حُبّ,സ്നേഹം
Letter,حَرْف,അക്ഷരം/കത്ത്
Party/Celebration,حَفْلَة,പാർട്ടി/ആഘോഷം
Life,حَيَاة,ജീവിതം
Animal,حَيَوَان,മൃഗം
Truth,حَقِيقَة,സത്യം
Dream,حُلْم,സ്വപ്നം
State/Condition,حَالَة,അവസ്ഥ/സ്ഥിതി
Need,حَاجَة,ആവശ്യം
Decision,حُكْم,തീരുമാനം
Protection/Guard,حِمَايَة,സംരക്ഷണം/രക്ഷ
Freedom,حُرِّيَّة,സ്വാതന്ത്ര്യം
War,حَرْب,യുദ്ധം
Stone,حَجَر,കല്ല്
Size/Volume,حَجْم,വലിപ്പം/അളവ്
Luck/Chance,حَظّ,ഭാഗ്യം
Present/Current,حَاضِر,ഇപ്പോൾ/നിലവിലുള്ള
Story/Tale,حِكَايَة,കഥ
Praise,حَمْد,സ്തുതി
Load/Burden,حِمْل,ചുമട്/ഭാരം
Heat,حَرَارَة,ചൂട്
Movement,حَرَكَة,ചലനം
Sorrow/Grief,حُزْن,ദുഃഖം
Limit/Border,حَدّ,അതിര്
Right/Duty,حَقّ,അവകാശം/കടമ
Wisdom,حِكْمَة,ജ്ഞാനം
Sweet,حَلْوَى,മധുരം
Friend,حَبِيب,കൂട്ടുകാരൻ
Field/Area,حَقْل,സ്ഥലം/മേഖല
A minute,لَحْظَة,ഒരു മിനിറ്റ്
An opportunity,فُرْصَة,ഒരു അവസരം
Beauty,جَمَال,ഭംഗി
Result,نَتِيجَة,ഫലം
A wall,حَائِط,ചുമര്
Disappointment,خَيْبَة,നിരാശ
Success,نَجَاح,വിജയം
Handwriting,خَطّ,കൈയക്ഷരം
A field,مَيْدَان,ഒരു തലം
Account/Calculation,حِسَاب,കണക്ക്
Washing/Cleaning,غَسْل,കഴുകൽ
Protection,حِصْن,പരിരക്ഷ
Argument/Dispute,جَدَل,വാദം
Expertise,خِبْرَة,വൈദഗ്ദ്ധ്യം
Present/Presence,حُضُور,സാന്നിധ്യം
Reservation/Booking,حَجْز,റിസർവേഷൻ
Danger,خَطَر,അപകടം
Plan,خُطَّة,പദ്ധതി
Kindness/Tenderness,حَنَان,ദയ/വാത്സല്യം
Loved,أَحَبَّ,സ്നേഹിച്ചു
Carried/Bore,حَمَلَ,ചുമന്നു/വഹിച്ചു
Guarded/Protected,حَرَسَ,സംരക്ഷിച്ചു
Calculated,حَسَبَ,കണക്കാക്കി
Was present,حَضَرَ,സന്നിഹിതനായി
Limited/Defined,حَدَّ,അതിരിട്ടു/നിർവചിച്ചു
Ruled/Judged,حَكَمَ,ഭരിച്ചു/വിധിച്ചു
Narrated/Told,حَكَى,കഥ പറഞ്ഞു
Felt/Sensed,أَحَسَّ,അനുഭവിച്ചു
Tried/Attempted,حَاوَلَ,ശ്രമിച്ചു
Felt embarrassed,اِسْتَحْيَى,നാണിച്ചു
Obtained/Acquired,حَصَلَ,നേടി
Reserved/Booked,حَجَزَ,മുൻകൂട്ടി ബുക്ക് ചെയ്തു
Forgave,سَمَحَ,ക്ഷമിച്ചു
Traveled,سَافَرَ,യാത്ര ചെയ്തു
Needed/Required,اِحْتَاجَ,ആവശ്യപ്പെട്ടു
Transferred,حَوَّلَ,കൈമാറ്റം ചെയ്തു
Became lawful,حَلَّ,നിയമാനുസൃതമായി
Wrote,كَتَبَ,എഴുതി
Was sad,حَزِنَ,ദുഃഖിച്ചു
Praised,حَمِدَ,സ്തുതിച്ചു
Moved/Stirred,تَحَرَّكَ,ചലിച്ചു
Burned/Ignited,اِحْتَرَقَ,കത്തി
Contained/Included,اِحْتَوَى,ഉൾക്കൊണ്ടു
Washed,غَسَلَ,കഴുകി
Stood,وَقَفَ,നിന്നു
Protected,حَمَى,പരിരക്ഷിച്ചു
Fought/Battled,حَارَبَ,യുദ്ധം ചെയ്തു
Surrounded,أَحَاطَ,ചുറ്റും നിന്നു
Held/Contained,حَبَسَ,പിടിച്ചു/അടക്കി
Freed/Liberated,حَرَّرَ,സ്വതന്ത്രമാക്കി
Reached (a place),وَصَلَ,എത്തിച്ചേർന്നു
Reserved,اِحْتَكَرَ,സംവരണം ചെയ്തു
Prepared,جَهَّزَ,തയ്യാറാക്കി
Transformed/Changed,تَحَوَّلَ,രൂപാന്തരപ്പെടുത്തി
Gave/Granted,أَعْطَى,നൽകി
Excited/Stimulated,حَفَّزَ,ഉത്തേജിപ്പിച്ചു
Became hot,حَمِيَ,ചൂടായി
Was destroyed,هَلَكَ,നശിച്ചു
Collected/Amassed,حَشَدَ,ശേഖരിച്ചു
Dug,حَفَرَ,കുഴിച്ചു
Obeyed,أَطَاعَ,അനുസരിച്ചു
Met/Encountered,لَقِيَ,കണ്ടു
Wore shoes,اِنْتَعَلَ,ചെരിപ്പ് ധരിച്ചു
Memorized,حَفِظَ,ഓർമ്മിച്ചു
Obstructed/Prevented,حَجَبَ,തടസ്സപ്പെടുത്തി
Took over/Seized,اِسْتَوْلَى,പിടിച്ചെടുത്തു
Made a pilgrimage,حَجَّ,തീർത്ഥാടനം ചെയ്തു
Encouraged,شَجَّعَ,പ്രോത്സാഹിപ്പിച്ചു
Made a limit/Defined,حَدَّدَ,അതിരിട്ടു
Bread,خُبْز,റൊട്ടി
Vegetable,خُضْرَة,പച്ചക്കറി
Brother,أَخ,സഹോദരൻ
Sister,أُخْت,സഹോദരി
News/Report,خَبَر,വാർത്ത/റിപ്പോർട്ട്
Danger,خَطَر,അപകടം
Line/Handwriting,خَطّ,വര/കൈയക്ഷരം
Mistake/Error,خَطَأ,തെറ്റ്/പിഴവ്
Ring,خَاتَم,മോതിരം
Camel,جَمَل,ഒട്ടകം
Tent,خَيْمَة,കൂടാരം
Thread,خَيْط,നൂൽ
Imagination/Fantasy,خَيَال,ഭാവന/സ്വപ്നം
Cucumber,خِيَار,വെള്ളരി
Vinegar,خَلّ,വിനാഗിരി
Sheep/Lamb,خَرُوف,ആട്/കുഞ്ഞാട്
Map,خَرِيطَة,മാപ്പ്/ഭൂപടം
Cabinet/Cupboard,خِزَانَة,അലമാര/കാബിനറ്റ്
Storage/Treasury,خَزْنَة,ശേഖരം/ഖജനാവ്
Disappointment,خَيْبَة,നിരാശ
Plan/Scheme,خُطَّة,പദ്ധതി
Ending/Conclusion,خِتَام,അവസാനം
Creation/Creatures,خَلْق,സൃഷ്ടി/സൃഷ്ടികൾ
Morality/Character,خُلُق,സ്വഭാവം/ധാർമ്മികത
Experience/Expertise,خِبْرَة,അനുഭവം/വൈദഗ്ദ്ധ്യം
Fear/Awe,خَشْيَة,ഭയം/ഭക്തി
Vegetables,خُضْرَاوَات,പച്ചക്കറികൾ
Reservoir/Tank,خَزَّان,ടാങ്ക്/സംഭരണി
A defect/Flaw,خَلَل,ഒരു കുറവ്/തകരാറ്
Desert,صَحْرَاء,മരുഭൂമി
Shadow,ظِلّ,നിഴൽ
Choice,اِخْتِيَار,തിരഞ്ഞെടുപ്പ്
Future,مُسْتَقْبَل,ഭാവി
Servant/Helper,خَادِم,സേവകൻ/സഹായി
Opponent/Adversary,خَصْم,എതിരാളി
Loss,خَسَارَة,നഷ്ടം
A step,خُطْوَة,ഒരു ചുവട്
Tailor,خَيَّاط,തയ്യൽക്കാരൻ
A special quality,خَاصِّيَّة,ഒരു പ്രത്യേകത
Mortar,خَامَة,കുമ്മായം/ചെളി
Subordination/Submission,خُضُوع,വിധേയത്വം
A voice,صَوْت,ഒരു ശബ്ദം
A mixture,خَلْطَة,ഒരു കൂട്ട്
Friend,خَلِيل,സുഹൃത്ത്
Exited/Went out,خَرَجَ,പുറത്തുപോയി
Took,أَخَذَ,എടുത്തു
Created,خَلَقَ,സൃഷ്ടിച്ചു
Feared,خَافَ,ഭയപ്പെട്ടു
Entered,دَخَلَ,പ്രവേശിച്ചു
Hid,اِخْتَفَى,ഒളിച്ചു
Mixed/Blended,خَلَطَ,കലർത്തി
Differed/Disagreed,اِخْتَلَفَ,വ്യത്യസ്തമായി/വിയോജിച്ചു
Knew/Experienced,خَبَرَ,അറിഞ്ഞു/പരിചയപ്പെട്ടു
Betrayed,خَانَ,ചതിച്ചു
Finished/Concluded,خَتَمَ,പൂർത്തിയാക്കി/അവസാനിപ്പിച്ചു
Imagined,تَخَيَّلَ,ഭാവന ചെയ്തു
Wasted/Lost,خَسِرَ,നഷ്ടപ്പെടുത്തി
Drew a line,خَطَّ,വരച്ചു
Chopped/Cut,خَطَبَ,അരിഞ്ഞു/വെട്ടി
Planed/Scheduled,خَطَّطَ,പദ്ധതിയിട്ടു
Submitted/Yielded,خَضَعَ,വിധേയപ്പെട്ടു
Felt embarrassed,خَجِلَ,നാണിച്ചു
Broke,كَسَرَ,പൊട്ടിച്ചു
Emptied/Evacuated,أَخْلَى,ഒഴിച്ചു/ഒഴിപ്പിച്ചു
Saved,أَنْقَذَ,രക്ഷിച്ചു
Was afraid,خَشِيَ,ഭയപ്പെട്ടു
Removed/Took off,خَلَعَ,നീക്കം ചെയ്തു/ഊരി
Prepared/Baked (bread),خَبَزَ,തയ്യാറാക്കി/ചുട്ടു
Took a step,خَطَا,ഒരു ചുവടുവെച്ചു
Separated,فَصَلَ,വേർതിരിച്ചു
Made a mistake,أَخْطَأَ,തെറ്റ് ചെയ്തു
Appeared,ظَهَرَ,പ്രത്യക്ഷപ്പെട്ടു
Treated,عَالَجَ,ചികിത്സിച്ചു
Took out/Extracted,اِسْتَخْرَجَ,പുറത്തെടുത്തു
Got involved/Dived,خَاضَ,ഇടപെട്ടു
Chosen/Selected,اِخْتَارَ,തിരഞ്ഞെടുത്തു
Passed (time),مَضَى,കടന്നുപോയി
Scratched,خَدَشَ,മാന്തി
Deceived,خَدَعَ,വഞ്ചിച്ചു
Made a hole,ثَقَبَ,ദ്വാരമുണ്ടാക്കി
Died,مَاتَ,മരിച്ചു
Wore shoes,اِنْتَعَلَ,ചെരിപ്പ് ധരിച്ചു
Made humble,أَخْضَعَ,വിനയപ്പെടുത്തി
Finished,أَنْهَى,പൂർത്തിയാക്കി
Stood,وَقَفَ,നിന്നു
Left behind,خَلَّفَ,പിന്നിലാക്കി
Made a servant,اِتَّخَذَ,സേവകനാക്കി
Failed/Disappointed,أَخَابَ,പരാജയപ്പെടുത്തി
Was green/Fresh,اِخْضَرَّ,പച്ചയായി/പുതിയതായി
Made a plan,خَطَّطَ,പദ്ധതി തയ്യാറാക്കി
Became an expert,تَخَبَّرَ,വിദഗ്ദ്ധനായി
Left (property),خَلَفَ,സ്വത്ത് ഉപേക്ഷിച്ചു
Mixed (with others),اِخْتَلَطَ,ഇടപഴകി
Spoke,تَكَلَّمَ,സംസാരിച്ചു
House,دَار,വീട്
Lesson/Study,دَرْس,പാഠം/പഠനം
World,دُنْيَا,ലോകം
Country/State,دَوْلَة,രാജ്യം/സംസ്ഥാനം
Religion/Debt,دِين,മതം/കടം
Doctor,دُكْتُور,ഡോക്ടർ
Circle,دَائِرَة,വൃത്തം
Chicken,دَجَاجَة,കോഴി
Bear,دُبّ,കരടി
Dust,دُخَان,പൊടി
Entrance/Access,دُخُول,പ്രവേശനം
Shop/Store,دُكَّان,കട/സ്റ്റോർ
Evidence/Proof,دَلِيل,തെളിവ്
Blood,دَم,രക്തം
Rotation/Turn,دَوْر,കറക്കം/ഊഴം
Minute,دَقِيقَة,മിനിറ്റ്
Inviter/Caller,دَاعِيَة,ക്ഷണിക്കുന്നവൻ
Doubt/Suspicion,شَكّ,സംശയം
Memory,ذَاكِرَة,ഓർമ്മ
Future,مُسْتَقْبَل,ഭാവി
Office/Bureau,دِيْوَان,ഓഫീസ്
Lantern/Lamp,دَلْو,വിളക്ക്
Tool/Instrument,أَدَاة,ഉപകരണം
Studies,دِرَاسَات,പഠനങ്ങൾ
Support,دَعْم,പിന്തുണ
Defense,دِفَاع,പ്രതിരോധം
Degree/Grade,دَرَجَة,ബിരുദം/ഗ്രേഡ്
Drug/Medicine,دَوَاء,മരുന്ന്
Lesson/Chapter,فَصْل,അദ്ധ്യായം
A river,نَهْر,ഒരു നദി
Penetration/Entry,دُخُول,തുളച്ചുകയറ്റം
Demonstration/Display,عَرْض,പ്രദർശനം
Booklet/Manual,كِتَاب,പുസ്തകം
Whispering,هَمْس,രഹസ്യം പറയൽ
Diary,مُذَكِّرَة,ഡയറി
A wound,جُرْح,ഒരു മുറിവ്
A prayer,دُعَاء,ഒരു പ്രാർത്ഥന
Debt,دَيْن,കടം
Evidence,دَلِيل,സാക്ഷ്യം
A cycle,دَوْرَة,ഒരു ചക്രം
Precision/Accuracy,دِقَّة,കൃത്യത
A fly,ذُبَابَة,ഒരു ഈച്ച
A rooster,دِيك,ഒരു പൂവൻകോഴി
An era,دَهْر,ഒരു യുഗം
Turn/Role,دَوْر,പങ്ക്
An inkwell,مِحْبَرَة,ഒരു മഷിക്കുപ്പി
A cloud,سَحَابَة,ഒരു മേഘം
A friend,صَدِيق,ഒരു സുഹൃത്ത്
Entrance,مَدْخَل,പ്രവേശന കവാടം
A bell,جَرَس,ഒരു മണി
Entered,دَخَلَ,പ്രവേശിച്ചു
Called/Prayed,دَعَا,വിളിച്ചു/പ്രാർത്ഥിച്ചു
Paid (a debt),دَفَعَ,കടം വീട്ടി
Studied,دَرَسَ,പഠിച്ചു
Turned/Rotated,دَارَ,കറങ്ങി/തിരിഞ്ഞു
Protected/Defended,دَافَعَ,പ്രതിരോധിച്ചു
Directed/Indicated,دَلَّ,സൂചിപ്പിച്ചു/വഴികാട്ടി
Trampled/Crushed,دَاسَ,ചവിട്ടി
Managed/Administered,أَدَارَ,ഭരിച്ചു/നിയന്ത്രിച്ചു
Destroyed/Ruined,دَمَّرَ,നശിപ്പിച്ചു
Trained,دَرَّبَ,പരിശീലിപ്പിച്ചു
Began,بَدَأَ,തുടങ്ങി
Drew/Attracted,جَذَبَ,ആകർഷിച്ചു
Tested/Examined,اِمْتَحَنَ,പരീക്ഷിച്ചു
Invited,دَعَا,ക്ഷണിച്ചു
Entered (fully),أَدْخَلَ,മുഴുവനായി പ്രവേശിച്ചു
Arranged/Planned,دَبَّرَ,ക്രമീകരിച്ചു/ആസൂത്രണം ചെയ്തു
Became dizzy,دَاخَ,തല കറങ്ങി
Recorded/Wrote down,دَوَّنَ,രേഖപ്പെടുത്തി
Paid,دَفَعَ,കൊടുത്തു
Joined/Merged,اِنْدَمَجَ,ചേർന്നു
Approached/Drew near,دَنَا,അടുത്തു
Rolled/Tumbled,دَحْرَجَ,ഉരുണ്ടു
Supported,دَعَمَ,പിന്തുണച്ചു
Was exact/Accurate,دَقَّ,കൃത്യമായി
Moved (slowly),دَبَّ,ഇഴഞ്ഞു
Wound (thread/cloth),دَفَّ,ചുറ്റി
Was corrupt,دَسَّ,ദുഷിച്ചു
Managed/Planned,دَبَّرَ,ആസൂത്രണം ചെയ്തു
Got fat,سَمِنَ,തടിച്ചു
Got old,شَاخَ,പ്രായമായി
Emitted (smoke),أَدْخَنَ,പുറപ്പെടുവിച്ചു
Harmed,ضَرَّ,ദ്രോഹിച്ചു
Perished,بَادَ,നശിച്ചു
Stabbed,طَعَنَ,കുത്തി
Contaminated/Soiled,دَنَّسَ,മലിനമാക്കി
Arranged (rows),دَبَّ,നിരത്തി
Rotated (repeatedly),دَاوَمَ,ആവർത്തിച്ചു കറങ്ങി
Was bloodied,دَمِيَ,രക്തം പുരണ്ടു
Was accurate,دَقَّ,കൃത്യമായി
Invoked/Implored,اِسْتَدْعَى,അഭ്യർത്ഥിച്ചു
Was destroyed,تَدَمَّرَ,നശിപ്പിക്കപ്പെട്ടു
Was paid,اِنْدَفَعَ,അടയ്ക്കപ്പെട്ടു
Was supported,اُسْتُدْعِيَ,പിന്തുണ ലഭിച്ചു
Was rolled,تَدَحْرَجَ,ഉരുളപ്പെട്ടു
Made round,دَوَّرَ,വട്ടത്തിലാക്കി
Warmed,دَفَّأَ,ചൂടാക്കി
Gold,ذَهَب,സ്വർണ്ണം
Fly,ذُبَابَة,ഈച്ച
Wolf,ذِئْب,ചെന്നായ
Memory,ذَاكِرَة,ഓർമ്മ
Corn/Maize,ذُرَة,ചോളം
Tail,ذَيْل,വാൽ
Peak/Summit,ذِرْوَة,ശിഖരം/ഉച്ചകോടി
Sins/Faults,ذُنُوب,പാപങ്ങൾ
Intelligence,ذَكَاء,ബുദ്ധി
Remembrance/Mention,ذِكْر,സ്മരണ/പറയൽ
The Arm/Forearm,ذِرَاع,കൈമുട്ട്
Taste/Flavor,ذَوْق,രുചി
Good taste/Sense,ذَوْق,വിവേകം/നല്ല ശീലം
Offspring/Progeny,ذُرِّيَّة,സന്തതി
Atom/Particle,ذَرَّة,അണു
Fading/Wither,ذَبْل,വാട്ടം
Humiliation/Disgrace,ذِلَّة,അവമാനം
Sense of taste,ذَائِقَة,രസജ്ഞാനം
A Spark/Glow,ذَبْلَة,ഒരു തീപ്പൊരി/തിളക്കം
Memories,ذِكْرَيَات,ഓർമ്മകൾ
A Sin,ذَنْب,ഒരു പാപം
A Male/Masculine,ذَكَر,പുരുഷൻ
Melting/Thawing,ذَوَبَان,ഉരുകൽ
An Excuse,ذَرِيعَة,ഒരു ഒഴികഴിവ്
Sacrifice/A slaughtered animal,ذَبِيحَة,ബലി/അറുത്ത മൃഗം
Wilting,ذُبُول,വാടിപ്പോകൽ
AI,ذَكَاء اِصْطِنَاعِي,കൃത്രിമ ബുദ്ധി
Wolves,ذِئَاب,ചെന്നായകൾ
Public taste,ذَوْق عَامّ,പൊതു അഭിരുചി
Right arm,ذِرَاع أَيْمَن,വലത് കൈ
Anniversary/Memory,ذِكْرَى,വാർഷികം/ഓർമ്മ
The Melting,إِذَابَة,ദ്രവിക്കൽ
The Honing/Sharpening,تَذْكِيَة,കൂർപ്പിക്കൽ
Ponytail,ذَيْل الْحِصَان,പോണിടെയിൽ
Lupus,ذِئْبَة,ചർമ്മരോഗം
Ants/Dust,ذَرّ,ഉറുമ്പുകൾ/പൊടി
The Male,ذَكَر,ആൺ
The Female,أُنْثَى,പെൺ
Tastefulness,ذَوْقِيَّة,രസകരമായത്
Vibration/Oscillation,ذَبْذَبَة,ചലനം/കമ്പനം
Natural intelligence,ذَكَاء طَبِيعِيّ,സ്വാഭാവിക ബുദ്ധി
The Golden,ذَهَبِيّ,സ്വർണ്ണ നിറം
Remembrance/Reminder,تَذْكِرَة,ഓർമ്മപ്പെടുത്തൽ
Sacrifice,تَضْحِيَة,ബലിയർപ്പണം
Defense/Protection,ذَبّ,പ്രതിരോധം
Sharp intelligence,ذَكَاء حَادّ,തീക്ഷണമായ ബുദ്ധി
Annual memory,ذِكْرَى سَنَوِيَّة,വാർഷിക ഓർമ്മ
Long tail,ذَيْل طَوِيل,നീണ്ട വാൽ
Flies,ذُبَاب,ഈച്ചകൾ
The Forearms,أَذْرُع,കൈമുട്ടുകൾ
Went,ذَهَبَ,പോയി
Mentioned/Remembered,ذَكَرَ,പറഞ്ഞു/ഓർത്തു
Melted,ذَابَ,ഉരുകി
Slaughtered,ذَبَحَ,അറുത്തു
Tasted,ذَاقَ,രുചിച്ചു
Faded/Withered,ذَبَلَ,വാടി
Humiliated,أَذَلَّ,അവഹേളിച്ചു
Reminded,ذَكَّرَ,ഓർമ്മിപ്പിച്ചു
Humiliated,ذَلَّلَ,അപമാനിച്ചു
Melted/Dissolved,أَذَابَ,ഉരുക്കി/ലയിപ്പിച്ചു
Sacrificed,ذَبَحَ,ബലിയർപ്പിച്ചു
Went away,ذَهَبَ,അകന്നുപോയി
Was mentioned,ذُكِرَ,പറയപ്പെട്ടു
Remained/Lasted,دَامَ,അവശേഷിച്ചു
Defended,ذَبَّ,പ്രതിരോധിച്ചു
Melted away,ذَابَ,ഉരുകിപ്പോയി
Was slaughtered,ذُبِحَ,അറുക്കപ്പെട്ടു
Tasted (a lot),تَذَوَّقَ,കൂടുതൽ രുചിച്ചു
Got smart/Intelligent,ذَكَا,ബുദ്ധി നേടി
Became humble,تَذَلَّلَ,വിനയമുള്ളവനായി
Humbled,أَذَلَّ,വിനയപ്പെടുത്തി
Melted (something),ذَوَّبَ,എന്തെങ്കിലും ഉരുക്കി
Remembered,تَذَكَّرَ,ഓർമ്മിച്ചു
Withered away,تَذَبَّلَ,വാടിപ്പോയി
Was humbled,اِذَّلَّ,വിനയമുള്ളവനായിത്തീർന്നു
Made a memory,أَذْكَرَ,ഓർമ്മയുണ്ടാക്കി
Was melted,اِنْذَابَ,ഉരുകിപ്പോയിരുന്നു
Slaughtered (many),ذَبَّحَ,ധാരാളം അറുത്തു
Was tasted,ذِيقَ,രുചിക്കപ്പെട്ടു
Wished/Longed,تَمَنَّى,ആഗ്രഹിച്ചു
Reached the peak,ذَرَا,ഉച്ചകോടിയിലെത്തി
Traveled to/through,سَافَرَ,സഞ്ചരിച്ചു
Reached,وَصَلَ,എത്തിച്ചേർന്നു
Was intelligent,ذَكِيَ,ബുദ്ധിമാനായി
Wandered,جَالَ,അലഞ്ഞു
Was removed,أُزِيلَ,നീക്കം ചെയ്യപ്പെട്ടു
Was surprised,دَهِشَ,അത്ഭുതപ്പെട്ടു
Felt humiliated,تَذَلَّلَ,അവമാനം തോന്നി
Got used to,اِعْتَادَ,ശീലിച്ചു
Prepared,جَهَّزَ,തയ്യാറാക്കി
Was forgiven,غُفِرَ,ക്ഷമിക്കപ്പെട്ടു
Finished/Ended,أَنْهَى,അവസാനിപ്പിച്ചു
Was satisfied,رَضِيَ,തൃപ്തനായി
Was patient,صَبَرَ,ക്ഷമിച്ചു
Stood,وَقَفَ,നിന്നു
Traveled,رَحَلَ,യാത്ര ചെയ്തു
Was sacrificed,قُدِّمَ,ബലിയർപ്പിക്കപ്പെട്ടു
Made humble,أَذْعَنَ,വിനയപ്പെടുത്തി
Tasted/Experienced,خَبِرَ,അനുഭവിച്ചു
Was purified,طَهُرَ,ശുദ്ധീകരിക്കപ്പെട്ടു
Man/Person,رَجُل,പുരുഷൻ/ആൾ
Head,رَأْس,തല
Lord/God,رَبّ,നാഥൻ/ദൈവം
Message/Letter,رِسَالَة,സന്ദേശം/കത്ത്
Wind/Spirit,رِيح,കാറ്റ്/ആത്മാവ്
Ruler/President,رَئِيس,ഭരണാധികാരി/പ്രസിഡന്റ്
Opinion/View,رَأْي,അഭിപ്രായം/കാഴ്ചപ്പാട്
Mercy/Compassion,رَحْمَة,കാരുണ്യം
Earth/Soil,أَرْض,ഭൂമി/മണ്ണ്
Dream,رُؤْيَا,സ്വപ്നം
Number,رَقَم,സംഖ്യ
Neck,رَقَبَة,കഴുത്ത്
Bread,خُبْز,റൊട്ടി
Leg/Foot,رِجْل,കാൽ
Hope/Expectation,رَجَاء,പ്രതീക്ഷ/ആഗ്രഹം
Permission,إِذْن,അനുവാദം
Money/Cash,مَال,പണം
Sand,رَمْل,മണൽ
Ramadan,رَمَضَان,റമദാൻ
Knowledge,مَعْرِفَة,അറിവ്
Symbol/Code,رَمْز,ചിഹ്നം/കോഡ്
Drawing/Picture,رَسْم,ചിത്രം
A Prophet/Messenger,رَسُول,ദൂതൻ
Pillar/Corner,رُكْن,തൂൺ/കോൺ
Journey/Trip,رِحْلَة,യാത്ര
Happiness,فَرَح,സന്തോഷം
Robe/Dress,رِدَاء,വസ്ത്രം
Spiritual power,رُوحَانِيَّة,ആത്മീയ ശക്തി
Art/Skill,فَنّ,കല/നൈപുണ്യം
Friend,صَدِيق,സുഹൃത്ത്
Ranks/Rows,رُتْبَة,അറകൾ/നിരകൾ
Sensation/Feeling,شُعُور,അനുഭവം
Success,نَجَاح,വിജയം
Spring (season),رَبِيع,വസന്തകാലം
Terror/Fear,رُعْب,ഭയം
Livelihood/Sustenance,رِزْق,ജീവിതമാർഗ്ഗം
Throne/Chair,كُرْسِيّ,സിംഹാസനം/കസേര
The soul/Spirit,رُوح,ആത്മാവ്
Shame/Disgrace,عَار,നാണക്കേട്
Exercise/Sport,رِيَاضَة,വ്യായാമം
Comfort/Rest,رَاحَة,വിശ്രമം
A garden,حَدِيقَة,ഒരു പൂന്തോട്ടം
A deposit/Pledge,رَهْن,ഒരു പണയം
Cement/Mortar,إِسْمَنْت,സിമന്റ്
Precision,دِقَّة,കൃത്യത
Regime/System,نِظَام,ഭരണകൂടം/സംവിധാനം
A symbol,رَمْز,ഒരു പ്രതീകം
Rain,مَطَر,മഴ
A corner,رُكْن,ഒരു കോൺ
Vision,رُؤْيَة,കാഴ്ച
Saw,رَأَى,കണ്ടു
Returned,رَجَعَ,തിരിച്ചുവന്നു
Wished/Hoped,رَجَا,ആഗ്രഹിച്ചു/പ്രതീക്ഷിച്ചു
Rejected,رَفَضَ,നിഷേധിച്ചു/തള്ളിക്കളഞ്ഞു
Raised/Lifted,رَفَعَ,ഉയർത്തി
Traveled,رَحَلَ,യാത്ര ചെയ്തു
Drew/Painted,رَسَمَ,വരച്ചു
Sent/Dispatched,أَرْسَلَ,അയച്ചു
Agreed,رَضِيَ,സമ്മതിച്ചു
Lived/Subsisted,عَاشَ,ജീവിച്ചു
Was easy,سَهُلَ,എളുപ്പമായിരുന്നു
Arranged/Ordered,رَتَّبَ,ക്രമീകരിച്ചു
Inherited,وَرِثَ,അവകാശം നേടി
Rested/Was comfortable,اِسْتَرَاحَ,വിശ്രമിച്ചു
Rented,اِسْتَأْجَرَ,വാടകയ്ക്ക് എടുത്തു
Waged war,حَارَبَ,യുദ്ധം ചെയ്തു
Rode,رَكِبَ,ഓടിച്ചു/സവാരി ചെയ്തു
Kicked,رَكَلَ,ചവിട്ടി
Bowed (in prayer),رَكَعَ,കുനിച്ചു/വണങ്ങി
Shook/Trembled,اِرْتَجَفَ,കുലുങ്ങി
Advanced/Progressed,تَقَدَّمَ,പുരോഗമിച്ചു
Was merciful,رَحِمَ,കരുണ കാണിച്ചു
Was satisfied,رَضِيَ,തൃപ്തനായി
Observed/Monitored,رَاقَبَ,നിരീക്ഷിച്ചു
Nourished/Sustained,رَزَقَ,ഭക്ഷണം നൽകി/പോറ്റുന്നു
Was terrified,رَاعَ,ഭയപ്പെട്ടു
Managed/Supervised,أَدَارَ,നിയന്ത്രിച്ചു
Took an oath,حَلَفَ,ശപഥം ചെയ്തു
Invested,اِسْتَثْمَرَ,നിക്ഷേപിച്ചു
Was defeated,هُزِمَ,തോൽപ്പിക്കപ്പെട്ടു
Was calm/Stable,رَسَا,ശാന്തമായി/സ്ഥിരമായിരുന്നു
Passed (by),مَرَّ,കടന്നുപോയി
Planted,زَرَعَ,നട്ടു
Increased,زَادَ,വർദ്ധിപ്പിച്ചു
Pasted/Attached,رَبَطَ,ഒട്ടിച്ചു/ചേർത്തു
Was associated with,اِرْتَبَطَ,ബന്ധപ്പെട്ടു
Followed,تَبِعَ,പിന്തുടർന്നു
Shouted,صَرَخَ,അലറി
Got up,قَامَ,എഴുന്നേറ്റു
Told/Narrated,رَوَى,പറഞ്ഞു/വിവരിച്ചു
Made a promise,وَعَدَ,വാഗ്ദാനം ചെയ്തു
Was delighted,فَرِحَ,സന്തോഷിച്ചു
Made soft/Lenient,رَقَّ,മൃദുവായി
Became slender,رَقَّ,മെലിഞ്ഞു
Wished for,تَمَنَّى,ആശംസിച്ചു
Doubted,شَكَّ,സംശയിച്ചു
Accepted (a challenge),تَقَبَّلَ,ഏറ്റെടുത്തു
Tended (to animals),رَعَى,പരിപാലിച്ചു
Sewed,خَاطَ,തുന്നി
Reached,وَصَلَ,എത്തി
Flower,زَهْرَة,പൂവ്
Wife/Spouse,زَوْجَة,ഭാര്യ/ഇണ
Husband/Spouse,زَوْج,ഭർത്താവ്/ഇണ
Oil,زَيْت,എണ്ണ
Olive,زَيْتُون,ഒലിവ്
Corner/Angle,زَاوِيَة,കോൺ/മൂല
Earthquake,زِلْزَال,ഭൂകമ്പം
Time/Period,زَمَن,സമയം/കാലഘട്ടം
Poverty,فَقْر,ദാരിദ്ര്യം
Decoration/Ornament,زِينَة,അലങ്കാരം
Visitor,زَائِر,സന്ദർശകൻ
Glass,زُجَاج,ഗ്ലാസ്
Butter,زُبْدَة,വെണ്ണ
Agriculture/Farming,زِرَاعَة,കൃഷി
Seed,بَذْرَة,വിത്ത്
Zone/Region,مِنْطَقَة,മേഖല
Zero,صِفْر,പൂജ്യം
Wedding/Marriage,زَوَاج,വിവാഹം
Pillar/Support,دِعَامَة,തൂൺ/താങ്ങ്
A fault/Defect,عَيْب,ഒരു തകരാറ്
Cumin,كَمُّون,ജീരകം
Bell/Gong,جَرَس,മണി
Crowd/Traffic,اِزْدِحَام,ജനത്തിരക്ക്
Trip/Visit,زِيَارَة,സന്ദർശനം
A corner,رُكْن,ഒരു മൂല
Boat/Ship,قَارِب,ബോട്ട്/കപ്പൽ
Zoom/Enlargement,تَكْبِير,വലുതാക്കൽ
A field,حَقْل,ഒരു വയൽ
A storm,عَاصِفَة,ഒരു കൊടുങ്കാറ്റ്
Luxury/Comfort,رَفَاهِيَة,ആഢംബരം
Excess/Increase,زِيَادَة,അതികം/വർദ്ധനവ്
A button,زِرّ,ഒരു ബട്ടൺ
A path/Way,طَرِيق,ഒരു വഴി
An edge,حَافَّة,ഒരു അറ്റം
A tremor,رِعْشَة,ഒരു വിറയൽ
A mixture,خَلِيط,ഒരു മിശ്രിതം
Small pieces,شَظَايَا,ചെറിയ കഷണങ്ങൾ
An era,عَصْر,ഒരു കാലഘട്ടം
Flowers,زُهُور,പൂക്കൾ
Olives,زَيْتُون,ഒലിവുകൾ
Wives,زَوْجَات,ഭാര്യമാർ
Farming,زَرْع,കൃഷി
Butter,سَمْن,നെയ്യ്
A visit,زِيَارَة,ഒരു യാത്ര
An increase,إِزَادَة,ഒരു അധികം
The corner,زَاوِيَة,മൂല
The glass,زُجَاج,ചില്ല്
An ornament,زِينَة,ഒരു അലങ്കാരം
A flower bed,مَزْرَعَة,ഒരു പൂന്തോട്ടം
A pilgrim,حَاجّ,ഒരു തീർത്ഥാടകൻ
Planted,زَرَعَ,നട്ടു
Increased,زَادَ,വർദ്ധിപ്പിച്ചു
Visited,زَارَ,സന്ദർശിച്ചു
Got married,تَزَوَّجَ,വിവാഹം കഴിച്ചു
Slipped/Stumbled,زَلَّ,വഴുതി/ഇടറി
Weighed,وَزَنَ,തൂക്കി
Decorated/Adorned,زَيَّنَ,അലങ്കരിച്ചു
Was heavy,وَزَنَ,ഭാരമുള്ളതായിരുന്നു
Crept/Crawled,زَحَفَ,ഇഴഞ്ഞു
Shook/Trembled,اِرْتَعَشَ,കുലുങ്ങി
Forced/Pushed,زَحَمَ,തള്ളി/നിർബന്ധിച്ചു
Separated/Divided,فَصَلَ,വേർതിരിച്ചു
Moved (slowly),اِنْزَلَقَ,പതുക്കെ നീങ്ങി
Was removed,أُزِيلَ,നീക്കം ചെയ്യപ്പെട്ടു
Shouted,صَرَخَ,അലറി
Kicked,رَكَلَ,ചവിട്ടി
Spread/Expanded,اِنْتَشَرَ,പരന്നു
Made clear/Obvious,أَظْهَرَ,വ്യക്തമാക്കി
Was decorated,تَزَيَّنَ,അലങ്കരിക്കപ്പെട്ടു
Visited (often),تَزَاوَرَ,സന്ദർശിച്ചു
Increased/Exceeded,اِزْدَادَ,വർദ്ധിച്ചു
Died,مَاتَ,മരിച്ചു
Moved/Stirred,تَحَرَّكَ,ചലിച്ചു
Met (with),اِلْتَقَى,കണ്ടു
Withered/Faded,ذَبَلَ,വാടി
Was equipped,تَجَهَّزَ,സജ്ജനായി
Was compressed,اِنْضَغَطَ,ഞെരുങ്ങി
Was abundant,كَثُرَ,ധാരാളമായിരുന്നു
Moved aside,اِنْزَاحَ,മാറിപ്പോയി
Removed/Took away,أَزَالَ,നീക്കം ചെയ്തു
Was crowded,اِزْدَحَمَ,തിരക്കായിരുന്നു
Slid down,اِنْزَلَقَ,താഴേക്ക് വഴുതി
Was heavy/Weighed down,ثَقُلَ,ഭാരം തോന്നി
Trembled/Shook,اِهْتَزَّ,വിറച്ചു
Pushed/Forced,دَفَعَ,തള്ളി
Was married,زُوِّجَ,വിവാഹിതനായി
Provided with provisions,رَزَقَ,ഭക്ഷണം നൽകി
Grew (plants),نَمَا,വളർന്നു
Adorned,زَانَ,അണിയിച്ചു
Began,بَدَأَ,തുടങ്ങി
Made to slip,أَزَلَّ,വഴുതാൻ കാരണമായി
Provided,وَفَّرَ,നൽകി
Was shaken,زُلْزِلَ,കുലുക്കപ്പെട്ടു
Was compressed,اِنْكَمَشَ,ചുരുങ്ങി
Decorated/Embellished,زَخْرَفَ,അലങ്കരിച്ചു
Made a sound,أَصْدَرَ,ശബ്ദമുണ്ടാക്കി
Divided (a lot),جَزَّأَ,കൂടുതലായി വിഭജിച്ചു
Was purified,طَهُرَ,ശുദ്ധീകരിക്കപ്പെട്ടു
Was quick/Hasty,سَرُعَ,വേഗത്തിലായിരുന്നു
Was clean,نَظُفَ,വൃത്തിയുള്ളതായിരുന്നു
Sky,سَمَاء,ആകാശം
Sword,سَيْف,വാൾ
Year,سَنَة,വർഷം
Car,سَيَّارَة,കാർ
Question,سُؤَال,ചോദ്യം
Price,سِعْر,വില
Peace,سَلَام,സമാധാനം
Hour/Time,سَاعَة,സമയം/മണിക്കൂർ
Market,سُوق,മാർക്കറ്റ്/ചന്ത
Secret,سِرّ,രഹസ്യം
Speed,سُرْعَة,വേഗത
Chain,سِلْسِلَة,ചങ്ങല
Basket,سَلَّة,കൂട്
Bed/Couch,سَرِير,കിടക്ക/കട്ടിൽ
Travel/Journey,سَفَر,യാത്ര
Ship/Boat,سَفِينَة,കപ്പൽ
Ambassador,سَفِير,അംബാസഡർ
Face,وَجْه,മുഖം
Wall,جِدَار,ചുമർ
Poison,سُمّ,വിഷം
Bridge,جِسْر,പാലം
Fish,سَمَك,മത്സ്യം
Reputation,سُمْعَة,കീർത്തി
Habit/Custom,سُلُوك,ശീലം/ആചാരം
Silver,فِضَّة,വെള്ളി
Ladder,سُلَّم,ഏണി
Behavior,سُلُوك,പെരുമാറ്റം
Authority/Power,سُلْطَة,അധികാരം
History,تَارِيخ,ചരിത്രം
Easy,سَهْل,എളുപ്പം
Silence,صَمْت,മൗനം
Anatomy/Body,جِسْم,ശരീരം
Happiness,سَعَادَة,സന്തോഷം
A magician,سَاحِر,ഒരു മന്ത്രവാദി
A path,سَبِيل,ഒരു വഴി
The ear,أُذُن,ചെവി
Cloud,سَحَاب,മേഘം
A curtain,سِتَار,ഒരു മൂടുപടം
Magic/Witchcraft,سِحْر,മാന്ത്രികം
An ambassador,سَفِير,ഒരു പ്രതിനിധി
A question,سُؤَال,ഒരു അന്വേഷണം
The level/Surface,سَطْح,നിരപ്പ്
A line,صَفّ,ഒരു നിര
A rope,حَبْل,ഒരു കയർ
An edge,حَافَّة,ഒരു അറ്റം
The foundation,أَسَاس,അടിത്തറ
The end,نِهَايَة,അവസാനം
A river,نَهْر,ഒരു നദി
A record,سِجِلّ,ഒരു രേഖ
Asked,سَأَلَ,ചോദിച്ചു
Traveled,سَافَرَ,യാത്ര ചെയ്തു
Fell,سَقَطَ,വീണു
Lived/Dwelt,سَكَنَ,താമസിച്ചു
Remained silent,سَكَتَ,മൗനം പാലിച്ചു
Ran,رَكَضَ,ഓടി
Walked,سَارَ,നടന്നു
Stole,سَرَقَ,മോഷ്ടിച്ചു
Was happy,سَعِدَ,സന്തോഷവാനായിരുന്നു
Drew/Pulled,سَحَبَ,വലിച്ചു
Helped,سَاعَدَ,സഹായിച്ചു
Allowed/Permitted,سَمَحَ,അനുവദിച്ചു
Heard,سَمِعَ,കേട്ടു
Named/Called,سَمَّى,പേരിട്ടു/വിളിച്ചു
Washed,غَسَلَ,കഴുകി
Became easy,سَهُلَ,എളുപ്പമായി
Registered/Recorded,سَجَّلَ,രേഖപ്പെടുത്തി
Prostrated,سَجَدَ,സാഷ്ടാംഗം ചെയ്തു
Controlled/Dominated,سَيْطَرَ,നിയന്ത്രിച്ചു
Contributed,سَاهَمَ,സംഭാവന ചെയ്തു
Harmed,ضَرَّ,ദ്രോഹിച്ചു
Finished/Concluded,أَنْهَى,പൂർത്തിയാക്കി
Settled/Stabilized,اِسْتَقَرَّ,സ്ഥിരമായി
Received,اِسْتَلَمَ,ലഭിച്ചു
Wished for/Requested,اِسْتَرْحَمَ,ആവശ്യപ്പെട്ടു
Became drunk,سَكِرَ,ലഹരിയിലായി
Turned around,اِنْعَطَفَ,തിരിഞ്ഞു
Drove,قَادَ,ഓടിച്ചു
Supported,دَعَمَ,പിന്തുണച്ചു
Hated,كَرِهَ,വെറുത്തു
Established/Founded,أَسَّسَ,സ്ഥാപിച്ചു
Handed over,سَلَّمَ,കൈമാറി
Was saved/Safe,سَلِمَ,സുരക്ഷിതമായി
Spoke,تَحَدَّثَ,സംസാരിച്ചു
Contested/Raced,سَابَقَ,മത്സരിച്ചു
Equaled/Matched,تَسَاوَى,തുല്യമായി
Interrogated,اِسْتَجْوَبَ,ചോദ്യം ചെയ്തു
Used,اِسْتَخْدَمَ,ഉപയോഗിച്ചു
Derived/Extracted,اِسْتَنْبَطَ,ഉദ്ഭവിച്ചു/വേർതിരിച്ചെടുത്തു
Ignited/Lit,أَشْعَلَ,കത്തിച്ചു
Became master/Ruled,سَادَ,യജമാനനായി/ഭരിച്ചു
Made a record,سَجَّلَ,രേഖപ്പെടുത്തി
Flowed (water),سَالَ,ഒഴുകി
Worn out,بَلِيَ,പഴകി
Was fast,سَرُعَ,വേഗത്തിലായിരുന്നു
Became intoxicated,سَكِرَ,മത്തനായി
Broke (a promise),خَالَفَ,ലംഘിച്ചു
Gave freely,جَادَ,സ്വതന്ത്രമായി നൽകി
Drew near,قَرُبَ,അടുത്തു
Traveled (by night),سَرَى,രാത്രി യാത്ര ചെയ്തു
Tree,شَجَرَة,മരം
Sun,شَمْس,സൂര്യൻ
Month,شَهْر,മാസം
Poet,شَاعِر,കവി
People/Folk,شَعْب,ജനം/ആളുകൾ
Thing/Matter,شَيْء,കാര്യം/വസ്തു
Evil/Badness,شَرّ,തിന്മ/മോശം
Window,نَافِذَة,ജാലകം
Road/Street,شَارِع,റോഡ്/തെരുവ്
Police,شُرْطَة,പോലീസ്
Youth/Young man,شَابّ,യുവാവ്
Net/Trap,شَبَكَة,വല/കെണി
Company/Partner,شَرِكَة,കമ്പനി/പങ്കാളി
Witness,شَاهِد,സാക്ഷി
Condition/Term,شَرْط,വ്യവസ്ഥ/നിബന്ധന
Sense/Feeling,شُعُور,അനുഭവം/ബോധം
Winter,شِتَاء,ശീതകാലം
Doubt,شَكّ,സംശയം
Thirst,عَطَش,ദാഹം
Thankfulness,شُكْر,നന്ദി
Candle,شَمْعَة,മെഴുകുതിരി
Shore/Beach,شَاطِئ,തീരം/കടൽത്തീരം
Honor,شَرَف,ബഹുമാനം
Courage,شَجَاعَة,ധൈര്യം
Hair,شَعْر,മുടി
Drink,شَرَاب,പാനീയം
Satan/Devil,شَيْطَان,പിശാച്
A wound,جُرْح,ഒരു മുറിവ്
A star,نَجْم,ഒരു നക്ഷത്രം
A line/Row,صَفّ,ഒരു വരി/നിര
East,شَرْق,കിഴക്ക്
Laughter,ضَحِك,ചിരി
Medicine/Cure,دَوَاء,മരുന്ന്/ചികിത്സ
A glass,زُجَاج,ഒരു ഗ്ലാസ്
Flames/A sparkle,شَرَارَة,തീജ്വാല/ഒരു തിളക്കം
A form/Shape,شَكْل,ഒരു രൂപം
Youth,شَبَاب,യൗവനം
Partner,شَرِيك,പങ്കി
Poetry,شِعْر,കവിത
Popularity,شُهْرَة,ജനപ്രീതി
Certificate,شَهَادَة,സർട്ടിഫിക്കറ്റ്
Anxiety/Worry,قَلَق,വിഷമം/ആശങ്ക
Sunlight,شَمْس,സൂര്യപ്രകാശം
The North,شَمَال,വടക്ക്
Lips,شَفَة,ചുണ്ടുകൾ
Thorn,شَوْك,മുള്ളുകൾ
An explanation,شَرْح,ഒരു വിശദീകരണം
A witness,شَاهِد,ഒരു സാക്ഷി
The face,وَجْه,മുഖം
A piece,قِطْعَة,ഒരു കഷണം
Drank,شَرِبَ,കുടിച്ചു
Felt,شَعَرَ,അനുഭവിച്ചു
Saw/Watched,شَاهَدَ,കണ്ടു/നിരീക്ഷിച്ചു
Thanked,شَكَرَ,നന്ദി പറഞ്ഞു
Participated/Shared,شَارَكَ,പങ്കെടുത്തു
Published/Spread,نَشَرَ,പ്രസിദ്ധീകരിച്ചു/പരന്നു
Began,بَدَأَ,തുടങ്ങി
Consulted,شَاوَرَ,ആലോചിച്ചു
Doubled,ضَاعَفَ,ഇരട്ടിയാക്കി
Encouraged,شَجَّعَ,പ്രോത്സാഹിപ്പിച്ചു
Compared,قَارَنَ,താരതമ്യം ചെയ്തു
Was difficult,صَعُبَ,കഠിനമായിരുന്നു
Explained/Described,شَرَحَ,വിശദീകരിച്ചു
Shook/Trembled,اِرْتَعَشَ,വിറച്ചു/കുലുങ്ങി
Became famous,اِشْتَهَرَ,പ്രശസ്തനായി
Bought/Purchased,اِشْتَرَى,വാങ്ങി
Complained,شَكَا,പരാതിപ്പെട്ടു
Missed/Longed for,اِشْتَاقَ,ആഗ്രഹിച്ചു/മിസ്സ് ചെയ്തു
Looked (at),نَظَرَ,നോക്കി
Glowed/Shone,أَشْرَقَ,തിളങ്ങി
Contained/Included,شَمِلَ,ഉൾപ്പെടുത്തി
Felt sympathy,شَفَقَ,സഹാനുഭൂതി തോന്നി
Interceded/Mediated,شَفَعَ,ശുപാർശ ചെയ്തു
Shouted/Screamed,صَرَخَ,അലറി/നിലവിളിച്ചു
Stood up,قَامَ,എഴുന്നേറ്റു നിന്നു
Was happy,سَعِدَ,സന്തുഷ്ടനായി
Split/Tore,شَقَّ,കീറി
Was busy,اِنْشَغَلَ,തിരക്കിലായിരുന്നു
Set (sun),غَرَبَ,അസ്തമിച്ചു
Gave (a gift),أَهْدَى,സമ്മാനം നൽകി
Lit/Ignited,أَشْعَلَ,കത്തിച്ചു
Wasted/Spoiled,أَتْلَفَ,നഷ്ടപ്പെടുത്തി
Divided/Split,قَسَمَ,വിഭജിച്ചു
Formed/Shaped,شَكَّلَ,രൂപപ്പെടുത്തി
Consulted (with),تَشَاوَرَ,ചർച്ച ചെയ്തു
Was saved/Healed,شُفِيَ,സുഖമായി
Became a partner,شَارَكَ,പങ്കാളിയായി
Spread rumors,شَاعَ,അഭ്യൂഹം പരത്തി
Was concerned/Worried,قَلِقَ,വിഷമിച്ചു
Used (a weapon),اِسْتَخْدَمَ,ഉപയോഗിച്ചു
Got tired,تَعِبَ,ക്ഷീണിച്ചു
Felt pity,شَفَقَ,കരുണ തോന്നി
Distracted,صَرَفَ,ശ്രദ്ധ തിരിച്ചു
Was injured,جُرِحَ,മുറിവേറ്റു
Took off (clothes),خَلَعَ,ഊരിമാറ്റി
Gave evidence,شَهِدَ,സാക്ഷ്യം നൽകി
Was covered,غُطِّيَ,മൂടപ്പെട്ടു
Drank (a lot),اِسْتَشْرَبَ,ധാരാളം കുടിച്ചു
Was spread,اِنْتَشَرَ,പരക്കപ്പെട്ടു
Made to drink,أَشْرَبَ,കുടിക്കാൻ നൽകി
Morning,صَبَاح,പ്രഭാതം
Friend,صَدِيق,കൂട്ടുകാരൻ/സുഹൃത്ത്
Truth/Honesty,صِدْق,സത്യം/സത്യസന്ധത
Prayer,صَلَاة,പ്രാർത്ഥന
Picture/Image,صُورَة,ചിത്രം/രൂപം
Sound/Voice,صَوْت,ശബ്ദം
Difficulty,صُعُوبَة,പ്രയാസം
Zero,صِفْر,പൂജ്യം
Row/Line,صَفّ,വരി/നിര
Patience,صَبْر,ക്ഷമ
A plate/Dish,صَحْن,തളിക/പാത്രം
A page,صَفْحَة,ഒരു പേജ്
Desert,صَحْرَاء,മരുഭൂമി
Health,صِحَّة,ആരോഗ്യം
Box/Chest,صُنْدُوق,പെട്ടി
Smallness/Youth,صِغَر,ചെറുപ്പം
Summer,صَيْف,വേനൽക്കാലം
A Bank (financial),مَصْرِف,ബാങ്ക്/നാണയവിനിമയ സ്ഥലം
A cry/Shout,صَيْحَة,ഒരു നിലവിളി
A form/Type,صِنْف,ഒരു തരം/രൂപം
Friendship,صَدَاقَة,സൗഹൃദം
A shout,صَرْخَة,ഒരു കൂക്കി വിളി
Wool,صُوف,കമ്പിളി
Fist,قَبْضَة,മുഷ്ടി
A whistle,صَفِير,ഒരു ചൂളം
A craftsman,صَانِع,ഒരു കരകൗശലക്കാരൻ
Honest person,صَادِق,സത്യസന്ധൻ
Smallpox,جُدَرِيّ,വസൂരി
A factory,مَصْنَع,ഒരു നിർമ്മാണശാല
Disaster/Calamity,مُصِيبَة,ദുരന്തം
A hunter,صَيَّاد,ഒരു വേട്ടക്കാരൻ
The essence,صُلْب,സാരം
A mold/Form,صِيغَة,ഒരു അച്ച്/രൂപം
The chin,ذَقَن,താടി
A recipe/Description,وَصْفَة,പാചകവിധി/വിവരണം
Mint,صَرْف,നാണയം നിർമ്മിക്കുന്ന സ്ഥലം
A fishing net,شَبَكَة,മീൻ വല
Silence,صَمْت,മൗനം
The light,ضَوْء,പ്രകാശം
Morning prayer,صَلَاة الْفَجْر,പ്രഭാത നമസ്കാരം
Cleanliness/Purity,صَفَاء,ശുദ്ധി
A whistle,صَفَّارَة,വിസിൽ
The structure,هَيْكَل,ഘടന
A description,وَصْف,ഒരു വിവരണം
A hunter,قَانِص,വേട്ടക്കാരൻ
A small child,صَغِير,ഒരു കൊച്ചുകുട്ടി
Accuracy/Precision,دِقَّة,കൃത്യത
A chest,صَدْر,മാറ്
The bank (of a river),ضَفَّة,നദീതീരം
The cross,صَلِيب,കുരിശ്
Became,صَارَ,ആയിത്തീർന്നു
Prayed,صَلَّى,പ്രാർത്ഥിച്ചു (നമസ്കരിച്ചു)
Believed/Confirmed,صَدَّقَ,വിശ്വസിച്ചു/സത്യപ്പെടുത്തി
Was patient,صَبَرَ,ക്ഷമിച്ചു
Shouted/Cried out,صَاحَ,അലറി/നിലവിളിച്ചു
Made/Manufactured,صَنَعَ,ഉണ്ടാക്കി/നിർമ്മിച്ചു
Hunted,صَاد,വേട്ടയാടി
Described,وَصَفَ,വിവരിച്ചു
Climbed/Ascended,صَعِدَ,കയറി
Became small,صَغُرَ,ചെറുതായി
Corrected/Repaired,صَلَحَ,ശരിയാക്കി/നന്നാക്കി
Published/Issued,أَصْدَرَ,പ്രസിദ്ധീകരിച്ചു
Woke up,اِسْتَيْقَظَ,ഉണർന്നു
Got up,قَامَ,എഴുന്നേറ്റു
Reached/Arrived,وَصَلَ,എത്തി
Became yellow,اِصْفَرَّ,മഞ്ഞളിച്ചു
Made peace,صَالَحَ,സമാധാനം ഉണ്ടാക്കി
Accompanied,صَاحَبَ,കൂട്ടുകൂടി
Was honest,صَدَقَ,സത്യസന്ധനായി
Met/Encountered,لَقِيَ,കണ്ടു
Agreed,اِتَّفَقَ,സമ്മതിച്ചു
Wished/Aspirated,تَمَنَّى,ആഗ്രഹിച്ചു
Made difficult,صَعَّبَ,പ്രയാസപ്പെടുത്തി
Became difficult,صَعُبَ,പ്രയാസമായി
Made noise,أَصْدَرَ,ശബ്ദമുണ്ടാക്കി
Became friends,تَصَادَقَ,സുഹൃത്തുക്കളായി
Prepared/Arranged,أَعَدَّ,തയ്യാറാക്കി
Willed/Intended,أَرَادَ,ഉദ്ദേശിച്ചു
Made someone pray,أَصْلَى,നമസ്കരിപ്പിച്ചു
Shot/Fired,أَطْلَقَ,വെടിവെച്ചു
Was purified/Cleared,صُفِّيَ,ശുദ്ധീകരിക്കപ്പെട്ടു
Got up (morning),أَصْبَحَ,രാവിലെ എഴുന്നേറ്റു
Took a picture,صَوَّرَ,ചിത്രമെടുത്തു
Stood (firmly),صَمَدَ,ഉറച്ചു നിന്നു
Was deaf,صَمَّ,ബധിരനായി
Confiscated,صَادَرَ,കണ്ടുകെട്ടി
Was hit,ضَرَبَ,അടിച്ചു
Fasted (sawm),صَامَ,നോമ്പെടുത്തു
Turned away,أَعْرَضَ,തിരിഞ്ഞു നിന്നു
Decided,قَرَّرَ,തീരുമാനിച്ചു
Was small,صَغُرَ,ചെറുതായിരുന്നു
Made something sound,صَوَّتَ,ശബ്ദമുണ്ടാക്കി
Was wounded,جُرِحَ,മുറിവേറ്റു
Was corrected,أُصْلِحَ,ശരിയാക്കപ്പെട്ടു
Was photographed,صُوِّرَ,ചിത്രീകരിക്കപ്പെട്ടു
Was published,صُودِرَ,പ്രസിദ്ധീകരിക്കപ്പെട്ടു
Was manufactured,صُنِعَ,നിർമ്മിക്കപ്പെട്ടു
Struck (with hand),صَفَعَ,കൈകൊണ്ട് അടിച്ചു
Used (a tool),اِسْتَخْدَمَ,ഉപയോഗിച്ചു
Was heard,سُمِعَ,കേൾക്കപ്പെട്ടു
Light,ضَوْء,പ്രകാശം
Guest,ضَيْف,അതിഥി
Side/Bank,ضِفَّة,വശം/തീരം
Damage/Harm,ضَرَر,നാശം/ദ്രോഹം
Necessity,ضَرُورَة,അത്യാവശ്യം
Guarantee/Pledge,ضَمَان,ഉറപ്പ്/പണയം
Opposite,ضِدّ,വിപരീതം
Laughter,ضَحْك,ചിരി
Officer/Warrant Officer,ضَابِط,ഓഫീസർ/ഉദ്യോഗസ്ഥൻ
Pressure/Squeeze,ضَغْط,സമ്മർദ്ദം/ഞെരുക്കം
Back (of body),ظَهْر,പുറം
Conscience,ضَمِير,മനസ്സാക്ഷി
Darkness,ظُلْمَة,ഇരുട്ട്
Tax/Levy,ضَرِيبَة,നികുതി
Sacrifice,تَضْحِيَة,ബലി
A wound/Injury,جُرْح,ഒരു മുറിവ്
A guarantee,ضَمَانَة,ഒരു ഉറപ്പ്
A crowd,زِحَام,ഒരു കൂട്ടം
A sound,صَوْت,ഒരു ശബ്ദം
A victim,ضَحِيَّة,ഒരു ഇര
The narrowness,ضِيق,ഇടുക്കം
A strike/Hit,ضَرْبَة,ഒരു അടി
A frog,ضِفْدَع,ഒരു തവള
An error/Misunderstanding,خَطَأ,ഒരു പിഴവ്
A crisis,أَزْمَة,ഒരു പ്രതിസന്ധി
The abdomen,بَطْن,വയറ്
A weak person,ضَعِيف,ഒരു ദുർബലൻ
The opposite/Adversary,خَصْم,എതിരാളി
A hit/Blow,لَكْمَة,ഒരു പ്രഹരം
The truth,حَقِيقَة,സത്യം
A part/Portion,جُزْء,ഒരു ഭാഗം
A sacrifice,ذَبِيحَة,ഒരു ബലി
Rule/Regulation,قَاعِدَة,നിയമം
The limit,حَدّ,അതിര്
Hospitality,ضِيَافَة,ആതിഥേയത്വം
Levy/Tax,رَسْم,ചുങ്കം
A loss,خَسَارَة,ഒരു നഷ്ടം
A weak point,نُقْطَة ضَعْف,ഒരു ദുർബലമായ വശം
Brightness,سُطُوع,തെളിച്ചം
Tension,تَوَتُّر,ടെൻഷൻ
Distress,كَرْب,ദുരിതം
The guests,ضُيُوف,അതിഥികൾ
The sides,أَطْرَاف,വശങ്ങൾ
The consciences,ضَمَائِر,മനസ്സാക്ഷികൾ
Injuries,إِصَابَة,പരിക്കുകൾ
Error/Straying,ضَلَال,വഴിതെറ്റൽ
Multiplication/Hit,ضَرْب,ഗുണനം/അടി
Hit/Struck,ضَرَبَ,അടിച്ചു/പ്രഹരിച്ചു
Lost/Strayed,ضَلَّ,നഷ്ടപ്പെട്ടു/വഴിതെറ്റി
Laughed,ضَحِكَ,ചിരിച്ചു
Forced/Compelled,أَجْبَرَ,നിർബന്ധിച്ചു
Secured/Guaranteed,ضَمِنَ,ഉറപ്പുനൽകി/ജാമ്യം നിന്നു
Pushed/Forced,دَفَعَ,തള്ളി
Harmed/Damaged,ضَرَّ,ദ്രോഹിച്ചു/നാശമുണ്ടാക്കി
Became weak,ضَعُفَ,ദുർബലനായി
Appeared,ظَهَرَ,പ്രത്യക്ഷപ്പെട്ടു
Pressed/Squeezed,ضَغَطَ,അമർത്തി/ഞെക്കി
Sacrificed,ضَحَّى,ബലിയർപ്പിച്ചു
Embraced/Included,ضَمَّ,ആശ്ലേഷിച്ചു/ഉൾപ്പെടുത്തി
Made someone laugh,أَضْحَكَ,ചിരിപ്പിച്ചു
Treated,عَالَجَ,ചികിത്സിച്ചു
Became narrow,ضَاقَ,ഇടുങ്ങി/വിശാലത കുറഞ്ഞു
Opposed,عَارَضَ,എതിർത്തു
Made difficult,صَعَّبَ,പ്രയാസപ്പെടുത്തി
Consolidated/Included,ضَافَ,ഉറപ്പിച്ചു/ചേർത്തു
Accepted,قَبِلَ,സ്വീകരിച്ചു
Came out/Emerged,خَرَجَ,പുറത്തുവന്നു
Doubled,ضَاعَفَ,ഇരട്ടിയാക്കി
Was harmed,تَضَرَّرَ,ദ്രോഹിക്കപ്പെട്ടു
Was pressured,اِنْضَغَطَ,സമ്മർദ്ദത്തിലായി
Was guaranteed,تَضَمَّنَ,ഉറപ്പാക്കപ്പെട്ടു
Wasted/Lost,أَضَاعَ,നഷ്ടപ്പെടുത്തി
Was hit/Struck,ضُرِبَ,അടിക്കപ്പെട്ടു
Got up (morning),أَصْبَحَ,രാവിലെ എഴുന്നേറ്റു
Began/Started,بَدَأَ,തുടങ്ങി
Made someone lost,أَضَلَّ,വഴിതെറ്റിച്ചു
Oppressed/Wronged,ظَلَمَ,പീഡിപ്പിച്ചു
Contained,اِحْتَوَى,ഉൾക്കൊണ്ടു
Was forced,اُضْطُرَّ,നിർബന്ധിക്കപ്പെട്ടു
Joined/Annexed,ضَمَّ,ചേർത്തു/കൈവശപ്പെടുത്തി
Made light,أَضَاءَ,പ്രകാശം നൽകി
Got fat,سَمِنَ,തടിച്ചു
Came as a guest,اِسْتَضَافَ,അതിഥിയായി വന്നു
Felt narrow,تَضَايَقَ,ഇടുക്കം തോന്നി
Included,أَدْرَجَ,ചേർത്തു
Was doubled,تَضَاعَفَ,ഇരട്ടിയായി
Got involved,تَدَخَّلَ,ഇടപെട്ടു
Made an effort,اِجْتَهَدَ,പരിശ്രമിച്ചു
Covered,غَطَّى,മൂടി
Was visible,كَشَفَ,ദൃശ്യമായി
Made a sound,أَصْدَرَ,ശബ്ദമുണ്ടാക്കി
Pasted/Attached,أَلْصَقَ,ഒട്ടിച്ചു
Helped,سَاعَدَ,സഹായിച്ചു
Was sacrificed,قُدِّمَ,ബലിയർപ്പിക്കപ്പെട്ടു
Wished/Desired,تَمَنَّى,ആഗ്രഹിച്ചു
Was given light,أُنِيرَ,പ്രകാശം ലഭിച്ചു
Became expert,تَخَبَّرَ,വിദഗ്ദ്ധനായി
Doctor,طَبِيب,ഡോക്ടർ
Road/Way,طَرِيق,വഴി/പാത
Bird,طَائِر,പക്ഷി
Table,طَاوِلَة,മേശ
Food/Meal,طَعَام,ഭക്ഷണം
Sky,سَمَاء,ആകാശം
Student,طَالِب,വിദ്യാർത്ഥി
Layer/Floor,طَابَق,നില/അടുക്ക്
Printing/Edition,طِبَاعَة,അച്ചടി/പതിപ്പ്
Nature/Temperament,طَبِيعَة,സ്വഭാവം
Luck/Fortune,حَظّ,ഭാഗ്യം
Plate/Dish,طَبَق,തളിക/പാത്രം
Line/Row,صَفّ,വരി/നിര
Child/Infant,طِفْل,കുഞ്ഞ്
A stamp,طَابَع,ഒരു സ്റ്റാമ്പ്
Medicine,دَوَاء,മരുന്ന്
Air/Weather,طَقْس,വായു/കാലാവസ്ഥ
Energy/Power,طَاقَة,ഊർജ്ജം/ശക്തി
Length,طُول,നീളം
A ring,طَوْق,ഒരു വളയം
Envelope,ظَرْف,കവർ
Cook/Chef,طَبَّاخ,പാചകക്കാരൻ
The surface,سَطْح,ഉപരിതലം
A type/Kind,نَوْع,ഒരു തരം
Plane/Aircraft,طَائِرَة,വിമാനം
Purity/Cleanness,نَقَاء,ശുദ്ധി
A blow/Hit,ضَرْبَة,ഒരു പ്രഹരം
Clay/Mud,طِين,കളിമണ്ണ്
A circle,دَائِرَة,ഒരു വൃത്തം
A layer,طَبَقَة,ഒരു പടലം
The sky,سَمَاء,വിണ്ണ്
Horizon,أُفُق,ചക്രവാളം
A method/Style,أُسْلُوب,ഒരു രീതി/ശൈലി
The way,مَسَار,മാർഗ്ഗം
Purity,طُهْر,വിശുദ്ധി
A wish/Desire,أُمْنِيَة,ഒരു ആഗ്രഹം
The sun,شَمْس,സൂര്യൻ
A decision,قَرَار,ഒരു തീരുമാനം
Medicine/Treatment,مُعَالَجَة,ചികിത്സ
A roof,سَقْف,ഒരു മേൽക്കൂര
A path,سَبِيل,ഒരു സഞ്ചാരമാർഗ്ഗം
An edge/Side,طَرَف,ഒരു അറ്റം/വശം
The body,جِسْم,ശരീരം
The middle,وَسَط,മധ്യം
The distance,مَسَافَة,ദൂരം
Birds,طُيُور,പക്ഷികൾ
A long time,زَمَن طَوِيل,ഒരു നീണ്ട സമയം
The periphery,نِطَاق,പരിധി
A piece/Part,جُزْء,ഒരു ഭാഗം
Flew,طَارَ,പറന്നു
Asked/Demanded,طَلَبَ,ചോദിച്ചു/ആവശ്യപ്പെട്ടു
Cooked,طَبَخَ,പാചകം ചെയ്തു
Printed/Published,طَبَعَ,അച്ചടിച്ചു/പ്രസിദ്ധീകരിച്ചു
Ate/Tasted,طَعِمَ,ഭക്ഷിച്ചു/രുചിച്ചു
Obeyed,أَطَاعَ,അനുസരിച്ചു
Reached/Looked out,أَطَلَّ,എത്തി/നോക്കി
Extended/Lasted,أَطَالَ,നീട്ടി/നീണ്ടുനിന്നു
Rose/Appeared,طَلَعَ,ഉയർന്നു/പ്രത്യക്ഷപ്പെട്ടു
Was long,طَالَ,നീളമുള്ളതായിരുന്നു
Freed/Released,أَطْلَقَ,സ്വതന്ത്രമാക്കി
Ascended/Climbed,صَعِدَ,കയറി
Fell/Dropped,سَقَطَ,വീണു
Put out (fire),أَطْفَأَ,അണച്ചു
Stabbed/Pierced,طَعَنَ,കുത്തി
Circumambulated,طَافَ,ചുറ്റിസഞ്ചരിച്ചു
Repudiated (divorced),طَلَّقَ,വിവാഹബന്ധം വേർപെടുത്തി
Was happy/Kind,طَابَ,സന്തോഷവാനായി/ദയയുള്ളവനായി
Gave (a gift),أَعْطَى,നൽകി
Gave (food),أَطْعَمَ,ഭക്ഷണം നൽകി
Made someone fly,طَيَّرَ,പറപ്പിച്ചു
Was finished/Ended,اِنْتَهَى,അവസാനിച്ചു
Began/Started,بَدَأَ,തുടങ്ങി
Hoped/Aspirated,تَطَلَّعَ,പ്രതീക്ഷിച്ചു/ആശിച്ചു
Was natural,تَطَبَّعَ,സ്വാഭാവികമായിരുന്നു
Was purified/Cleaned,طَهَّرَ,ശുദ്ധീകരിക്കപ്പെട്ടു
Washed,غَسَلَ,കഴുകി
Was cancelled,أَلْغَى,റദ്ദാക്കി
Looked (at),نَظَرَ,നോക്കി
Demanded/Requested,اِسْتَطْلَعَ,ആവശ്യപ്പെട്ടു
Could/Was able,اِسْتَطَاعَ,സാധിച്ചു
Felt good,اِسْتَطَابَ,നല്ലതു തോന്നി
Shattered,تَحَطَّمَ,തകർന്നു
Was long/Delayed,أَبْطَأَ,താമസിച്ചു
Followed,تَبِعَ,പിന്തുടർന്നു
Healed/Recovered,شُفِيَ,സുഖം പ്രാപിച്ചു
Wrote,كَتَبَ,എഴുതി
Made someone clean,طَهَّرَ,വൃത്തിയാക്കി
Was obedient,تَطَاوَعَ,അനുസരണയുള്ളവനായി
Was long/Protracted,تَطَاوَلَ,ദീർഘിച്ചു
Was delayed,تَأَخَّرَ,താമസം നേരിട്ടു
Covered/Wrapped,غَلَّفَ,പൊതിഞ്ഞു
Fell (down),سَقَطَ,താഴെ വീണു
Made (clay),طَانَ,ഉണ്ടാക്കി (കളിമണ്ണ്)
Was printed,طُبِعَ,അച്ചടിക്കപ്പെട്ടു
Was obeyed,أُطِيعَ,അനുസരിക്കപ്പെട്ടു
Was satisfied,رَضِيَ,തൃപ്തനായി
Hoped (for),أَمَلَ,പ്രത്യാശിച്ചു
Reached (maturity),بَلَغَ,പ്രായപൂർത്തിയായി
Was kind/Gentle,لَطُفَ,ദയയുള്ളവനായി
Gazelle,ظَبْي,"മാൻ, കലമാൻ"
Envelope/Container,ظَرْف,"കവർ, പാത്രം"
Shadow/Shade,ظِلّ,"നിഴൽ, തണൽ"
Injustice/Oppression,ظُلْم,"അനീതി, അക്രമം"
Suspicion/Guess,ظَنّ,"ഊഹം, സംശയം"
Noon/Midday,ظُهْر,"ഉച്ചസമയം, മധ്യാഹ്നം"
Appearance/Surface,ظَاهِر,"രൂപം, ഉപരിതലം"
Victory,ظَفَر,"വിജയം, ജയം"
Thirst,ظَمَأ,ദാഹം
Darkness,ظَلَام,ഇരുട്ട്
Back/Rear,ظَهْر,"പുറം, പിൻഭാഗം"
Nail (finger/toe),ظُفْر,നഖം
A Witty Person,ظَرِيف,തമാശക്കാരൻ
Oppressor/Tyrant,ظَالِم,"അക്രമി, സ്വേച്ഛാധിപതി"
Phenomenon,ظَاهِرَة,പ്രതിഭാസം
High Noon/Midday Period,ظَهِيرَة,ഉച്ചനേരം
Supporter/Helper (Name),ظَهِير,സഹായി
Victor (Name),ظَافِر,വിജയി
Female Gazelle (Name),ظَبْيَة,പെൺ മാൻ
Witty/Elegant (Female Name),ظَرِيفَة,മനോഹരിയായവൾ
The Thirsty One,ظَمْآن,ദാഹിക്കുന്നവൻ
A Place Name,ظَفَار,ഒരു സ്ഥലപ്പേര്
Gloom/Deep Darkness,ظُلْمَة,"മങ്ങൽ, കനത്ത ഇരുട്ട്"
The Wet Nurse,ظِئْر,പാലൂട്ടുന്ന സ്ത്രീ
Molar Tooth,ظِرْس,അണപ്പല്ല്
Conjectural,ظَنِّيّ,ഊഹപരമായത്
External/Superficial,ظَاهِرِيّ,ബാഹ്യമായത്
Shadowiness,ظِلَالَة,"നിഴൽ, തണൽ"
Circumstances (Plural),ظُرُوف,സാഹചര്യങ്ങൾ
Assumptions (Plural),ظُنُون,"ഊഹങ്ങൾ, സംശയങ്ങൾ"
Gazelles (Plural),ظِبَاء,കലമാനുകൾ
Deep Darkness (Plural),ظُلُمَات,അന്ധകാരങ്ങൾ
A Type of Fragrant Flower,ظَيَّان,സുഗന്ധമുള്ള പൂവ്
Manifestation/Visibility,ظُهُور,"പ്രകടനം, ദൃശ്യത"
An Unjust Action,ظُلَامَة,അനീതിപരമായ പ്രവർത്തനം
Darkening/Obscure,ظَلَامِيّ,ഇരുണ്ടത്
Thirsty (Female),ظَمْأَى,ദാഹിക്കുന്നവൾ
The Shining One (Name),ظَهْرَان,തിളക്കമുള്ളത്
Shadows (Plural),ظِلَال,നിഴലുകൾ
One Instance of Thirst,ظَمْأَة,ഒറ്റത്തവണത്തെ ദാഹം
One Gazelle,ظَبْيَة,ഒരു കലമാൻ
One Oppressor,ظَالِمَة,ഒരു അക്രമി
Nail (One instance),ظُفْرَة,ഒരു നഖം
The Thirsty Place (Name),ظَمْء,ദാഹമുള്ള സ്ഥലം
The Outer Layer,ظَاهِرَة,പുറംഭാഗം
An Act of Elegance,ظَرْفِيَّة,ഭംഗിയുള്ള പ്രവൃത്തി
One who sees (Fig.),ظُنَيْن,കാണുന്നവൻ
Male Supporter (Name),ظُهَار,സഹായി
A High Place (Fig.),ظُهْرَة,ഉയർന്ന സ്ഥലം
The One Who Wins (Name),ظَافِرَة,വിജയിക്കുന്നവൻ
Appeared/Emerged,ظَهَرَ,"പ്രത്യക്ഷപ്പെടുക, ഉയർന്നു വരിക"
Assumed/Thought,ظَنَّ,"ഊഹിക്കുക, വിചാരിക്കുക"
Triumphed/Won,ظَفِرَ,"വിജയിക്കുക, ജയിക്കുക"
Oppressed/Wronged,ظَلَمَ,"അക്രമം കാണിക്കുക, അനീതി ചെയ്യുക"
Observed/Looked at,لَحَظَ,"നിരീക്ഷിക്കുക, ശ്രദ്ധിക്കുക"
Organized/Arranged,نَظَّمَ,"സംഘടിപ്പിക്കുക, ക്രമീകരിക്കുക"
Cleaned,نَظَّفَ,വൃത്തിയാക്കുക
Conserved/Preserved,حَفِظَ,"സംരക്ഷിക്കുക, സൂക്ഷിക്കുക"
Uttered/Pronounced,لَفَظَ,"ഉച്ചരിക്കുക, മൊഴിയുക"
Woke up/Arose,اِسْتَيْقَظَ,"ഉണരുക, എഴുന്നേൽക്കുക"
Made to appear,أَظْهَرَ,പ്രത്യക്ഷപ്പെടുത്തുക
Complained of injustice,تَظَلَّمَ,അനീതിയെക്കുറിച്ച് പരാതിപ്പെടുക
Pretended to be witty,تَظَرَّفَ,വിനോദക്കാരനായി നടിക്കുക
Became thirsty,ظَمِئَ,ദാഹിക്കുക
Considered/Viewed,نَظَرَ,"പരിഗണിക്കുക, വീക്ഷിക്കുക"
Looked/Gazed (at),لَاحَظَ,തുറിച്ചുനോക്കുക
Protected,حَاظَ,സംരക്ഷണം നൽകുക
Made an assumption,تَظَنَّنَ,ഊഹം ഉണ്ടാക്കുക
Became victorious,تَظَافَرَ,ജേതാവാകുക
Was oppressed,اُنْظُلِمَ,അടിച്ചമർത്തപ്പെടുക
Made an announcement,إِظْهَار,പ്രഖ്യാപനം നടത്തുക
Cleaned (Intensely),اِسْتَنْظَفَ,നന്നായി വൃത്തിയാക്കുക
Was distinguished,تَمَيَّزَ,വേറിട്ടു നിൽക്കുക
Gave protection/Shade,أَظَلَّ,തണൽ നൽകുക
Gained (Victory/Success),اِسْتَظْفَرَ,വിജയം നേടുക
Was elegant/Witty,ظَرُفَ,മനോഹരമാകുക
Went at noon,ظَهَّرَ,ഉച്ചയ്ക്ക് പോവുക
Was unjust (Made self),اِظَّلَمَ,സ്വയം അനീതി ചെയ്യുക
Made to be thirsty,أَظْمَأَ,ദാഹമുള്ളവനാക്കുക
Organized (Mutual),تَنَاظَمَ,പരസ്പരം സംഘടന ചെയ്യുക
Showed/Demonstrated,اِسْتَظْهَرَ,"കാണിക്കുക, തെളിയിക്കുക"
Remembered/Memorized,حَفَّظَ,"ഓർക്കുക, മനഃപാഠമാക്കുക"
Asked for protection,اِسْتِظْلَال,സംരക്ഷണം ആവശ്യപ്പെടുക
Taught to pronounce,لَفَّظَ,ഉച്ചരിക്കാൻ പഠിപ്പിക്കുക
Became apparent,تَظَاهَرَ,വ്യക്തമാകുക
Shaded/Overshadowed,ظَلَّلَ,"തണലിടുക, മറയ്ക്കുക"
Became oppressed,اِظْطَلَمَ,പീഡിതനാകുക
Acted wittily,اِظْطَرَفَ,വിവേകത്തോടെ പെരുമാറുക
Was (Under) a shadow,اِظْطَلَّ,തണലിലായിരിക്കുക
Was seen/Viewed,نُظِرَ,"കാണപ്പെടുക, വീക്ഷിക്കപ്പെടുക"
Was cleaned,نُظِّفَ,വൃത്തിയാക്കപ്പെടുക
Was organized,نُظِّمَ,സംഘടിപ്പിക്കപ്പെടുക
Oppressed (Mutual),تَظَالَمَ,പരസ്പരം അക്രമിക്കുക
Helped/Aided,ظَاهَرَ,"സഹായിക്കുക, തുണയ്ക്കുക"
Was assisted (Mutual),تَظَاهَرَ,പരസ്പരം സഹായിക്കുക
Made it appear,أَظْهَرَ,അത് പ്രത്യക്ഷപ്പെടുത്തുക
Was forced to be thirsty,اِسْتَظْمَأَ,ദാഹിപ്പിക്കുക
Gave a lot of shade,اِسْتَظَلَّ,ധാരാളം തണൽ നൽകുക
Remembered/Recalled,ذَكَّرَ,"ഓർമ്മിപ്പിക്കുക, തിരിച്ചുവിളിക്കുക"
Sought protection,اِسْتَحْفَظَ,സംരക്ഷണം തേടുക
Knowledge/Science,عِلْم,"അറിവ്, ശാസ്ത്രം"
Justice,عَدْل,"നീതി, ന്യായം"
Mind/Intellect,عَقْل,"മനസ്സ്, ബുദ്ധി"
Work/Action,عَمَل,"ജോലി, പ്രവർത്തനം"
Flag/Banner,عَلَم,"പതാക, കൊടി"
World/Universe,عَالَم,"ലോകം, പ്രപഞ്ചം"
Return/Comeback,عَوْدَة,"മടക്കം, തിരിച്ചുവരവ്"
Eye/Spring,عَيْن,"കണ്ണ്, നീരുറവ"
Life/Age,عُمْر,"ജീവിതം, പ്രായം"
Custom/Habit,عَادَة,"ആചാരം, ശീലം"
Penalty/Punishment,عِقَاب,"ശിക്ഷ, പ്രതിഫലം"
Wedding/Feast,عُرْس,"വിവാഹം, വിരുന്ന്"
Love/Affection,عِشْق,"സ്നേഹം, വാത്സല്യം"
Difficulty/Hardship,عُسْر,"ബുദ്ധിമുട്ട്, പ്രയാസം"
Muscle,عَضَلَة,പേശി
Ten,عَشْرَة,പത്ത്
Greatness/Glory,عَظَمَة,"മഹത്വം, പ്രതാപം"
Bone,عَظْم,അസ്ഥി
Contract/Covenant,عَقْد,"കരാർ, ഉടമ്പടി"
Consequence/End,عَاقِبَة,"ഫലം, അവസാനം"
Arab/Arabic (person),عَرَبِيّ,അറബി (വ്യക്തി)
Throne,عَرْش,സിംഹാസനം
Gift/Donation,عَطَاء,"സമ്മാനം, ദാനം"
Perfume/Aroma,عِطْر,"സുഗന്ധം, മണം"
Illness/Defect,عِلَّة,"രോഗം, അസുഖം"
Elevation/Height,عُلُوّ,"ഉയരം, ഔന്നത്യം"
Family/Household,عَائِلَة,"കുടുംബം, ഗൃഹനാഥൻ"
Capital (city),عَاصِمَة,തലസ്ഥാനം
Fodder/Straw,عَلَف,"കാലിത്തീറ്റ, വൈക്കോൽ"
Sparrow/Small bird,عُصْفُور,കുരുവി
Anger/Rage,غَضَب,"കോപം, ദേഷ്യം"
Pillar/Column,عَمُود,"തൂൺ, സ്തംഭം"
Habits (Plural),عَادَات,"ശീലങ്ങൾ, ആചാരങ്ങൾ"
Gifts (Plural),عَطَايَا,"സമ്മാനങ്ങൾ, ദാനങ്ങൾ"
Wisdom/Preaching,عِظَة,"ഉപദേശം, വിവേകം"
Lesson/Moral,عِبْرَة,"പാഠം, സന്ദേശം"
Passage/Crossing,عُبُور,"കടന്നുപോക്ക്, യാത്ര"
Servant/Worshipper,عَبْد,"ഭൃത്യൻ, ആരാധകൻ"
Bridge,جِسْر,പാലം
Dust/Dirt,تُرَاب,"പൊടി, അഴുക്ക്"
Aromatic plant,عُطْرِيَّة,സുഗന്ധമുള്ള സസ്യം
Purity/Virginity,عِفَّة,"കന്യകാത്വം, വിശുദ്ധി"
Embrace/Hug,عِنَاق,ആലിംഗനം
Grapes,عِنَب,മുന്തിരി
Title/Address,عُنْوَان,"ശീർഷകം, വിലാസം"
Neck,عُنُق,കഴുത്ത്
Element/Factor,عُنْصُر,"ഘടകം, കാരണം"
Promise/Appointment,وَعْد,"വാഗ്ദാനം, കൂടിക്കാഴ്ച"
Force/Violence,عُنْف,"ബലം, അക്രമം"
An era/A period of time,عَصْر,"ഒരു യുഗം, കാലഘട്ടം"
Knew/Learned,عَلِمَ,"അറിയുക, പഠിക്കുക"
Did/Worked,عَمِلَ,"പ്രവർത്തിക്കുക, ജോലി ചെയ്യുക"
Returned/Came back,عَادَ,"മടങ്ങുക, തിരികെ വരിക"
Worshipped/Served,عَبَدَ,"ആരാധിക്കുക, സേവിക്കുക"
Crossed/Passed,عَبَرَ,"കടന്നുപോവുക, മറികടക്കുക"
Gave/Bestowed,أَعْطَى,"നൽകുക, ദാനം ചെയ്യുക"
Lived/Survived,عَاشَ,"ജീവിക്കുക, നിലനിൽക്കുക"
Punished/Penalized,عَاقَبَ,"ശിക്ഷിക്കുക, ദണ്ഡിക്കുക"
Treated/Handled,عَامَلَ,"കൈകാര്യം ചെയ്യുക, പെരുമാറുക"
Ascended/Rose,عَلَا,"ഉയരുക, മുകളിലേക്ക് കയറുക"
Broke/Smashed,عَطَبَ,"തകർക്കുക, ഉടയ്ക്കുക"
Suffered/Was difficult,عَسُرَ,"കഷ്ടപ്പെടുക, ബുദ്ധിമുട്ടാവുക"
Connected/Linked,عَلَّقَ,"ബന്ധിപ്പിക്കുക, കൂട്ടിച്ചേർക്കുക"
Filled/Packed,عَبَّأَ,"നിറയ്ക്കുക, പായ്ക്ക് ചെയ്യുക"
Wished/Desired,عَاوَزَ,"ആഗ്രഹിക്കുക, അഭിലഷിക്കുക"
Helped/Assisted,عَاوَنَ,"സഹായിക്കുക, തുണയ്ക്കുക"
Protected/Guarded,عَصَمَ,"സംരക്ഷിക്കുക, കാത്തുസൂക്ഷിക്കുക"
Wandered/Roved,عَاثَ,"അലഞ്ഞുതിരിയുക, ചുറ്റിക്കറങ്ങുക"
Embraced/Hugged,عَانَقَ,"ആലിംഗനം ചെയ്യുക, കെട്ടിപ്പിടിക്കുക"
Counted/Considered,عَدَّ,"എണ്ണുക, പരിഗണിക്കുക"
Apologized/Excused,اِعْتَذَرَ,"ക്ഷമ ചോദിക്കുക, ഒഴിവ് പറയുക"
Relied on/Depended on,اِعْتَمَدَ,"ആശ്രയിക്കുക, വിശ്വസിക്കുക"
Confessed/Admitted,اِعْتَرَفَ,"സമ്മതിക്കുക, ഏറ്റുപറയുക"
Opposed/Objected,اِعْتَرَضَ,"എതിർക്കുക, വിയോജിക്കുക"
Cared for/Attended to,اِعْتَنَى,"ശ്രദ്ധിക്കുക, പരിപാലിക്കുക"
Taught/Instructed,عَلَّمَ,"പഠിപ്പിക്കുക, ഉപദേശിക്കുക"
Agreed/Contracted,عَاقَدَ,"സമ്മതിക്കുക, കരാറിലെത്തുക"
Pleased/Satisfied,أَعْجَبَ,"സന്തോഷിപ്പിക്കുക, തൃപ്തിപ്പെടുത്തുക"
Was great/Magnificent,عَظُمَ,"മഹത്തരമാവുക, വലുതാവുക"
Isolated/Separated,عَزَلَ,"ഒറ്റപ്പെടുത്തുക, വേർതിരിക്കുക"
Failed/Was incapable,عَجَزَ,"പരാജയപ്പെടുക, കഴിവില്ലാതാവുക"
Accelerated/Hurried,عَجَّلَ,"വേഗത്തിലാക്കുക, ധൃതി കാണിക്കുക"
Was sick/Ill,عَلَّ,"രോഗിയാവുക, അസുഖം ബാധിക്കുക"
Appointed/Designated,عَيَّنَ,"നിയമിക്കുക, ചുമതലപ്പെടുത്തുക"
Chewed/Masticated,عَلَكَ,ചവയ്ക്കുക
Blamed/Reproached,عَاتَبَ,"കുറ്റപ്പെടുത്തുക, ആക്ഷേപിക്കുക"
Stumbled/Tripped,عَثَرَ,"ഇടറുക, തട്ടിവീഴുക"
Invited,عَزَمَ,ക്ഷണിക്കുക
Compensated/Replaced,عَوَّضَ,"നഷ്ടപരിഹാരം നൽകുക, പകരമാവുക"
Wailed/Howled,عَوَّلَ,"നിലവിളിക്കുക, അലറുക"
Floated/Rose up,عَامَ,"ഒഴുകിനടക്കുക, പൊങ്ങുക"
Cut off/Severed,عَضَدَ,"മുറിച്ചുമാറ്റുക, വേർപെടുത്തുക"
Assigned/Distributed,عَزَا,"പങ്കുവെക്കുക, വിതരണം ചെയ്യുക"
Shook/Trembled,اِرْتَعَشَ,"കുലുങ്ങുക, വിറയ്ക്കുക"
Escaped/Fled,عَدَا,"രക്ഷപ്പെടുക, ഓടിപ്പോവുക"
Was sweet/Delicious,عَذُبَ,"മധുരമാവുക, രുചികരമാവുക"
Prepared/Equipped,أَعَدَّ,"തയ്യാറെടുക്കുക, സജ്ജമാക്കുക"
Finished/Concluded,أَتْمَمَ,"പൂർത്തിയാക്കുക, അവസാനിപ്പിക്കുക"
Caused/Resulted in,أَسْفَرَ,"കാരണമാവുക, ഫലമാവുക"
Felt/Experienced,أَحَسَّ,"അനുഭവിക്കുക, തോന്നുക"
Cloud,غَيْم,മേഘം
Anger/Rage,غَضَب,"കോപം, ദേഷ്യം"
Forest/Thicket,غَابَة,"കാട്, കുറ്റിക്കാട്"
Intrusion/Raid,غَارَة,"അതിക്രമം, ആക്രമണം"
Stranger/Foreigner,غَرِيب,"അപരിചിതൻ, വിദേശി"
Purpose/Goal,غَرَض,"ഉദ്ദേശ്യം, ലക്ഷ്യം"
Concealment/Secrecy,غَيْب,"ഒളിപ്പിക്കൽ, രഹസ്യം"
Mistake/Error,غَلَط,"തെറ്റ്, അബദ്ധം"
Richness/Wealth,غِنَى,"സമ്പന്നത, ധനം"
Food/Meal,غِذَاء,"ഭക്ഷണം, ആഹാരം"
Fodder/Forage,غَلّ,"കാലിത്തീറ്റ, പുല്ല്"
Dawn/Early morning,غَسَق,"പ്രഭാതം, അതിരാവിലെ"
Gas,غَاز,വാതകം
Ghoul/Demon,غُول,"ഭൂതം, പിശാച്"
Vapor/Steam,غَمَام,നീരാവി
غزوة (Raid/Battle),غَزْوَة,"ആക്രമണം, യുദ്ധം"
Youth/Boy,غُلَام,"ബാലൻ, യുവാവ്"
Cover/Sheath,غِلَاف,"പുറംചട്ട, ഉറ"
Singing,غِنَاء,"ഗാനം, പാട്ട്"
Rain/Downpour,غَيْث,"മഴ, പെരുമഴ"
Forgiveness,غُفْرَان,"ക്ഷമ, മാപ്പ്"
Spinning/Yarn,غَزْل,"നൂൽനൂൽപ്പ്, നൂൽ"
Deceit/Fraud,غِشّ,"വഞ്ചന, കള്ളത്തരം"
Grief/Sorrow,غَمّ,"ദുഃഖം, സങ്കടം"
West,غَرْب,പടിഞ്ഞാറ്
Drowning,غَرَق,മുങ്ങിപ്പോവൽ
Sheep/Goats,غَنَم,"ആടുകൾ, ചെമ്മരിയാട്"
Yoke/Shackle,غُلّ,"നുകം, ചങ്ങല"
Boiling,غَلَيَان,തിളയ്ക്കൽ
Jealousy/Zeal,غَيْرَة,"അസൂയ, തീക്ഷ്ണത"
Washing,غَسْل,കഴുകൽ
Wink/Hint,غَمْز,"കണ്ണിറുക്കൽ, സൂചന"
Dust,غُبَار,പൊടി
Darkness/Gloomy place,غَيَاهِب,"ഇരുട്ട്, ഇരുണ്ട സ്ഥലം"
Grief/Affliction,غُمَّة,"ദുരിതം, വിഷമം"
Absence/Backbiting,غَيْبَة,"അസാന്നിദ്ധ്യം, ഏഷണി"
High cost/Expensiveness,غَلَاء,"വിലവർദ്ധനവ്, ചെലവേറിയത്"
Fine/Penalty,غَرْم,"പിഴ, ശിക്ഷ"
Booty/Gains,غَنْم,"കൊള്ളമുതൽ, നേട്ടം"
Crow,غُرَاب,കാക്ക
Gland,غُدَّة,ഗ്രന്ഥി
Female stranger,غَرِيبَة,അപരിചിതയായ സ്ത്രീ
Victor/Winner,غَالِب,"ജേതാവ്, വിജയി"
Jealous/Protective,غَيُور,"അസൂയാലു, സംരക്ഷകൻ"
Small lake/Pond,غَدِير,"ചെറിയ തടാകം, കുളം"
Room/Chamber,غُرْفَة,"മുറി, അറ"
Advantage/Opportunity,غُنْمَة,"അവസരം, മെച്ചം"
Female Gazelle,غَزَالَة,പെൺമാൻ
Betrayal/Treachery,غُلُول,"വഞ്ചന, ചതി"
Thick hair/Bushy,غَفِير,ഇടതൂർന്ന മുടി
Plunged/Dived,غَاصَ,"മുങ്ങുക, താഴുക"
Set (Sun)/Absent,غَابَ,"അസ്തമിക്കുക, അപ്രത്യക്ഷമാവുക"
Invaded/Raided,غَزَا,"ആക്രമിക്കുക, റെയ്ഡ് നടത്തുക"
Washed,غَسَلَ,"കഴുകുക, സ്നാനം ചെയ്യുക"
Covered/Concealed,غَطَّى,"മൂടുക, മറയ്ക്കുക"
Sank/Drowned,غَرِقَ,"മുങ്ങിപ്പോവുക, മുക്കുക"
Was rich/Self-sufficient,غَنِيَ,"സമ്പന്നനാവുക, സ്വയംപര്യാപ്തമാവുക"
Was angry,غَضِبَ,"ദേഷ്യപ്പെടുക, കോപിക്കുക"
Overpowered/Won,غَلَبَ,"കീഴ്പ്പെടുത്തുക, ജയിക്കുക"
Changed/Altered,غَيَّرَ,"മാറ്റുക, വ്യത്യാസം വരുത്തുക"
Made a mistake/Erred,غَلِطَ,"തെറ്റ് ചെയ്യുക, അബദ്ധം പറ്റുക"
Fed/Nourished,غَذَّى,"ഭക്ഷണം നൽകുക, പോറ്റുക"
Spun (Yarn),غَزَلَ,നൂൽ നൂൽക്കുക
Forgave,غَفَرَ,"ക്ഷമിക്കുക, മാപ്പ് നൽകുക"
Cared for/Nurtured,غَرَّزَ,"പരിപാലിക്കുക, ശ്രദ്ധിക്കുക"
Cheated/Deceived,غَشَّ,"വഞ്ചിക്കുക, കബളിപ്പിക്കുക"
Boiled,غَلَى,"തിളപ്പിക്കുക, തിളയ്ക്കുക"
Made a sound/Sang,غَنَّى,"ശബ്ദമുണ്ടാക്കുക, പാടുക"
Set out/Departed,غَدَا,"പുറപ്പെടുക, യാത്രയാവുക"
Winked/Hinted,غَمَزَ,"കണ്ണിറുക്കുക, സൂചന നൽകുക"
Was strange/Foreign,غَرُبَ,"അപരിചിതനാവുക, വിദേശിയാവുക"
Immersed/Submerged,غَمَرَ,"ആഴ്ത്തുക, മുക്കുക"
Closed/Locked,غَلَقَ,"അടയ്ക്കുക, പൂട്ടിയിടുക"
Made a mistake/Sinned,اِسْتَغْفَرَ,"പാപം ചെയ്യുക, തെറ്റ് ചെയ്യുക"
Helped (Cries for help),اِسْتَغَاثَ,സഹായത്തിനായി നിലവിളിക്കുക
Used/Employed,اِسْتَغَلَّ,"ഉപയോഗിക്കുക, പ്രയോജനപ്പെടുത്തുക"
Became angry,تَغَضَّبَ,കോപാകുലനാവുക
Changed (Itself),تَغَيَّرَ,സ്വയം മാറുക
Ignored/Neglected,تَغَافَلَ,"അവഗണിക്കുക, ശ്രദ്ധിക്കാതിരിക്കുക"
Fed (Mutual),تَغَاذَى,പരസ്പരം ഭക്ഷണം നൽകുക
Closed (Mutual),تَغَالَقَ,പരസ്പരം അടയ്ക്കുക
Got rich,اِغْتَنَى,സമ്പന്നനാവുക
Became concealed,اِغْتَابَ,മറഞ്ഞിരിക്കുക
Oppressed/Violated,اِغْتَصَبَ,"അടിച്ചമർത്തുക, ലംഘിക്കുക"
Assisted/Helped,غَاثَ,"സഹായിക്കുക, തുണയ്ക്കുക"
Dipped/Sank,أَغْرَقَ,"മുക്കുക, ആഴ്ത്തുക"
Made rich/Enriched,أَغْنَى,"സമ്പന്നനാക്കുക, ധനം നൽകുക"
Made angry/Provoked,أَغْضَبَ,"കോപിപ്പിക്കുക, പ്രകോപിപ്പിക്കുക"
Put out (Fire)/Extinguished,أَطْفَأَ,"കെടുത്തുക, അണയ്ക്കുക"
Confused/Mixed,غَالَطَ,"ആശയക്കുഴപ്പത്തിലാക്കുക, കൂട്ടിക്കലർത്തുക"
Sank (Made to sink),غَطَسَ,മുങ്ങാൻ കാരണമാവുക
Covered (Itself),تَغَطَّى,സ്വയം മൂടുക
Bathed/Washed self,اِغْتَسَلَ,"കുളിക്കുക, സ്വയം കഴുകുക"
Became intoxicated,غَمِرَ,ലഹരിയിലാവുക
Was absent (Made absent),غَيَّبَ,അസാന്നിധ്യത്തിലായി
Mistreated/Abused,غَالَ,"മോശമായി പെരുമാറുക, ഉപദ്രവിക്കുക"
Became difficult,غَلَبَ,ബുദ്ധിമുട്ടാവുക
Caused to boil,أَغْلَى,തിളപ്പിക്കുക
Spun (Made to spin),غَزَّلَ,നൂൽ നൂൽപ്പിക്കുക
Received a guest/Hosted,غَدَّى,അതിഥിയെ സ്വീകരിക്കുക
Victory/Triumph,فَوْز,"വിജയം, ജയം"
Success,فَلَاح,"വിജയം, ലക്ഷ്യപ്രാപ്തി"
Opening/Conquest,فَتْح,"തുറക്കൽ, വിജയം"
Youth/Young man,فَتَى,"യുവാവ്, ബാലൻ"
Youth/Young woman,فَتَاة,"യുവതി, ബാലിക"
Art/Technique,فَنّ,"കല, വിദ്യ"
Idea/Thought,فِكْرَة,"ആശയം, ചിന്ത"
Separation/ الفصل,فَصْل,"വേർതിരിക്കൽ, വിഭാഗം"
Poverty/Need,فَقْر,"ദാരിദ്ര്യം, ആവശ്യം"
Pride/Boasting,فَخْر,"അഹങ്കാരം, പൊങ്ങച്ചം"
Mouth,فَمّ,വായ
Elephant,فِيل,ആന
Silver,فِضَّة,വെള്ളി
Group/Team,فِرْقَة,"സംഘം, കൂട്ടം"
Opportunity,فُرْصَة,അവസരം
Robe/Dress,فُسْتَان,"വസ്ത്രം, അങ്കി"
Breakfast,فُطُور,പ്രഭാതഭക്ഷണം
Wisdom,فِقْه,"വിവേകം, ജ്ഞാനം"
Category/Class,فِئَة,"വർഗ്ഗം, തരം"
Jaw,فَكّ,താടിയെല്ല്
Space/Gap,فَرَاغ,"ഇടം, വിടവ്"
Bed/Mat,فِرَاش,"കിടക്ക, പായ"
Paradise/Garden,فِرْدَوْس,"പറുദീസ, പൂന്തോട്ടം"
Artist,فَنَّان,കലാകാരൻ
Scholar/Jurist,فَقِيه,"പണ്ഡിതൻ, നിയമജ്ഞൻ"
Chapter/Section,فَصْل,"അദ്ധ്യായം, ഭാഗം"
Spring (Season),فَصْل,വസന്തകാലം
Philosophy,فَلْسَفَة,തത്വശാസ്ത്രം
Farmer/Cultivator,فَلَّاح,"കർഷകൻ, കൃഷിക്കാരൻ"
The Nile,نِيل,നൈൽ നദി
Flower,زَهْرَة,പുഷ്പം
Money/Cash,نَقْد,"പണം, നാണയം"
Branch,فَرْع,ശാഖ
Unique/Individual,فَرْد,"ഒറ്റപ്പെട്ടത്, തനിച്ച്"
Difference/Variety,فَارِق,"വ്യത്യാസം, വൈവിധ്യം"
Joy/Delight,فَرْحَة,"സന്തോഷം, ആനന്ദം"
Shine/Glow,فَتِيْل,"തിളക്കം, പ്രകാശം"
Ribbon/Cord,فَتِيْل,"റിബൺ, ചരട്"
Wick,فَتِيْل,തിരി
Mouthful/ لقمه,فَمّ,"ഒരു ഉരുള, വായ നിറയെ"
Sponge,فُنْجَان,സ്പോഞ്ച്
Cup,فُنْجَان,കപ്പ്
Mouse/Rat,فَأْر,എലി
Face,وَجْه,മുഖം
Tongue/Language,لِسَان,"നാവ്, ഭാഷ"
Ear,أُذُن,ചെവി
Nose,أَنْف,മൂക്ക്
Lip,شَفَة,ചുണ്ട്
Tooth,سِنّ,പല്ല്
Shoulder,كَتِف,തോളെല്ല്
Did/Performed,فَعَلَ,"ചെയ്യുക, നിർവ്വഹിക്കുക"
Opened,فَتَحَ,തുറക്കുക
Won/Succeeded,فَازَ,"വിജയിക്കുക, വിജയം നേടുക"
Understood,فَهِمَ,മനസ്സിലാക്കുക
Separated/Decided,فَصَلَ,"വേർതിരിക്കുക, തീരുമാനിക്കുക"
Lost/Missed,فَقَدَ,"നഷ്ടപ്പെടുക, ഒഴിവാക്കുക"
Failed/Was unsuccessful,فَشِلَ,"പരാജയപ്പെടുക, വിഫലമാവുക"
Was superior/Preferred,فَضَلَ,"മെച്ചപ്പെടുക, ഇഷ്ടപ്പെടുക"
Broke (Fell apart),فَرِقَ,"പൊട്ടുക, തകരുക"
Was happy/Rejoiced,فَرِحَ,"സന്തോഷിക്കുക, ആഹ്ളാദിക്കുക"
Spread/Expanded,فَرَشَ,"പരത്തുക, വ്യാപിപ്പിക്കുക"
Fled/Escaped,فَرَّ,"ഓടിപ്പോവുക, രക്ഷപ്പെടുക"
Divided/Split,فَرَّقَ,"വിഭജിക്കുക, പങ്കിടുക"
Released/Freed,فَكَّ,"വിട്ടയയ്ക്കുക, സ്വതന്ത്രമാക്കുക"
Thought/Reflected,فَكَّرَ,"ചിന്തിക്കുക, ആലോചിക്കുക"
Woke up/Aroused,فَاقَ,"ഉണർത്തുക, ഉണരുക"
Exceeded/Surpassed,فَاقَ,"കവിയുക, അതിശയിക്കുക"
Met/Encountered,قَابَلَ,"കണ്ടുമുട്ടുക, നേർക്ക് വരുക"
Killed/Slew,قَتَلَ,"കൊല്ലുക, വധിക്കുക"
Came/Arrived,قَدِمَ,"വരിക, എത്തുക"
Settled/Decided,قَرَّ,"സ്ഥിരതാമസമാക്കുക, തീർപ്പുകൽപ്പിക്കുക"
Cut/Chopped,قَطَعَ,"മുറിക്കുക, അരിയുക"
Accepted/Received,قَبِلَ,"സ്വീകരിക്കുക, ഏറ്റുവാങ്ങുക"
Threw/Cast,قَذَفَ,"എറിയുക, വലിച്ചെറിയുക"
Measured/Estimated,قَاسَ,"അളക്കുക, കണക്കാക്കുക"
Kissed,قَبَّلَ,ചുംബിക്കുക
Opened (Made to),أَفْتَحَ,തുറപ്പിക്കുക
Benefited/Gained,اِسْتَفَادَ,"പ്രയോജനപ്പെടുക, നേട്ടമുണ്ടാക്കുക"
Understood (Sought to),اِسْتَفْهَمَ,മനസ്സിലാക്കാൻ ശ്രമിക്കുക
Asked/Inquired,اِسْتَفْسَرَ,"ചോദിക്കുക, അന്വേഷിക്കുക"
Broke (Intensely),فَتَّتَ,"തകർക്കുക, ഭേദിക്കുക"
Missed (Gave away),أَفْقَدَ,നഷ്ടപ്പെടുത്തുക
Was proud/Boasted,تَفَاخَرَ,"അഹങ്കരിക്കുക, വീമ്പിളക്കുക"
Separated (Mutual),تَفَاصَلَ,പരസ്പരം വേർപിരിയുക
Was different/Varied,تَفَاوَتَ,"വ്യത്യാസപ്പെടുക, ഭിന്നമാവുക"
Made happy,فَرَّحَ,സന്തോഷിപ്പിക്കുക
Emptied,أَفْرَغَ,കാലിയാക്കുക
Saved/Rescued,اِسْتَنْقَذَ,"രക്ഷിക്കുക, മോചിപ്പിക്കുക"
Wasted/Squandered,أَسْرَفَ,"പാഴാക്കുക, ധൂർത്തടിക്കുക"
Issued (Decree)/Ordered,فَرَضَ,"വിധി പുറപ്പെടുവിക്കുക, കൽപ്പിക്കുക"
Separated (Divided),فَارَقَ,വേർതിരിക്കുക
Escaped (Tried to),تَفَرَّرَ,രക്ഷപ്പെടാൻ ശ്രമിക്കുക
Isolated/Singled out,فَرَدَ,"ഒറ്റപ്പെടുത്തുക, വേർതിരിക്കുക"
Excelled/Surpassed others,تَفَوَّقَ,"മികച്ചുനിൽക്കുക, മറ്റുള്ളവരെ കവിയുക"
Delegated/Entrusted,فَوَّضَ,"ചുമതലപ്പെടുത്തുക, ഭരമേൽപ്പിക്കുക"
Exploded/Burst,اِنْفَجَرَ,"പൊട്ടിത്തെറിക്കുക, പൊട്ടിപ്പുറപ്പെടുക"
Separated (Got separated),اِنْفَصَلَ,വേർപിരിയുക
Was happy (Made to),اِسْتَفْرَحَ,സന്തോഷത്തിലായി
Distributed/Shared,فَوَّزَ,"വിതരണം ചെയ്യുക, പങ്കിടുക"
Interpreted/Explained,فَسَّرَ,"വ്യാഖ്യാനിക്കുക, വിശദീകരിക്കുക"
Moon,قَمَر,ചന്ദ്രൻ
Pen,قَلَم,പേന
Heart,قَلْب,"ഹൃദയം, മനസ്സ്"
Value/Worth,قِيمَة,"വില, മൂല്യം"
Law/Rule,قَانُون,"നിയമം, ചട്ടം"
Story/Tale,قِصَّة,"കഥ, ആഖ്യാനം"
Destiny/Fate,قَدَر,"വിധി, തലയിലെഴുത്ത്"
Base/Bottom,قَاع,"അടിത്തറ, താഴെ"
Power/Ability,قُوَّة,"ശക്തി, കഴിവ്"
Age/Time,قَرْن,"നൂറ്റാണ്ട്, സമയം"
Debt/Loan,قَرْض,"കടം, വായ്പ"
Palace/Castle,قَصْر,"കൊട്ടാരം, കോട്ട"
Purity/Clarity,نَقَاء,"പരിശുദ്ധി, വ്യക്തത"
Decision/Resolution,قَرَار,"തീരുമാനം, നിശ്ചയം"
Relative/Kinsman,قَرِيب,"ബന്ധു, കുടുംബാംഗം"
Portion/Share,قِسْمَة,"ഭാഗം, ഓഹരി"
Jump/Leap,قَفْزَة,"ചാട്ടം, കുതിപ്പ്"
Cage/Trap,قَفَص,"കൂട്, കെണി"
Weight,وَزْن,"ഭാരം, തൂക്കം"
Pillar/Foundation,قَاعِدَة,"തൂൺ, അടിസ്ഥാനം"
Agreement/Contract,عَقْد,"ഉടമ്പടി, കരാർ"
Cemetery/Graveyard,قَبْر,"ശ്മശാനം, ഖബറിടം"
Tribesman/Nomad,قَبِيلَة,"ഗോത്രക്കാരൻ, നാടോടി"
Foot/Leg,قَدَم,"കാൽ, പാദം"
Small amount/Little,قِلَّة,"കുറഞ്ഞ അളവ്, അല്പം"
Food/Livelihood,قُوت,"ഭക്ഷണം, ഉപജീവനം"
Cotton,قُطْن,പഞ്ഞി
Pole/Axis,قُطْب,"ധ്രുവം, അച്ചുതണ്ട്"
District/Sector,قِطَاع,"ജില്ല, വിഭാഗം"
Piece/Slice,قِطْعَة,"കഷ്ണം, ഭാഗം"
Lid/Cover,غِطَاء,"അടപ്പ്, മൂടി"
Nearness/Proximity,قُرْب,"അടുപ്പം, സമീപം"
Loan/Borrowing,اِقْتِرَاض,"വായ്പയെടുക്കൽ, കടമെടുക്കൽ"
Comparison,مُقَارَنَة,താരതമ്യം
Measurement,قِيَاس,അളവ്
Leader/Commander,قَائِد,"നേതാവ്, സൈന്യാധിപൻ"
Judge/Ruler,قَاضِي,"ന്യായാധിപൻ, ഭരണാധികാരി"
Reader/Reciter,قَارِئ,"വായനക്കാരൻ, പാരായണം ചെയ്യുന്നവൻ"
Island,جَزِيرَة,ദ്വീപ്
Tunnel,نَفَق,തുരങ്കം
Small boat/Ship,قَارِب,"ചെറിയ കപ്പൽ, വഞ്ചി"
Channel/Canal,قَنَاة,"ചാനൽ, കനാൽ"
Hat/Cap,قُبَّعَة,തൊപ്പി
Lock,قُفْل,പൂട്ട്
Container/Bottle,قَارُورَة,"പാത്രം, കുപ്പി"
Limit/Boundary,قَصْوَى,"പരിധി, അതിര്"
Oath/Promise,قَسَم,"സത്യം, പ്രതിജ്ഞ"
Hardness/Cruelty,قَسَاوَة,"കാഠിന്യം, ക്രൂരത"
Cousin (Female),قَرِيبَة,കസിൻ (പെൺ)
Small cup/Bowl,قَدَح,"ചെറിയ കപ്പ്, പാത്രം"
Said/Spoke,قَالَ,"പറയുക, സംസാരിക്കുക"
Stood/Rose,قَامَ,"എഴുന്നേൽക്കുക, നിൽക്കുക"
Killed,قَتَلَ,"കൊല്ലുക, വധിക്കുക"
Came/Arrived,قَدِمَ,"വരിക, എത്തിച്ചേരുക"
Cut/Severed,قَطَعَ,"മുറിക്കുക, ഛേദിക്കുക"
Accepted/Received,قَبِلَ,"സ്വീകരിക്കുക, ഏറ്റെടുക്കുക"
Measured/Compared,قَاسَ,"അളക്കുക, താരതമ്യം ചെയ്യുക"
Threw/Cast,قَذَفَ,"എറിയുക, വലിച്ചെറിയുക"
Kissed,قَبَّلَ,ചുംബിക്കുക
Decided/Resolved,قَرَّرَ,"തീരുമാനമെടുക്കുക, നിശ്ചയിക്കുക"
Read/Recited,قَرَأَ,"വായിക്കുക, പാരായണം ചെയ്യുക"
Lived/Resided,أَقَامَ,"താമസിക്കുക, ജീവിക്കുക"
Met/Encountered,قَابَلَ,"കണ്ടുമുട്ടുക, അഭിമുഖീകരിക്കുക"
Fought/Battled,قَاتَلَ,"യുദ്ധം ചെയ്യുക, പോരാടുക"
Divided/Shared,قَسَّمَ,"പങ്കിടുക, വിഭജിക്കുക"
Settled/Fixed,قَرَّ,"ഉറപ്പിക്കുക, സ്ഥിരപ്പെടുത്തുക"
Brought near/Approached,قَرَّبَ,"അടുപ്പിക്കുക, സമീപിക്കുക"
Asked/Demanded,اِسْتَقْصَى,"ചോദിക്കുക, ആവശ്യപ്പെടുക"
Borrowed/Took a loan,اِقْتَرَضَ,"കടം വാങ്ങുക, വായ്പയെടുക്കുക"
Followed/Traced,اِقْتَفَى,"പിന്തുടരുക, പിൻപറ്റുക"
Approached (Got near),اِقْتَرَبَ,"അടുത്തുവരിക, സമീപിക്കുക"
Acquired/Earned,اِكْتَسَبَ,"നേടുക, സമ്പാദിക്കുക"
Believed/Trusted,وَثِقَ,"വിശ്വസിക്കുക, ആശ്രയിക്കുക"
Spent/Passed (Time),قَضَى,"ചെലവഴിക്കുക, സമയം പോവുക"
Judged/Ruled,قَضَى,"വിധിക്കുക, ഭരണം നടത്തുക"
Stood (Made to stand),أَقَامَ,"നിർത്തുക, സ്ഥാപിക്കുക"
Acknowledged/Confirmed,أَقَرَّ,"സ്ഥിരീകരിക്കുക, അംഗീകരിക്കുക"
Cut (Made to),قَطَّعَ,മുറിക്കാൻ സഹായിക്കുക
Swore/Took an oath,أَقْسَمَ,"സത്യം ചെയ്യുക, ശപഥമെടുക്കുക"
Was destined/Decided,قُدِّرَ,"വിധിക്കപ്പെടുക, തീരുമാനിക്കപ്പെടുക"
Woke up,اِسْتَيْقَظَ,ഉണരുക
Hated/Disliked,كَرِهَ,"വെറുക്കുക, ഇഷ്ടപ്പെടാതിരിക്കുക"
Became firm/Strong,اِسْتَقَرَّ,"ഉറയ്ക്കുക, ശക്തമാവുക"
Compared (Mutual),تَقَايَسَ,പരസ്പരം താരതമ്യം ചെയ്യുക
Divided (Mutual),تَقَاسَمَ,പരസ്പരം പങ്കിടുക
Approached (Mutual),تَقَارَبَ,പരസ്പരം അടുക്കുക
Got near/Came close,قَرُبَ,അടുത്തുവരിക
Strengthened,قَوَّى,ശക്തിപ്പെടുത്തുക
Limited/Restricted,قَيَّدَ,"പരിമിതപ്പെടുത്തുക, തടസ്സപ്പെടുത്തുക"
Established/Founded,أَسَّسَ,"സ്ഥാപിക്കുക, അടിസ്ഥാനമിടുക"
Turned over/Flipped,قَلَبَ,"മറിച്ചിടുക, തലകീഴാക്കുക"
Cut off/Severed (Intensely),قَطَّعَ,പൂർണ്ണമായും മുറിച്ചുമാറ്റുക
Ended/Finished,أَنْهَى,"അവസാനിപ്പിക്കുക, പൂർത്തിയാക്കുക"
Wore (Garment),لَبِسَ,"ധരിക്കുക, അണിയുക"
Sufficed/Was enough,كَفَى,"മതിയാവുക, പര്യാപ്തമാവുക"
Reached/Attained,بَلَغَ,"എത്തുക, കരഗതമാവുക"
Drained/Squeezed,قَطَّرَ,"ഊറ്റിയെടുക്കുക, പിഴിഞ്ഞെടുക്കുക"
Was dry/Withered,جَفَّ,"ഉണങ്ങുക, വാടുക"
Was short,قَصُرَ,നീളം കുറവായിരിക്കുക
Purified/Refined,نَقَّى,"ശുദ്ധീകരിക്കുക, പരിഷ്കരിക്കുക"
Book,كِتَاب,പുസ്തകം
Dog,كَلْب,നായ
Hand/Palm,كَفّ,"കൈ, കൈപ്പത്തി"
Star/Planet,كَوْكَب,"നക്ഷത്രം, ഗ്രഹം"
Cup/Glass,كَأْس,"കോപ്പ, ഗ്ലാസ്"
Total/Amount,كُلّ,"ആകെ, തുക"
Shoulder,كَتِف,തോളെല്ല്
الكعبة (Kaaba),كَعْبَة,കഅബ (മക്കയിലെ ആരാധനാലയം)
Honor/Generosity,كَرَامَة,"ബഹുമാനം, ഔദാര്യം"
Lie/Falsehood,كَذِب,"നുണ, കള്ളം"
الكفر (Disbelief),كُفْر,"അവിശ്വാസം, നിഷേധം"
Hidden Treasure,كَنْز,"നിധി, ഒളിപ്പിച്ചുവെച്ചത്"
Universe/Cosmos,كَوْن,"പ്രപഞ്ചം, ലോകം"
Words/Speech (Pl.),كَلِمَات,"വാക്കുകൾ, സംസാരം"
Grief/Worry,كَرْب,"ദുഃഖം, വിഷമം"
Chair/Seat,كُرْسِيّ,"കസേര, ഇരിപ്പിടം"
Ball,كُرَة,പന്ത്
Priest/Clergyman,كَاهِن,"പുരോഹിതൻ, മതപുരുഷൻ"
Writer/Clerk,كَاتِب,"എഴുത്തുകാരൻ, ഗുമസ്തൻ"
Large/Great,كَبِير,"വലുത്, മഹത്തായത്"
Small/Little,صَغِير,"ചെറുത്, അല്പം"
Old (Age),شَيْخ,"വയസ്സായ, പഴക്കം ചെന്ന"
Head,رَأْس,തല
Foot,قَدَم,കാൽ
Side/Edge,جَانِب,"ഭാഗം, വശം"
Plate/Dish,طَبَق,"തളിക, പാത്രം"
Vegetable,خُضَار,പച്ചക്കറി
Sheep,كَبْش,ചെമ്മരിയാട്
Liver,كَبِد,കരൾ
Gloves/Mittens,كُفُوف,കൈയ്യുറകൾ
Density/Thickness,كَثَافَة,"കനം, സാന്ദ്രത"
Abundance/Plenty,كَثْرَة,"ധാരാളം, സമൃദ്ധി"
Deficiency/Lack,نَقْص,"കുറവ്, ന്യൂനത"
Weakness,ضَعْف,ബലഹീനത
Planet (Pl.),كَوَاكِب,ഗ്രഹങ്ങൾ
A city in Iraq,كَرْبَلَاء,ഇറാഖിലെ ഒരു നഗരം
Treasure/Hoard,كِنْز,"നിക്ഷേപം, ശേഖരം"
Bride,عَرُوس,മണവാട്ടി
Glass,زُجَاج,"ചില്ല്, കണ്ണാടി"
Perfume,عِطْر,സുഗന്ധദ്രവ്യം
Word,كَلِمَة,വാക്ക്
Honorable/Noble,كَرِيم,"മാന്യൻ, ഉത്തമൻ"
Dishonor,إِهَانَة,"മാനക്കേട്, അപമാനം"
A type of pitcher/Jug,كُوز,"ഒരുതരം കുടം, ഭരണി"
Sack/Bag,كِيْس,"ചാക്ക്, സഞ്ചി"
Sandal,نَعْل,"ചെരിപ്പ്, പാദരക്ഷ"
Shoulder (Pl.),أَكْتَاف,തോളുകൾ
Star (Pl.),نُجُوم,നക്ഷത്രങ്ങൾ
Temple (Forehead),جَبْهَة,നെറ്റിത്തടം
Writing,كِتَابَة,എഴുത്ത്
Was/Existed,كَانَ,"ആയിരിക്കുക, നിലനിൽക്കുക"
Wrote,كَتَبَ,എഴുതുക
Ate,أَكَلَ,കഴിക്കുക
Was big/Great,كَبُرَ,"വലുതാവുക, മഹത്വമുള്ളതാവുക"
Hated/Disliked,كَرِهَ,"വെറുക്കുക, ഇഷ്ടപ്പെടാതിരിക്കുക"
Was generous/Noble,كَرُمَ,"ഔദാര്യമുള്ളവനാവുക, മാന്യനാവുക"
Lied,كَذَبَ,"നുണ പറയുക, കള്ളം പറയുക"
Disbelieved/Denied,كَفَرَ,"അവിശ്വസിക്കുക, നിഷേധിക്കുക"
Sufficed/Was enough,كَفَى,"മതിയാവുക, പര്യാപ്തമാവുക"
Controlled/Curbed,كَفَّ,"നിയന്ത്രിക്കുക, തടയുക"
Gained/Acquired,كَسَبَ,"നേടുക, സ്വന്തമാക്കുക"
Broke,كَسَرَ,"പൊട്ടിക്കുക, തകർക്കുക"
Dressed/Clothed,كَسَا,വസ്ത്രം ധരിപ്പിക്കുക
Repeated/Reiterated,كَرَّرَ,"ആവർത്തിക്കുക, വീണ്ടും പറയുക"
Multiplied/Increased,كَثَّرَ,"വർദ്ധിപ്പിക്കുക, പെരുപ്പിക്കുക"
Magnified/Exaggerated,كَبَّرَ,"വലുതാക്കി കാണിക്കുക, അതിശയോക്തി പറയുക"
Honored/Respected,كَرَّمَ,"ആദരിക്കുക, ബഹുമാനിക്കുക"
Learned/Acquired,اِكْتَسَبَ,"പഠിക്കുക, നേടുക"
Discovered/Invented,اِكْتَشَفَ,"കണ്ടെത്തുക, കണ്ടുപിടിക്കുക"
Completed/Finished,أَكْمَلَ,"പൂർത്തിയാക്കുക, അവസാനിപ്പിക്കുക"
Ate (Made to),أَكَلَ,കഴിപ്പിക്കുക
Was sad/Gloomy,كَمَدَ,"ദുഃഖിതനാവുക, വിഷാദത്തിലാവുക"
Sufficed (Made to),أَكْفَى,മതിയാക്കുക
Covered/Concealed,كَفَنَ,"മൂടുക, ഒളിച്ചു വയ്ക്കുക"
Held back/Restrained,كَظَمَ,"പിടിച്ചുനിർത്തുക, തടയുക"
Was complete/Perfect,كَمُلَ,"പൂർണ്ണമാവുക, കുറ്റമറ്റതാവുക"
To be like/Resemble,كَادَ,"പോലെയാവുക, സാദൃശ്യപ്പെടുക"
Wound/Curled,كَوَّرَ,"ചുറ്റുക, വളയ്ക്കുക"
Planned/Plotted,كَادَ,"ആസൂത്രണം ചെയ്യുക, ഗൂഢാലോചന നടത്തുക"
To accumulate/Heap up,كَوَّمَ,"കൂമ്പാരമാക്കുക, ശേഖരിക്കുക"
Was broken,اِنْكَسَرَ,"തകരുക, പൊട്ടുക"
Was discovered,اُنْكُشِفَ,കണ്ടെത്തപ്പെടുക
Consulted (Mutual),تَشَاوَرَ,പരസ്പരം ആലോചിക്കുക
Grew weary/Tired,كَلَّ,"ക്ഷീണിക്കുക, തളരുക"
To be numerous,كَثُرَ,ധാരാളമാവുക
To suffer loss,خَسِرَ,നഷ്ടം സഹിക്കുക
To be silent,صَمَتَ,നിശ്ശബ്ദനാവുക
To pour/Spill,صَبَّ,"ഒഴിക്കുക, തുളുമ്പുക"
To hold/Grip,أَمْسَكَ,"പിടിക്കുക, മുറുക്കിപ്പിടിക്കുക"
To guarantee/Ensure,كَفَلَ,"ഉറപ്പുനൽകുക, ജാമ്യം നിൽക്കുക"
To be contained/Hold,اِحْتَوَى,"ഉൾക്കൊള്ളുക, വഹിക്കുക"
To be sufficient,اِكْتَفَى,മതിയാവുക
To force/Compel,أَكْرَهَ,"നിർബന്ധിക്കുക, പ്രേരിപ്പിക്കുക"
To write (Made to),كَتَّبَ,എഴുതിപ്പിക്കുക
To be tired (Made to),كَلَّلَ,ക്ഷീണിപ്പിക്കുക
To be covered (Itself),تَكَفَّنَ,സ്വയം മൂടുക
To be magnified,تَكَبَّرَ,വലുതാക്കപ്പെടുക
To strive/Struggle,كَادَحَ,"പരിശ്രമിക്കുക, പോരാടുക"
To be repeated,تَكَرَّرَ,ആവർത്തിക്കപ്പെടുക
To be complete,اِسْتَكْمَلَ,പൂർണ്ണമാവുക
Night,لَيْل,രാത്രി
Language/Tongue,لِسَان,"ഭാഷ, നാവ്"
Color,لَوْن,നിറം
Pearl/Jewel,لُؤْلُؤَة,"മുത്ത്, രത്നം"
Game/Play,لُعْبَة,"കളി, വിനോദം"
Meat/Flesh,لَحْم,"മാംസം, ഇറച്ചി"
Moment/Glimpse,لَحْظَة,"നിമിഷം, ഒരല്പം"
Need/Necessity,لُزُوم,"ആവശ്യം, അനിവാര്യത"
Gentleness/Softness,لُطْف,"സൗമ്യത, മൃദുത്വം"
Refuge/Shelter,لِجَأ,"അഭയം, സങ്കേതം"
Union/Meeting,لِقَاء,"കൂടിച്ചേരൽ, സമാഗമം"
Thief,لِصّ,"കള്ളൻ, മോഷ്ടാവ്"
Toy,لُعْبَة,കളിപ്പാട്ടം
Wound,لَسْعَة,"മുറിവ്, പരിക്ക്"
Enjoyment/Pleasure,لَذَّة,"ആസ്വാദനം, സന്തോഷം"
Laughter/Fun,لَهْو,"ചിരി, തമാശ"
Pillar/Column,لَبِنَة,"തൂൺ, നെടുംതൂൺ"
Curse/Damnation,لَعْنَة,"ശാപം, നിന്ദ"
Tongues/Languages (Pl.),أَلْسُن,"നാവുകൾ, ഭാഷകൾ"
Colors (Pl.),أَلْوَان,നിറങ്ങൾ
Nights (Pl.),لَيَالِي,രാത്രികൾ
Shelter/Refuge (Pl.),مَلَاجِئ,അഭയസ്ഥാനങ്ങൾ
Joy/Pleasure (Pl.),لَذَّات,"സന്തോഷങ്ങൾ, ആനന്ദങ്ങൾ"
Softness (Pl.),لَطَائِف,മൃദുത്വങ്ങൾ
Union/Connection,لِحَام,"ബന്ധം, ചേർച്ച"
Pledge/Promise,لَهْف,"വാഗ്ദാനം, പ്രതിജ്ഞ"
Enigma/Riddle,لُغْز,"കടങ്കഥ, പ്രഹേളിക"
Flaw/Defect,لُغْف,"കുറവ്, ന്യൂനത"
Lust/Desire,لَهْفَة,"മോഹം, ആഗ്രഹം"
Beard,لِحْيَة,താടി
Milk,لَبَن,പാൽ
Brilliant/Shining,لَمَعَان,"തിളക്കം, ശോഭ"
Limit/Boundary,حَدّ,"പരിധി, അതിര്"
Face/Aspect,وَجْه,"മുഖം, ഭാവം"
Door,بَاب,വാതിൽ
Key,مِفْتَاح,താക്കോൽ
Wall,جِدَار,മതിൽ
Cloud,سَحَاب,മേഘം
Stone/Rock,حَجَر,"കല്ല്, പാറ"
Gold,ذَهَب,സ്വർണ്ണം
Silver,فِضَّة,വെള്ളി
A type of stone/Marble,لَوْح,"ഒരുതരം കല്ല്, മാർബിൾ"
Tablet/Board,لَوْح,"പലക, ബോർഡ്"
Language (Pl.),لَهْجَات,ഭാഷാഭേദങ്ങൾ
Glue/Adhesive,لِصَاق,പശ
Morsel/Bite,لُقْمَة,"ഒരു കഷ്ണം, ഉരുള"
Find/Discovery,لَقْوَة,കണ്ടെത്തൽ
Softness (Adjective used as noun),لَيِّن,മൃദുവായത്
A city in Lebanon,لُبْنَان,ലെബനനിലെ ഒരു നഗരം
The Lebanon,لُبْنَان,ലെബനൻ
Played,لَعِبَ,കളിക്കുക
Met/Encountered,لَقِيَ,"കണ്ടുമുട്ടുക, അഭിമുഖീകരിക്കുക"
Wore (Garment),لَبِسَ,"ധരിക്കുക, അണിയുക"
Cursed,لَعَنَ,"ശപിക്കുക, നിന്ദിക്കുക"
Gathered/Collected,لَمَّ,"ശേഖരിക്കുക, കൂട്ടിച്ചേർക്കുക"
Blamed/Reproached,لَامَ,"കുറ്റപ്പെടുത്തുക, ആക്ഷേപിക്കുക"
Shone/Flashed,لَمَعَ,"തിളങ്ങുക, മിന്നുക"
Stuck/Adhered,لَصِقَ,"ഒട്ടിച്ചേരുക, പറ്റിപ്പിടിക്കുക"
Bit/Stung,لَسَعَ,"കടിക്കുക, കുത്തുക"
Softened/Was gentle,لَانَ,"മൃദുവാക്കുക, സൗമ്യമായിരിക്കുക"
Rolled up/Wrapped,לَفَّ,"ചുരുട്ടുക, പൊതിയുക"
Cancelled/Revoked,لَغَى,"റദ്ദാക്കുക, അസാധുവാക്കുക"
Pasted/Glued,لَصَّقَ,"ഒട്ടിക്കുക, പശ ചേർക്കുക"
Embellished/Adorned,لَطَّفَ,"അലങ്കരിക്കുക, ഭംഗിയാക്കുക"
Met (Mutual),اِلْتَقَى,പരസ്പരം കണ്ടുമുട്ടുക
Received/Found,تَلَقَّى,"ലഭിക്കുക, കണ്ടെത്തുക"
Committed/Adhered to,اِلْتَزَمَ,"പ്രതിജ്ഞാബദ്ധനാവുക, പാലിക്കുക"
Sought refuge,اِلْتَجَأَ,അഭയം തേടുക
Turned towards,اِلْتَفَتَ,നേരെ തിരിയുക
Enjoyed/Found delicious,تَلَذَّذَ,"ആസ്വദിക്കുക, രുചികരമാവുക"
Glowed/Flashed (Made to),لَمَّعَ,തിളക്കമുണ്ടാക്കുക
Amused/Entertained,لَهَّى,"രസിപ്പിക്കുക, സന്തോഷിപ്പിക്കുക"
Joined/Welded,لَحَمَ,"കൂട്ടിച്ചേർക്കുക, വെൽഡ് ചെയ്യുക"
Adhered (Made to stick),أَلْصَقَ,ഒട്ടിക്കുക
Was necessary,لَزِمَ,ആവശ്യമായിരിക്കുക
Made necessary,أَلْزَمَ,ആവശ്യമാക്കുക
Wasted/Annulled,أَلْغَى,"പാഴാക്കുക, ഇല്ലാതാക്കുക"
Turned/Twisted,لَوَى,"തിരിയുക, വളയ്ക്കുക"
To chew,لَاك,ചവയ്ക്കുക
To blame (Mutual),تَلَاوَمَ,പരസ്പരം കുറ്റപ്പെടുത്തുക
To be blamed,اُلِيْمَ,കുറ്റപ്പെടുത്തപ്പെടുക
To lick,لَحِسَ,നക്കുക
To become confused,تَلَبَّسَ,ആശയക്കുഴപ്പത്തിലാവുക
To be concealed,تَلَحَّفَ,മറഞ്ഞിരിക്കുക
To wear (Made to),أَلْبَسَ,ധരിപ്പിക്കുക
To make shine,أَلْمَعَ,തിളക്കം വരുത്തുക
To join/Attach,اِلْتِحَام,"ചേരുക, ബന്ധിപ്പിക്കുക"
To wrap around (Itself),تَلَفَّفَ,ചുറ്റിപ്പിണയുക
To pronounce,لَفَظَ,ഉച്ചരിക്കുക
To soften (Made soft),أَلَانَ,മൃദുവായിരിക്കുക
To desire/Yearn,تَلَهَّفَ,"ആഗ്രഹിക്കുക, കൊതിക്കുക"
To taste,ذَاقَ,രുചിച്ച് നോക്കുക
To collect/Gather,جَمَعَ,ശേഖരിക്കുക
To separate,فَرَّقَ,വേർതിരിക്കുക
To be silent,سَكَتَ,നിശ്ശബ്ദനാവുക
Water,مَاء,വെള്ളം
Place/Location,مَكَان,"സ്ഥലം, ഇടം"
Key,مِفْتَاح,താക്കോൽ
Money/Cash,مَال,"പണം, ധനം"
Time/Appointment,مَوْعِد,"സമയം, കൂടിക്കാഴ്ച"
Death,مَوْت,മരണം
Rain,مَطَر,മഴ
School/Office,مَدْرَسَة,"വിദ്യാലയം, കാര്യാലയം"
City/Town,مَدِينَة,"നഗരം, പട്ടണം"
Entrance/Gate,مَدْخَل,"പ്രവേശന കവാടം, വാതിൽ"
Exit/Outlet,مَخْرَج,പുറത്തുകടക്കുന്ന സ്ഥലം
Need/Purpose,مَطْلَب,"ആവശ്യം, ലക്ഷ്യം"
Kitchen,مَطْبَخ,അടുക്കള
Library,مَكْتَبَة,ഗ്രന്ഥശാല
Desk/Office,مَكْتَب,"മേശ, ഓഫീസ്"
Building/Structure,مَبْنَى,"കെട്ടിടം, നിർമ്മിതി"
Problem/Issue,مُشْكِلَة,"പ്രശ്നം, വിഷയം"
Future,مُسْتَقْبَل,ഭാവി
Past,مَاضِي,ഭൂതകാലം
Present,حَاضِر,വർത്തമാനകാലം
Difficulty,مَشَقَّة,"പ്രയാസം, കഷ്ടപ്പാട്"
Hospital,مُسْتَشْفَى,ആശുപത്രി
Stadium,مَلْعَب,സ്റ്റേഡിയം
Airport,مَطَار,വിമാനത്താവളം
Harbor/Port,مِينَاء,തുറമുഖം
Balance/Scale,مِيزَان,"തുലാസ്, അളവ്"
Lamp/Light,مِصْبَاح,"വിളക്ക്, പ്രകാശം"
Factory,مَصْنَع,"ഫാക്ടറി, ഉൽപാദനശാല"
Destiny/Fate,مَصِير,"വിധി, ഗതി"
Example/Model,مِثَال,"ഉദാഹരണം, മാതൃക"
Ocean/Sea,مُحِيط,"സമുദ്രം, കടൽ"
Engineer,مُهَنْدِس,എഞ്ചിനീയർ
Teacher,مُعَلِّم,അധ്യാപകൻ
Learner/Student,مُتَعَلِّم,"പഠിതാവ്, വിദ്യാർത്ഥി"
Kingdom/Realm,مَمْلَكَة,"രാജ്യം, സാമ്രാജ്യം"
Dream/Vision,مَنَام,"സ്വപ്നം, കാഴ്ച"
Benefit/Good,مَنْفَعَة,"പ്രയോജനം, നന്മ"
Source/Origin,مَصْدَر,"ഉറവിടം, ഉത്ഭവം"
Journey/Trip,رِحْلَة,"യാത്ര, സഞ്ചാരം"
Friend,صَدِيق,സുഹൃത്ത്
Enemy,عَدُوّ,ശത്രു
Clothes,مَلَابِس,വസ്ത്രങ്ങൾ
Table,طَاوِلَة,മേശ
Hammer,مِطْرَقَة,ചുറ്റിക
Towel,مِنْشَفَة,"തോർത്ത്, ടവൽ"
Comb,مُشْط,ചീപ്പ്
Bed,سَرِير,കിടക്ക
Tunnel,نَفَق,തുരങ്കം
Elevator/Lift,مِصْعَد,ലിഫ്റ്റ്
Knife,سِكِّين,കത്തി
Died,مَاتَ,മരിക്കുക
Walked,مَشَى,നടക്കുക
Passed (By/Over),مَرَّ,"കടന്നുപോവുക, മറികടക്കുക"
Extended/Spread,مَدَّ,"നീട്ടുക, പരത്തുക"
Filled,مَلَأَ,നിറയ്ക്കുക
Owned/Possessed,مَلَكَ,"ഉടമയായിരിക്കുക, കൈവശം വെക്കുക"
Prevented/Forbade,مَنَعَ,"തടയുക, വിലക്കുക"
Wiped/Cleaned,مَسَحَ,"തുടയ്ക്കുക, വൃത്തിയാക്കുക"
Touched/Felt,مَسَّ,"സ്പർശിക്കുക, തൊടുക"
Represented/Acted,مَثَّلَ,"പ്രതിനിധീകരിക്കുക, അഭിനയിക്കുക"
Stretched/Pulled,مَطَّ,വലിച്ചു നീട്ടുക
Recognized/Knew,عَرَفَ,"തിരിച്ചറിയുക, അറിയുക"
Made to die/Killed,أَمَاتَ,"മരിപ്പിക്കുക, കൊല്ലുക"
Enabled/Empowered,مَكَّنَ,"കഴിവുള്ളവനാക്കുക, അധികാരം നൽകുക"
Provided/Supplied,أَمَدَّ,"നൽകുക, വിതരണം ചെയ്യുക"
Believed,آمَنَ,വിശ്വസിക്കുക
Ordered/Commanded,أَمَرَ,"ആജ്ഞാപിക്കുക, കൽപ്പിക്കുക"
Stayed/Settled,أَقَامَ,"താമസിക്കുക, സ്ഥിരമായിരിക്കുക"
Was able/Could,تَمَكَّنَ,"കഴിയുക, പ്രാപ്തമാവുക"
Considered/Pondered,تَأَمَّلَ,"ചിന്തിക്കുക, ആലോചിക്കുക"
Excelled/Distinguished,اِمْتَازَ,"മികച്ചു നിൽക്കുക, വേർതിരിക്കുക"
Tested/Examined,اِمْتَحَنَ,"പരീക്ഷിക്കുക, പരിശോധിക്കുക"
Held/Grasped,أَمْسَكَ,"പിടിക്കുക, കൈവശം വെക്കുക"
Granted/Allowed,مَنَحَ,"അനുവദിക്കുക, നൽകുക"
Signed/Sealed,خَتَمَ,"ഒപ്പിടുക, മുദ്ര വെക്കുക"
Walked (Made to),مَشَّى,നടത്തിക്കുക
Tasted,ذَاقَ,രുചിക്കുക
Prepared/Arranged,جَهَّزَ,"ഒരുക്കുക, ക്രമീകരിക്കുക"
Possessed (Made to),مَلَّكَ,ഉടമസ്ഥനാക്കുക
Delayed/Postponed,أَمْهَلَ,"താമസിപ്പിക്കുക, നീട്ടിവെക്കുക"
Reached/Arrived,بَلَغَ,"എത്തുക, എത്തിച്ചേരുക"
Understood,فَهِمَ,മനസ്സിലാക്കുക
Hoped/Wished,أَمَّلَ,"പ്രത്യാശിക്കുക, ആഗ്രഹിക്കുക"
Practiced/Exercised,مَارَسَ,"പരിശീലിക്കുക, വ്യായാമം ചെയ്യുക"
Consulted,شَاوَرَ,കൂടിയാലോചിക്കുക
Was silent,صَمَتَ,നിശ്ശബ്ദനായിരിക്കുക
Grew/Increased,نَمَا,"വളരുക, വർദ്ധിക്കുക"
Mixed/Blended,مَزَجَ,"കൂട്ടിക്കലർത്തുക, മിക്സ് ചെയ്യുക"
Light,نُور,പ്രകാശം
Fire,نَار,"തീ, അഗ്നി"
Soul/Self,نَفْس,"ആത്മാവ്, മനസ്സ്"
River/Stream,نَهْر,"നദി, അരുവി"
Victory/Help,نَصْر,"വിജയം, സഹായം"
Order/System,نِظَام,"ക്രമം, വ്യവസ്ഥ"
Sleep,نَوْم,ഉറക്കം
Type/Kind,نَوْع,"തരം, വർഗ്ഗം"
Deficiency/Lack,نَقْص,"കുറവ്, ന്യൂനത"
Money/Cash,نَقْد,"പണം, നാണയം"
Tunnel,نَفَق,തുരങ്കം
Exhale/Breath,نَفَس,"ശ്വാസം, നിശ്വാസം"
النيل (The Nile),نِيل,നൈൽ നദി
Plant/Vegetation,نَبَات,"സസ്യം, ചെടി"
Prophet,نَبِيّ,പ്രവാചകൻ
Scent/Odor,نَفْحَة,"സുഗന്ധം, മണം"
Result/Outcome,نَتِيجَة,"ഫലം, പരിണതഫലം"
Look/Sight,نَظَر,"നോട്ടം, കാഴ്ച"
Example/Pattern,نَمُوذَج,"മാതൃക, രീതി"
Advice/Counsel,نُصْح,"ഉപദേശം, മന്ത്രം"
Punishment/Torment,نَكَال,"ശിക്ഷ, വേദന"
Jump/Leap,نَزْوَة,ചാട്ടം
Descending/Arrival,نُزُول,"ഇറങ്ങി വരിക, എത്തിച്ചേരൽ"
Growth/Development,نُمُوّ,"വളർച്ച, വികസനം"
Blessing/Grace,نِعْمَة,"അനുഗ്രഹം, കൃപ"
Grave/Tomb,قَبْر,"ശവക്കുഴി, ഖബർ"
Bed/Couch,سَرِير,"കിടക്ക, കട്ടിൽ"
People,نَاس,"ജനങ്ങൾ, മനുഷ്യർ"
Woman,اِمْرَأَة,സ്ത്രീ
Man,رَجُل,പുരുഷൻ
Hand,يَد,കൈ
Foot,قَدَم,കാൽ
Flower,زَهْرَة,പുഷ്പം
Kindness/Grace,نَوَال,"ദയ, ഔദാര്യം"
Horn,نَبْل,കൊമ്പ്
Arrow,نَبْل,"അമ്പ്, ശരം"
Laughter,ضَحِك,ചിരി
Weeping,بُكَاء,കരച്ചിൽ
Order/Command,نَهْي,"കൽപ്പന, നിർദ്ദേശം"
Seeds/Nuclei,نَوَى,"വിത്തുകൾ, ന്യൂക്ലിയസ്"
Goodness/Benefit,خَيْر,"നന്മ, പ്രയോജനം"
Badness/Evil,شَرّ,"തിന്മ, ദോഷം"
Gossip/Tale-bearing,نَمِيمَة,"ഏഷണി, കുശുകുശുപ്പ്"
Sorrow/Grief,حُزْن,"ദുഃഖം, വിഷാദം"
Anxiety/Worry,هَمّ,ഉത്കണ്ഠ
Cough,سُعَال,ചുമ
Sting/Poke,نَخْس,"കുത്ത്, മുറിവ്"
Vibration/Trembling,رَجْفَة,"കമ്പനം, വിറയൽ"
Punishment (Name),عِقَاب,ശിക്ഷ
Planting/Sowing,غَرْس,"നടൽ, വിതയ്ക്കൽ"
Looked/Watched,نَظَرَ,"നോക്കുക, കാണുക"
Helped/Supported,نَصَرَ,"സഹായിക്കുക, പിന്തുണയ്ക്കുക"
Grew/Developed,نَمَا,"വളരുക, വികസിക്കുക"
Organized/Arranged,نَظَّمَ,"ക്രമീകരിക്കുക, വ്യവസ്ഥപ്പെടുത്തുക"
Cleaned,نَظَّفَ,വൃത്തിയാക്കുക
Descended/Came down,نَزَلَ,"ഇറങ്ങുക, താഴോട്ട് വരിക"
Succeeded/Won,نَجَحَ,"വിജയിക്കുക, ജയിക്കുക"
Forgot,نَسِيَ,മറക്കുക
Canceled/Annulled,نَقَضَ,"റദ്ദാക്കുക, അസാധുവാക്കുക"
Jumped/Leapt,نَقَزَ,"ചാടുക, കുതിക്കുക"
Shook/Trembled,نَفَضَ,"കുലുങ്ങുക, വിറയ്ക്കുക"
Benefited/Profited,نَفَعَ,"പ്രയോജനപ്പെടുക, ലാഭമുണ്ടാക്കുക"
Breathed,نَفَسَ,ശ്വാസമെടുക്കുക
Woke up,نَبَّهَ,"ഉണരുക, ഉണർത്തുക"
Prophesied,تَنَبَّأَ,പ്രവചിക്കുക
Gave advice/Counseled,نَصَحَ,"ഉപദേശിക്കുക, നിർദ്ദേശിക്കുക"
Published/Spread,نَشَرَ,"പ്രസിദ്ധീകരിക്കുക, പരത്തുക"
Planted/Sowed,نَبَتَ,"നടുക, വിതയ്ക്കുക"
Repented,نَدِمَ,പശ്ചാത്തപിക്കുക
Escaped/Saved,نَجَا,"രക്ഷപ്പെടുക, സുരക്ഷിതനാവുക"
Called/Proclaimed,نَادَى,"വിളിക്കുക, പ്രഖ്യാപിക്കുക"
Competed/Contended,نَازَعَ,"മത്സരിക്കുക, വാദിക്കുക"
Disputed/Quarreled,نَاقَشَ,"തർക്കിക്കുക, കലഹിക്കുക"
Discussed/Debated,نَاوَلَ,"ചർച്ച ചെയ്യുക, സംവാദം നടത്തുക"
Handed/Passed over,نَالَ,"കൈമാറുക, നൽകുക"
Obtained/Achieved,اِسْتَنَارَ,"നേടുക, കരസ്ഥമാക്കുക"
Sought light,اِسْتَنْجَدَ,പ്രകാശം തേടുക
Asked for help,اِسْتَنْجَدَ,സഹായം അഭ്യർത്ഥിക്കുക
Sought salvation,اِسْتَنْقَذَ,രക്ഷ തേടുക
Rescued/Saved,اِسْتَنْقَى,രക്ഷിക്കുക
Purified/Refined,اِنتَقَلَ,ശുദ്ധീകരിക്കുക
Moved/Transferred,اِنْتَهَى,"മാറുക, കൈമാറ്റം ചെയ്യുക"
Ended/Finished,اِنْتَبَهَ,"അവസാനിക്കുക, പൂർത്തിയാക്കുക"
Noticed/Paid attention,اِنْتَقَدَ,"ശ്രദ്ധിക്കുക, തിരിച്ചറിയുക"
Criticized,اِنْتَشَرَ,വിമർശിക്കുക
Spread/Diffused,اِنْتَفَخَ,"വ്യാപിക്കുക, പ്രചരിക്കുക"
Swelled/Inflated,تَنَزَّلَ,"വീർക്കുക, വലുതാവുക"
Descended (Gradually),تَنَاوَلَ,സാവധാനം ഇറങ്ങുക
Received/Took (Food/Drink),تَنَافَسَ,"സ്വീകരിക്കുക, ഭക്ഷിക്കുക"
Competed (Mutual),أَنْجَزَ,പരസ്പരം മത്സരിക്കുക
Completed/Executed,أَنْذَرَ,"പൂർത്തിയാക്കുക, നടപ്പിലാക്കുക"
Warned/Cautioned,أَنْفَقَ,"മുന്നറിയിപ്പ് നൽകുക, ശ്രദ്ധിപ്പിക്കുക"
Spent (Money),أَنْكَرَ,"ചെലവഴിക്കുക, ചിലവഴിക്കുക"
Denied/Rejected,أَنَارَ,"നിഷേധിക്കുക, തള്ളിക്കളയുക"
Illuminated/Lit up,تَنَظَّرَ,"പ്രകാശിപ്പിക്കുക, വെളിച്ചം നൽകുക"
Looked carefully,نَاجَى,ശ്രദ്ധിച്ച് നോക്കുക
Conversed secretly,نَاقَضَ,രഹസ്യമായി സംസാരിക്കുക
Contradicted,نَابَ,വിരുദ്ധമായി പറയുക
Represented/Acted for,نَبَعَ,പ്രതിനിധീകരിക്കുക
Gushed/Flowed (Water),نَبَعَ,"ഉറവെടുക്കുക, ഒഴുകുക"
Moon/Crescent,هِلَال,"ചന്ദ്രക്കല, അമ്പിളി"
Gift,هَدِيَّة,"സമ്മാനം, ദാനം"
Direction/Guidance,هِدَايَة,"മാർഗ്ഗനിർദ്ദേശം, വഴി"
Terror/Panic,هَوْل,"ഭീകരത, പരിഭ്രാന്തി"
Destruction/Ruin,هَلَاك,"നാശം, തകർച്ച"
Concern/Worry,هَمّ,"ശ്രദ്ധ, ഉത്കണ്ഠ"
Emigration/Exodus,هِجْرَة,"പലായനം, കുടിയേറ്റം"
Structure/Form,هَيْكَل,"ഘടന, രൂപം"
Goal/Target,هَدَف,"ലക്ഷ്യം, ഉന്നം"
Downfall/Descent,هُبُوط,"തകർച്ച, ഇറക്കം"
Silence,هُدُوء,നിശ്ശബ്ദത
Sarcasm/Mockery,هُزء,"പരിഹാസം, കളിയാക്കൽ"
Thinness/Frailty,هُزَال,"കനം കുറവ്, ദുർബ്ബലത"
Night,لَيْل,രാത്രി
Day,نَهَار,പകൽ
Wind/Air,هَوَاء,"കാറ്റ്, വായു"
Voice/Sound,صَوْت,"ശബ്ദം, ഒച്ച"
Here (Place),هُنَا,ഇവിടെ
Attack/Assault,هُجُوم,"ആക്രമണം, കയ്യേറ്റം"
Structure/Figure,هَيْئَة,"രൂപം, ആകൃതി"
Dread/Fear,خَوْف,"ഭയം, പേടി"
Ease/Comfort,هُون,"എളുപ്പം, ആശ്വാസം"
Peace/Calmness,سَلَام,"സമാധാനം, ശാന്തത"
Weakness/Flaw,وَهْن,"ബലഹീനത, കുറവ്"
Gift/Offering,هَبَة,"കാഴ്ച, സമർപ്പണം"
Blood,دَمّ,രക്തം
Heart,قَلْب,ഹൃദയം
Head,رَأْس,തല
Hand,يَد,കൈ
Foot,قَدَم,കാൽ
These (Plural),هَؤُلَاء,ഇവ
This (Masculine),هَذَا,ഇത്
This (Feminine),هَذِهِ,ഇത്
There,هُنَاكَ,അവിടെ
Laughter/Chuckling,هَلْهَلَة,"ചിരി, കിളിക്കൽ"
Rainfall,هُطُول,മഴയുടെ വീഴ്ച
Destruction (Pl.),هَلَكَات,നാശങ്ങൾ
Noise/Uproar,هَرْج,"ബഹളം, ശബ്ദകോലാഹലം"
Slowness/Delay,تَمَهُّل,"സാവധാനം, താമസം"
Silence/Stillness,سُكُوت,"നിശ്ശബ്ദത, നിശ്ചലത"
A city in Yemen,هَمْدَان,യമനിലെ ഒരു നഗരം
Anxiety/Pain,هُمُوم,"ഉത്കണ്ഠ, വേദന"
Weight,وَزْن,"ഭാരം, തൂക്കം"
Flaw/Defect,عَيْب,"കുറവ്, ന്യൂനത"
Embrace/Hug,حِضْن,ആലിംഗനം
Appearance/Form,مَظْهَر,"രൂപം, കാഴ്ച"
Comfort/Tranquility,رَاحَة,"ആശ്വാസം, ശാന്തത"
The Nile,نِيل,നൈൽ നദി
Dizziness/Vertigo,دُوَار,തലകറക്കം
Air (Adjective),هَوَائِيّ,വായു സംബന്ധമായത്
Emigrated/Migrated,هَاجَرَ,"പലായനം ചെയ്യുക, കുടിയേറുക"
Destroyed/Perished,هَلَكَ,"നശിപ്പിക്കുക, ഇല്ലാതാക്കുക"
Guided/Directed,هَدَى,"മാർഗ്ഗനിർദ്ദേശം നൽകുക, വഴി കാണിക്കുക"
Attacked/Assaulted,هَجَمَ,"ആക്രമിക്കുക, കയ്യേറ്റം ചെയ്യുക"
Shook/Trembled,هَزَّ,"കുലുങ്ങുക, വിറയ്ക്കുക"
Defeated,هَزَمَ,"തോൽപ്പിക്കുക, പരാജയപ്പെടുത്തുക"
Cheered/Exhilarated,هَلَّلَ,"ആർത്തുല്ലസിക്കുക, സന്തോഷം പ്രകടിപ്പിക്കുക"
Fell/Dropped,هَبَطَ,"വീഴുക, താഴേക്ക് പതിക്കുക"
Joked/Made fun of,هَزَلَ,"തമാശ പറയുക, കളിയാക്കുക"
Gave (A gift),وَهَبَ,"സമ്മാനം നൽകുക, ദാനം ചെയ്യുക"
Made easy/Facilitated,هَوَّنَ,"എളുപ്പമാക്കുക, സൗകര്യപ്പെടുത്തുക"
Threatened,هَدَّدَ,"ഭീഷണിപ്പെടുത്തുക, പേടിപ്പിക്കുക"
Destroyed (Made to perish),أَهْلَكَ,നാശമുണ്ടാക്കുക
Made noise/Shouted,هَتَفَ,"ശബ്ദമുണ്ടാക്കുക, ഒച്ച വെക്കുക"
Wasted/Squandered,أَهْدَرَ,"പാഴാക്കുക, ധൂർത്തടിക്കുക"
Prepared (A gift),أَهْدَى,സമ്മാനം ഒരുക്കുക
Became calm/Quiet,هَدَأَ,"ശാന്തമാവുക, അടങ്ങുക"
Emigrated (Mutual),تَهَاجَرَ,പരസ്പരം പലായനം ചെയ്യുക
Collapsed/Fell down,اِنْهَارَ,"തകരുക, നിലംപതിക്കുക"
Digested,هَضَمَ,ദഹിപ്പിക്കുക
Ignored/Neglected,أَهْمَلَ,"അവഗണിക്കുക, ശ്രദ്ധിക്കാതിരിക്കുക"
Pleased/Appeased,هَدَّأَ,"സന്തോഷിപ്പിക്കുക, അനുരഞ്ജിപ്പിക്കുക"
Rushed/Hurried,هَرَعَ,"ധൃതിപ്പെടുക, വേഗത്തിലാക്കുക"
Flowed (Water),هَمَلَ,"ഒഴുകുക, പ്രവഹിക്കുക"
Embraced/Hugged,عَانَقَ,ആലിംഗനം ചെയ്യുക
Forgot (Made to),أَنْسَى,മറപ്പിക്കുക
Wore out/Aged,هَرِمَ,"പഴകുക, ജീർണ്ണിക്കുക"
Felt important/Mattered,هَمَّ,"പ്രധാനമാവുക, പ്രാധാന്യം നൽകുക"
Praised/Exalted,هَلَّ,"സ്തുതിക്കുക, പുകഴ്ത്തുക"
Wished/Desired,هَامَ,"ആഗ്രഹിക്കുക, മോഹിക്കുക"
Tore/Ripped,هَتَكَ,"കീറുക, വലിച്ചു കീറുക"
Annoyed/Agitated,أَزْعَجَ,"ശല്യപ്പെടുത്തുക, പ്രകോപിപ്പിക്കുക"
Guided (Sought guidance),اِسْتَهْدَى,മാർഗ്ഗനിർദ്ദേശം തേടുക
Feared,اِسْتَهَالَ,ഭയപ്പെടുക
Despised/Scorned,اِسْتَهَانَ,"പുച്ഛിക്കുക, നിസ്സാരമാക്കുക"
Was thin/Emaciated,هَزُلَ,"മെലിയുക, ക്ഷീണിക്കുക"
Prepared/Arranged,جَهَّزَ,"തയ്യാറാക്കുക, ക്രമീകരിക്കുക"
Spoke clearly,أَبَانَ,വ്യക്തമായി സംസാരിക്കുക
Made a mistake,أَخْطَأَ,തെറ്റ് ചെയ്യുക
Warmed up/Heated,سَخَّنَ,"ചൂടാക്കുക, ചൂട് നൽകുക"
Shouted (Mutual),تَهَاتَفَ,പരസ്പരം ശബ്ദമുണ്ടാക്കുക
Threatened (Mutual),تَهَادَدَ,പരസ്പരം ഭീഷണിപ്പെടുത്തുക
Wished (Made to),هَيَّمَ,മോഹിപ്പിക്കുക
Prepared/Made ready,هَيَّأَ,"ഒരുക്കുക, സജ്ജമാക്കുക"
Was destroyed,تَهَدَّمَ,നശിപ്പിക്കപ്പെടുക
Collapsed (Itself),تَهَاوَى,സ്വയം തകരുക
Became easy,تَهَاوَنَ,എളുപ്പമാവുക
Neglected/Was careless,هَامَ,അശ്രദ്ധ കാണിക്കുക
Wandered/Roved,هَامَ,അലഞ്ഞുതിരിയുക
Whispered,هَمَسَ,മന്ത്രിക്കുക
Face/Aspect,وَجْه,"മുഖം, വശം"
Time/Era,وَقْت,"സമയം, കാലഘട്ടം"
Promise,وَعْد,"വാഗ്ദാനം, പ്രതിജ്ഞ"
Duty/Obligation,وَاجِب,"കടമ, ബാധ്യത"
Middle/Center,وَسَط,"മദ്ധ്യം, കേന്ദ്രം"
Unity/Union,وَحْدَة,"ഐക്യം, ചേർച്ച"
Descendant/Child,وَلَد,"സന്താനം, കുട്ടി"
Birth,وِلَادَة,ജനനം
Fear,وَجَل,"ഭയം, പേടി"
Weight/Burden,وِزْر,"ഭാരം, ചുമട്"
Minister/Vizier,وَزِير,മന്ത്രി
Means/Way,وَسِيلَة,"മാർഗ്ഗം, വഴി"
Situation/State,وَضْع,"അവസ്ഥ, നില"
Patriotism/Loyalty,وَلَاء,"കൂറ്, വിശ്വസ്തത"
Heir,وَرَثَة,അവകാശി
Rose (Flower),وَرْدَة,റോസാപ്പൂവ്
Inheritance,وِرَاثَة,അനന്തരാവകാശം
Description/Recipe,وَصْفَة,"വിവരണം, കുറിപ്പടി"
Vessel/Pot,وِعَاء,പാത്രം
Wasteland/Desert,وَهْدَة,"തരിശുഭൂമി, മരുഭൂമി"
Comfort/Ease,رَاحَة,"ആശ്വാസം, എളുപ്പം"
Disease/Ailment,مَرَض,"രോഗം, അസുഖം"
Order/Discipline,نِظَام,"ക്രമം, ചിട്ട"
Deposit/Trust,وَدِيعَة,"നിക്ഷേപം, വിശ്വാസം"
Whisper/Suggestion,وَسْوَسَة,"മന്ത്രിക്കൽ, ഉപദേശം"
Middle/Median,وَسْط,മദ്ധ്യഭാഗം
Success/Luck,تَوْفِيق,"വിജയം, ഭാഗ്യം"
Agreement/Concord,وِفَاق,"യോജിപ്പ്, ധാരണ"
Guard/Protector,وَقَايَة,"കാവൽക്കാരൻ, സംരക്ഷകൻ"
Respect/Dignity,وَقَار,"ബഹുമാനം, മാന്യത"
Brother,أَخ,സഹോദരൻ
Sister,أُخْت,സഹോദരി
Father,أَب,പിതാവ്
Mother,أُمّ,മാതാവ്
Light,نُور,പ്രകാശം
Darkness,ظَلَام,ഇരുട്ട്
Doubt/Suspicion,شَكّ,"സംശയം, അവിശ്വാസം"
Fear/Dread,خَوْف,"ഭയം, പേടി"
Nation/Country,وَطَن,"രാജ്യം, രാഷ്ട്രം"
Connection/Link,وِصَال,"ബന്ധം, ചേർച്ച"
Place of arrival,وُرُود,എത്തിച്ചേരുന്ന സ്ഥലം
Leaf,وَرَقَة,ഇല
Paper,وَرَقَة,കടലാസ്
Description (Pl.),أَوْصَاف,വിവരണങ്ങൾ
Wills (Pl.),وَصَايَا,ഇഷ്ടദാനങ്ങൾ
Heirs (Pl.),وَرَثَة,അവകാശികൾ
Names (Pl.),أَسْمَاء,പേരുകൾ
Times (Pl.),أَوْقَات,സമയങ്ങൾ
Faces (Pl.),وُجُوه,മുഖങ്ങൾ
Union/Gathering,وِجْدَان,"ഒത്തുചേരൽ, സമ്മേളനം"
Found,وَجَدَ,കണ്ടെത്തുക
Arrived/Reached,وَصَلَ,"എത്തുക, എത്തിച്ചേരുക"
Stood/Stopped,وَقَفَ,"നിൽക്കുക, നിർത്തുക"
Put/Placed,وَضَعَ,"വെക്കുക, സ്ഥാപിക്കുക"
Promised,وَعَدَ,"വാഗ്ദാനം ചെയ്യുക, ഉറപ്പ് നൽകുക"
Was heavy/Weighed,وَزَنَ,"ഭാരമുള്ളതാവുക, തൂങ്ങുക"
Inherited,وَرِثَ,അനന്തരാവകാശം നേടുക
Directed/Turned,وَجَّهَ,"തിരിയുക, നേർക്ക് തിരിക്കുക"
Assigned/Delegated,وَكَّلَ,"ചുമതലപ്പെടുത്തുക, ഏൽപ്പിക്കുക"
Taught,دَرَّسَ,പഠിപ്പിക്കുക
Wished/Desired,وَدَّ,"ആഗ്രഹിക്കുക, മോഹിക്കുക"
Agreed/Concurred,وَافَقَ,"യോജിക്കുക, സമ്മതിക്കുക"
Faced/Confronted,وَاجَهَ,"അഭിമുഖീകരിക്കുക, നേർക്കുനേർ വരിക"
Made a will/Bequeathed,أَوْصَى,"ഇഷ്ടദാനം നൽകുക, ഒസ്യത്ത് എഴുതുക"
Made something clear,أَوْضَحَ,വ്യക്തമാക്കുക
Lit/Kindled,أَوْقَدَ,"തീ കൊളുത്തുക, കത്തിക്കുക"
Gave (A gift),وَهَبَ,"സമ്മാനിക്കുക, ദാനം ചെയ്യുക"
Relied on/Trusted,اِتَّكَلَ,"ആശ്രയിക്കുക, വിശ്വസിക്കുക"
Connected/Joined,اِتَّصَلَ,"ബന്ധിപ്പിക്കുക, കൂട്ടിച്ചേർക്കുക"
Followed/Obeyed,اِتَّبَعَ,"പിന്തുടരുക, അനുസരിക്കുക"
Became united,اِتَّحَدَ,"ഒന്നാവുക, ഐക്യപ്പെടുക"
Described,وَصَفَ,വിവരിക്കുക
Reached (Made to),أَوْصَلَ,എത്തിക്കുക
Created,خَلَقَ,സൃഷ്ടിക്കുക
Looked (Made to),نَظَرَ,നോക്കുക
Was successful (Sought),اِسْتَوْفَى,വിജയം തേടുക
Completed/Fulfilled,اِسْتَوْلَى,"പൂർത്തിയാക്കുക, നിറവേറ്റുക"
Seized/Took over,تَوَقَّفَ,"പിടിച്ചെടുക്കുക, കൈവശപ്പെടുത്തുക"
Stopped/Paused,تَوَقَّعَ,"നിർത്തുക, ഇടവേള എടുക്കുക"
Expected/Anticipated,تَوَسَّطَ,"പ്രതീക്ഷിക്കുക, മുൻകൂട്ടി കാണുക"
Mediated/Intervened,تَوَفَّى,"മദ്ധ്യസ്ഥത വഹിക്കുക, ഇടപെടുക"
Died (Passed away),تَوَجَّهَ,മരണപ്പെടുക
Directed (Itself)/Headed,تَوَاصَلَ,ലക്ഷ്യമാക്കി നീങ്ങുക
Communicated (Mutual),تَوَارَثَ,പരസ്പരം ബന്ധപ്പെടുക
Inherited (Mutual),تَوَافَقَ,പരസ്പരം അവകാശമാവുക
Agreed (Mutual),وَقَّعَ,പരസ്പരം യോജിക്കുക
Signed,وَفَّرَ,"ഒപ്പിടുക, മുദ്ര വെക്കുക"
Provided/Saved,وَلَّى,"നൽകുക, സംരക്ഷിക്കുക"
Appointed/Turned away,وَالَى,"നിയമിക്കുക, തിരിഞ്ഞു നടക്കുക"
Followed/Supported,وَاثَبَ,"പിന്തുടരുക, പിന്തുണയ്ക്കുക"
Jumped up/Attacked,وَاظَبَ,"ചാടിയെഴുന്നേൽക്കുക, ആക്രമിക്കുക"
Persevered/Maintained,وَاخَى,"സ്ഥിരമായി ചെയ്യുക, നിലനിർത്തുക"
Befriended,وَلِعَ,ചങ്ങാത്തം സ്ഥാപിക്കുക
Was passionate/Fascinated,وَسِعَ,അഭിനിവേശമുള്ളവനാവുക
Was wide/Vast,أَوْسَعَ,"വിശാലമാവുക, വലുതാവുക"
Widened/Expanded,وَضَّحَ,"വികസിപ്പിക്കുക, വലുതാക്കുക"
Clarified/Explained,وَرَّطَ,"വ്യക്തമാക്കുക, വിശദീകരിക്കുക"
Involved/Entangled,وَثِقَ,"ഉൾപ്പെടുത്തുക, കുരുക്കിൽ പെടുത്തുക"
Trusted/Believed,وَثَبَ,"വിശ്വസിക്കുക, ആശ്രയിക്കുക"
Jumped,وَثَبَ,ചാടുക
Day,يَوْم,ദിവസം
Hand,يَد,കൈ
Yemen (Country),الْيَمَن,യമൻ (രാജ്യം)
Diamond/Ruby,يَاقُوت,"വജ്രം, മാണിക്യം"
Certainty/Conviction,يَقِين,"നിശ്ചയം, ഉറപ്പ്"
Orphan,يَتِيم,അനാഥൻ
Left (Side),يَسَار,ഇടതുവശം
Right (Side),يَمِين,വലതുവശം
Ease/Facility,يُسْر,"എളുപ്പം, സൗകര്യം"
Despair/Hopelessness,يَأْس,"നിരാശ, പ്രതീക്ഷയില്ലായ്മ"
Source/Spring,يَنْبُوع,"ഉറവ, നീരുറവ"
Day (Plural),أَيَّام,ദിവസങ്ങൾ
Hands (Plural),أَيْدِي,കൈകൾ
Eye,عَيْن,കണ്ണ്
Sea/Ocean (Literary),يَمّ,കടൽ (വിശാലമായ)
Jasmine (Flower),يَاسَمِين,മുല്ലപ്പൂവ്
Wakefulness/Vigilance,يَقَظَة,"ഉണർവ്വ്, ജാഗ്രത"
Yawn,تَثَاؤُب,കോട്ടുവാ
Inheritor/Heir,وَارِث,അവകാശി
Bird (Dove/Pigeon),يَمَامَة,ഒരു പക്ഷി (പ്രാവ്)
Rest/Remains,بَقِيَّة,"ബാക്കി, ശേഷിപ്പ്"
River (Name),نِيل,നദി (നൈൽ)
Youth/Prime,صِبَا,"യൗവ്വനം, ബാല്യം"
Thirst,عَطَش,ദാഹം
Hunger,جُوع,വിശപ്പ്
Sun,شَمْس,സൂര്യൻ
Moon,قَمَر,ചന്ദ്രൻ
Star,نَجْم,നക്ഷത്രം
Light,نُور,പ്രകാശം
Shadow,ظِلّ,നിഴൽ
Morning,صَبَاح,പ്രഭാതം
Evening,مَسَاء,സന്ധ്യ
Earth,أَرْض,ഭൂമി
Sky,سَمَاء,ആകാശം
Angel,مَلَاك,മാലാഖ
Demon,شَيْطَان,പിശാച്
Daybreak/Dawn,فَجْر,പ്രഭാതം
Nightfall/Sunset,غُرُوب,"രാവുക, അസ്തമയം"
Need/Want,حَاجَة,"ആവശ്യം, ദാരിദ്ര്യം"
Affliction/Trial,بَلَاء,"കഷ്ടപ്പാട്, പരീക്ഷണം"
Male name (Prophet's name),يُونُس,പുരുഷനാമം
Male name (Prophet's name),يَحْيَى,പുരുഷനാമം
Male name (Prophet's name),يُوسُف,പുരുഷനാമം
The Holy Day (Friday),جُمْعَة,പുണ്യദിനം (വെള്ളി)
Hope/Expectation,أَمَل,പ്രതീക്ഷ
A river in heaven,يَاقُوتَة,സ്വർഗ്ഗത്തിലെ നദി
A gem/Jewel,يَمَانِيّ,"രത്നം, മാണിക്യം"
Yemeni (Person/Thing),يَمَانِيّ,യമനിലെ
A type of plant,يُخْنَس,ഒരു തരം സസ്യം
A type of shoe/Sandal,نَعْل,ഒരു തരം ചെരിപ്പ്
Became certain/Sure,يَقِنَ,"തീർച്ചയാവുക, ഉറപ്പാവുക"
Was easy/Facile,يَسُرَ,"എളുപ്പമാവുക, ലളിതമാവുക"
Despaired/Lost hope,يَئِسَ,"നിരാശനാവുക, പ്രതീക്ഷ നഷ്ടപ്പെടുക"
Left (Side),يَسَرَ,ഇടതുവശത്തേക്ക് പോവുക
Right (Side),يَمَنَ,വലതുവശത്തേക്ക് പോവുക
Woke up/Was alert,يَقِظَ,"ഉണരുക, ജാഗ്രത പാലിക്കുക"
Bore fruit/Yielded,أَيْنَعَ,"ഫലം നൽകുക, വിളവ് നൽകുക"
Knew/Was certain of,أَيْقَنَ,"അറിയുക, തീർച്ചപ്പെടുത്തുക"
Made easy/Facilitated,يَسَّرَ,"എളുപ്പമാക്കുക, ലഘൂകരിക്കുക"
Despaired (Made to),أَيْأَسَ,നിരാശപ്പെടുത്തുക
Animals,الحيوانات,മൃഗങ്ങൾ
Lion,أَسَد,സിംഹം
Rabbit/Hare,أَرْنَب,മുയൽ
Snake/Viper,أَفْعَى,"പാമ്പ്, അണലി"
Snake (Figurative),أَفْعَى,പാമ്പ് (രൂപകം)
Goose (Figurative),إِوَزَّة,വാത്ത (രൂപകം)
Duck,بَطَّة,താറാവ്
Mosquito,بَعُوضَة,കൊതുക്
Cow,بَقَرَة,പശു
Parrot,بَبْغَاء,തത്ത
Owl,بُومَة,മൂങ്ങ
Goat (Male),تَيْس,മുട്ടനാട്
Crocodile,تِمْسَاح,മുതല
Bull/Ox,ثَوْر,"കാള, പോത്ത്"
Gaur (Ox),ثَوْر,കാട്ടുപോത്ത് (കാട്ടുപശു)
Fox,ثَعْلَب,കുറുക്കൻ
Fox (Figurative),ثَعْلَب,കുറുക്കൻ (രൂപകം)
Snake (Large),ثُعْبَان,വലിയ പാമ്പ്
Snake,ثُعْبَان,പാമ്പ്
Camel,جَمَل,ഒട്ടകം
Goat (Kid),جَدْي,ആട്ടിൻകുട്ടി
Locust,جَرَادَة,വെട്ടുകിളി
Whale,حُوت,തിമിംഗലം
Horse,حِصَان,കുതിര
Horse (Figurative),حِصَان,കുതിര (രൂപകം)
Donkey/Ass,حِمَار,കഴുത
Wild Ass,حِمَار,കാട്ടുകഴുത
Donkey (Figurative),حِمَار,കഴുത (രൂപകം)
Snake,حَيَّة,പാമ്പ്
Chameleon,حِرْبَاء,ഓന്ത്
Pig/Boar,خِنْزِير,"പന്നി, കാട്ടുപന്നി"
Wild Boar,خِنْزِير,കാട്ടുപന്നി
Bat,خُفَّاش,വവ്വാൽ
Bat (Figurative),خُفَّاش,വവ്വാൽ (രൂപകം)
Bear,دُبّ,കരടി
Rooster/Cock,دِيك,പൂവൻ കോഴി
Insect/Worm,دُودَة,"പ്രാണികൾ, പുഴു"
Wolf,ذِئْب,ചെന്നായ
Wolf (Figurative),ذِئْب,ചെന്നായ (രൂപകം)
Fly (Small),ذُبَابَة,ഈച്ച (ചെറുത്)
Fish,سَمَكَة,മീൻ
Trout (Fish),سَمَكَة,ഒരുതരം മീൻ
Fish (Figurative),سَمَكَة,മത്സ്യം (രൂപകം)
Turtle/Tortoise,سُلَحْفَاة,ആമ
Lizard,سِحْلِيَّة,പല്ലി
Crab,سَرَطَان,ഞണ്ട്
Seagull,نَوْرَس,കടൽക്കാക്ക
Falcon/Hawk,صَقْر,"പരുന്ത്, പ്രാപ്പിടിയൻ"
Chick,صِيصَان,കോഴിക്കുഞ്ഞ്
Frog,ضِفْدَع,തവള
Hyaena (Female),ضَبُع,പെൺ കഴുതപ്പുലി
Lizard (Small),ضَبّ,ചെറിയ പല്ലി
Bird,طَائِر,പക്ഷി
Small Bird (Figurative),طَائِر,ചെറിയ പക്ഷി (രൂപകം)
Small Bird (Wren),طَائِر,ചെറിയ പക്ഷി
Peacock,طَاوُوس,മയിൽ
Antelope,ظَبْي,മാൻ വർഗ്ഗം
Eagle/Hawk,عُقَاب,"കഴുകൻ, പരുന്ത്"
Scorpion,عَقْرَب,തേൾ
Spider,عَنْكَبُوت,ചിലന്തി
Gazelle,غَزَال,"മാൻ, കലമാൻ"
Crow,غُرَاب,കാക്ക
Ram,غَنَم,മുട്ടാട്
Sheep (Figurative),غَنَم,ആട് (രൂപകം)
Gnat,غَنَمَة,കൊതുക് (ചെറിയ പ്രാണികൾ)
Mouse/Rat,فَأْر,"എലി, പെരുച്ചാഴി"
Elephant,فِيل,ആന
Panther/Leopard,فَهْد,പുള്ളിപ്പുലി
Butterfly,فَرَاشَة,പൂമ്പാറ്റ
Small Bird,فُرَيْخ,ചെറിയ പക്ഷി
Seal,فُقْمَة,കടൽനായ
Hippopotamus,فَرَسُ الْبَحْر,ഹിപ്പോപൊട്ടാമസ്
Cat,قِطّ,പൂച്ച
Wildcat,قِطّ,കാട്ടുപൂച്ച
Monkey,قِرْد,കുരങ്ങൻ
Hedgehog,قُنْفُذ,മുള്ളൻപന്നി
Otter,قُنْفُذ,നീർനായ
Partridge (Bird),قَطَاة,കാടപ്പക്ഷി
Louse,قَمْلَة,പേൻ
Shark,قِرْش,സ്രാവ്
Dog,كَلْب,നായ
Ram,كَبْش,ആട്ടിൻകുട്ടി
Ram (Figurative),كَبْش,മുട്ടാട് (രൂപകം)
Kangaroo,كَنْغَر,കംഗാരു
Lion,لَيْث,സിംഹം
Cow/Cattle,مَاشِيَة,കന്നുകാലി
Goat (Female),مَاعِزَة,പെൺകോലാട്
Goat,مَاعِز,കോലാട്
Kitten,هِرَّة,പൂച്ചക്കുട്ടി
Tiger,نَمِر,കടുവ
Leopard (Figurative),نَمِر,പുള്ളിപ്പുലി (രൂപകം)
Camel (Female),نَاقَة,പെൺ ഒട്ടകം
Ostrich,نَعَامَة,ഒട്ടകപ്പക്ഷി
Ant,نَمْلَة,ഉറുമ്പ്
Bee,نَحْلَة,തേനീച്ച
Vulture,نَسْر,കഴുകൻ
Vulture/Eagle,نَسْر,കഴുകൻ
Seagull,نَوْرَس,കടൽക്കാക്ക
Cat (Female),هِرَّة,പൂച്ച (പെൺ)
Wild Duck,وَزّ,കാട്ടു താറാവ്
Dove/Pigeon,يَمَامَة,"പ്രാവ്, കപോതം"
Pronoun,ضَمِير,സർവ്വനാമം
I/Me,أَنَا,ഞാൻ/എന്നെ
You (Masculine Singular),أَنْتَ,നീ/
He/It (Masculine),هُوَ,അവൻ/അത്
She/It (Feminine),هِيَ,അവൾ/അത്
In/At/By,فِي,ഇൽ//വഴി
To/For,لِـ,ലേക്ക്/വേണ്ടി
From/Of,مِنْ,നിന്ന്/ന്റെ
On/Upon,عَلَى,മേൽ/ഉപരി
With/By means of,بِـ,കൂടി/വഴി
And,وَ,ഉം
Or,أَوْ,അല്ലെങ്കിൽ
Then/So,فَـ,അപ്പോൾ/അതുകൊണ്ട്
But/Rather,بَلْ,പക്ഷേ/പകരം
When/As,إِذْ,മ്പോൾ/സമയത്ത്
The (Definite Article),الْـ,നിർണ്ണായകമായ
That (Masculine Singular),ذَلِكَ,ആ
This (Masculine Singular),هَذَا,ഈ
