english,arabic,arabic_normalized,malayalam,category_original,category_normalized,is_phrase,quality_flag,was_column_repaired
Father,أَب,اب,അച്ഛൻ,,,false,,false
Mother,أُمّ,ام,അമ്മ,,,false,,false
Brother,أَخ,اخ,സഹോദരൻ,,,false,,false
Sister,أُخْت,اخت,സഹോദരി,,,false,,false
Family,أُسْرَة,اسرة,കുടുംബം,,,false,,false
Son,إِبْن,ابن,മകൻ,,,false,,false
Daughter,إِبْنَة,ابنة,മകൾ,,,false,,false
Uncle (Paternal),عَمّ,عم,അമ്മാവൻ (പിതൃവഴി),,,false,,false
Aunt (Paternal),عَمَّة,عمة,അമ്മായി (പിതൃവഴി),,,false,,false
Uncle (Maternal),خَال,خال,അമ്മാവൻ (മാതൃവഴി),,,false,,false
Aunt (Maternal),خَالَة,خالة,അമ്മായി (മാതൃവഴി),,,false,,false
Grandfather,جَدّ,جد,മുത്തശ്ശൻ,,,false,,false
Grandmother,جَدَّة,جدة,മുത്തശ്ശി,,,false,,false
Grandson,حَفِيد,حفيد,കൊച്ചുമകൻ,,,false,,false
Granddaughter,حَفِيدَة,حفيدة,കൊച്ചുമകൾ,,,false,,false
Husband,زَوْج,زوج,ഭർത്താവ്,,,false,,false
Wife,زَوْجَة,زوجة,ഭാര്യ,,,false,,false
Boy / Child,وَلَد,ولد,കുട്ടി / ആൺകുട്ടി,,,false,,false
Girl,بِنْت,بنت,പെൺകുട്ടി,,,false,,false
Child,طِفْل,طفل,കുട്ടി,,,false,,false
Baby (Male),رَضِيع,رضيع,ആൺകുഞ്ഞ്,,,false,,false
Baby (Female),رَضِيعَة,رضيعة,പെൺകുഞ്ഞ്,,,false,,false
Man,رَجُل,رجل,പുരുഷൻ,,,false,,false
Woman,امْرَأَة,امراة,സ്ത്രീ,,,false,,false
Young Man / Youth,شَابّ,شاب,യുവാവ്,,,false,,false
Young Woman,شَابَّة,شابة,യുവതി,,,false,,false
Old Man / Sheikh,شَيْخ,شيخ,മുതിർന്നയാൾ / ഷെയ്ഖ്,,,false,,false
Old Woman,عَجُوز,عجوز,വയോധിക,,,false,,false
Friend (Male),صَدِيق,صديق,കൂട്ടുകാരൻ,,,false,,false
Friend (Female),صَدِيقَة,صديقة,കൂട്ടുകാരി,,,false,,false
Companion / Friend,رَفِيق,رفيق,സുഹൃത്ത്,,,false,,false
Neighbor (Male),جَار,جار,അയൽവാസി (ആൺ),,,false,,false
Neighbor (Female),جَارَة,جارة,അയൽവാസി (പെൺ),,,false,,false
Guest,ضَيْف,ضيف,അതിഥി,,,false,,false
Fiancé (Male),خَطِيب,خطيب,നിശ്ചയിക്കപ്പെട്ടയാൾ (ആൺ),,,false,,false
Fiancée (Female),خَطِيبَة,خطيبة,നിശ്ചയിക്കപ്പെട്ടയാൾ (പെൺ),,,false,,false
Groom,عَرِيس,عريس,മണവാളൻ,,,false,,false
Bride,عَرُوس,عروس,മണവാട്ടി,,,false,,false
Father-in-law,حَمُ,حم,അമ്മായിയപ്പൻ,,,false,,false
Mother-in-law,حَمَاة,حماة,അമ്മായിയമ്മ,,,false,,false
Son-in-law,صِهْر,صهر,മരുമകൻ,,,false,,false
Daughter-in-law,كَنَّة,كنة,മരുമകൾ,,,false,,false
Stepfather,زَوْجُ الأُمّ,زوج الام,രണ്ടാം പിതാവ്,,,true,,false
Stepmother,زَوْجَةُ الأَب,زوجة الاب,രണ്ടാം മാതാവ്,,,true,,false
Orphan,يَتِيم,يتيم,അനാഥൻ,,,false,,false
Guardian / Custodian,وَلِيّ,ولي,രക്ഷാധികാരി,,,false,,false
Relative,قَرِيب,قريب,ബന്ധു,,,false,,false
Stranger,أَجْنَبِيّ,اجنبي,അന്യൻ / അപരിചിതൻ,,,false,,false
Lion,أَسَد,اسد,സിംഹം,,,false,,false
Rabbit,أَرْنَب,ارنب,മുയൽ,,,false,,false
Snake / Viper,أَفْعَى,افعي,പാമ്പ് / അണലി,,,false,,false
Cat,قِطّ,قط,പൂച്ച,,,false,,false
Dog,كَلْب,كلب,നായ,,,false,,false
Camel (General),جَمَل,جمل,ഒട്ടകം,,,false,,false
She-Camel,نَاقَة,ناقة,പെൺ ഒട്ടകം,,,false,,false
Horse,حِصَان,حصان,കുതിര,,,false,,false
Donkey,حِمَار,حمار,കഴുത,,,false,,false
Mule,بَغْل,بغل,കോവർകഴുത,,,false,,false
Cow,بَقَرَة,بقرة,പശു,,,false,,false
Bull / Ox,ثَوْر,ثور,കാള,,,false,,false
Calf,عِجْل,عجل,കാളക്കുട്ടി,,,false,,false
Sheep / Goat,شَاة,شاة,ആട്,,,false,,false
Ram,كَبْش,كبش,ആട്ടുകൊറ്റൻ,,,false,,false
Goat,مَعْز,معز,വഴിയാട് / ആട്,,,false,,false
Elephant,فِيل,فيل,ആന,,,false,,false
Giraffe,زَرَافَة,زرافة,ഒട്ടകപ്പക്ഷി / ജിറാഫ്,,,false,,false
Bear,دُبّ,دب,കരടി,,,false,,false
Wolf,ذِئْب,ذيب,ചെന്നായ്,,,false,,false
Fox,ثَعْلَب,ثعلب,കുറുക്കൻ,,,false,,false
Tiger / Leopard,نَمِر,نمر,കടുവ / പുള്ളിപ്പുലി,,,false,,false
Cheetah,فَهْد,فهد,ചിറ്റപ്പുലി,,,false,,false
Monkey,قِرْد,قرد,കുരങ്ങൻ,,,false,,false
Pig / Boar,خِنْزِير,خنزير,പന്നി,,,false,,false
Deer / Gazelle,غَزَال,غزال,മാൻ,,,false,,false
Mouse / Rat,فَأْر,فار,എലി,,,false,,false
Hedgehog,قُنْفُذ,قنفذ,മുള്ളൻപന്നി,,,false,,false
Frog,ضَفْدَع,ضفدع,തവള,,,false,,false
Crocodile,تِمْسَاح,تمساح,മുതല,,,false,,false
Turtle,سُلَحْفَاة,سلحفاة,ആമ,,,false,,false
Whale,حُوت,حوت,തിമിംഗലം,,,false,,false
Shark,قِرْش,قرش,സ്രാവ്,,,false,,false
Dolphin,دُلْفِين,دلفين,ഡോൾഫിൻ,,,false,,false
Fish,سَمَك,سمك,മീൻ,,,false,,false
Bird,طَائِر,طاير,പക്ഷി,,,false,,false
Falcon / Hawk,صَقْر,صقر,പരുന്ത് / പ്രാപ്യൻ,,,false,,false
Eagle,نَسْر,نسر,കഴുകൻ / പരുന്ത്,,,false,,false
Crow / Raven,غُرَاب,غراب,കാക്ക,,,false,,false
Pigeon / Dove,حَمَامَة,حمامة,പ്രാവ്,,,false,,false
Rooster,دِيك,ديك,പൂവൻകോഴി,,,false,,false
Chicken / Hen,دَجَاجَة,دجاجة,കോഴി,,,false,,false
Duck,بَطَّة,بطة,താറാവ്,,,false,,false
Owl,بُومَة,بومة,മൂങ്ങ,,,false,,false
Bee,نَحْلَة,نحلة,തേനീച്ച,,,false,,false
Ant,نَمْلَة,نملة,ഉറുമ്പ്,,,false,,false
Fly,ذُبَابَة,ذبابة,ഈച്ച,,,false,,false
Mosquito,بَعُوضَة,بعوضة,കൊതുക്,,,false,,false
Spider,عَنْكَبُوت,عنكبوت,ചിലന്തി,,,false,,false
Scorpion,عَقْرَب,عقرب,തേൾ,,,false,,false
Ear,أُذُن,اذن,ചെവി,,,false,,false
Nose,أَنْف,انف,മൂക്ക്,,,false,,false
Finger / Toe,أُصْبُع,اصبع,വിരൽ,,,false,,false
Head,رَأْس,راس,തല,,,false,,false
Hair,شَعْر,شعر,മുടി,,,false,,false
Face,وَجْه,وجه,മുഖം,,,false,,false
Eye,عَيْن,عين,കണ്ണ്,,,false,,false
Eyebrow,حَاجِب,حاجب,പുരികം,,,false,,false
Eyelash,رَمْش,رمش,കണ്പീലി,,,false,,false
Mouth,فَم,فم,വായ്,,,false,,false
Tooth,سِنّ,سن,പല്ല്,,,false,,false
Tongue,لِسَان,لسان,നാവ്,,,false,,false
Lip,شَفَة,شفة,ചുണ്ട്,,,false,,false
Cheek,خَدّ,خد,കവിൾ,,,false,,false
Chin,ذَقَن,ذقن,താടി (താടിമുട്ട്),,,false,,false
Neck,عُنُق,عنق,കഴുത്ത്,,,false,,false
Throat,حَلْق,حلق,തൊണ്ട,,,false,,false
Shoulder,كَتِف,كتف,തോൾ,,,false,,false
Chest,صَدْر,صدر,നെഞ്ച്,,,false,,false
Heart,قَلْب,قلب,ഹൃദയം,,,false,,false
Stomach / Belly,بَطْن,بطن,വയർ,,,false,,false
Back,ظَهْر,ظهر,മുതുക്,,,false,,false
Waist,خَصْر,خصر,ഇടുപ്പ്,,,false,,false
Arm,ذِرَاع,ذراع,കൈ (മുഴുവൻ),,,false,,false
Elbow,مِرْفَق,مرفق,മുട്ടുകൈ,,,false,,false
Hand / Arm,يَد,يد,കൈ,,,false,,false
Wrist,مِعْصَم,معصم,കൈക്കുഴ,,,false,,false
Fingernail / Toenail,ظُفْر,ظفر,നഖം,,,false,,false
Leg,سَاق,ساق,കാൽ (മുഴുവൻ),,,false,,false
Thigh,فَخِذ,فخذ,തുട,,,false,,false
Knee,رُكْبَة,ركبة,മുട്ടുകാൽ,,,false,,false
Foot,قَدَم,قدم,പാദം,,,false,,false
Ankle,كَاحِل,كاحل,കണങ്കാൽ,,,false,,false
Heel,عَقِب,عقب,കുതികാൽ,,,false,,false
Skin,جِلْد,جلد,ചർമ്മം / തോൽ,,,false,,false
Bone,عَظْم,عظم,എല്ല്,,,false,,false
Blood,دَم,دم,രക്തം,,,false,,false
Vein / Artery,عِرْق,عرق,ഞരമ്പ്,,,false,,false
Muscle,عَضَلَة,عضلة,പേശി,,,false,,false
Brain,مُخّ,مخ,മസ്തിഷ്കം / തലച്ചോറ്,,,false,,false
Liver,كَبِد,كبد,കថ្ល്,,,false,,false
Kidney,كُلْيَة,كلية,വൃക്ക,,,false,,false
Lungs,رِئَة,رية,ശ്വാസകോശം,,,false,,false
I (First person singular),أَنَا,انا,ഞാൻ,,,false,,false
You (Masculine singular),أَنْتَ,انت,നീ (ആൺ),,,false,,false
You (Feminine singular),أَنْتِ,انت,നീ (പെൺ),,,false,,false
You two (Dual),أَنْتُمَا,انتما,നിങ്ങൾ രണ്ടുപേരും,,,false,,false
You all (Masculine plural),أَنْتُمْ,انتم,നിങ്ങൾ (ആണുങ്ങൾ),,,false,,false
You all (Feminine plural),أَنْتُنَّ,انتن,നിങ്ങൾ (പെണ്ണുങ്ങൾ),,,false,,false
We,نَحْنُ,نحن,ഞങ്ങൾ / നമ്മൾ,,,false,,false
He / It (Masculine),هُوَ,هو,അവൻ,,,false,,false
She / It (Feminine),هِيَ,هي,അവൾ,,,false,,false
They two (Dual),هُمَا,هما,അവർ രണ്ടുപേരും,,,false,,false
They (Masculine plural),هُمْ,هم,അവർ (ആണുങ്ങൾ),,,false,,false
They (Feminine plural),هُنَّ,هن,അവർ (പെണ്ണുങ്ങൾ),,,false,,false
This (Masculine singular),هَذَا,هذا,ഇത് (ആൺ),,,false,,false
This (Feminine singular),هَذِهِ,هذه,ഇത് (പെൺ),,,false,,false
These two (Masculine),هَذَانِ,هذان,ഈ രണ്ടുപേർ (ആൺ),,,false,,false
These two (Feminine),هَاتَانِ,هاتان,ഈ രണ്ടുപേർ (പെൺ),,,false,,false
These (Plural),هَؤُلاَءِ,هولاء,ഇവർ / ഇവ,,,false,,false
That (Masculine singular),ذَلِكَ,ذلك,അത് (ആൺ),,,false,,false
That (Feminine singular),تِلْكَ,تلك,അത് (പെൺ),,,false,,false
Those two (Masculine),ذَانِكَ,ذانك,ആ രണ്ടുപേർ (ആൺ),,,false,,false
Those two (Feminine),تَانِكَ,تانك,ആ രണ്ടുപേർ (പെൺ),,,false,,false
Those (Plural),أُولَئِكَ,اوليك,അവർ / അവ,,,false,,false
Who / Which (Masculine singular),الَّذِي,الذي,ആര് / ഏത് (ആൺ),,,false,,false
Who / Which (Feminine singular),الَّتِي,التي,ആര് / ഏത് (പെൺ),,,false,,false
Who / Which (Masculine dual),الَّذَانِ,الذان,ആര് / ഏത് (രണ്ടു ആൺ),,,false,,false
Who / Which (Feminine dual),الَّتَانِ,التان,ആര് / ഏത് (രണ്ടു പെൺ),,,false,,false
Who / Which (Masculine plural),الَّذِينَ,الذين,ആര് / ഏത് (ആണുങ്ങൾ),,,false,,false
Who / Which (Feminine plural),اللاَّتِي / اللَّائِي,اللاتي / اللايي,ആര് / ഏത് (പെണ്ണുങ്ങൾ),,,true,,false
Who?,مَنْ,من,ആര്?,,,false,,false
What?,مَا / مَاذَا,ما / ماذا,എന്ത്?,,,true,,false
Where?,أَيْنَ,اين,എവിടെ?,,,false,,false
When?,مَتَى,متي,എപ്പോൾ?,,,false,,false
Why?,لِمَاذَا,لماذا,എന്തുകൊണ്ട്?,,,false,,false
How?,كَيْفَ,كيف,എങ്ങനെ?,,,false,,false
How much / How many?,كَمْ,كم,എത്ര?,,,false,,false
Which?,أَيّ,اي,ഏത്?,,,false,,false
Red,أَحْمَر,احمر,ചുവപ്പ്,,,false,,false
Green,أَخْضَر,اخضر,പച്ച,,,false,,false
Yellow,أَصْفَر,اصفر,മഞ്ഞ,,,false,,false
Blue,أَزْرَق,ازرق,നീല,,,false,,false
Black,أَسْوَد,اسود,കറുപ്പ്,,,false,,false
White,أَبْيَض,ابيض,വെള്ള,,,false,,false
Brown,بُنِّي,بني,തവിട്ടുനിറം,,,false,,false
Orange,بُرْتُقَالِي,برتقالي,ഓറഞ്ച് നിറം,,,false,,false
Pink,وَرْدِي,وردي,പിങ്ക് നിറം,,,false,,false
Purple / Violet,بَنَفْسَجِي,بنفسجي,പർപ്പിൾ / വയലറ്റ്,,,false,,false
Grey,رَمَادِي,رمادي,ചാരനിറം,,,false,,false
Gold / Golden,ذَهَبِي,ذهبي,സ്വർണ്ണനിറം,,,false,,false
Silver / Silver color,فِضِّي,فضي,വെള്ളിനിറം,,,false,,false
Beige,بِيج,بيج,ബീജ് നിറം,,,false,,false
Rice,أَرُزّ,ارز,അരി / ചോറ്,,,false,,false
Food / Meal,أَكْل / طَعَام,اكل / طعام,ഭക്ഷണം,,,true,,false
Bread,خُبْز,خبز,അപ്പം / റൊട്ടി,,,false,,false
Water,مَاء,ماء,വെള്ളം,,,false,,false
Milk,حَلِيب / لَبَن,حليب / لبن,പാൽ,,,true,,false
Tea,شَاي,شاي,ചായ,,,false,,false
Coffee,قَهْوَة,قهوة,കാപ്പി,,,false,,false
Juice,عَصِير,عصير,ജൂസ്,,,false,,false
Meat,لَحْم,لحم,ഇറച്ചി,,,false,,false
Chicken (Meat),دَجَاج,دجاج,കോഴിയറച്ചി,,,false,,false
Fish (Food),سَمَك,سمك,മീൻ,,,false,,false
Egg,بَيْضَة,بيضة,മുട്ട,,,false,,false
Cheese,جُبْن,جبن,ചീസ്,,,false,,false
Butter,زُبْدَة,زبدة,വെണ്ണ,,,false,,false
Honey,عَسَل,عسل,തേൻ,,,false,,false
Sugar,سُكَّر,سكر,പഞ്ചസാര,,,false,,false
Salt,مِلْح,ملح,ഉപ്പ്,,,false,,false
Pepper,فِلْفِل,فلفل,കുരുമുളക്,,,false,,false
Oil,زَيْت,زيت,എണ്ണ,,,false,,false
Soup,حَسَاء / شُورْبَة,حساء / شوربة,സൂപ്പ്,,,true,,false
Fruit,فَاكِهَة,فاكهة,പഴം,,,false,,false
Apple,تُفَّاح,تفاح,ആപ്പിൾ,,,false,,false
Banana,مَوْز,موز,വാഴപ്പഴം,,,false,,false
Orange (Fruit),بُرْتُقَال,برتقال,ഓറഞ്ച്,,,false,,false
Dates,تَمْر,تمر,ഈന്തപ്പഴം,,,false,,false
Grapes,عِنَب,عنب,മുന്തിരി,,,false,,false
Watermelon,بِطِّيخ,بطيخ,തണ്ണിമത്തൻ,,,false,,false
Mango,مَانْجُو,مانجو,മാമ്പഴം,,,false,,false
Pomegranate,رُمَّان,رمان,മാതളനാരങ്ങ,,,false,,false
Lemon,لَيْمُون,ليمون,നാരങ്ങ,,,false,,false
Fig,تِين,تين,അത്തിപ്പഴം,,,false,,false
Olive,زَيْتُون,زيتون,ഒലിവ്,,,false,,false
Vegetables,خُضَار / خَضْرَاوَات,خضار / خضراوات,പച്ചക്കറികൾ,,,true,,false
Tomato,طَمَاطِم,طماطم,തക്കാളി,,,false,,false
Potato,بَطَاطِس,بطاطس,ഉരുളക്കിഴങ്ങ്,,,false,,false
Onion,بَصَل,بصل,സവാള / ഉള്ളി,,,false,,false
Garlic,ثَوْم,ثوم,വെളുത്തുള്ളി,,,false,,false
Cucumber,خِيَار,خيار,വെള്ളരി,,,false,,false
Carrot,جَزَر,جزر,കാരറ്റ്,,,false,,false
Land / Earth,أَرْض,ارض,ഭൂമി / സ്ഥലം,,,false,,false
Tree,شَجَرَة,شجرة,മരം,,,false,,false
Plant,نَبَات,نبات,ചെടി,,,false,,false
Flower,زَهْرَة / وَرْدَة,زهرة / وردة,പൂവ്,,,true,,false
Grass,عُشْب,عشب,പുല്ല്,,,false,,false
Leaf,وَرَقَة,ورقة,ഇല,,,false,,false
Branch,غُصْن / فَرْع,غصن / فرع,ചില്ല / കൊമ്പ്,,,true,,false
Root,جِذْر,جذر,വേര്,,,false,,false
Seed,بَذْرَة,بذرة,വിത്ത്,,,false,,false
Fruit (on plant),ثَمَرَة,ثمرة,കായ് / ഫലം,,,false,,false
Trunk / Stem,جِذْع,جذع,തടി / തണ്ട്,,,false,,false
Thorn,شَوْكَة,شوكة,മുള്ള്,,,false,,false
Forest,غَابَة,غابة,കാട്,,,false,,false
Garden / Park,حَدِيقَة / بُسْتَان,حديقة / بستان,തോട്ടം / പൂന്തോട്ടം,,,true,,false
Farm / Field,مَزْرَعَة,مزرعة,കൃഷിയിടം,,,false,,false
Palm Tree,نَخْلَة,نخلة,ഈന്തപ്പന,,,false,,false
Wheat,قَمْح,قمح,ഗോതമ്പ്,,,false,,false
Barley,شَعِير,شعير,ബാർലി,,,false,,false
Cotton,قُطْن,قطن,പരുത്തി,,,false,,false
Sky,سَمَاء,سماء,ആകാശം,,,false,,false
Sun,شَمْس,شمس,സൂര്യൻ,,,false,,false
Moon,قَمَر,قمر,ചന്ദ്രൻ,,,false,,false
Star,نَجْم,نجم,നക്ഷത്രം,,,false,,false
Cloud,سَحَاب / غَيْم,سحاب / غيم,മേഘം,,,true,,false
Rain,مَطَر,مطر,മഴ,,,false,,false
Wind / Air,رِيح / هَوَاء,ريح / هواء,കാറ്റ് / വായു,,,true,,false
Snow / Ice,ثَلْج,ثلج,മഞ്ഞ് / ഐസ്,,,false,,false
Sea / Ocean,بَحْر,بحر,കടൽ,,,false,,false
River,نَهْر,نهر,പുഴ / നദി,,,false,,false
Mountain,جَبَل,جبل,മല / പർവ്വതം,,,false,,false
Hill,تَلّ,تل,കുന്ന്,,,false,,false
Valley,وَادِي,وادي,താഴ്വര,,,false,,false
Desert,صَحْرَاء,صحراء,മരുഭൂമി,,,false,,false
Island,جَزِيرَة,جزيرة,ദ്വീപ്,,,false,,false
Fire,نَار,نار,തീ,,,false,,false
Dust,غُبَار / تُرَاب,غبار / تراب,പൊടി,,,true,,false
Light,نُور / ضَوْء,نور / ضوء,വെളിച്ചം,,,true,,false
Darkness,ظَلاَم / ظُلْمَة,ظلام / ظلمة,ഇരുട്ട്,,,true,,false
Wave,مَوْج,موج,തിരമാല,,,false,,false
To / Towards,إِلَى,الي,ലേക്ക് / വരെ,,,false,,false
From / Of,مِنْ,من,നിന്ന് / പാട്,,,false,,false
In / At,فِي,في,ഇൽ / ൽ,,,false,,false
On / Upon,عَلَى,علي,മേൽ / മുകളിൽ,,,false,,false
About / Away from,عَنْ,عن,കുറിച്ച് / ൽ നിന്ന്,,,false,,false
With / By (using),بِـ,ب,കൊണ്ട് / ഉപകരിച്ച്,,,false,,false
For / To (belonging),لِـ,ل,വേണ്ടി / ക്ക്,,,false,,false
Like / As,كَـ,ك,പോലെ,,,false,,false
Until / Even,حَتَّى,حتي,വരെ,,,false,,false
With / Together with,مَعَ,مع,കൂടെ / ഒപ്പം,,,false,,false
Before (time/space),قَبْلَ,قبل,മുമ്പ്,,,false,,false
After,بَعْدَ,بعد,ശേഷം / കഴിഞ്ഞ്,,,false,,false
Above / Over,فَوْقَ,فوق,മുകളിൽ,,,false,,false
Under / Below,تَحْتَ,تحت,താഴെ,,,false,,false
In front of,أَمَامَ,امام,മുമ്പിൽ,,,false,,false
Behind,وَرَاءَ / خَلْفَ,وراء / خلف,പിന്നിൽ,,,true,,false
Between,بَيْنَ,بين,ഇടയിൽ,,,false,,false
Beside / Next to,بِجَانِبِ / عِنْدَ,بجانب / عند,അടുത്ത് / വശത്ത്,,,true,,false
Around,حَوْلَ,حول,ചുറ്റും,,,false,,false
Inside,دَاخِلَ,داخل,അകത്ത്,,,false,,false
Outside,خَارِجَ,خارج,പുറത്ത്,,,false,,false
Yesterday,أَمْس,امس,ഇന്നലെ,,,false,,false
Today,اليَوْم,اليوم,ഇന്ന്,,,false,,false
Tomorrow,غَداً,غدا,നാളെ,,,false,,false
Day,يَوْم,يوم,പകൽ / ദിവസം,,,false,,false
Night,لَيْل / لَيْلَة,ليل / ليلة,രാത്രി,,,true,,false
Morning,صَبَاح,صباح,രാവിലെ,,,false,,false
Evening,مَسَاء,مساء,വൈകുന്നേരം,,,false,,false
Noon / Midday,ظُهْر,ظهر,ഉച്ച,,,false,,false
Afternoon,عَصْر,عصر,ഉച്ചയ്ക്ക് ശേഷം,,,false,,false
Dawn / Early Morning,فَجْر,فجر,പുലർച്ചെ,,,false,,false
Hour / Clock / Watch,سَاعَة,ساعة,മണിക്കൂർ / സമയം,,,false,,false
Minute,دَقِيقَة,دقيقة,മിനിറ്റ്,,,false,,false
Second,ثَانِيَة,ثانية,സെക്കൻഡ്,,,false,,false
Week,أُسْبُوع,اسبوع,ആഴ്ച,,,false,,false
Month,شَهْر,شهر,മാസം,,,false,,false
Year,سَنَة / عَام,سنة / عام,വർഷം / കൊല്ലം,,,true,,false
Sunday,الأَحَد,الاحد,ഞായർ,,,false,,false
Monday,الإِثْنَيْن,الاثنين,തിങ്കൾ,,,false,,false
Tuesday,الثُّلاَثَاء,الثلاثاء,ചൊവ്വ,,,false,,false
Wednesday,الأَرْبِعَاء,الاربعاء,ബുധൻ,,,false,,false
Thursday,الخَمِيس,الخميس,വ്യാഴം,,,false,,false
Friday,الجُمُعَة,الجمعة,വെള്ളി,,,false,,false
Saturday,السَّبْت,السبت,ശനി,,,false,,false
Now,الآنَ,الان,ഇപ്പോൾ,,,false,,false
Always,دَائِماً,دايما,എപ്പോഴും,,,false,,false
Sometimes,أَحْيَاناً,احيانا,ചിലപ്പോൾ,,,false,,false
Never,أَبَداً,ابدا,ഒരിക്കലുമില്ല,,,false,,false
Early,مُبَكِّراً,مبكرا,നേരത്തെ,,,false,,false
Late,مُتَأَخِّراً,متاخرا,വൈകി,,,false,,false
Shirt,قَمِيص,قميص,ഷർട്ട് / കുപ്പായം,,,false,,false
Pants / Trousers,بَنْنَطَلُون / سِرْوَال,بننطلون / سروال,പാന്റ്സ്,,,true,,false
Dress / Garment,ثَوْب / فُسْتَان,ثوب / فستان,വസ്ത്രം / ഉടുപ്പ്,,,true,,false
Coat / Jacket,مِعْطَف,معطف,കോട്ട് / ജാക്കറ്റ്,,,false,,false
Shoes,حِذَاء,حذاء,ഷൂസ് / ചെരുപ്പ്,,,false,,false
Socks,جَوْرَب,جورب,സോക്സ്,,,false,,false
Hat / Cap,قُبَّعَة,قبعة,തൊപ്പി,,,false,,false
Glasses,نَظَّارَة,نظارة,കണ്ണട,,,false,,false
Belt,حِزَام,حزام,ബെൽറ്റ്,,,false,,false
Ring,خَاتَم,خاتم,മോതിരം,,,false,,false
Watch / Clock,سَاعَة,ساعة,വാച്ച്,,,false,,false
Bag / Purse,حَقِيبَة,حقيبة,ബാഗ്,,,false,,false
Abaya / Cloak,عَبَاءَة,عباءة,അബായ / പരദ,,,false,,false
Scarf / Veil,حِجَاب / خِمَار,حجاب / خمار,തട്ടം / സ്കാർഫ്,,,true,,false
Happiness / Joy,فَرَح / سَعَادَة,فرح / سعادة,സന്തോഷം,,,true,,false
Sadness / Grief,حُزْن,حزن,സങ്കടം / ദുഃഖം,,,false,,false
Anger,غَضَب,غضب,ദേഷ്യം,,,false,,false
Fear,خَوْف,خوف,ഭയം / പേടി,,,false,,false
Love,حُبّ,حب,സ്നേഹം,,,false,,false
Hatred,كُرْه / بَغْضَاء,كره / بغضاء,വെറുപ്പ്,,,true,,false
Surprise / Wonder,تَعَجُّب / دَهْشَة,تعجب / دهشة,അത്ഭുതം,,,true,,false
Hope,أَمَل / رَجَاء,امل / رجاء,പ്രതീക്ഷ,,,true,,false
Despair,يَأْس,ياس,നിരാശ,,,false,,false
Peace / Safety,أَمْن / سَلاَم,امن / سلام,സമാധാനം / സുരക്ഷിതത്വം,,,true,,false
Shyme / Embarrassment,خَجَل / حَيَاء,خجل / حياء,ലജ്ജ / നാണം,,,true,,false
Jealousy / Envy,حَسَد / غَيْرَة,حسد / غيرة,അസൂയ,,,true,,false
Big / Large,كَبِير,كبير,വലിയ,,,false,,false
Small,صَغِير,صغير,ചെറിയ,,,false,,false
Long / Tall,طَوِيل,طويل,നീളമുള്ള / ഉയരമുള്ള,,,false,,false
Short,قَصِير,قصير,കുറിയ / നീളം കുറഞ്ഞ,,,false,,false
Heavy,ثَقِيل,ثقيل,ഭാരമുള്ള,,,false,,false
Light (weight),خَفِيف,خفيف,ഭാരം കുറഞ്ഞ,,,false,,false
New,جَدِيد,جديد,പുതിയ,,,false,,false
Old (not new),قَدِيم,قديم,പഴയ,,,false,,false
Good / Beautiful,جَمِيل / حَسَن,جميل / حسن,നല്ല / ഭംഗിയുള്ള,,,true,,false
Ugly / Bad,قَبِيح,قبيح,വികൃതമായ / മോശം,,,false,,false
Clean,نَظِيف,نظيف,വൃത്തിയുള്ള,,,false,,false
Dirty,وَسِخ / وَسِخَة,وسخ / وسخة,അഴുക്കായ,,,true,,false
Fast / Quick,سَرِيع,سريع,വേഗതയുള്ള,,,false,,false
Slow,بَطِيء,بطيء,മെല്ലെയുള്ള / പതുക്കെയുള്ള,,,false,,false
Hard / Difficult,صَعْب / شَدِيد,صعب / شديد,കഠിനമായ / പ്രയാസമുള്ള,,,true,,false
Easy,سَهْل,سهل,എളുപ്പമുള്ള,,,false,,false
Hot,حَارّ,حار,ചൂടുള്ള,,,false,,false
Cold,بَارِد,بارد,തണുത്ത,,,false,,false
Near / Close,قَرِيب,قريب,അടുത്തുള്ള,,,false,,false
Far / Distant,بَعِيد,بعيد,ദൂരെയുള്ള,,,false,,false
Rich,غَنِيّ,غني,ധനികനായ,,,false,,false
Poor,فَقِير,فقير,പാവപ്പെട്ട / ദരിദ്രനായ,,,false,,false
Strong,قَوِيّ,قوي,ശക്തനായ,,,false,,false
Weak,ضَعِيف,ضعيف,ബലഹീനനായ,,,false,,false
Happy,سَعِيد,سعيد,സന്തോഷമുള്ള,,,false,,false
Sad,حَزِين,حزين,വിഷമമുള്ള,,,false,,false
Wise / Intelligent,ذَكِيّ / حَكِيم,ذكي / حكيم,ബുദ്ധിമാനായ,,,true,,false
Stupid / Foolish,غَبِيّ / أَحْمَق,غبي / احمق,മണ്ടനായ,,,true,,false
True / Correct,صَحِيح / حَقّ,صحيح / حق,ശരിയായ / സത്യമായ,,,true,,false
False / Wrong,خَطَأ / بَاطِل,خطا / باطل,തെറ്റായ / വ്യാജമായ,,,true,,false
Quickly,بِسُرْعَة,بسرعة,വേഗത്തിൽ,,,false,,false
Slowly,بِبُطْء,ببطء,പതുക്കെ,,,false,,false
Very / Much,جِدّاً / كَثِيراً,جدا / كثيرا,വളരെ / വളരെയധികം,,,true,,false
A little,قَلِيلاً,قليلا,കുറച്ച്,,,false,,false
Well / Good,جَيِّداً,جيدا,നന്നായി,,,false,,false
Together,مَعاً,معا,ഒരുമിച്ച്,,,false,,false
Alone,وَحْدَهُ,وحده,ഒറ്റയ്ക്ക്,,,false,,false
Here,هُنَا,هنا,ഇവിടെ,,,false,,false
There,هُنَاكَ,هناك,അവിടെ,,,false,,false
Everywhere,فِي كُلِّ مَكَان,في كل مكان,എല്ലായിടത്തും,,,true,,false
House / Home,بَيْت / دَار,بيت / دار,വീട്,,,true,,false
Door,بَاب,باب,വാതിൽ,,,false,,false
Window,شُبَّاك / نَافِذَة,شباك / نافذة,ജനൽ,,,true,,false
Room,غُرْفَة,غرفة,മുറി,,,false,,false
Table,طَاوِلَة / مَكْتَب,طاولة / مكتب,മേശ,,,true,,false
Chair,كُرْسِيّ,كرسي,കസേര,,,false,,false
Bed,سَرِير,سرير,കട്ടിൽ / കിടക്ക,,,false,,false
Book,كِتَاب,كتاب,പുസ്തകം,,,false,,false
Pen / Pencil,قَلَم,قلم,പേന,,,false,,false
Paper,وَرَقَة,ورقة,പേപ്പർ / കടലാസ്,,,false,,false
Car,سَيَّارَة,سيارة,കാർ / വാഹനം,,,false,,false
Key,مِفْتَاح,مفتاح,താക്കോൽ,,,false,,false
Money,مَال / فُلُوس,مال / فلوس,പണം,,,true,,false
City / Town,مَدِينَة,مدينة,നഗരം,,,false,,false
Country / Land,بَلَد / دَوْلَة,بلد / دولة,രാജ്യം,,,true,,false
Street / Road,شَارِع / طَرِيق,شارع / طريق,റോഡ് / തെരുവ്,,,true,,false
School,مَدْرَسَة,مدرسة,സ്കൂൾ,,,false,,false
University,جَامِعَة,جامعة,സർവ്വകലാശാല,,,false,,false
Hospital,مُسْتَشْفَى,مستشفي,ആശുപത്രി,,,false,,false
Mosque,مَسْجِد,مسجد,പള്ളി / മസ്ജിദ്,,,false,,false
Market,سُوق,سوق,മാർക്കറ്റ് / ചന്ത,,,false,,false
To order / command,أَمَرَ,امر,കൽപ്പിക്കുക,,,false,,false
To take,أَخَذَ,اخذ,എടുക്കുക,,,false,,false
To eat,أَكَلَ,اكل,കഴിക്കുക,,,false,,false
To hope / wish,أَمَلَ,امل,ആഗ്രഹിക്കുക / പ്രതീക്ഷിക്കുക,,,false,,false
To come,أَتَى / جَاءَ,اتي / جاء,വരിക,,,true,,false
To write,كَتَبَ,كتب,എഴുതുക,,,false,,false
To read,قَرَأَ,قرا,വായിക്കുക,,,false,,false
To drink,شَرِبَ,شرب,കുടിക്കുക,,,false,,false
To go,ذَهَبَ,ذهب,പോവുക,,,false,,false
To see / look,رَأَى / نَظَرَ,راي / نظر,കാണുക / നോക്കുക,,,true,,false
To hear / listen,سَمِعَ,سمع,കേൾക്കുക,,,false,,false
To speak / talk,تَكَلَّمَ / قَالَ,تكلم / قال,സംസാരിക്കുക,,,true,,false
To sit,جَلَسَ,جلس,ഇരിക്കുക,,,false,,false
To stand / stop,وَقَفَ / قَامَ,وقف / قام,നിൽക്കുക,,,true,,false
To sleep,نَامَ,نام,ഉറങ്ങുക,,,false,,false
To wake up,إِسْتَيْقَظَ,استيقظ,ഉണരുക,,,false,,false
To walk,مَشَى,مشي,നടക്കുക,,,false,,false
To run,جَرَى / رَكَضَ,جري / ركض,ഓടുക,,,true,,false
To play,لَعِبَ,لعب,കളിക്കുക,,,false,,false
To work,عَمِلَ,عمل,ജോലി ചെയ്യുക,,,false,,false
To study / learn,دَرَسَ / تَعَلَّمَ,درس / تعلم,പഠിക്കുക,,,true,,false
To teach,عَلَّمَ / دَرَّسَ,علم / درس,പഠിപ്പിക്കുക,,,true,,false
To know,عَرَفَ / عَلِمَ,عرف / علم,അറിയുക,,,true,,false
To understand,فَهِمَ,فهم,മനസ്സിലാക്കുക,,,false,,false
To think / consider,فَكَّرَ,فكر,ചിന്തിക്കുക,,,false,,false
To want / desire,أَرَادَ,اراد,ആഗ്രഹിക്കുക,,,false,,false
To like / love,أَحَبَّ,احب,ഇഷ്ടപ്പെടുക / സ്നേഹിക്കുക,,,false,,false
To give,أَعْطَى,اعطي,നൽകുക / കൊടുക്കുക,,,false,,false
To open,فَتَحَ,فتح,തുറക്കുക,,,false,,false
To close,أَغْلَقَ,اغلق,അടയ്ക്കുക,,,false,,false
To buy,إِشْتَرَى,اشتري,വാങ്ങുക,,,false,,false
To sell,بَاعَ,باع,വില്ക്കുക,,,false,,false
To pay,دَفَعَ,دفع,പണം നൽകുക,,,false,,false
To enter,دَخَلَ,دخل,പ്രവേശിക്കുക,,,false,,false
To exit / leave,خَرَجَ,خرج,പുറത്തുകടക്കുക,,,false,,false
To return,رَجَعَ / عَادَ,رجع / عاد,മടങ്ങുക,,,true,,false
To travel,سَافَرَ,سافر,യാത്ര ചെയ്യുക,,,false,,false
To arrive,وَصَلَ,وصل,എത്തിച്ചേരുക,,,false,,false
To ask,سَأَلَ,سال,ചോദിക്കുക,,,false,,false
To answer,أَجَابَ,اجاب,മറുപടി നൽകുക,,,false,,false
To help,سَاعَدَ,ساعد,സഹായിക്കുക,,,false,,false
To make / do,فَعَلَ / صَنَعَ,فعل / صنع,ചെയ്യുക / ഉണ്ടാക്കുക,,,true,,false
To find,وَجَدَ,وجد,കണ്ടെത്തുക,,,false,,false
To lose,فَقَدَ,فقد,നഷ്ടപ്പെടുക,,,false,,false
To wash,غَسَلَ,غسل,കഴുകുക,,,false,,false
To cook,طَبَخَ,طبخ,പാചകം ചെയ്യുക,,,false,,false
To laugh,ضَحِكَ,ضحك,ചിരിക്കുക,,,false,,false
To cry,بَكَى,بكي,കരയുക,,,false,,false
To smile,تَبَسَّمَ,تبسم,പുഞ്ചിരിക്കുക,,,false,,false
To live / reside,سَكَنَ / عَاشَ,سكن / عاش,താമസിക്കുക / ജീവിക്കുക,,,true,,false
To die,مَاتَ,مات,മരിക്കുക,,,false,,false
To kill,قَتَلَ,قتل,കൊല്ലുക,,,false,,false
To hit / strike,ضَرَبَ,ضرب,അടിക്കുക,,,false,,false
To cut,قَطَعَ,قطع,മുറിക്കുക,,,false,,false
To carry,حَمَلَ,حمل,ചുമക്കുക / എടുക്കുക,,,false,,false
To put / place,وَضَعَ,وضع,വെക്കുക,,,false,,false
To throw,رَمَى,رمي,എറിയുക,,,false,,false
To catch / hold,مَسَكَ,مسك,പിടിക്കുക,,,false,,false
To pull,سَحَبَ,سحب,വലിക്കുക,,,false,,false
To push,دَفَعَ,دفع,തള്ളുക,,,false,,false
To change,غَيَّرَ,غير,മാറ്റുക,,,false,,false
To clean,نَظَّفَ,نظف,വൃത്തിയാക്കുക,,,false,,false
To wait,إِنْتَظَرَ,انتظر,കാത്തിരിക്കുക,,,false,,false
To forget,نَسِيَ,نسي,മറക്കുക,,,false,,false
To remember,تَذَكَّرَ,تذكر,ഓർക്കുക,,,false,,false
To try / attempt,حَاوَلَ,حاول,ശ്രമിക്കുക,,,false,,false
To succeed,نَجَحَ,نجح,വിജയിക്കുക,,,false,,false
To fail,فَشِلَ,فشل,പരാജയപ്പെടുക,,,false,,false
To start / begin,بَدَأَ,بدا,തുടങ്ങുക,,,false,,false
To finish / end,أَنِهَى / إِنْتَهَى,انهي / انتهي,അവസാനിപ്പിക്കുക,,,true,,false
To pray,صَلَّى / دَعَا,صلي / دعا,പ്രാർത്ഥിക്കുക / നമസ്കരിക്കുക,,,true,,false
To fast,صَامَ,صام,നോമ്പ് നോൽക്കുക,,,false,,false
To thank,شَكَرَ,شكر,നന്ദി പറയുക,,,false,,false
To praise,حَمِدَ,حمد,സ്തുതിക്കുക,,,false,,false
To worship,عَبَدَ,عبد,ആരാധിക്കുക,,,false,,false
To create,خَلَقَ,خلق,സൃഷ്ടിക്കുക,,,false,,false
To send,أَرْسَلَ,ارسل,അയക്കുക,,,false,,false
To receive / accept,إِسْتَلَمَ / قَبِلَ,استلم / قبل,സ്വീകരിക്കുക,,,true,,false
To show,أَرَى / أَظْهَرَ,اري / اظهر,കാണിച്ചുകൊടുക്കുക,,,true,,false
To explain,شَرَحَ / وَضَّحَ,شرح / وضح,വിശദീകരിക്കുക,,,true,,false
To promise,وَعَدَ,وعد,വാഗ്ദാനം ചെയ്യുക,,,false,,false
To fear / dread,خَافَ / خَشِيَ,خاف / خشي,ഭയപ്പെടുക,,,true,,false
To hope for,رَجَا,رجا,പ്രതീക്ഷിക്കുക,,,false,,false
To trust,وَثِقَ / آمَنَ,وثق / امن,വിശ്വസിക്കുക,,,true,,false
To lie,كَذَبَ,كذب,കള്ളം പറയുക,,,false,,false
To tell truth,صَدَقَ,صدق,സത്യം പറയുക,,,false,,false
To steal,سَرَقَ,سرق,മോഷ്ടിക്കുക,,,false,,false
To forgive,غَفَرَ / سَامَحَ,غفر / سامح,പൊറുക്കുക / മാപ്പ് നൽകുക,,,true,,false
To agree,وَافَقَ,وافق,സമ്മതിക്കുക,,,false,,false
To refuse,رَفَضَ,رفض,നിഷേധിക്കുക,,,false,,false
To choose,إِخْتَارَ,اختار,തിരഞ്ഞെടുക്കുക,,,false,,false
To decide,قَرَّرَ,قرر,തീരുമാനിക്കുക,,,false,,false
To grow / increase,نَمَا / زَادَ,نما / زاد,വളരുക / കൂടുക,,,true,,false
To decrease,قَلَّ / نَقَصَ,قل / نقص,കുറയുക,,,true,,false
To fall,سَقَطَ / وَقَعَ,سقط / وقع,വീഴുക,,,true,,false
To fly,طَارَ,طار,പറക്കുക,,,false,,false
To swim,سَبَحَ,سبح,നീന്തുക,,,false,,false
To drive,قَادَ / سَاقَ,قاد / ساق,ഓടിക്കുക (വാഹനം),,,true,,false
To ride,رَكِبَ,ركب,സവാരി ചെയ്യുക,,,false,,false
To wear,لَبِسَ,لبس,ധരിക്കുക,,,false,,false
To take off (clothing),خَلَعَ,خلع,അഴിച്ചുമാറ്റുക,,,false,,false
To touch,لَمَسَ,لمس,തൊടുക,,,false,,false
To smell,شَمَّ,شم,മണക്കുക,,,false,,false
To taste,ذَاقَ,ذاق,രുചിക്കുക,,,false,,false
To feel / sense,شَعَرَ / أَحَسَّ,شعر / احس,അനുഭവപ്പെടുക,,,true,,false
To suffer / pain,تَأَلَّمَ,تالم,വേദനിക്കുക,,,false,,false
To heal / cure,شَفَى,شفي,സുഖപ്പെടുക / സുഖപ്പെടുത്തുക,,,false,,false
To get sick,مَرِضَ,مرض,അസുഖം വരിക,,,false,,false
To rest,إِسْتَرَاحَ,استراح,വിശ്രമിക്കുക,,,false,,false
To sing,غَنَّى,غني,പാടുക,,,false,,false
To dance,رَقَصَ,رقص,നൃത്തം ചെയ്യുക,,,false,,false
To draw / paint,رَسَمَ,رسم,വരയ്ക്കുക,,,false,,false
To build / construct,بَنَى,بني,പണിയുക / നിർമ്മിക്കുക,,,false,,false
To destroy,دَمَّرَ / هَدَمَ,دمر / هدم,നശിപ്പിക്കുക,,,true,,false
To burn,حَرَقَ / إِحْتَرَقَ,حرق / احترق,കത്തുക / കത്തിക്കുക,,,true,,false
To break,كَسَرَ,كسر,പൊട്ടിക്കുക / ഉടയ്ക്കുക,,,false,,false
To repair / fix,صَلَّحَ / أَصْلَحَ,صلح / اصلح,നന്നാക്കുക,,,true,,false
To mix,خَلَطَ,خلط,കലർത്തുക,,,false,,false
To separate,فَصَلَ,فصل,വേർപെടുത്തുക,,,false,,false
To count,عَدَّ,عد,എണ്ണുക,,,false,,false
To measure,قَاسَ,قاس,അളക്കുക,,,false,,false
To weigh,وَزَنَ,وزن,തൂക്കുക,,,false,,false
To add,أَضَافَ,اضاف,കൂട്ടിച്ചേർക്കുക,,,false,,false
To subtract / deduct,طَرَحَ / خَصَمَ,طرح / خصم,കുറയ്ക്കുക,,,true,,false
To multiply,ضَرَبَ,ضرب,ഗുണിക്കുക,,,false,,false
To divide,قَسَمَ,قسم,വകുക്കുക / പങ്കിടുക,,,false,,false
To win,فَازَ / كَسَبَ,فاز / كسب,ജയിക്കുക,,,true,,false
To lose (game/money),خَسِرَ,خسر,തോൽക്കുക / നഷ്ടപ്പെടുക,,,false,,false
To spend (money),أَنْفَقَ / صَرَفَ,انفق / صرف,ചിലവഴിക്കുക,,,true,,false
To save (money/life),إِدَّخَرَ / أَنْقَذَ,ادخر / انقذ,സൂക്ഷിക്കുക / രക്ഷിക്കുക,,,true,,false
To waste,ضَيَّعَ / إِسْرَاف,ضيع / اسراف,പാഴാക്കുക,,,true,,false
To protect / guard,حَمَى / حَفِظَ,حمي / حفظ,സംരക്ഷിക്കുക,,,true,,false
To attack,هَجَمَ,هجم,ആക്രമിക്കുക,,,false,,false
To defend,دَافَعَ,دافع,പ്രതിരോധിക്കുക,,,false,,false
To hide,إِخْتَفَى / خَبَّأَ,اختفي / خبا,ഒളിക്കുക / മറയ്ക്കുക,,,true,,false
To search / look for,بَحَثَ / فَتَّشَ,بحث / فتش,തിരയുക / അന്വേഷിക്കുക,,,true,,false
To discover,إِكْتَشَفَ,اكتشف,കണ്ടെത്തുക / വെളിപ്പെടുത്തുക,,,false,,false
To collect / gather,جَمَعَ,جمع,ശേഖരിക്കുക / ഒരുമിച്ച് കൂട്ടുക,,,false,,false
To spread / scatter,نَشَرَ / نَثَرَ,نشر / نثر,പരത്തുക / വിതറുക,,,true,,false
To fill,مَلَأَ,ملا,നിറയ്ക്കുക,,,false,,false
To empty,أَفْرَغَ,افرغ,ശൂന്യമാക്കുക / ഒഴുക്കികളയുക,,,false,,false
To turn on / light,شَغَّلَ / أَشْعَلَ,شغل / اشعل,ഓൺ ചെയ്യുക / കത്തിക്കുക,,,true,,false
To turn off / extinguish,أَطْفَأَ,اطفا,ഓഫ് ചെയ്യുക / അണയ്ക്കുക,,,false,,false
To connect / link,رَبَطَ / وَصَلَ,ربط / وصل,ബന്ധിപ്പിക്കുക,,,true,,false
To disconnect / cut off,قَطَعَ / فَصَلَ,قطع / فصل,വിച്ഛേദിക്കുക,,,true,,false
To borrow,إِسْتَعَارَ / إِقْتَرَضَ,استعار / اقترض,കടം വാങ്ങുക,,,true,,false
To lend,أَعَارَ / أَقْرَضَ,اعار / اقرض,കടം കൊടുക്കുക,,,true,,false
To invite,دَعَا / عَزَمَ,دعا / عزم,ക്ഷണിക്കുക,,,true,,false
To welcome,رَحَّبَ,رحب,സ്വീകരിക്കുക / സ്വാഗതം ചെയ്യുക,,,false,,false
To visit,زَارَ,زار,സന്ദർശിക്കുക,,,false,,false
To meet,الْتَقَى / قَابَلَ,التقي / قابل,കണ്ടുമുട്ടുക,,,true,,false
To accompany,رَافَقَ,رافق,കൂടെപ്പോവുക,,,false,,false
To leave behind / abandon,تَرَكَ,ترك,ഉപേക്ഷിച്ച് പോവുക,,,false,,false
To stay / remain,بَقِيَ / المَكْث,بقي / المكث,നിലനിൽക്കുക / തുടരുക,,,true,,false
To become,أَصْبَحَ / صَارَ,اصبح / صار,ആയിത്തീരുക,,,true,,false
To continue,إِسْتَمَرَّ,استمر,തുടരുക,,,false,,false
To stop / cease,تَوَقَّفَ / إِنْتَهَى,توقف / انتهي,അവസാനിക്കുക / നിർത്തുക,,,true,,false
To repeat,كَرَّرَ / أَعَادَ,كرر / اعاد,ആവർത്തിക്കുക,,,true,,false
To practice / exercise,مَارَسَ / تَدَرَّبَ,مارس / تدرب,പരിശീലിക്കുക,,,true,,false
To prepare / get ready,إِسْتَعَدَّ / جَهَّزَ,استعد / جهز,തയ്യാറാകുക / ഒരുക്കുക,,,true,,false
To organize / arrange,نَظَّمَ / رَتَّبَ,نظم / رتب,ക്രമീകരിക്കുക,,,true,,false
To plan,خَطَّطَ,خطط,അസൂത്രണം ചെയ്യുക,,,false,,false
To control / rule,سَيْطَرَ / حَكَمَ,سيطر / حكم,നിയന്ത്രിക്കുക / ഭരണ നടത്തുക,,,true,,false
To obey,أَطَاعَ,اطاع,അനുസരിക്കുക,,,false,,false
To disobey,عَصَى,عصي,അനുസരിക്കാതിരിക്കുക,,,false,,false
To warn,حَذَّرَ / أَنْذَرَ,حذر / انذر,താക്കീതു നൽകുക,,,true,,false
To advise,نَصَحَ,نصح,ഉപദേശിക്കുക,,,false,,false
To suggest,إِقْتَرَحَ,اقترح,നിർദ്ദേശിക്കുക,,,false,,false
To agree upon,إِتَّفَقَ,اتفق,ഒത്തുതീർപ്പിലെത്തുക,,,false,,false
To argue / dispute,جَادَلَ / نَازَعَ,جادل / نازع,തർക്കിക്കുക,,,true,,false
To fight / war,حَارَبَ / قَاتَلَ,حارب / قاتل,യുദ്ധം ചെയ്യുക / പോരാടുക,,,true,,false
To surrender,إِسْتَسْلَمَ,استسلم,കീഴടങ്ങുക,,,false,,false
To escape / flee,هَرَبَ / فَرَّ,هرب / فر,രക്ഷപ്പെടുക / ഓടിപ്പോവുക,,,true,,false
To hide oneself,إِخْتَبَأَ,اختبا,ഒളിച്ചിരിക്കുക,,,false,,false
To show off,تَفَاخَرَ,تفاخر,പ്രദർശിപ്പിക്കുക / പ്രശംസിക്കുക,,,false,,false
To pretend,تَظَاهَرَ,تظاهر,അഭിനയിക്കുക / നടിക്കുക,,,false,,false
To imagine,تَخَيَّلَ,تخيل,സങ്കൽപ്പിക്കുക,,,false,,false
To dream,حَلَمَ,حلم,സ്വപ്നം കാണുക,,,false,,false
To suffer / endure,صَبَرَ / تَحَمَّلَ,صبر / تحمل,സഹിക്കുക,,,true,,false
To complain,شَكَا,شكا,പരാതി പറയുക,,,false,,false
To blame,لاَمَ,لام,കുറ്റപ്പെടുത്തുക,,,false,,false
To criticize,نَقَدَ,نقد,വിമർശിക്കുക,,,false,,false
To encourage,شَجَّعَ,شجع,പ്രോത്സാഹിപ്പിക്കുക,,,false,,false
To support,دَعَمَ / سَانَدَ,دعم / ساند,പിന്തുണയ്ക്കുക,,,true,,false
To respect,إِحْتَرَمَ,احترم,ബഹുമാനിക്കുക,,,false,,false
To insult,أَهَانَ / شَتَمَ,اهان / شتم,അപമാനിക്കുക,,,true,,false
To honor,كَرَّمَ,كرم,ആദരിക്കുക,,,false,,false
To reward,كَافَأَ,كافا,സമ്മാനം നൽകുക,,,false,,false
To punish,عَاقَبَ,عاقب,ശിക്ഷിക്കുക,,,false,,false
To warn / alert,نَبَّهَ,نبه,ശ്രദ്ധയിൽപ്പെടുത്തുക,,,false,,false
To surprise,فَاجَأَ,فاجا,അത്ഭുതപ്പെടുത്തുക,,,false,,false
To confuse,أَرْبَكَ / حَيَّرَ,اربك / حير,ആശയക്കുഴപ്പത്തിലാക്കുക,,,true,,false
To convince,أَقْنَعَ,اقنع,ബോധ്യപ്പെടുത്തുക,,,false,,false
To force / compel,أَجْبَرَ / إِكْرَاه,اجبر / اكراه,നിർബന്ധിക്കുക,,,true,,false
To permit / allow,سَمَحَ / أَذِنَ,سمح / اذن,അനുവദിക്കുക,,,true,,false
To prevent / forbid,مَنَعَ / حَرَّمَ,منع / حرم,തടയുക / വിലക്കുക,,,true,,false
To order / request,طَلَبَ,طلب,ആവശ്യപ്പെടുക,,,false,,false
To offer / present,قَدَّمَ / عَرَضَ,قدم / عرض,സമർപ്പിക്കുക / നൽകുക,,,true,,false
To accept / agree,قَبِلَ,قبل,സ്വീകരിക്കുക,,,false,,false
To reject,رَفَضَ / رَدَّ,رفض / رد,തള്ളിക്കളയുക,,,true,,false
To prove,أَثْبَتَ,اثبت,തെളിയിക്കുക,,,false,,false
To deny,أَنْكَرَ / نَفَى,انكر / نفي,നിഷേധിക്കുക,,,true,,false
To doubt,شَكَّ,شك,സംശയിക്കുക,,,false,,false
To suspect,إِشْتَبَهَ,اشتبه,സംശയം തോന്നുക,,,false,,false
To confirm,أَكَّدَ,اكد,ഉറപ്പുവരുത്തുക,,,false,,false
To guarantee,ضَمِنَ,ضمن,ഉറപ്പുനൽകുക,,,false,,false
To fulfill / perform,أَدَّى / وَفَّى,ادي / وفي,പൂർത്തിയാക്കുക,,,true,,false
To break (a promise),خَلَفَ / نَقَضَ,خلف / نقض,ലംഘിക്കുക,,,true,,false
To betray,خَانَ,خان,വഞ്ചിക്കുക,,,false,,false
To deceive / cheat,خَدَعَ / غَشَّ,خدع / غش,വഞ്ചിക്കുക / പറ്റിക്കുക,,,true,,false
To protect / defend,حَرَسَ / حَفِظَ,حرس / حفظ,കാത്തുസൂക്ഷിക്കുക,,,true,,false
To rescue / save,أَنْقَذَ / نَجَّى,انقذ / نجي,രക്ഷപ്പെടുത്തുക,,,true,,false
To warn / caution,أَنْذَرَ,انذر,മുന്നറിയിപ്പ് നൽകുക,,,false,,false
To guide / direct,هَدَى / أرْشَدَ,هدي / ارشد,വഴികാട്ടുക,,,true,,false
To lead / conduct,قَادَ,قاد,നയിക്കുക,,,false,,false
To follow,تَبِعَ / إِتَّبَعَ,تبع / اتبع,പിന്തുടരുക,,,true,,false
To accompany,صَاحَبَ,صاحب,ഒപ്പം പോവുക,,,false,,false
To avoid / shun,تَجَنَّبَ / إِبْتَعَدَ,تجنب / ابتعد,ഒഴിവാക്കുക,,,true,,false
To escape from,نَجَا,نجا,തപ്പിയോടുക / രക്ഷപ്പെടുക,,,false,,false
To hide (something),أَخْفَى,اخفي,മറച്ചുവെക്കുക,,,false,,false
To reveal / uncover,كَشَفَ / أَعْلَنَ,كشف / اعلن,വെളിപ്പെടുത്തുക,,,true,,false
To express,عَبَّرَ,عبر,പ്രകടിപ്പിക്കുക,,,false,,false
To announce,أَعْلَنَ,اعلن,പ്രഖ്യാപിക്കുക,,,false,,false
To publish,نَشَرَ,نشر,പ്രസിദ്ധീകരിക്കുക,,,false,,false
To record / register,سَجَّلَ,سجل,രേഖപ്പെടുത്തുക,,,false,,false
To sign (signature),وَقَّعَ,وقع,ഒപ്പുവെക്കുക,,,false,,false
To print,طَبَعَ,طبع,അച്ചടിക്കുക,,,false,,false
To copy / duplicate,نَسَخَ,نسخ,പകർത്തിയെഴുതുക,,,false,,false
To erase / wipe,مَحَا / مَسَحَ,محا / مسح,മായ്ച്ചുകളയുക,,,true,,false
To correct / fix,صَحَّحَ,صحح,തിരുത്തുക,,,false,,false
To translate,تَرْجَمَ,ترجم,തർജ്ജമ ചെയ്യുക,,,false,,false
To summarize,لَخَّصَ,لخص,ചുരുക്കി എഴുതുക,,,false,,false
To analyze,حَلَّلَ,حلل,വിശകലനം ചെയ്യുക,,,false,,false
To calculate,حَسَبَ,حسب,കണക്കുകൂട്ടുക,,,false,,false
To count / estimate,قَدَّرَ,قدر,എണ്ണുക / അനുമാനിക്കുക,,,false,,false
To weigh (options/items),وَزَنَ,وزن,തൂക്കി നോക്കുക,,,false,,false
To measure (length/size),قَاسَ,قاس,അളന്നുനോക്കുക,,,false,,false
To compare,قَارَنَ,قارن,താരതമ്യം ചെയ്യുക,,,false,,false
To differentiate,مَيَّزَ / فَرَّقَ,ميز / فرق,വേർതിരിച്ചറിയുക,,,true,,false
To connect / attach,وَصَلَ / أَرْفَقَ,وصل / ارفق,ബന്ധിപ്പിക്കുക,,,true,,false
To combine / join,دَمَجَ / جَمَعَ,دمج / جمع,തുന്നിച്ചേർക്കുക / കൂട്ടിച്ചേർക്കുക,,,true,,false
To divide / split,قَسَّمَ / جَزَّأَ,قسم / جزا,ഭാഗിക്കുക,,,true,,false
To multiply / double,ضَاعَفَ,ضاعف,ഇരട്ടിയാക്കുക,,,false,,false
To reduce / limit,حَدَّ / قَلَّلَ,حد / قلل,പരിമിതപ്പെടുത്തുക,,,true,,false
To expand / widen,وَسَّعَ / مَدَّ,وسع / مد,വികസിപ്പിക്കുക,,,true,,false
To stretch / extend,مَدَّ / بَسَطَ,مد / بسط,നീട്ടുക,,,true,,false
To bend / fold,طَوَى / ثَنَى,طوي / ثني,മടക്കുക / വളയ്ക്കുക,,,true,,false
To break / fracture,كَسَرَ,كسر,ഒടിക്കുക,,,false,,false
To tear / rip,مَزَّقَ,مزق,കീറുക,,,false,,false
To cut / chop,قَطَّعَ,قطع,കഷ്ണങ്ങളാക്കുക,,,false,,false
To grind / crush,طَحَنَ / سَحَقَ,طحن / سحق,പൊടിക്കുക,,,true,,false
To squeeze / press,عَصَرَ,عصر,പിഴിയുക,,,false,,false
To melt / dissolve,ذَابَ / أَذَابَ,ذاب / اذاب,അലിയിക്കുക / ഉരുകുക,,,true,,false
To freeze / solidify,تَجَمَّدَ,تجمد,ഉറയുക / മരവിക്കുക,,,false,,false
To boil / cook,غَلَى,غلي,തിളപ്പിക്കുക,,,false,,false
To fry,قَلَى,قلي,വറുക്കുക,,,false,,false
To bake,خَبَزَ,خبز,ചുടുക (റൊട്ടി മുതലായവ),,,false,,false
To roast / grill,شَوَى,شوي,ചുടുക (ഇറച്ചി മുതലായവ),,,false,,false
To pour,صَبَّ / سَكَبَ,صب / سكب,ഒഴിക്കുക,,,true,,false
To fill up,مَلَأَ,ملا,നിറച്ചു വെക്കുക,,,false,,false
To spill / leak,سَكَبَ / تَسَرَّبَ,سكب / تسرب,ചീറ്റുക / ഒഴുകിപ്പോവുക,,,true,,false
To dry / wipe dry,جَفَّفَ / نَشَّفَ,جفف / نشف,ഉണക്കുക,,,true,,false
To wet / moisten,بَلَّلَ,بلل,നനയ്ക്കുക,,,false,,false
To clean / scrub,مَسَحَ / نَظَّفَ,مسح / نظف,തുടച്ചു വൃത്തിയാക്കുക,,,true,,false
To sweep / vacuum,كَنَسَ,كنس,അടിച്ചുവാരുക,,,false,,false
To wash (clothes),غَسَلَ,غسل,അലക്കുക,,,false,,false
To iron (clothes),كَوَى,كوي,ഇസ്തിരി ഇടുക,,,false,,false
To sew / stitch,خَاطَ,خاط,തുന്നുക,,,false,,false
To tie / bind,رَبَطَ,ربط,കെട്ടുക,,,false,,false
To untie / loosen,فَكَّ / حَلَّ,فك / حل,അഴിക്കുക,,,true,,false
To hang / suspend,عَلَّقَ,علق,തൂക്കിയിടുക,,,false,,false
To lift / raise,رَفَعَ,رفع,ഉയർത്തുക,,,false,,false
To lower / drop,خَفَضَ / أَنْزَلَ,خفض / انزل,താഴ്ത്തുക,,,true,,false
To push / shove,دَفَعَ,دفع,തള്ളിമാറ്റുക,,,false,,false
To pull / drag,سَحَبَ / جَرَّ,سحب / جر,വലിച്ചുകൊണ്ടുപോവുക,,,true,,false
To carry / transport,نَقَلَ / حَمَلَ,نقل / حمل,ചുമന്നുകൊണ്ടുപോവുക,,,true,,false
To drop / let fall,أَسْقَطَ / أَوْقَعَ,اسقط / اوقع,താഴെയിടുക,,,true,,false
To throw away / discard,رَمَى / أَلْقَى,رمي / القي,എറിഞ്ഞുകളയുക,,,true,,false
To catch (ball/object),إِلْتَقَطَ / مَسَكَ,التقط / مسك,പിടിച്ചെടുക്കുക,,,true,,false
To hold / store,إِحْتَفَظَ / مَسَكَ,احتفظ / مسك,കൈവശം വെക്കുക,,,true,,false
To release / free,أَطْلَقَ / حَرَّرَ,اطلق / حرر,സ്വതന്ത്രമാക്കുക / വിട്ടയക്കുക,,,true,,false
To trap / catch,صَادَ / اِحْتَجَزَ,صاد / احتجز,കെണിയിൽപ്പെടുത്തുക,,,true,,false
To lock,قَفَلَ / أَغْلَقَ,قفل / اغلق,പൂട്ടുക,,,true,,false
To unlock,فَتَحَ,فتح,തുറക്കുക (പൂട്ട്),,,false,,false
To turn / rotate,أَدَارَ / دَارَ,ادار / دار,തിരിക്കുക / കറങ്ങുക,,,true,,false
To move / shift,حَرَّكَ / تَحَرَّكَ,حرك / تحرك,ചലിപ്പിക്കുക / നീങ്ങുക,,,true,,false
To stop / freeze,تَوَقَّفَ / ثَبَتَ,توقف / ثبت,നിശ്ചലമാകുക,,,true,,false
To bend down / bow,إِنْحَنَى / رَكَعَ,انحني / ركع,കുനിയുക / കുമ്പിടുക,,,true,,false
To kneel,جَثَا / جَلَسَ عَلَى رُكْبَتَيْهِ,جثا / جلس علي ركبتيه,മുട്ടുകുത്തുക,,,true,,false
To lie down / recline,إِسْتَلْقَى / اِضْطَجَعَ,استلقي / اضطجع,കിടക്കുക / ചരിഞ്ഞുകിടക്കുക,,,true,,false
To jump / leap,قَفَزَ,قفز,ചാടുക,,,false,,false
To climb / ascend,صَعِدَ / تسَلَّقَ,صعد / تسلق,കയറുക,,,true,,false
To descend / go down,نَزَلَ,نزل,ഇറങ്ങുക,,,false,,false
To slip / slide,إِنْزَلَقَ,انزلق,വഴുതിവീഴുക,,,false,,false
To stumble / trip,تَعَثَّرَ,تعثر,തട്ടി വീഴുക,,,false,,false
To bleed,نَزَفَ,نزف,രക്തം വരിക,,,false,,false
To swell / puff up,إِنْتَفَخَ / وَرِمَ,انتفخ / ورم,വീർക്കുക,,,true,,false
To breathe,تَنَفَّسَ,تنفس,ശ്വാസമെടുക്കുക,,,false,,false
To cough,سَعَلَ,سعل,ചുമയ്ക്കുക,,,false,,false
To sneeze,عَطَسَ,عطس,തുമ്മുക,,,false,,false
To yawn,تَثَاءَبَ,تثاءب,ഹാംബിക്കുക / കൊട്ടുവായ വിടുക,,,false,,false
To sweat / perspire,عَرِقَ,عرق,വിയർക്കുക,,,false,,false
To shiver / tremble,إِرْتَجَفَ / ارْتَعَدَ,ارتجف / ارتعد,വിറയ്ക്കുക,,,true,,false
To faint / pass out,أُغْمِيَ عَلَيْهِ,اغمي عليه,ബോധക്ഷയം വരിക,,,true,,false
To recover / get well,تَعَافَى / شُفِيَ,تعافي / شفي,സുഖം പ്രാപിക്കുക,,,true,,false
To bleed to death,نَزَفَ حَتَّى المَوْت,نزف حتي الموت,രക്തം വാർന്ന് മരിക്കുക,,,true,,false
To choke / suffocate,إِخْتَنَقَ,اختنق,ശ്വാസം മുട്ടുക,,,false,,false
To drown,غَرِقَ,غرق,മുങ്ങിമരിക്കുക,,,false,,false
To burn / get burned,إِحْتَرَقَ,احترق,പൊള്ളലേൽക്കുക,,,false,,false
To injure / wound,جَرَحَ / أَصَابَ,جرح / اصاب,പരിക്കേൽപ്പിക്കുക,,,true,,false
To cure / treat,عَالَجَ,عالج,ചികിത്സിക്കുക,,,false,,false
To operate (surgery),أَجْرَى عَمَلِيَّة,اجري عملية,ശസ്ത്രക്രിയ ചെയ്യുക,,,true,,false
To examine (doctor),فَحَصَ,فحص,പരിശോധിക്കുക,,,false,,false
To prescribe (medicine),وَصَفَ دَوَاءً,وصف دواء,മരുന്ന് കുറിക്കുക,,,true,,false
To swallow,بَلَعَ,بلع,വിഴുങ്ങുക,,,false,,false
To chew,مَضَغَ,مضغ,ചവയ്ക്കുക,,,false,,false
To bite,عَضَّ,عض,കടിക്കുക,,,false,,false
To lick,لَعِقَ,لعق,നക്കുക,,,false,,false
To spit,بَصَقَ,بصق,തുപ്പുക,,,false,,false
To blow (wind/mouth),نَفَخَ,نفخ,ഊതുക,,,false,,false
To whistle,صَفَّرَ,صفر,വിസില്‍ അടിക്കുക,,,false,,false
To shout / scream,صَرَخَ / صَاحَ,صرخ / صاح,നിലവിളിക്കുക / ബഹളം വെക്കുക,,,true,,false
To whisper,هَمَسَ,همس,രഹസ്യം പറയുക / മന്ത്രിക്കുക,,,false,,false
To call out / summon,نَادَى / دَعَا,نادي / دعا,വിളിക്കുക,,,true,,false
To name / call,سَمَّى,سمي,പേരിടുക,,,false,,false
To greet,سَلَّمَ / حَيَّا,سلم / حيا,അഭിവാദ്യം ചെയ്യുക,,,true,,false
To wave (hand),لَوَّحَ,لوح,കൈവീശുക,,,false,,false
To point at,أَشَارَ إِلَى,اشار الي,ചൂണ്ടിക്കാണിക്കുക,,,true,,false
To nod (head),أَوْمَأَ / هَزَّ رَأْسَهُ,اوما / هز راسه,തലയാട്ടുക,,,true,,false
To shake hands,صَافَحَ,صافح,ഹസ്തദാനം ചെയ്യുക,,,false,,false
To hug / embrace,عَانَقَ / حَضَنَ,عانق / حضن,ആലിംഗനം ചെയ്യുക,,,true,,false
To kiss,قَبَّلَ,قبل,ചുംബിക്കുക,,,false,,false
To hit / strike gently,طَرَقَ / لَمَسَ,طرق / لمس,തട്ടുക / മുട്ടുക,,,true,,false
To knock (door),طَرَقَ البَابَ,طرق الباب,മുട്ടുക (വാതിലിൽ),,,true,,false
To ring (bell/phone),رَنَّ / جَرَسَ,رن / جرس,മണി അടിക്കുക / ബെൽ അടിക്കുക,,,true,,false
To applaud / clap,صَفَّقَ,صفق,കൈയടിക്കുക,,,false,,false
To snap (fingers),فَرْقَعَ أَصَابِعَهُ,فرقع اصابعه,വിരൽ ഞൊടിക്കുക,,,true,,false
To scratch,حَكَّ / خَدَشَ,حك / خدش,ചൊറിയുക,,,true,,false
To rub,دَلَكَ / مَسَحَ,دلك / مسح,ഉരസുക / തിരുമ്മുക,,,true,,false
To squeeze / pinch,قرَصَ,قرص,നുള്ളുക,,,false,,false
To tickle,دَغْدَغَ,دغدغ,കിചുകിചാക്കുക,,,false,,false
To comfort / console,وَاسَى / هَدَّأَ,واسي / هدا,ആശ്വസിപ്പിക്കുക,,,true,,false
To disturb / annoy,أَزْعَجَ / ضَايَقَ,ازعج / ضايق,ശല്യപ്പെടുത്തുക,,,true,,false
To frighten / scare,أَخَافَ / رَوَّعَ,اخاف / روع,ഭയപ്പെടുത്തുക,,,true,,false
To calm down,هَدَأَ,هدا,ശാന്തനാകുക,,,false,,false
To relax,إِسْتَرْخَى,استرخي,ആശ്വാസം കൊള്ളുക,,,false,,false
To worry,قَلِقَ,قلق,ആകുലപ്പെടുക,,,false,,false
To regret,نَدِمَ,ندم,ഖേദിക്കുക,,,false,,false
To feel ashamed,خَجِلَ / إِسْتَحْيَا,خجل / استحيا,നാണിക്കുക / ലജ്ജിക്കുക,,,true,,false
To envy,حَسَدَ,حسد,അസൂയപ്പെടുക,,,false,,false
To admire,أُعْجِبَ بِـ,اعجب ب,അത്ഭുതപ്പെടുക / പ്രശംസിക്കുക,,,true,,false
To respect highly,إِجَلَّ / كَرَّمَ,اجل / كرم,വളരെയധികം ബഹുമാനിക്കുക,,,true,,false
To despise / hate,إِحْتَقَرَ / كَرِهَ,احتقر / كره,വെറുക്കുക / നിന്ദിക്കുക,,,true,,false
To ignore / neglect,تَجَاهَلَ / أَهْمَلَ,تجاهل / اهمل,അവഗണിക്കുക,,,true,,false
To notice / observe,لاَحَظَ / لاَحَظَ,لاحظ / لاحظ,ശ്രദ്ധിക്കുക / നിരീക്ഷിക്കുക,,,true,,false
To pay attention,إِنْتَبَهَ / إِهْتَمَّ,انتبه / اهتم,ശ്രദ്ധ കൊടുക്കുക,,,true,,false
To concentrate,رَكَّزَ,ركز,ശ്രദ്ധ കേന്ദ്രീകരിക്കുക,,,false,,false
To memorize,حَفِظَ,حفظ,മനഃപാഠമാക്കുക,,,false,,false
To remind,ذَكَّرَ,ذكر,ഓർമ്മിപ്പിക്കുക,,,false,,false
To recognize,تَعَرَّفَ عَلَى,تعرف علي,തിരിച്ചറിയുക,,,true,,false
To realize,أَدْرَكَ,ادرك,തിരിച്ചറിയുക / മനസ്സിലാക്കുക,,,false,,false
To assume / suppose,إِفْتَرَضَ / ظَنَّ,افترض / ظن,വിചാരിക്കുക / ഊഹിക്കുക,,,true,,false
To guess,خَمَّنَ,خمن,ഊഹിച്ചു പറയുക,,,false,,false
To expect,تَوَقَّعَ,توقع,പ്രതീക്ഷിക്കുക,,,false,,false
To believe (think),إِعْتَقَدَ / ظَنَّ,اعتقد / ظن,വിശ്വസിക്കുക / കരുതുക,,,true,,false
To doubt / question,إِشْتَبَهَ / شَكَّ,اشتبه / شك,സംശയിക്കുക,,,true,,false
To prefer,فَضَّلَ,فضل,മുൻഗണന നൽകുക / ഇഷ്ടപ്പെടുക,,,false,,false
To insist,أَصَرَّ,اصر,വാശിപിടിക്കുക / നിർബന്ധിക്കുക,,,false,,false
To hesitate,تَرَدَّدَ,تردد,മടിക്കുക / സംശയിച്ചു നിൽക്കുക,,,false,,false
To intend / plan,نَوَى / قَصَدَ,نوي / قصد,ഉദ്ദേശിക്കുക,,,true,,false
To mean / signify,عَنَى / قَصَدَ,عني / قصد,ഉദ്ദേശിക്കുക / അർത്ഥമാക്കുക,,,true,,false
To require / need,إِحْتَاجَ / إِكْتَفَى,احتاج / اكتفي,ആവശ്യമായി വരിക,,,true,,false
To suit / fit,نَاسَبَ / لاَءَمَ,ناسب / لاءم,അനുയോജ്യമാകുക,,,true,,false
To depend on,إِعْتَمَدَ عَلَى,اعتمد علي,ആശ്രയിക്കുക,,,true,,false
To belong to,إِنْتَمَى إِلَى / يَعُودُ لِـ,انتمي الي / يعود ل,ഉടമസ്ഥതയിലായിരിക്കുക,,,true,,false
To seem / appear,بَدَا / ظَهَرَ,بدا / ظهر,തോന്നിക്കുക / കാണപ്പെടുക,,,true,,false
To disappear,إِخْتَفَى / غَابَ,اختفي / غاب,അപ്രത്യക്ഷമാകുക,,,true,,false
To happen / occur,حَدَثَ / جَرَى,حدث / جري,സംഭവിക്കുക,,,true,,false
To cause,سَبَّبَ / أَثَارَ,سبب / اثار,കാരണമാകുക,,,true,,false
To result in,أَدَّى إِلَى / نَتَجَ عَنْ,ادي الي / نتج عن,ഫലമായി തീരുക,,,true,,false
To affect / influence,أَثَّرَ عَلَى,اثر علي,സ്വധീനിക്കുക / ബാധിക്കുക,,,true,,false
To change / alter,غَيَّرَ / عَدَّلَ,غير / عدل,മാറ്റം വരുത്തുക,,,true,,false
To adapt / adjust,تَكَيَّفَ / تَعَوَّدَ,تكيف / تعود,ഇണങ്ങിപ്പോവുക,,,true,,false
To improve,تَحَسَّنَ / طَوَّرَ,تحسن / طور,മെച്ചപ്പെടുക,,,true,,false
To worsen,سَاءَ / تَدَهْوَرَ,ساء / تدهور,മോശമാകുക,,,true,,false
To develop,طَوَّرَ / نَمَّى,طور / نمي,വികസിപ്പിക്കുക,,,true,,false
To maintain / keep,حَافَظَ عَلَى,حافظ علي,നിലനിർത്തുക,,,true,,false
To protect / save,صَانَ / حَمَى,صان / حمي,സംരക്ഷിച്ചു നിർത്തുത,,,true,,false
To damage / spoil,أَتْلَفَ / أَفْسَدَ,اتلف / افسد,കേടുവരുത്തുക,,,true,,false
To ruin / destroy completely,دَمَّرَ بِالكَالِ,دمر بالكال,പാടെ നശിപ്പിക്കുക,,,true,,false
To construct / erect,أَقَامَ / شَيَّدَ,اقام / شيد,നിർമ്മിക്കുക,,,true,,false
To establish / found,أَسَّسَ / أَنْشَأَ,اسس / انشا,സ്ഥാപിക്കുക,,,true,,false
To design,صَمَّمَ,صمم,രൂപകൽപ്പന ചെയ്യുക,,,false,,false
To invent,إِخْتَرَعَ,اخترع,കണ്ടുപിടിക്കുക,,,false,,false
To create / make,صَنَعَ / ابْتَكَرَ,صنع / ابتكر,ഉണ്ടാക്കുക,,,true,,false
To produce,أَنْتَجَ,انتج,ഉൽപ്പാദിപ്പിക്കുക,,,false,,false
To supply / provide,زَوَّدَ / أَمَدَّ,زود / امد,നൽകുക / വിതരണം ചെയ്യുക,,,true,,false
To serve,خَدَمَ,خدم,സേവനം ചെയ്യുക,,,false,,false
To manage / run,أَدَارَ / إِدارَة,ادار / ادارة,നിയന്ത്രിക്കുക / നടത്തുക,,,true,,false
To direct / guide,وَجَّهَ / أَرْشَدَ,وجه / ارشد,മാർഗ്ഗനിർദ്ദേശം നൽകുക,,,true,,false
To supervise / oversee,أَشْرَفَ عَلَى,اشرف علي,മേൽനോട്ടം വഹിക്കുക,,,true,,false
To assign / appoint,عَيَّنَ / كَلَّفَ,عين / كلف,ചുമതലപ്പെടുത്തുക / നിയമിക്കുക,,,true,,false
To hire / employ,وَظَّفَ / إِسْتَأْجَرَ,وظف / استاجر,ജോലിക്ക് എടുക്കുക,,,true,,false
To fire / dismiss,فَصَلَ / طَرَدَ,فصل / طرد,പിരിച്ചുവിടുക,,,true,,false
To resign,إِسْتَقَالَ,استقال,രാജി വെക്കുക,,,false,,false
To retire,تَقَاعَدَ,تقاعد,വിരമിക്കുക,,,false,,false
To earn (money/respect),كَسَبَ / إِكْتَسَبَ,كسب / اكتسب,സമ്പാദിക്കുക,,,true,,false
To win (prize/competition),فَازَ بِـ / نَالَ,فاز ب / نال,നേടുക / ജയിക്കുക,,,true,,false
To lose (game/opportunity),خَسِرَ / ضَاعَ,خسر / ضاع,കൈവിട്ടുപോവുക,,,true,,false
To invest,إِسْتَثْمَرَ,استثمر,നിക്ഷേപിക്കുക,,,false,,false
To profit / gain,رَبِحَ,ربح,ലാഭം നേടുക,,,false,,false
To suffer a loss,خَسِرَ,خسر,നഷ്ടം സംഭവിക്കുക,,,false,,false
To trade / deal,تَاجَرَ / تَبَادَلَ,تاجر / تبادل,കച്ചവടം ചെയ്യുക,,,true,,false
To export,صَدَّرَ,صدر,കയറ്റി അയക്കുക,,,false,,false
To import,إِسْتَوْرَدَ,استورد,ഇറക്കുമതി ചെയ്യുക,,,false,,false
To advertise,أَعْلَنَ عَنْ,اعلن عن,പരസ്യം ചെയ്യുക,,,true,,false
To negotiate,فَاوَضَ / تَنَاوَلَ,فاوض / تناول,ചർച്ച നടത്തുക,,,true,,false
To sign a contract,وَقَّعَ عَقْداً,وقع عقدا,കരാറിൽ ഒപ്പുവെക്കുക,,,true,,false
To cancel / annul,ألْغَى / أبْطَلَ,الغي / ابطل,റദ്ദാക്കുക,,,true,,false
To delay / postpone,أَجَّلَ / أَخَّرَ,اجل / اخر,വൈകിപ്പിക്കുക / മാറ്റിവെക്കുക,,,true,,false
To advance / speed up,قَدَّمَ / عَجَّلَ,قدم / عجل,മുമ്പോട്ടു കൊണ്ടുപോവുക,,,true,,false
To schedule,جَدْوَلَ,جدول,സമയക്രമം നിശ്ചയിക്കുക,,,false,,false
To confirm (appointment),أَكَّدَ Мَوْعِداً,اكد Мوعدا,ഉറപ്പാക്കുക,,,true,,false
To attend (meeting/event),حَضَرَ,حضر,പങ്കെടുക്കുക,,,false,,false
To miss (event/bus),فَاتَهُ / غَابَ عَنْ,فاته / غاب عن,നഷ്ടപ്പെടുക / വൈകുക,,,true,,false
To participate,شَارَكَ / سَاهَمَ,شارك / ساهم,പങ്കാളിയാകുക,,,true,,false
To collaborate,تَعَاوَنَ,تعاون,സഹകരിച്ചു പ്രവർത്തിക്കുക,,,false,,false
To compete,تَنَافَسَ / سَابَقَ,تنافس / سابق,മത്സരിക്കുക,,,true,,false
To challenge,تَحَدَّى,تحدي,വെല്ലുവിളിക്കുക,,,false,,false
To overcome,تَغَلَّبَ عَلَى / تَجَاوَزَ,تغلب علي / تجاوز,അതിജീവിക്കുക,,,true,,false
To achieve / attain,حَقَّقَ / أَنْجَزَ,حقق / انجز,കൈവരിക്കുക / നേടുക,,,true,,false
To fail to achieve,أَخْفَقَ / لَمْ يَحْظَ,اخفق / لم يحظ,നേടാൻ കഴിയാതെ പോവുക,,,true,,false
To celebrate,إِحْتَفَلَ,احتفل,ആഘോഷിക്കുക,,,false,,false
To congratulate,هَنَّأَ / بَارَكَ,هنا / بارك,അഭിനന്ദിക്കുക,,,true,,false
To honor / respect,كَرَّمَ / إِحْتَرَمَ,كرم / احترم,ആദരിക്കുക,,,true,,false
To commemorate,إِحْتَفَى بِـ / إِحْيَاء ذِكْرَى,احتفي ب / احياء ذكري,ഓർമ്മ പുതുക്കുക,,,true,,false
To pray for / bless,دَعَا لِـ / بَارَكَ,دعا ل / بارك,അനുഗ്രഹിക്കുക / പ്രാർത്ഥിക്കുക,,,true,,false
To curse,لَعَنَ,لعن,ശപിക്കുക,,,false,,false
To swear / take an oath,حَلَفَ / أَقْسَمَ,حلف / اقسم,സത്യം ചെയ്യുക,,,true,,false
To admit / confess,إِعْتَرَفَ,اعترف,സമ്മതിക്കുക / ഏറ്റുപറയുക,,,false,,false
To apologize,إِعْتَذَرَ,اعتذر,ക്ഷമ ചോദിക്കുക,,,false,,false
To forgive / pardon,عَفَا عَنْ / سَامَحَ,عفا عن / سامح,മാപ്പു നൽകുക,,,true,,false
To reconcile,صَالَحَ / تَصَالَحَ,صالح / تصالح,രമ്യതയിലാകുക,,,true,,false
To separate / divorce,إِنْفَصَلَ / طَلَّقَ,انفصل / طلق,വേർപിരിയുക / വിവാഹബന്ധം വേർപെടുത്തുക,,,true,,false
To marry,تَزَوَّجَ,تزوج,വിവാഹം കഴിക്കുക,,,false,,false
To propose (marriage),خَطَبَ,خطب,വിവാഹഭ്യർത്ഥന നടത്തുക,,,false,,false
To give birth,وَلَدَتْ / أَنْجَبَتْ,ولدت / انجبت,പ്രസവിക്കുക,,,true,,false
To raise / rear (child),رَبَّى / نَشَّأَ,ربي / نشا,വളർത്തുക,,,true,,false
To adopt (child),تَبَنَّى,تبني,ദത്തെടുക്കുക,,,false,,false
To inherit,وَرِثَ,ورث,അനന്തരാവകാശമായി ലഭിക്കുക,,,false,,false
To pass away / die,تُُوُفِّيَ / مَاتَ,توفي / مات,മരണപ്പെടുക,,,true,,false
To bury,دَفَنَ,دفن,അടക്കം ചെയ്യുക,,,false,,false
To mourn,حَزِنَ / حَادَّ,حزن / حاد,ദുഃഖം ആചരിക്കുക,,,true,,false
To comfort / sympathize,عَزَّى / وَاسَى,عزي / واسي,സഹതാപം അറിയിക്കുക,,,true,,false
To construct / make,صَنَعَ,صنع,നിർമ്മിക്കുക,,,false,,false
To test / try,إِخْتَبَرَ / جَرَّبَ,اختبر / جرب,പരിശോധിക്കുക / പരീക്ഷിക്കുക,,,true,,false
To inspect / examine,فَتَّشَ / فَحَصَ,فتش / فحص,തപാസിക്കുക / പരിശോധിക്കുക,,,true,,false
To prove / demonstrate,أَثْبَتَ / بَرْهَنَ,اثبت / برهن,തെളിയിച്ചു കാണിക്കുക,,,true,,false
To disprove / refute,دَحَضَ / نَفَى,دحض / نفي,ഖണ്ഡിക്കുക / തെറ്റാണെന്ന് തെളിയിക്കുക,,,true,,false
To research / investigate,بَحَثَ / حَقَّقَ,بحث / حقق,ഗവേഷണം നടത്തുക,,,true,,false
To explore,إِسْتَكْشَفَ,استكشف,കണ്ടെത്താൻ ശ്രമിക്കുക / പര്യവേക്ഷണം ചെയ്യുക,,,false,,false
To observe / monitor,رَاقَبَ / لاَحَظَ,راقب / لاحظ,നിരീക്ഷിച്ചു കൊണ്ടിരിക്കുക,,,true,,false
To track / follow up,تَتَبَّعَ / تَابَعَ,تتبع / تابع,പിന്തുടർന്നു പരിശോധിക്കുക,,,true,,false
To record / note down,دَوَّنَ / سَجَّلَ,دون / سجل,കുറിച്ചുവെക്കുക,,,true,,false
To report,أَبْلَغَ / رَفَعَ تَقْرِيراً,ابلغ / رفع تقريرا,റിപ്പോർട്ട് ചെയ്യുക,,,true,,false
To inform / notify,أَخْبَرَ / أَعْلَمَ,اخبر / اعلم,അറിയിക്കുക,,,true,,false
To warn / alert,حَذَّرَ / نَبَّهَ,حذر / نبه,മുന്നറിയിപ്പ് നൽകുക,,,true,,false
To remind someone,ذَكَّرَ فُلاَناً,ذكر فلانا,ഒരാളെ ഓർമ്മിപ്പിക്കുക,,,true,,false
To convince / persuade,أَقْنَعَ,اقنع,വിശ്വസിപ്പിക്കുക,,,false,,false
To encourage / inspire,إِلْهَام / شَجَّعَ,الهام / شجع,പ്രചോദിപ്പിക്കുക,,,true,,false
To discourage,إِحْبَاط / ثَبَّطَ,احباط / ثبط,നിരുത്സാഹപ്പെടുത്തുക,,,true,,false
To influence,أَثَّرَ فِي,اثر في,സ്വാധീനിക്കുക,,,true,,false
To force / compel,أَجْبَرَ,اجبر,ബലമായി ചെയ്യിക്കുക,,,false,,false
To threaten,هَدَّدَ,هدد,ഭീഷണിപ്പെടുത്തുക,,,false,,false
To blackmail,إِبْتَزَّ,ابتز,ഭീഷണിപ്പെടുത്തി പണം തട്ടുക,,,false,,false
To deceive / trick,خَدَعَ / المَكْر,خدع / المكر,വഞ്ചിക്കുക,,,true,,false
To cheat / defraud,غَشَّ / إِحْتَالَ,غش / احتال,തട്ടിപ്പ് നടത്തുക,,,true,,false
To rob / plunder,سَلَبَ / نَهَبَ,سلب / نهب,കൊള്ളയടിക്കുക,,,true,,false
To kidnap / abduct,خَطَفَ,خطف,തട്ടിക്കൊണ്ടുപോവുക,,,false,,false
To arrest / detain,اعْتَقَلَ / قَبَضَ عَلَى,اعتقل / قبض علي,അറസ്റ്റ് ചെയ്യുക,,,true,,false
To imprison / jail,سَجَنَ / حَبَسَ,سجن / حبس,തടവിലാക്കുക,,,true,,false
To judge / sentence,حَكَمَ عَلَى,حكم علي,വിധിക്കുക (കോടതി),,,true,,false
To pardon / release,أَفْرَجَ عَنْ / عَفَا,افرج عن / عفا,മോചിപ്പിക്കുക,,,true,,false
To sue / prosecute,قَاضَى / رَفَعَ دَعْوَى,قاضي / رفع دعوي,കേസ് കൊടുക്കുക,,,true,,false
To defend (in court),دَافَعَ عَنْ,دافع عن,വാദിക്കുക / പ്രതിരോധിക്കുക,,,true,,false
To accuse / charge,إِتَّهَمَ,اتهم,കുറ്റപ്പെടുത്തുക / കേസ് ചുമത്തുക,,,false,,false
To suspect someone,إِشْتَبَهَ بِـ,اشتبه ب,ഒരാളെ സംശയിക്കുക,,,true,,false
To investigate (crime),حَقَّقَ فِي,حقق في,അന്വേഷണം നടത്തുക,,,true,,false
To search (place/person),فَتَّشَ,فتش,സോദ ചെയ്യുക,,,false,,false
To confess / admit guilt,إِعْتَرَفَ بِالذَّنْبِ,اعترف بالذنب,കുറ്റം ഏറ്റുപറയുക,,,true,,false
To deny charges,أَنْكَرَ التُّهْمَةَ,انكر التهمة,കുറ്റം നിഷേധിക്കുക,,,true,,false
To witness / testify,شَهِدَ,شهد,സാക്ഷി പറയുക,,,false,,false
To sentence to death,حَكَمَ بِالإِعْدَامِ,حكم بالاعدام,വധശിക്ഷ വിധിക്കുക,,,true,,false
To execute / carry out,نَفَّذَ,نفذ,നടപ്പിലാക്കുക / നടപ്പാക്കുക,,,false,,false
To escape prison,هَرَبَ مِنَ السِّجْنِ,هرب من السجن,ജയിൽ ചാടുക,,,true,,false
To surrender to police,سَلَّمَ نَفْسَهُ,سلم نفسه,കീഴടങ്ങുക,,,true,,false
To protect citizens,حَمَى المُواطِنِينَ,حمي المواطنين,പൗരന്മാരെ സംരക്ഷിക്കുക,,,true,,false
To save lives,أَنْقَذَ الأَرْوَاحَ,انقذ الارواح,ജീവ രക്ഷിക്കുക,,,true,,false
To extinguish fire,أَطْفَأَ النَّارَ,اطفا النار,തീ അണയ്ക്കുക,,,true,,false
To treat patients,عَالَجَ المَرْضَى,عالج المرضي,രോഗികളെ ചികിത്സിക്കുക,,,true,,false
To perform surgery,أَجْرَى جِرَاحَةً,اجري جراحة,സർജറി ചെയ്യുക,,,true,,false
To prescribe medicine,وَصَفَ العِلاَجَ,وصف العلاج,മരുന്ന് നൽകുക,,,true,,false
To vaccinate / inject,طَعَّمَ / حَقَنَ,طعم / حقن,കുത്തിവെപ്പ് എടുക്കുക / വാക്സിൻ നൽകുക,,,true,,false
To examine patient,فَحَصَ المَرِيضَ,فحص المريض,രോഗിയെ പരിശോധിക്കുക,,,true,,false
To diagnose disease,شَخَّصَ المَرَضَ,شخص المرض,രോഗം നിർണ്ണയിക്കുക,,,true,,false
To prevent infection,مَنَعَ العَدْوَى,منع العدوي,അണുബാധ തടയുക,,,true,,false
To spread (disease),إِنْتَشَرَ,انتشر,പടരുക (രോഗം),,,false,,false
To isolate / quarantine,عَزَلَ,عزل,ക്വാറന്റൈൻ ചെയ്യുക / മാറ്റിപ്പാർപ്പിക്കുക,,,false,,false
To recover completely,شُفِيَ تَمَاماً,شفي تماما,പൂർണ്ണമായി സുഖപ്പെടുക,,,true,,false
To suffer from illness,عَانَى مِنَ المَرَضِ,عاني من المرض,രോഗം കൊണ്ട് കഷ്ടപ്പെടുക,,,true,,false
To faint / lose consciousness,فَقَدَ الوَعْيَ,فقد الوعي,ബോധം കെട്ടുവീഴുക,,,true,,false
To regain consciousness,إِسْتَعَادَ الوَعْيَ,استعاد الوعي,ബോധം തിരികെ ലഭിക്കുക,,,true,,false
To bleed heavily,نَزَفَ بِشِدَّةٍ,نزف بشدة,കഠിനമായി രക്തം വരിക,,,true,,false
To bandage / dress wound,ضَمَّدَ الجُرْحَ,ضمد الجرح,മുറിവ് വെച്ചുകെട്ടുക,,,true,,false
To operate a vehicle,شَغَّلَ المَرْكَبَةَ,شغل المركبة,വാഹനം പ്രവർത്തിപ്പിക്കുക,,,true,,false
To steer / drive,قَادَ / وَجَّهَ,قاد / وجه,സ്റ്റിയറിംഗ് തിരിക്കുക / ഓടിക്കുക,,,true,,false
To brake / stop vehicle,فَرْمَلَ / ضَغَطَ المَكَابِحَ,فرمل / ضغط المكابح,ബ്രേക്ക് ഇടുക,,,true,,false
To accelerate / speed up,سَرَّعَ / زَادَ السُّرْعَةَ,سرع / زاد السرعة,വേഗത കൂട്ടുക,,,true,,false
To slow down vehicle,خَفَّضَ السُّرْعَةَ,خفض السرعة,വേഗത കുറയ്ക്കുക,,,true,,false
To park (car),أَوْقَفَ / رَكَنَ السَّيَّارَةَ,اوقف / ركن السيارة,പാർക്ക് ചെയ്യുക,,,true,,false
To reverse (car),تَرَاجَعَ إِلَى الخَلْفِ,تراجع الي الخلف,റിവേഴ്സ് എടുക്കുക,,,true,,false
To overtake (car),تَجَاوَزَ / تَخَطَّى,تجاوز / تخطي,ഓവർടേക്ക് ചെയ്യുക,,,true,,false
To crash / collide,إِصْطَدَمَ / تَصَادَمَ,اصطدم / تصادم,കൂട്ടിയിടിക്കുക,,,true,,false
To overturn / capsize,إِنْقَلَبَتِ السَّيَّارَةُ,انقلبت السيارة,മറിയുക (വാഹനം),,,true,,false
To repair vehicle,صَلَّحَ المَرْكَبَةَ,صلح المركبة,വാഹനം റിപ്പയർ ചെയ്യുക,,,true,,false
To refuel / fill gas,زَوَّدَ بِالوُقُودِ,زود بالوقود,ഇന്ധനം അടിക്കുക,,,true,,false
To wash car,غَسَلَ السَّيَّارَةَ,غسل السيارة,കാർ കഴുകുക,,,true,,false
To board (bus/train/plane),رَكِبَ / صَعِدَ إِلَى,ركب / صعد الي,കയറുക (ബസ്സ്/ട്രെയിൻ),,,true,,false
To disembark / get off,نَزَلَ مِنْ,نزل من,ഇറങ്ങുക,,,true,,false
To take off (airplane),أَقْلَعَتِ الطَّائِرَةُ,اقلعت الطايرة,ടേക്ക് ഓഫ് ചെയ്യുക (വിമാനം),,,true,,false
To land (airplane),هَبَطَتِ الطَّائِرَةُ,هبطت الطايرة,ലാൻഡ് ചെയ്യുക (വിമാനം),,,true,,false
To fly a plane,قَادَ الطَّائِرَةَ,قاد الطايرة,വിമാനം പറത്തുക,,,true,,false
To sail a ship,أَبْحَرَ / قَادَ السَّفِينَةَ,ابحر / قاد السفينة,കപ്പൽ ഓടിക്കുക,,,true,,false
To sink (ship),غَرِقَتِ السَّفِينَةُ,غرقت السفينة,മുങ്ങിപ്പോവുക (കപ്പൽ),,,true,,false
To float on water,طَفَا عَلَى المَاءِ,طفا علي الماء,വെള്ളത്തിൽ പൊങ്ങിനിൽക്കുക,,,true,,false
To dive into water,غَاصَ فِي المَاءِ,غاص في الماء,ഡൈവ് ചെയ്യുക / മുങ്ങാംകുഴി ഇടുക,,,true,,false
To row a boat,جَدَّفَ,جدف,തുഴയുക,,,false,,false
To anchor (ship),أَرْسَى السَّفِينَةَ,ارسي السفينة,നങ്കൂരമിടുക,,,true,,false
To cross (road/river),عَبَرَ / عَبَرَ الطَّرِيقَ,عبر / عبر الطريق,റോഡ്/നദി മുറിച്ചുകടക്കുക,,,true,,false
To block (road),سَدَّ الطَّرِيقَ / عَرَّقَلَ,سد الطريق / عرقل,വഴി തടസ്സപ്പെടുത്തുക,,,true,,false
To clear (road/obstacle),إِزَالَةُ العَقَبَاتِ,ازالة العقبات,തടസ്സം മാറ്റുക,,,true,,false
To pave road,رَصَفَ الطَّرِيقَ,رصف الطريق,റോഡ് ടാർ ചെയ്യുക / നിർമ്മിക്കുക,,,true,,false
To build bridge,بَنَى جِسْراً,بني جسرا,പാലം പണിയുക,,,true,,false
To dig a hole/well,حَفَرَ بِئْراً / حُفْرَةً,حفر بيرا / حفرة,കുഴിയെടുക്കുക / കിണർ കുഴിക്കുക,,,true,,false
To plant trees,غَرَسَ الأَشْجَارَ,غرس الاشجار,മരങ്ങൾ നടുക,,,true,,false
To water plants,سَقَى النَّبَاتَاتِ,سقي النباتات,ചെടികൾക്ക് നനയ്ക്കുക,,,true,,false
To harvest crops,حَصَدَ المَحَاصِيلَ,حصد المحاصيل,വിളവെടുക്കുക,,,true,,false
To plow the field,حَرَثَ الأَرْضَ,حرث الارض,നിലം ഉഴുതുമറിക്കുക,,,true,,false
To sow seeds,بَذَرَ البُذُورَ,بذر البذور,വിത്ത് വിതറുക,,,true,,false
To breed animals,رَبَّى المَوَاشِيَ,ربي المواشي,മൃഗങ്ങളെ വളർത്തുക,,,true,,false
To milk a cow,حَلَبَ البَقَرَةَ,حلب البقرة,പശുവെ കറക്കുക,,,true,,false
To feed animals,أَطْعَمَ الحَيَوَانَاتِ,اطعم الحيوانات,തീറ്റ കൊടുക്കുക,,,true,,false
To slaughter animal,ذَبَحَ الحَيَوَانَ,ذبح الحيوان,അറുക്കുക (മൃഗങ്ങളെ),,,true,,false
To hunt animals,صَادَ الحَيَوَانَاتِ,صاد الحيوانات,വേട്ടയാടുക,,,true,,false
To catch fish,صَادَ الأَسْمَاكَ,صاد الاسماك,മീൻ പിടിക്കുക,,,true,,false
To cook meal,إِعْدَادُ الطَّعَامِ / طَبَخَ,اعداد الطعام / طبخ,ഭക്ഷണം ഉണ്ടാക്കുക,,,true,,false
To set the table,رَتَّبَ الطَّاوِلَةَ,رتب الطاولة,മേശ ഒരുക്കുക,,,true,,false
To serve food,قَدَّمَ الطَّعَامَ,قدم الطعام,ഭക്ഷണം വിളമ്പുക,,,true,,false
To clear the table,نَظَّفَ الطَّاوِلَةَ,نظف الطاولة,മേശ വൃത്തിയാക്കുക,,,true,,false
To wash dishes,غَسَلَ الأَطْبَاقَ,غسل الاطباق,പാത്രങ്ങൾ കഴുകുക,,,true,,false
To dry dishes,جَفَّفَ الأَطْبَاقَ,جفف الاطباق,പാത്രങ്ങൾ തുടയ്ക്കുക,,,true,,false
To order food (restaurant),طَلَبَ الطَّعَامَ,طلب الطعام,ഓർഡർ ചെയ്യുക,,,true,,false
To pay bill,دَفَعَ الحِسَابَ,دفع الحساب,ബില്ല് അടയ്ക്കുക,,,true,,false
To leave a tip,تَرَكَ بَقْشِيشاً,ترك بقشيشا,ടിപ്പ് നൽകുക,,,true,,false
To taste good,كَانَ لَذِيذاً,كان لذيذا,നല്ല രുചിയുണ്ടാകുക,,,true,,false
To taste bad,كَانَ سَيِّئَ الطَّعْمِ,كان سيي الطعم,മോശം രുചിയുണ്ടാകുക,,,true,,false
To spoil (food),فَسَدَ الطَّعَامُ,فسد الطعام,ഭക്ഷണം കേടാകുക,,,true,,false
To preserve food,حَفِظَ الطَّعَامَ,حفظ الطعام,ഭക്ഷണം കേടുകൂടാതെ സൂക്ഷിക്കുക,,,true,,false
To freeze food,جَمَّدَ الطَّعَامَ,جمد الطعام,ഫ്രീസ് ചെയ്യുക,,,true,,false
To heat / warm food,سَخَّنَ الطَّعَامَ,سخن الطعام,ഭക്ഷണം ചൂടാക്കുക,,,true,,false
To cool down food,بَرَّدَ الطَّعَامَ,برد الطعام,ആറ്റുക / തണുപ്പിക്കുക,,,true,,false
To chop vegetables,قَطَّعَ الخُضَارَ,قطع الخضار,പച്ചക്കറികൾ അരിയുക,,,true,,false
To peel fruit,قَشَّرَ الفَاكِهَةَ,قشر الفاكهة,തോൽ കളയുക,,,true,,false
To stir / mix food,حَرَّكَ / خَلَطَ,حرك / خلط,ഇളക്കുക (ഭക്ഷണം),,,true,,false
To boil water,غَلَى المَاءَ,غلي الماء,വെള്ളം തിളപ്പിക്കുക,,,true,,false
To pour drink,سَكَبَ المَشْرُوبَ,سكب المشروب,ജ്യൂസ്/വെള്ളം ഒഴിക്കുക,,,true,,false
To add salt/sugar,أَضَافَ المِلْحَ/السُّكَّرَ,اضاف الملح/السكر,ഉപ്പ്/പഞ്ചസാര ഇടുക,,,true,,false
To knead dough,عَجَنَ العَجِينَةَ,عجن العجينة,മാവ് കുഴക്കുക,,,true,,false
To roll out dough,فَرَدَ العَجِينَ,فرد العجين,മാവ് പരത്തുക,,,true,,false
To bake bread,خَبَزَ الخُبْزَ,خبز الخبز,റൊട്ടി ചുട്ടെടുക്കുക,,,true,,false
To fry fish/meat,قَلَى السَّمَكَ/اللَّحْمَ,قلي السمك/اللحم,മീൻ/ഇറച്ചി വറുക്കുക,,,true,,false
To grill meat,شَوَى اللَّحْمَ,شوي اللحم,ഇറച്ചി ഗ്രിൽ ചെയ്യുക,,,true,,false
To steam food,طَبَخَ عَلَى البُخَارِ,طبخ علي البخار,ആവിയിൽ വേവിക്കുക,,,true,,false
To filter / strain water,صَفَّى المَاءَ,صفي الماء,വെള്ളം അരിച്ചെടുക്കുക,,,true,,false
To store in fridge,وَضَعَ فِي الثَّلاَّجَةِ,وضع في الثلاجة,ഫ്രിഡ്ജിൽ വെക്കുക,,,true,,false
To light a candle/fire,أَشْعَلَ الشَّمْعَةَ/النَّارَ,اشعل الشمعة/النار,മെഴുകുതിരി/തീ കത്തിക്കുക,,,true,,false
To blow out candle,أَطْفَأَ الشَّمْعَةَ بِالنَّفْخِ,اطفا الشمعة بالنفخ,മെഴുകുതിരി ഊതി അണയ്ക്കുക,,,true,,false
To shine (sun/light),أَشْرَقَتِ الشَّمْسُ,اشرقت الشمس,സൂര്യൻ പ്രകാശിക്കുക,,,true,,false
To set (sun),غَرَبَتِ الشَّمْسُ,غربت الشمس,സൂര്യൻ അസ്തമിക്കുക,,,true,,false
To rain heavy,أَمْطَرَتْ بِغَزَارَةٍ,امطرت بغزارة,കനത്ത മഴ പെയ്യുക,,,true,,false
To blow (strong wind),هَبَّتِ الرِّيحُ,هبت الريح,ശക്തമായ കാറ്റടിക്കുക,,,true,,false
To thunder,رَعَدَتِ السَّمَاءُ,رعدت السماء,ഇടിമിന്നലുണ്ടാകുക,,,true,,false
To flash (lightning),بَرَقَتِ السَّمَاءُ,برقت السماء,മിന്നലുണ്ടാകുക,,,true,,false
To freeze (weather),تَجَمَّدَ الطَّقْسُ,تجمد الطقس,കഠിനമായി തണുക്കുക,,,true,,false
To melt (ice/snow),ذَابَ الثَّلْجُ,ذاب الثلج,മഞ്ഞ് ഉരുകുക,,,true,,false
To flow (river),جَرَى النَّهْرُ / فَالَ,جري النهر / فال,പുഴ ഒഴുകുക,,,true,,false
To flood / overflow,فَاضَ المَاءُ / إِذَا فَالَ,فاض الماء / اذا فال,വെള്ളപ്പൊക്കം ഉണ്ടാകുക,,,true,,false
To shake (earthquake),زُلْزِلَتِ الأَرْضُ,زلزلت الارض,ഭൂകമ്പം ഉണ്ടാകുക,,,true,,false
To blow dust,ثَارَ الغُبَارُ,ثار الغبار,പൊടിക്കാറ്റടിക്കുക,,,true,,false
To change seasons,تَغَيَّرَتِ الفُصُولُ,تغيرت الفصول,ഋതുക്കൾ മാറുക,,,true,,false
To rise (moon/star),طَلَعَ القَمَرُ,طلع القمر,ചന്ദ്രൻ ഉദിക്കുക,,,true,,false
To eclipse (sun/moon),خَسَفَ / كَسَفَ,خسف / كسف,ഗ്രഹണം ഉണ്ടാകുക,,,true,,false
To bloom (flower),تَفَتَّحَتِ الزَّهْرَةُ,تفتحت الزهرة,പൂവ് വിരിയുക,,,true,,false
To wither / fade (plant),ذَبُلَتِ النَّبَاتَاتُ,ذبلت النباتات,ഇലകൾ/ചെടികൾ വാടുക,,,true,,false
To grow tall (tree),نَمَتِ الشَّجَرَةُ,نمت الشجرة,മരം വളരുക,,,true,,false
To drop leaves (autumn),تَسَاقَطَتِ الأَوْرَاقُ,تساقطت الاوراق,ഇലകൾ പൊഴിയുക,,,true,,false
To bear fruit,أَثْمَرَتِ الشَّجَرَةُ,اثمرت الشجرة,കായ്ക്കുക / ഫലം തരുക,,,true,,false
To chirp (birds),غَرَّدَتِ الطُّيُورُ,غردت الطيور,പക്ഷികൾ ചിലയ്ക്കുക,,,true,,false
To roar (lion),زَأَرَ الأَسَدُ,زار الاسد,സിംഹം ഗർജ്ജിക്കുക,,,true,,false
To bark (dog),نَبَحَ الكَلْبُ,نبح الكلب,നായ കുരയ്ക്കുക,,,true,,false
To meow (cat),مَوَّتِ القِطَّةُ,موت القطة,പൂച്ച മ്യാവൂ പറയുക,,,true,,false
To neigh (horse),صَهَلَ الحِصَانُ,صهل الحصان,കുതിര കറങ്ങുക / കരയുക,,,true,,false
To bray (donkey),نَهَقَ الحِمَارُ,نهق الحمار,കഴുത കരയുക,,,true,,false
To bleat (sheep/goat),ثَغَتِ الشَّاةُ,ثغت الشاة,ആട് കരയുക,,,true,,false
To moo (cow),خَارَتِ البَقَرَةُ,خارت البقرة,പശു അലറുക / കരയുക,,,true,,false
To crow (rooster),صَاحَ الدِّيكُ,صاح الديك,പൂവൻകോഴി കൂവുക,,,true,,false
To buzz (bee/fly),طَنَّتِ النَّحْلَةُ,طنت النحلة,ഈച്ച/തേനീച്ച മൂളുക,,,true,,false
To hiss (snake),فَحَّتِ الأَفْعَى,فحت الافعي,പാമ്പ് ചീറ്റുക,,,true,,false
To howl (wolf),عَوَى الذِّئْبُ,عوي الذيب,ചെന്നായ് ഓലിയിടുക,,,true,,false
To croak (frog),نَقَّتِ الضَّفْدَعُ,نقت الضفدع,തവള കരയുക,,,true,,false
To fly high (eagle),حَلَّقَ النَّسْرُ,حلق النسر,പരുന്ത് ഉയരത്തിൽ പറക്കുക,,,true,,false
To swim deep (fish),سَبَحَتِ السَّمَكَةُ,سبحت السمكة,മീൻ ആഴത്തിൽ നീന്തുക,,,true,,false
To crawl (snake/insect),زَحَفَ / زَحَفَتْ,زحف / زحفت,ഇഴയുക,,,true,,false
To run fast (cheetah),جَرَى بِسُرْعَةٍ,جري بسرعة,വേഗത്തിൽ ഓടുക,,,true,,false
To jump high (kangaroo),قَفَزَ عَالِياً,قفز عاليا,ഉയരത്തിൽ ചാടുക,,,true,,false
To hide in cave,إِخْتَبَأَ فِي الكَهْفِ,اختبا في الكهف,ഗുഹയിൽ ഒളിക്കുക,,,true,,false
To hunt prey,إِفْتَرَسَ / صَادَ الفَرِيسَةَ,افترس / صاد الفريسة,ഇര തേടുക / വേട്ടയാടുക,,,true,,false
To build nest (bird),بَنَى العُشَّ,بني العش,കൂട് പണിയുക,,,true,,false
To lay eggs,بَاضَتْ,باضت,മുട്ടയിടുക,,,false,,false
To hatch eggs,فَقَسَتِ البَيْضَةُ,فقست البيضة,മുട്ട വിരിയിക്കുക,,,true,,false
To feed chicks,أَطْعَمَتِ صِغَارَهَا,اطعمت صغارها,കുഞ്ഞുങ്ങൾക്ക് തീറ്റ കൊടുക്കുക,,,true,,false
To protect young,حَمَتْ صِغَارَهَا,حمت صغارها,കുഞ്ഞുങ്ങളെ സംരക്ഷിക്കുക,,,true,,false
To migrate (birds),هَاجَرَتِ الطُّيُورُ,هاجرت الطيور,ദേശാടനം ചെയ്യുക,,,true,,false
To hibernate,إِسْتَكَنَ / بَيَات شَتَوِي,استكن / بيات شتوي,ശീതകാല ഉറക്കത്തിലാകുക,,,true,,false
To adapt to environment,تَكَيَّفَ مَعَ البِيئَةِ,تكيف مع البيية,പാരിസ്ഥിതികമായി ഇണങ്ങുക,,,true,,false
To survive in wild,بَقِيَ عَلَى قَيْدِ الحَيَاةِ,بقي علي قيد الحياة,കാട്ടിൽ അതിജീവിക്കുക,,,true,,false
To become extinct,إِنْقَرَضَ,انقرض,വംശനാശം സംഭവിക്കുക,,,false,,false
To seize (chance),إِنْتَهَزَ,انتهز,അവസരം മുതലാക്കുക,,,false,,false
To break / be broken,إِنْكَسَرَ,انكسر,പൊട്ടുക,,,false,,false
To cut off / disconnect,إِنْقََطَعَ,انقطع,മുറിഞ്ഞുപോകുക,,,false,,false
To join / merge,إِنْضَمَّ,انضم,ഉൾപ്പെടുക,,,false,,false
To set off / launch,إِنْطَلَقَ,انطلق,പുറപ്പെടുക,,,false,,false
To reflect / be reflected,إِنْعَكَسَ,انعكس,പ്രതിഫലിക്കുക,,,false,,false
To decrease / drop,إِنْخَفَضَ,انخفض,കുറയുക,,,false,,false
To be busy / occupied,إِنْشَغَلَ,انشغل,തിരക്കിലാകുക,,,false,,false
To care / be interested,إِهْتَمَّ,اهتم,ശ്രദ്ധിക്കുക,,,false,,false
To shake / vibrate,إِهْتَزَّ,اهتز,കുലുങ്ങുക,,,false,,false
Papa / Dad,بَابَا,بابا,പപ്പ / അച്ഛൻ,,,false,,false
Girl / Daughter,بِنْت,بنت,പെൺകുട്ടി / മകൾ,,,false,,false
Girls / Daughters,بَنَات,بنات,പെൺകുട്ടികൾ / മക്കൾ,,,false,,false
Sons / Children,بَنُونَ,بنون,ആൺമക്കൾ / മക്കൾ,,,false,,false
Mankind / Human,بَشَر,بشر,മനുഷ്യൻ,,,false,,false
Husband / Lord,بَعْل,بعل,ഭർത്താവ്,,,false,,false
Hero / Champion,بَطَل,بطل,നായകൻ / വീരൻ,,,false,,false
Heroine,بَطَلَة,بطلة,നായിക,,,false,,false
Santa Claus,بَابَا نُوِيل,بابا نويل,സാന്താക്ലോസ്,,,true,,false
Postman,بَرِيدِيّ,بريدي,തപാലുകാരൻ,,,false,,false
Cows,بَقَر,بقر,പശുക്കൾ,,,false,,false
Ducks,بَطّ,بط,താറാവുകൾ,,,false,,false
Parrot,بَبَّغَاء,ببغاء,തത്ത,,,false,,false
Flea,بَرَغُوث,برغوث,ചെള്ള്,,,false,,false
Chameleon,بُوحَاء,بوحاء,ഓന്ത്,,,false,,false
Panther / Leopard,بَغِيل,بغيل,പുള്ളിപ്പുലി,,,false,,false
Sea lion / Seal,بَطْرِيق,بطريق,കടൽനായ,,,false,,false
Sea cow / Dugong,بَقَرُ البَحْر,بقر البحر,കടൽപ്പശു,,,true,,false
Bedbug,بَقّ,بق,മൂട്ട,,,false,,false
Camels (herd),بَعِير,بعير,ഒട്ടകക്കൂട്ടം,,,false,,false
Sheep (pl.),بَهَائِم,بهايم,ആടുകൾ,,,false,,false
Wild animal,بَهْمَة,بهمة,കാട്ടുമൃഗം,,,false,,false
Falcon / Hawk,بَاز,باز,പരുന്ത്,,,false,,false
Nightjar / Nighthawk,بَبَغَاءُ اللَّيْل,ببغاء الليل,രാപ്പക്ഷി,,,true,,false
Albino animal,بَاقُور,باقور,വെളുത്ത മൃഗം,,,false,,false
Belly / Stomach,بَطْن,بطن,വയർ,,,false,,false
Skin / Complexion,بَشَرَة,بشرة,ചർമ്മം / തോൽ,,,false,,false
Sight / Vision,بَصَر,بصر,കാഴ്ച,,,false,,false
Throat / Voice box,بَلْعُوم,بلعوم,തൊണ്ട,,,false,,false
Phlegm / Mucus,بَلْغَم,بلغم,കഫം,,,false,,false
Urine,بَوْل,بول,മൂത്രം,,,false,,false
Fingerprint,بَصْمَة,بصمة,വിരലടയാളം,,,false,,false
Groin / Armpit,إِبْط,ابط,കക്ഷം / ഇടുപ്പ്,,,false,,false
Armpit,إِبْط,ابط,കക്ഷം,,,false,,false
Pupil of eye,بُؤْبُؤ,بوبو,കണ്ണിലെ കൃഷ്ണമണി,,,false,,false
Glans / Tip,بَضَعَة,بضعة,അഗ്രം,,,false,,false
Arm / Forearm,بَاع,باع,കൈമുട്ട് / ബാഹു,,,false,,false
Body / Torso,بَدَن,بدن,ശരീരം,,,false,,false
Pimple / Zit,بَثْرَة,بثرة,കുരു,,,false,,false
Sperm / Seed,بَذْرَةُ المَنِيّ,بذرة المني,ബീജം,,,true,,false
Eggs,بَيْض,بيض,മുട്ടകൾ,,,false,,false
Orange,بُرْتُقَال,برتقال,ഓറഞ്ച്,,,false,,false
Okra / Ladyfinger,بَامِيَة,بامية,വെണ്ടയ്ക്ക,,,false,,false
Eggplant,بَاذِنْجَان,باذنجان,വഴുതനങ്ങ,,,false,,false
Parsley,بَقْدُونَس,بقدونس,മല്ലിയില / പാര്സ്ലി,,,false,,false
Spices / Seasoning,بُهَارَات,بهارات,മസാലകൾ,,,false,,false
Ice cream,بُوظَة,بوظة,ഐസ്ക്രീം,,,false,,false
Biscuits / Cookies,بَسْكَوِيت,بسكويت,ബിസ്കറ്റ്,,,false,,false
Coffee bean / Coffee,بُنّ,بن,കാപ്പിക്കുരു / കാപ്പി,,,false,,false
Legumes / Pulses,بُقُول,بقول,പയറുവർഗ്ഗങ്ങൾ,,,false,,false
Pastry / Bakery goods,بَتِيفُور,بتيفور,ബേക്കറി പലഹാരങ്ങൾ,,,false,,false
Plum / Prune,بَرْقُوق,برقوق,പ്ലം പഴം,,,false,,false
Bean / Fava bean,بَاقِلاَء,باقلاء,പയർ / ബീൻസ്,,,false,,false
Citrus / Bitter orange,بُشْرَى,بشري,നാരങ്ങ വർഗ്ഗം,,,false,,false
Wheat / Grain,بُرّ,بر,ഗോതമ്പ് / ധാന്യം,,,false,,false
Cold drink / Soda,بَارِد,بارد,തണുത്ത പാനീയം,,,false,,false
Seeds,بُذُور,بذور,വിത്തുകൾ,,,false,,false
Garden / Orchard,بُسْتَان,بستان,തോട്ടം,,,false,,false
Petal / Bud,بَتَلَة,بتلة,പൂവിതൾ / മുകുളം,,,false,,false
Bamboo,بَامْبُو,بامبو,മുള,,,false,,false
Sprout / Shoot,بُرْعُم,برعم,മുളച്ച ഇല,,,false,,false
Oak / Acorn tree,بَلُّوط,بلوط,ഓക്ക് മരം,,,false,,false
Herbal plant / Herb,بَقْلَة,بقلة,മൂലിക / പച്ചമരുന്ന്,,,false,,false
Papyrus,بَرْدِيّ,بردي,പപ്പൈറസ് ചെടി,,,false,,false
Chamomile,بَابُونِج,بابونج,ചാമോമൈൽ പൂവ്,,,false,,false
Forest / Jungle,بِيئَةٌ حَرَشِيَّة,بيية حرشية,കാട്,,,true,,false
Vegetation / Greens,بَسَاتِين,بساتين,പച്ചപ്പ്,,,false,,false
Lotus,بَشْنِين,بشنين,താമര,,,false,,false
Rattan / Cane,بُوص,بوص,ചൂരൽ,,,false,,false
Basin of plant,بُقْعَةُ النَّبَات,بقعة النبات,ചെടിച്ചട്ടി / തടം,,,true,,false
Seas,بِحَار,بحار,കടലുകൾ,,,false,,false
Lake,بُحَيْرَة,بحيرة,തടാകം,,,false,,false
Steam / Vapor,بُخَار,بخار,ആവി,,,false,,false
Lightning,بَرْق,برق,മിന്നൽ,,,false,,false
Hail / Coldness,بَرَد,برد,ആലിപ്പഴം,,,false,,false
Volcano,بُرْكَان,بركان,അഗ്നിപർവ്വതം,,,false,,false
Land / Countryside,بَرّ,بر,കര / മരുഭൂമി,,,false,,false
Puddle / Pond,بِرْكَة,بركة,കുളം / വെള്ളക്കെട്ട്,,,false,,false
Well (Water),بِئْر,بير,കിണർ,,,false,,false
Swamp / Marsh,بُطْحَة,بطحة,ചതുപ്പ്,,,false,,false
Ocean,بَحْرٌ أَعْظَم,بحر اعظم,മഹാസമുദ്രം,,,true,,false
Glacier / Ice,بَرَدِيَّة,بردية,മഞ്ഞുപാളി,,,false,,false
Plain / Field,بَقْعَة,بقعة,സമതലം,,,false,,false
Environment / Habitat,بِيئَة,بيية,പരിസ്ഥിതി,,,false,,false
With / In / By,بِـ,ب,കൊണ്ട് / ഇൽ,,,false,,false
After,بَعْدَ,بعد,ശേഷം,,,false,,false
Beside / Next to,بِجَانِبِ,بجانب,അടുത്ത്,,,false,,false
Without,بِدُونِ,بدون,കൂടാതെ / ഇല്ലാതെ,,,false,,false
Because of,بِسَبَبِ,بسبب,കാരണം,,,false,,false
Instead of,بَدَلاً مِنْ,بدلا من,പകരം,,,true,,false
Despite / Although,بِالرَّغْمِ مِنْ,بالرغم من,എങ്കിലും,,,true,,false
Inside / Within,بِدَاخِلِ,بداخل,അകത്ത്,,,false,,false
By means of / Via,بِوَاسِطَةِ,بواسطة,വഴി / മുഖേന,,,false,,false
Early,بَكِير / بُكْرَة,بكير / بكرة,നേരത്തെ,,,true,,false
Hardly / Barely,بِصُعُوبَة,بصعوبة,വിഷമത്തോടെ,,,false,,false
Easily,بِسُهُولَة,بسهولة,എളുപ്പത്തിൽ,,,false,,false
Quickly / Fast,بِسُرْعَة,بسرعة,വേഗത്തിൽ,,,false,,false
Directly / Straight,مُبَاشَرَةً,مباشرة,നേരിട്ട്,,,false,,false
Always / Forever,بِاسْتِمْرَار,باستمرار,എപ്പോഴും,,,false,,false
Tomorrow,بُكْرَة,بكرة,നാളെ,,,false,,false
Clearly,بِوُضُوح,بوضوح,വ്യക്തമായി,,,false,,false
Early morning,بُكْرَة / بُكُور,بكرة / بكور,പ്രഭാതം,,,true,,false
Dawn / Morning,بَاكِر,باكر,പുലർച്ചെ,,,false,,false
Unseasonable time,بَعْدَ إِبَّانِهِ,بعد ابانه,അവസരമില്ലാത്ത സമയം,,,true,,false
Duration / Period,بُرْهَة,برهة,കാലയളവ്,,,false,,false
Moment / Instant,بُرْهَةٌ وَجِيزَة,برهة وجيزة,നിമിഷം,,,true,,false
Eternity / Forever,بَقَاء,بقاء,എന്നേക്കും,,,false,,false
Suit / Outfit,بَدْلَة,بدلة,സൂട്ട് / കോട്ട്,,,false,,false
Pants / Trousers,بَنْنَطَلُون,بننطلون,പാന്റ്സ്,,,false,,false
Pyjamas,بِجَامَة,بجامة,പൈജാമ,,,false,,false
Overalls / Jumpsuit,بَدْلَةٌ كَامِلَة,بدلة كاملة,ജമ്പ് സൂട്ട്,,,true,,false
Burqa / Veil,بُرْقُع,برقع,പർദ്ദ / ബുർഖ,,,false,,false
Boots,بَسْتَار,بستار,ബൂട്ട്സ് ഷൂസ്,,,false,,false
Beret / Cap,بَرِيه,بريه,തൊപ്പി,,,false,,false
Fabric / Cloth,بَزّ,بز,തുണി,,,false,,false
Pink,بِمْبِي,بمبي,പിങ്ക് നിറം,,,false,,false
Purple / Violet,بَنَفْسَجِي,بنفسجي,പർപ്പിൾ നിറം,,,false,,false
Orange color,بُرْتُقَالِي,برتقالي,ഓറഞ്ച് നിറം,,,false,,false
Beige color,بِيج,بيج,ബീജ് നിറം,,,false,,false
Burgundy color,بُرْغُنْدِي,برغندي,ബർഗണ്ടി നിറം,,,false,,false
Joy / Good news,بُشْرَى,بشري,സന്തോഷവാർത്ത,,,false,,false
Joy / Happiness,بَهْجَة,بهجة,സന്തോഷം,,,false,,false
Hatred / Enmity,بَغْضَاء,بغضاء,വെറുപ്പ് / ശത്രുത,,,false,,false
Heroism / Bravery,بَطُولَة,بطولة,ധീരത,,,false,,false
Misery / Distress,بُؤْس,بوس,കഷ്ടപ്പാട്,,,false,,false
Cool / Cold,بَارِد,بارد,തണുത്ത,,,false,,false
Innocent,بَرِيء,بريء,തെറ്റില്ലാത്ത / നിഷ്കളങ്കൻ,,,false,,false
Simple / Easy,بَسِيط,بسيط,ലളിതമായ,,,false,,false
Stingy / Miserly,بَخِيل,بخيل,പിശുക്കനായ,,,false,,false
Slow,بَطِيء,بطيء,പതുക്കെയുള്ള,,,false,,false
Brave / Heroic,بَاسِل,باسل,ധീരനായ,,,false,,false
Obvious / Evident,بَاهِر,باهر,വ്യക്തമായ,,,false,,false
Elegance / Splendor,بَهِيج,بهيج,മനോഹരമായ,,,false,,false
Remaining / Leftover,بَاقٍ / بَاقِيَة,باق / باقية,ബാക്കിയുള്ള,,,true,,false
Mute / Dumb,أَبْكَم / بَكْمَاء,ابكم / بكماء,സംസാരശേഷിയില്ലാത്ത,,,true,,false
Barren / Arid,بُور,بور,വറണ്ട / വരണ്ട,,,false,,false
Promising / Good,بَشِير,بشير,ശുഭപ്രതീക്ഷയുള്ള,,,false,,false
Bright / Shining,بَرَّاق,براق,തിളക്കമുള്ള,,,false,,false
Plain / Unadorned,بَحْت,بحت,സാധാരണയായ,,,false,,false
Door / Gate / Chapter,بَاب,باب,വാതിൽ / അധ്യായം,,,false,,false
House / Poetry verse,بَيْت,بيت,വീട് / കവിതാവരി,,,false,,false
Country / Land,بَلَد,بلد,രാജ്യം / നാട്,,,false,,false
Goods / Merchandise,بَضَاعَة,بضاعة,സാധനങ്ങൾ / ചരക്ക്,,,false,,false
Mail / Post,بَرِيد,بريد,തപാൽ / പോസ്റ്റ്,,,false,,false
Program / Software,بَرْنَامَج,برنامج,പ്രോഗ്രാം,,,false,,false
Tower / Zodiac sign,بُرْج,برج,ടവർ / ഗോപുരം,,,false,,false
Proof / Evidence,بُرْهَان,برهان,തെളിവ്,,,false,,false
Pistol / Gun,بُنْدُقِيَّة,بندقية,തോക്ക്,,,false,,false
Card / Tag,بِطَاقَة,بطاقة,കാർഡ് / ടാഗ്,,,false,,false
Suitcase / Trunk,بَقْشَة,بقشة,പെട്ടി,,,false,,false
Steamship / Liner,بَاخِرَة,باخرة,കപ്പൽ,,,false,,false
Petroleum / Oil,بَتْرُول,بترول,പെട്രോളിയം,,,false,,false
Building / Structure,بِنَاء,بناء,കെട്ടിടം,,,false,,false
Invention,إِبْتِكَار,ابتكار,കണ്ടുപിടുത്തം,,,false,,false
Infrastructure,بُنْيَةٌ تَحْتِيَّة,بنية تحتية,അടിസ്ഥാന സൗകര്യം,,,true,,false
Declaration / Statement,بَيَان,بيان,പ്രസ്താവന,,,false,,false
Environment,بِيئَة,بيية,പരിസ്ഥിതി,,,false,,false
Protocol / Code,بَرُوتُوكُول,بروتوكول,പ്രോട്ടോക്കോൾ,,,false,,false
Patent,بَرَاءَةُ إِخْتِرَاع,براءة اختراع,പേറ്റന്റ്,,,true,,false
Mosque / Shrine,بُقْعَةٌ مُقَدَّسَة,بقعة مقدسة,മസ്ജിദ്,,,true,,false
Spot / Stain,بُقْعَة,بقعة,പുള്ളി / കറ,,,false,,false
Grocer / Pantry,بَقَّالَة,بقالة,പലചരക്ക് കട,,,false,,false
Parachute,بَارَاشُوت,باراشوت,പാരഷൂട്ട്,,,false,,false
Compass,بُوصَلَة,بوصلة,ദിശാസൂചി,,,false,,false
Pipe / Tube,بُورِيّ,بوري,പൈപ്പ്,,,false,,false
Stock exchange / Bourse,بُورْصَة,بورصة,ഓഹരി വിപണി,,,false,,false
Battery,بَطَّارِيَّة,بطارية,ബാറ്ററി,,,false,,false
Blanket,بَطَّانِيَّة,بطانية,പുതപ്പ്,,,false,,false
To begin / start,بَدَأَ,بدا,തുടങ്ങുക,,,false,,false
To search / look for,بَحَثَ,بحث,അന്വേഷിക്കുക,,,false,,false
To build / construct,بَنَى,بني,പണിയുക,,,false,,false
To remain / stay,بَقِيَ,بقي,നിലനിൽക്കുക,,,false,,false
To appear / seem,بَدَا,بدا,കാണപ്പെടുക,,,false,,false
To smile,بَتَسَمَ / إِبْتَسَمَ,بتسم / ابتسم,പുഞ്ചിരിക്കുക,,,true,,false
To innovate / invent,إِبْتَكَرَ,ابتكر,കണ്ടുപിടിക്കുക,,,false,,false
To reach / arrive,بَلَغَ,بلغ,എത്തുക,,,false,,false
To send / dispatch,بَعَثَ,بعث,അയക്കുക,,,false,,false
To cry / weep,بَكَى,بكي,കരയുക,,,false,,false
To change / replace,بَدَّلَ,بدل,മാറ്റുക,,,false,,false
To spend / exert,بَذَلَ,بذل,ചിലവഴിക്കുക,,,false,,false
To inform / convey news,بَشَّرَ,بشر,സന്തോഷവാർത്ത അറിയിക്കുക,,,false,,false
To gladden / delight,بَهَجَ,بهج,സന്തോഷിപ്പിക്കുക,,,false,,false
To shine / sparkle,بَرَقَ,برق,തിളങ്ങുക,,,false,,false
To prove / demonstrate,بَرَهَنَ,برهن,തെളിയിക്കുക,,,false,,false
To scatter / disperse,بَعْثَرَ,بعثر,വിതറുക,,,false,,false
To bless,بَارَكَ,بارك,അനുഗ്രഹിക്കുക,,,false,,false
To initiate / hasten,بَادَرَ,بادر,മുമ്പോട്ടുവരിക,,,false,,false
To exaggerate,بَالَغَ,بالغ,അതിശയോക്തി പറയുക,,,false,,false
To pledge allegiance,بَايَعَ,بايع,അനുസരണപ്രതിജ്ഞ ചെയ്യുക,,,false,,false
To distance oneself,بَاعَدَ,باعد,അകന്നുനിൽക്കുക,,,false,,false
To keep away,بَعَّدَ,بعد,അകറ്റുക,,,false,,false
To simplify,بَسَّطَ,بسط,ലളിതമാക്കുക,,,false,,false
To clarify / explain,بَيَّنَ,بين,വ്യക്തമാക്കുക,,,false,,false
To inform / notify,بَلَّغَ,بلغ,അറിയിക്കുക,,,false,,false
To cool down,بَرَّدَ,برد,തണുപ്പിക്കുക,,,false,,false
To justify / acquit,بَرَّرَ,برر,ന്യായീകരിക്കുക,,,false,,false
To crystallize,بَلْوَرَ,بلور,വ്യക്തമാകുക,,,false,,false
To adopting an idea,إِبْتَلَعَ,ابتلع,സ്വീകരിക്കുക,,,false,,false
To walk proudly / strut,بَغْدَدَ,بغدد,ഗമയിൽ നടക്കുക,,,false,,false
To start first,إِبْتَدَأَ,ابتدا,ആദ്യം തുടങ്ങുക,,,false,,false
To smile broadly,إِبْتَسَمَ,ابتسم,പുഞ്ചിരിക്കുക,,,false,,false
To test / afflict,إِبْتَلَى,ابتلي,പരീക്ഷിക്കുക,,,false,,false
To get wet / soaked,إِبْتَلَّ,ابتل,നനയുക,,,false,,false
To extort / blackmail,إِبْتَزَّ,ابتز,ഭീഷണിപ്പെടുത്തുക,,,false,,false
To move away,إِبْتَعَدَ,ابتعد,അകന്നുപോവുക,,,false,,false
To be delighted,إِبْتَهَجَ,ابتهج,സന്തോഷിക്കുക,,,false,,false
To pray humbly / beseech,إِبْتَهَلَ,ابتهل,പ്രാർത്ഥിക്കുക,,,false,,false
To buy / purchase,إِبْتَاعَ,ابتاع,വാങ്ങുക,,,false,,false
To test / trial,إِبْتُلِيَ,ابتلي,പരീക്ഷിക്കപ്പെടുക,,,false,,false
To invent / originate,إِبْتَدَعَ,ابتدع,പുതിയത് ഉണ്ടാക്കുക,,,false,,false
To swallow up,إِبْتَلَعَ,ابتلع,വിഴുങ്ങുക,,,false,,false
To smile softly,إِبْتَسَمَ خَفِيفاً,ابتسم خفيفا,മൃദുവായി പുഞ്ചിരിക്കുക,,,true,,false
To stay away from,إِبْتَعَدَ عَنْ,ابتعد عن,വിട്ടുനിൽക്കുക,,,true,,false
To keep distance,إِبْتَعَدَ كَثِيراً,ابتعد كثيرا,അകലം പാലിക്കുക,,,true,,false
To start again,إِبْتَدَأَ مِنْ جَدِيد,ابتدا من جديد,വീണ്ടും തുടങ്ങുക,,,true,,false
To show joy,إِبْتَهَجَ بِـ,ابتهج ب,സന്തോഷം പ്രകടിപ്പിക്കുക,,,true,,false
To pray earnestly,إِبْتَهَلَ إِلَى الله,ابتهل الي الله,ആത്മാർത്ഥമായി പ്രാർത്ഥിക്കുക,,,true,,false
To buy goods,إِشْتَرَى / إِبْتَاعَ,اشتري / ابتاع,സാധനങ്ങൾ വാങ്ങുക,,,true,,false
To swallow whole,إِبْتَلَعَ كَالِماً,ابتلع كالما,മുഴുവനായി വിഴുങ്ങുക,,,true,,false
To innovate daily,إِبْتَكَرَ يَوْمِيًّا,ابتكر يوميا,ദിനംപ്രതി കണ്ടുപിടിക്കുക,,,true,,false
To extortion / force,إِبْتَزَّ المَال,ابتز المال,നിർബന്ധിച്ച് വാങ്ങുക,,,true,,false
To move back,إِبْتَعَدَ إِلَى الخَلْف,ابتعد الي الخلف,പിന്നോട്ട് മാറുക,,,true,,false
To spread out / extend,بَسَطَ,بسط,പരത്തുക,,,false,,false
To cut / sever,بَتَرَ,بتر,മുറിച്ചുമാറ്റുക,,,false,,false
To look attentively / gaze,بَصُرَ,بصر,ഉറ്റുനോക്കുക,,,false,,false
To oppress / transgress,بَغَى,بغي,അതിക്രമം കാണിക്കുക,,,false,,false
To surprise / overtake,بَغَتَ,بغت,പെട്ടെന്ന് വന്നെത്തുക,,,false,,false
To stay / abide,قَطَنَ / بَقِيَ,قطن / بقي,താമസിക്കുക,,,true,,false
To excel / surpass,بَرَعَ,برع,മികച്ചുനിൽക്കുക,,,false,,false
To heal / cure,بَرِئَ,بري,സുഖപ്പെടുക,,,false,,false
To sharpen (pencil),بَرَى,بري,സീവുക / മൂർച്ച കൂട്ടുക,,,false,,false
To emerge / stand out,بَرَزَ,برز,പുറത്തുവരിക,,,false,,false
To grow cold / freeze,بَرَدَ,برد,തണുക്കുക,,,false,,false
To file / polish metal,بَرَدَ المَعْدِن,برد المعدن,അരയ്ക്കുക / മിനുക്കുക,,,true,,false
To prove innocence,بَرَّأَ,برا,കുറ്റവിമുക്തനാക്കുക,,,false,,false
To show out / display,أَبْرَزَ,ابرز,പ്രദർശിപ്പിക്കുക,,,false,,false
To ratify / confirm,أَبْرَمَ,ابرم,അംഗീകരിക്കുക,,,false,,false
To heal (wound),إِنْدَمَلَ / بَرِئَ,اندمل / بري,ഉണങ്ങുക (മുറിവ്),,,true,,false
To shine bright,بَرَقَ شَدِيداً,برق شديدا,ശോഭിക്കുക,,,true,,false
To excel in studies,بَرَعَ فِي الدِّرَاسَة,برع في الدراسة,പഠനത്തിൽ മിടുക്കനാകുക,,,true,,false
To sharpen pencil,بَرَى القَلَم,بري القلم,പെൻസിൽ സീവുക,,,true,,false
To emerge clearly,بَرَزَ بِوُضُوح,برز بوضوح,വ്യക്തമായി പുറത്തുവരിക,,,true,,false
To reach adulthood,بَلَغَ أَشُدَّهُ,بلغ اشده,പ്രായപൂർത്തിയാകുക,,,true,,false
To inform everyone,بَلَّغَ الجَمِيع,بلغ الجميع,എല്ലാവരെയും അറിയിക്കുക,,,true,,false
To wet slightly,بَلَّ,بل,ലൈറ്റായി നനയ്ക്കുക,,,false,,false
To soak completely,بَلَّلَ,بلل,നന്നായി നനയ്ക്കുക,,,false,,false
To achieve goal,بَلَغَ الهَدَف,بلغ الهدف,ലക്ഷ്യത്തിൽ എത്തുക,,,true,,false
To deliver message,بَلَّغَ الرِّسَالَة,بلغ الرسالة,സന്ദേശം എത്തിക്കുക,,,true,,false
To reach limit,بَلَغَ الحَدّ,بلغ الحد,അതിർത്ഥിയിൽ എത്തുക,,,true,,false
To be articulate,بَلُغَ,بلغ,വ്യക്തമായി സംസാരിക്കുക,,,false,,false
To wear out / decay,بَلِيَ,بلي,പഴകുക,,,false,,false
To test / try severely,بَلاَ,بلا,പരീക്ഷിക്കുക,,,false,,false
To build a home,بَنَى بَيْتاً,بني بيتا,വീട് പണിയുക,,,true,,false
To establish foundation,بَنَى الأَسَاس,بني الاساس,അടിത്തറ ഇടുക,,,true,,false
To adopt son,تَبَنَّى,تبني,മകനായി സ്വീകരിക്കുക,,,false,,false
To be built / constructed,بُنِيَ,بني,പണിയപ്പെടുക,,,false,,false
To construct wall,بَنَى الجِدَار,بني الجدار,മതിൽ പണിയുക,,,true,,false
To adopt plan,تَبَنَّى الخُطَّة,تبني الخطة,പ്ലാൻ അംഗീകരിക്കുക,,,true,,false
To structure speech,بَنَى الكَلاَم,بني الكلام,സംസാരം ഘടനയാക്കുക,,,true,,false
To rebuild,أَعَادَ البِنَاء,اعاد البناء,വീണ്ടും പണിയുക,,,true,,false
To adopt child,تَبَنَّى الطِّفْل,تبني الطفل,കുട്ടിയെ ദത്തെടുക്കുക,,,true,,false
To build empire,بَنَى الإِمْبِرَاطُورِيَّة,بني الامبراطورية,സാമ്രാജ്യം കെട്ടിപ്പടുക്കുക,,,true,,false
To sell goods,بَاعَ البَضَائِع,باع البضايع,സാധനങ്ങൾ വിൽക്കുക,,,true,,false
To sell cheap,بَاعَ بِرُخْص,باع برخص,കുറഞ്ഞവിലയ്ക്ക് വിൽക്കുക,,,true,,false
To sell dear / expensive,بَاعَ بِغَلاَء,باع بغلاء,കൂടിയവിലയ്ക്ക് വിൽക്കുക,,,true,,false
To trade / deal,بَاعَ وَاشْتَرَى,باع واشتري,വ്യാപാരം ചെയ്യുക,,,true,,false
To sell out,بَاعَ الكُلّ,باع الكل,മുഴുവൻ വിറ്റുതീർക്കുക,,,true,,false
To allegiance / pledge,بَايَعَ,بايع,കരാർ ചെയ്യുക,,,false,,false
To offer for sale,عَرَضَ لِلْبَيْع,عرض للبيع,വില്പനയ്ക്ക് വെക്കുക,,,true,,false
To re-sell,أَعَادَ البَيْع,اعاد البيع,മറിച്ച് വിൽക്കുക,,,true,,false
To sell house,بَاعَ البَيْت,باع البيت,വീട് വിൽക്കുക,,,true,,false
To sell car,بَاعَ السَّيَّارَة,باع السيارة,കാർ വിൽക്കുക,,,true,,false
To spend money,بَذَلَ المَال,بذل المال,പണം ചിലവഴിക്കുക,,,true,,false
To make effort,بَذَلَ الجُهْد,بذل الجهد,ശ്രമിക്കുക,,,true,,false
To sacrifice life,بَذَلَ النَّفْس,بذل النفس,ജീവൻ നൽകുക,,,true,,false
To sow seeds,بَذَرَ البُذُور,بذر البذور,വിത്ത് വിതറുക,,,true,,false
To waste / squander,بَذَّرَ,بذر,പാഴാക്കുക,,,false,,false
To give generously,بَذَلَ بِسَخَاء,بذل بسخاء,ദാനമായി നൽകുക,,,true,,false
To scatter seeds,بَذَرَ فِي الأَرْض,بذر في الارض,വിത്തുകൾ വിതറുക,,,true,,false
To dissipate wealth,بَذَّرَ المَال,بذر المال,സ്വത്ത് നശിപ്പിക്കുക,,,true,,false
To do utmost,بَذَلَ قُصَارَى جُهْدِهِ,بذل قصاري جهده,പരമാവധി ശ്രമിക്കുക,,,true,,false
To sow discord,بَذَرَ الشِقَاق,بذر الشقاق,അഭിപ്രായവ്യത്യാസം ഉണ്ടാക്കുക,,,true,,false
To replace old with new,بَدَّلَ القَدِيمَ بِالجَدِيد,بدل القديم بالجديد,പഴയതിന് പകരം പുതിയതാക്കുക,,,true,,false
To change clothes,بَدَّلَ المَلاَبِس,بدل الملابس,വസ്ത്രം മാറുക,,,true,,false
To exchange positions,تَبَادَلَ المَوَاِقِع,تبادل المواقع,സ്ഥാനങ്ങൾ മാറുക,,,true,,false
To start work,بَدَأَ العَمَل,بدا العمل,ജോലി തുടങ്ങുക,,,true,,false
To start lesson,بَدَأَ الدَّرْس,بدا الدرس,പാഠം തുടങ്ങുക,,,true,,false
To seem clear,بَدَا وَاضِحاً,بدا واضحا,വ്യക്തമായി കാണപ്പെടുക,,,true,,false
To appear on horizon,بَدَا فِي الأُفُق,بدا في الافق,ആകാശത്ത് കാണപ്പെടുക,,,true,,false
To begin journey,بَدَأَ الرِّحْلَة,بدا الرحلة,യാത്ര തുടങ്ങുക,,,true,,false
To change mind,بَدَّلَ رَأْيَهُ,بدل رايه,അഭിപ്രായം മാറുക,,,true,,false
To start over,بَدَأَ مِنْ جَدِيد,بدا من جديد,വീണ്ടും തുടങ്ങുക,,,true,,false
To look carefully,بَصُرَ بِـ,بصر ب,ശ്രദ്ധിച്ചു നോക്കുക,,,true,,false
To give sight / enlighten,بَصَّرَ,بصر,കാഴ്ച നൽകുക / ചിന്തിപ്പിക്കുക,,,false,,false
To stamp fingerprint,بَصَمَ,بصم,വിരലടയാളം പതിക്കുക,,,false,,false
To spit out,بَصَقَ عَالِياً,بصق عاليا,പുറത്തേക്ക് തുപ്പുക,,,true,,false
To perceive truth,أَبْصَرَ الحَقّ,ابصر الحق,സത്യം മനസ്സിലാക്കുക,,,true,,false
To sign / stamp,بَصَمَ عَلَى الوَثِيقَة,بصم علي الوثيقة,ഒപ്പുവെക്കുക,,,true,,false
To see clearly,أَبْصَرَ جَيِّداً,ابصر جيدا,വ്യക്തമായി കാണുക,,,true,,false
To insight / reflect,تَبَصَّرَ فِي الأَمْر,تبصر في الامر,ചിന്തിച്ചു മനസ്സിലാക്കുക,,,true,,false
To spit on ground,بَصَقَ عَلَى الأَرْض,بصق علي الارض,നിലത്ത് തുപ്പുക,,,true,,false
To mark fingerprint,بَصَمَ بِالإِصْبُع,بصم بالاصبع,കയ്യൊപ്പ് വെക്കുക,,,true,,false
To simplify problem,بَسَّطَ المُشْكِلَة,بسط المشكلة,പ്രശ്നം ലളിതമാക്കുക,,,true,,false
To spread hands,بَسَطَ يَدَيْهِ,بسط يديه,കൈകൾ നീട്ടുക,,,true,,false
To smile broadly,بَسَمَ,بسم,തുറന്നു പുഞ്ചിരിക്കുക,,,false,,false
To make happy / cheerful,بَسَطَ النَّفْس,بسط النفس,സന്തോഷിപ്പിക്കുക,,,true,,false
To explain simply,بَسَّطَ الشَّرْح,بسط الشرح,എളുപ്പത്തിൽ വിശദീകരിക്കുക,,,true,,false
To stretch out carpet,بَسَطَ السَّجَّادَة,بسط السجادة,പായ പരത്തുക,,,true,,false
To smile politely,إِبْتَسَمَ بِأَدَب,ابتسم بادب,മര്യാദയോടെ പുഞ്ചിരിക്കുക,,,true,,false
To simplify procedure,بَسَّطَ الإِجْرَاءَات,بسط الاجراءات,രീതി ലളിതമാക്കുക,,,true,,false
To expand power,بَسَطَ نُفُوذَهُ,بسط نفوذه,അധികാരം വികസിപ്പിക്കുക,,,true,,false
To smile warmly,إِبْتَسَمَ بِدِفْء,ابتسم بدفء,സ്നേഹത്തോടെ പുഞ്ചിരിക്കുക,,,true,,false
To explain clearly,بَيَّنَ بِوُضُوح,بين بوضوح,വ്യക്തമായി വിശദീകരിക്കുക,,,true,,false
To declare statement,أَبَانَ عَنْ رَأْيِهِ,ابان عن رايه,പ്രസ്താവന നടത്തുക,,,true,,false
To clarify truth,بَيَّنَ الحَقِيقَة,بين الحقيقة,സത്യം വ്യക്തമാക്കുക,,,true,,false
To demonstrate proof,أَوْضَحَ / بَيَّنَ,اوضح / بين,തെളിവ് വ്യക്തമാക്കുക,,,true,,false
To become clear,تَبَيَّنَ,تبين,വ്യക്തമായിത്തീരുക,,,false,,false
To spend night,بَاتَ,بات,രാത്രി കഴിച്ചുകൂട്ടുക,,,false,,false
To stay overnight,بَاتَ لَيْلَتَهُ,بات ليلته,രാത്രി ഉറങ്ങുക,,,true,,false
To clarify details,بَيَّنَ التَّفَاصِيل,بين التفاصيل,വിവരങ്ങൾ വ്യക്തമാക്കുക,,,true,,false
To show difference,بَيَّنَ الفَرْق,بين الفرق,വ്യത്യാസം കാണിക്കുക,,,true,,false
To ascertain truth,تَبَيَّنَ الأَمْر,تبين الامر,സത്യം അന്വേഷിച്ചു മനസ്സിലാക്കുക,,,true,,false
To give glad tidings,بَشَّرَ بِالخَيْر,بشر بالخير,സന്തോഷവാർത്ത നൽകുക,,,true,,false
To announce success,بَشَّرَ بِالنَّجَاح,بشر بالنجاح,വിജയം അറിയിക്കുക,,,true,,false
To smile / be cheerful,بَشَّ فِي وَجْهِهِ,بش في وجهه,പ്രസന്നവദനനാകുക,,,true,,false
To perform duty directly,بَاشَرَ العَمَل,باشر العمل,നേരിട്ട് ജോലി ചെയ്യുക,,,true,,false
To start task directly,بَاشَرَ المَهَام,باشر المهام,ഉടൻ ആരംഭിക്കുക,,,true,,false
To carry out plan,بَاشَرَ الخُطَّة,باشر الخطة,പ്ലാൻ നടപ്പിലാക്കുക,,,true,,false
To bring good news,أَبْشَرَ,ابشر,നല്ല വാർത്ത കൊണ്ടുവരിക,,,false,,false
To rejoice at news,إِسْتَبْشَرَ,استبشر,വാർത്തയിൽ സന്തോഷിക്കുക,,,false,,false
To supervise directly,بَاشَرَ الإِشْرَاف,باشر الاشراف,നേരിട്ട് മേൽനോട്ടം വഹിക്കുക,,,true,,false
To manage directly,بَاشَرَ الإِدَارَة,باشر الادارة,നേരിട്ട് നിയന്ത്രിക്കുക,,,true,,false
To send messenger,بَعَثَ رَسُولاً,بعث رسولا,ദൂതനെ അയക്കുക,,,true,,false
To raise from dead,بَعَثَ مِنَ المَوْت,بعث من الموت,ഉയിർത്തെഴുന്നേൽപ്പിക്കുക,,,true,,false
To send letter,بَعَثَ رِسَالَة,بعث رسالة,കത്ത് അയക്കുക,,,true,,false
To scatter things,بَعْثَرَ الأَشْيَاء,بعثر الاشياء,സാധനങ്ങൾ ചിതറിക്കുക,,,true,,false
To disarrange room,بَعْثَرَ الغُرْفَة,بعثر الغرفة,മുറി കുഴപ്പത്തിലാക്കുക,,,true,,false
To send delegation,بَعَثَ وَفْداً,بعث وفدا,പ്രതിനിധിയെ അയക്കുക,,,true,,false
To awaken / arouse,بَعَثَ أَمَلاً,بعث املا,ഉണർത്തുക / പ്രചോദിപ്പിക്കുക,,,true,,false
To scatter papers,بَعْثَرَ الأَوْرَاق,بعثر الاوراق,കടലാസുകൾ ചിതറിക്കുക,,,true,,false
To send greeting,بَعَثَ تَحِيَّة,بعث تحية,അഭിവാദ്യം അയക്കുക,,,true,,false
To inspire hope,بَعَثَ الرَّجَاء,بعث الرجاء,പ്രതീക്ഷ നൽകുക,,,true,,false
To keep away from bad,بَاعَدَ عَنِ الشَّرّ,باعد عن الشر,ചീത്ത കാര്യത്തിൽ നിന്ന് അകലുക,,,true,,false
To go far away,إِبْتَعَدَ كَثِيراً,ابتعد كثيرا,വളരെ ദൂരെ പോവുക,,,true,,false
To alienate people,بَعَّدَ النَّاس,بعد الناس,ആളുകളെ അകറ്റുക,,,true,,false
To distance step by step,بَاعَدَ بَيْنَهُمَا,باعد بينهما,പതുക്കെ അകറ്റുക,,,true,,false
To stretch distance,بَاعَدَ المَسَافَة,باعد المسافة,ദൂരം കൂട്ടുക,,,true,,false
To exclude option,إِسْتَبْعَدَ الخِيَار,استبعد الخيار,ഓപ്ഷൻ മാറ്റിവെക്കുക,,,true,,false
To consider unlikely,إِسْتَبْعَدَ الأَمْر,استبعد الامر,അസാധ്യമെന്ന് കരുതുക,,,true,,false
To keep away danger,بَعَّدَ الخَطَر,بعد الخطر,അപകടം അകറ്റി നിർത്തുക,,,true,,false
To remove doubt,إِسْتَبْعَدَ الشَّكّ,استبعد الشك,സംശയം മാറ്റുക,,,true,,false
To push far off,بَعَّدَ إِلَى البَعِيد,بعد الي البعيد,ദൂരേക്ക് തള്ളുക,,,true,,false
To bless time,بَارَكَ فِي الوَقْت,بارك في الوقت,സമയത്തിൽ ബറക്കത്ത് നൽകുക,,,true,,false
To bless food,بَارَكَ فِي الطَّعَام,بارك في الطعام,ഭക്ഷണത്തിൽ ബറക്കത്ത് നൽകുക,,,true,,false
To congratulate on marriage,بَارَكَ الزَّوَاج,بارك الزواج,വിവാഹത്തിന് അഭിനന്ദിക്കുക,,,true,,false
To initiate effort,بَادَرَ بِالعَمَل,بادر بالعمل,ശ്രമം ആദ്യമേ തുടങ്ങുക,,,true,,false
To take step first,بَادَرَ بِالخُطْوَة,بادر بالخطوة,ആദ്യ ചുവടുവെപ്പ് നടത്തുക,,,true,,false
To exchange greetings,تَبَادَلَ التَّحِيَّة,تبادل التحية,അഭിവാദ്യം കൈമാറുക,,,true,,false
To exchange ideas,تَبَادَلَ الآَرَاء,تبادل الاراء,അഭിപ്രായങ്ങൾ കൈമാറുക,,,true,,false
To bless life,بَارَكَ الحَيَاة,بارك الحياة,ജീവിതം അനുഗ്രഹിക്കുക,,,true,,false
To congratulate on success,بَارَكَ النَّجَاح,بارك النجاح,വിജയത്തിൽ അഭിനന്ദിക്കുക,,,true,,false
To offer help first,بَادَرَ بِالمُسَاعَدَة,بادر بالمساعدة,സഹായം വാഗ്ദാനം ചെയ്യുക,,,true,,false
To cool water,بَرَّدَ المَاء,برد الماء,വെള്ളം തണുപ്പിക്കുക,,,true,,false
To freeze / get cold,بَرَدَ الجَوّ,برد الجو,തണുത്തു ഉറയുക,,,true,,false
To justify action,بَرَّرَ الفِعْل,برر الفعل,പ്രവർത്തിയെ ന്യായീകരിക്കുക,,,true,,false
To justify mistake,بَرَّرَ الخَطَأ,برر الخطا,തെറ്റ് ന്യായീകരിക്കുക,,,true,,false
To heal completely,بَرِئَ تَمَاماً,بري تماما,മുഴുവനായി സുഖപ്പെടുക,,,true,,false
To prove innocence in court,تَبَرَّأَ فِي المَحْكَمَة,تبرا في المحكمة,കോടതിയിൽ കുറ്റവിമുക്തനാകുക,,,true,,false
To donate money,تَبَرَّعَ بِالمَال,تبرع بالمال,പണം ദാനം ചെയ്യുക,,,true,,false
To donate blood,تَبَرَّعَ بِالدَّم,تبرع بالدم,രക്തം ദാനം ചെയ്യുക,,,true,,false
To disown action,تَبَرَّأَ مِنَ الفِعْل,تبرا من الفعل,പ്രവർത്തിയുമായി ബന്ധമില്ലെന്ന് പറയുക,,,true,,false
To justify absence,بَرَّرَ الغِيَاب,برر الغياب,ഹാജരാകാത്തത് ന്യായീകരിക്കുക,,,true,,false
To exaggerate story,بَالَغَ فِي القِصَّة,بالغ في القصة,കഥ അതിശയോക്തിയായി പറയുക,,,true,,false
To exaggerate danger,بَالَغَ فِي الخَطَر,بالغ في الخطر,അപകടം വലുതായി കാണിക്കുക,,,true,,false
To reach climax,بَلَغَ الذِّرْوَة,بلغ الذروة,പാരമ്യത്തിൽ എത്തുക,,,true,,false
To reach destination,بَلَغَ المَقْصِد,بلغ المقصد,ലക്ഷ്യസ്ഥാനത്ത് എത്തുക,,,true,,false
To try hard / strain,بَالَغَ فِي الجُهْد,بالغ في الجهد,കഠിനമായി ശ്രമിക്കുക,,,true,,false
To overstate problem,بَالَغَ فِي المُشْكِلَة,بالغ في المشكلة,പ്രശ്നം വലുതാക്കി പറയുക,,,true,,false
To reach mature age,بَلَغَ سِنَّ الرُّشْد,بلغ سن الرشد,പ്രായപൂർത്തിയാകുക,,,true,,false
To convey order,بَلَّغَ الأَمْر,بلغ الامر,ഉത്തരവ് അറിയിക്കുക,,,true,,false
To reach high level,بَلَغَ مُسْتَوَى عَالِياً,بلغ مستوي عاليا,ഉയർന്ന തലത്തിൽ എത്തുക,,,true,,false
To overdo praise,بَالَغَ فِي المَدْح,بالغ في المدح,വളരെയധികം പ്രശംസിക്കുക,,,true,,false
To pledge loyalty,بَايَعَ عَلَى الطَّاعَة,بايع علي الطاعة,വിശ്വസ്തത പ്രതിജ്ഞ ചെയ്യുക,,,true,,false
To pledge support,بَايَعَ بِالدَّعْم,بايع بالدعم,പിന്തുണ വാഗ്ദാനം ചെയ്യുക,,,true,,false
To remain patient,بَقِيَ صَابِراً,بقي صابرا,ക്ഷമയോടെ നിൽക്കുക,,,true,,false
To remain silent,بَقِيَ صَامِتاً,بقي صامتا,മിണ്ടാതിരിക്കുക,,,true,,false
To remain firm / steadfast,بَقِيَ ثَابِتاً,بقي ثابتا,ഉറച്ചുനിൽക്കുക,,,true,,false
To survive trial,بَقِيَ حَيًّا,بقي حيا,പരീക്ഷണം അതിജീവിക്കുക,,,true,,false
To stay home,بَقِيَ فِي البَيْت,بقي في البيت,വീട്ടിൽ തന്നെ ഇരിക്കുക,,,true,,false
To stay awake,بَقِيَ مُسْتَيْقِظاً,بقي مستيقظا,ഉണർന്നിരിക്കുക,,,true,,false
To remain calm,بَقِيَ هَادِئاً,بقي هاديا,ശാന്തമായിരിക്കുക,,,true,,false
To last long,بَقِيَ طَوِيلاً,بقي طويلا,വളരെക്കാലം നിലനിൽക്കുക,,,true,,false
To weep bitterly,بَكَى بِشِدَّة,بكي بشدة,കഠിനമായി കരയുക,,,true,,false
To cry out of fear,بَكَى مِنَ الخَوْف,بكي من الخوف,പേടിച്ച് കരയുക,,,true,,false
To cry out of joy,بَكَى مِنَ الفَرَح,بكي من الفرح,സന്തോഷം കൊണ്ട് കരയുക,,,true,,false
To make someone cry,أَبْكَى,ابكي,ഒരാളെ കരയിപ്പിക്കുക,,,false,,false
To weep silently,بَكَى بِصَمْت,بكي بصمت,ശബ്ദമില്ലാതെ കരയുക,,,true,,false
To mourn and cry,بَكَى حُزْناً,بكي حزنا,സങ്കടപ്പെട്ട് കരയുക,,,true,,false
To cry for help,بَكَى طَلَباً لِلْمُسَاعَدَة,بكي طلبا للمساعدة,സഹായത്തിന് കരയുക,,,true,,false
To cry loud,بَكَى بِصَوْتٍ عَالٍ,بكي بصوت عال,ഉച്ചത്തിൽ കരയുക,,,true,,false
To weep over loss,بَكَى عَلَى الخَسَارَة,بكي علي الخسارة,നഷ്ടത്തിൽ കരയുക,,,true,,false
To bring to tears,أَبْكَى الحَاضِرِينَ,ابكي الحاضرين,കണ്ണീരിലാഴ്ത്തുക,,,true,,false
To shine bright (star),بَرَقَ النَّجْم,برق النجم,നക്ഷത്രം തിളങ്ങുക,,,true,,false
To flash lightning,بَرَقَتِ السَّمَاء,برقت السماء,മിന്നൽ മിന്നുക,,,true,,false
To gladden heart,بَهَجَ القَلْب,بهج القلب,ഹൃദയം സന്തോഷിപ്പിക്കുക,,,true,,false
To dazzle eyes,بَهَرَ الأَبْصَار,بهر الابصار,കണ്ണഞ്ചിപ്പിക്കുക,,,true,,false
To amaze everyone,بَهَرَ الجَمِيع,بهر الجميع,എല്ലാവരെയും അത്ഭുതപ്പെടുത്തുക,,,true,,false
To shine gold,بَرَقَ الذَّهَب,برق الذهب,സ്വർണ്ണം തിളങ്ങുക,,,true,,false
To delight mind,بَهَجَ النَّفْس,بهج النفس,മനസ്സിന് സന്തോഷം നൽകുക,,,true,,false
To dazzle audience,بَهَرَ الحُضُور,بهر الحضور,പ്രേക്ഷകരെ അത്ഭുതപ്പെടുത്തുക,,,true,,false
To sparkle crystal,بَرَقَ الكِرِيسْتَال,برق الكريستال,ക്രിസ്റ്റൽ തിളങ്ങുക,,,true,,false
To bring joy,أَبْهَجَ,ابهج,സന്തോഷം കൊണ്ടുവരിക,,,false,,false
To scatter dust,بَعْثَرَ التُّرَاب,بعثر التراب,പൊടി വിതറുക,,,true,,false
To confuse order,بَعْثَرَ النِّظَام,بعثر النظام,ക്രമം തെറ്റിക്കുക,,,true,,false
To waste time,بَذَّرَ الوَقْت,بذر الوقت,സമയം പാഴാക്കുക,,,true,,false
To waste resources,بَذَّرَ المَوَارِد,بذر الموارد,സമ്പത്ത് പാഴാക്കുക,,,true,,false
To scatter money,بَعْثَرَ المَال,بعثر المال,പണം ചിതറിക്കുക,,,true,,false
To mess up plan,بَعْثَرَ الخُطَّة,بعثر الخطة,പ്ലാൻ തകരാറിലാക്കുക,,,true,,false
To squander fortune,بَذَّرَ الثَّرْوَة,بذر الثروة,സമ്പാദ്യം പാഴാക്കുക,,,true,,false
To scatter thoughts,بَعْثَرَ الأَفْكَار,بعثر الافكار,ചിന്തകൾ ചിതറിക്കുക,,,true,,false
To waste energy,بَذَّرَ الطَّاقَة,بذر الطاقة,ഊർജ്ജം പാഴാക്കുക,,,true,,false
To mix up items,بَعْثَرَ المَفْرُوشَات,بعثر المفروشات,സാധനങ്ങൾ കൂട്ടിക്കലർത്തുക,,,true,,false
To initiate project,بَادَرَ بِالمَشْرُوع,بادر بالمشروع,പ്രോജക്റ്റ് തുടങ്ങുക,,,true,,false
To take lead,بَادَرَ بِالقِيَادَة,بادر بالقيادة,നേതൃത്വം എടുക്കുക,,,true,,false
To initiate peace,بَادَرَ بِالسَّلاَم,بادر بالسلام,സമാധാനത്തിന് മുമ്പോട്ടുവരിക,,,true,,false
To offer solution first,بَادَرَ بِالحَلّ,بادر بالحل,ആദ്യം പരിഹാരം പറയുക,,,true,,false
To exchange visits,تَبَادَلَ الزِّيَارَات,تبادل الزيارات,സന്ദർശനങ്ങൾ കൈമാറുക,,,true,,false
To exchange gifts,تَبَادَلَ الهَدَايَا,تبادل الهدايا,സമ്മാനങ്ങൾ കൈമാറുക,,,true,,false
To exchange messages,تَبَادَلَ الرَّسَائِل,تبادل الرسايل,സന്ദേശങ്ങൾ കൈമാറുക,,,true,,false
To exchange business,تَبَادَلَ التِّجَارَة,تبادل التجارة,കച്ചവടം കൈമാറുക,,,true,,false
To initiate conversation,بَادَرَ بِالحَدِيث,بادر بالحديث,സംസാരം തുടങ്ങുക,,,true,,false
To exchange respect,تَبَادَلَ الاِحْتِرَام,تبادل الاحترام,ബഹുമാനം പരസ്പരം നൽകുക,,,true,,false
To clarify policy,بَيَّنَ السِّيَاسَة,بين السياسة,നയം വ്യക്തമാക്കുക,,,true,,false
To declare position,أَبَانَ المَوْقِف,ابان الموقف,നിലപാട് വ്യക്തമാക്കുക,,,true,,false
To show cause,بَيَّنَ السَّبَب,بين السبب,കാരണം കാണിക്കുക,,,true,,false
To become evident,تَبَيَّنَ بَوُضُوح,تبين بوضوح,വ്യക്തമായിത്തീരുക,,,true,,false
To clarify misunderstanding,بَيَّنَ السُّوءَ الفَهْم,بين السوء الفهم,തെറ്റിദ്ധാരണ മാറ്റുക,,,true,,false
To explain procedure,بَيَّنَ الخُطُوَات,بين الخطوات,രീതി വ്യക്തമാക്കുക,,,true,,false
To verify facts,تَبَيَّنَ الحَقَائِق,تبين الحقايق,സത്യവസ്തുത പരിശോധിക്കുക,,,true,,false
To show interest,أَبْدَى إِهْتِمَاماً,ابدي اهتماما,താല്പര്യം കാണിക്കുക,,,true,,false
To express opinion,أَبْدَى رَأْيَهُ,ابدي رايه,അഭിപ്രായം പ്രകടിപ്പിക്കുക,,,true,,false
To show readiness,أَبْدَى إِسْتِعْدَادَهُ,ابدي استعداده,സന്നദ്ധത പ്രകടിപ്പിക്കുക,,,true,,false
To innovate solution,إِبْتَكَرَ حَلًّ,ابتكر حل,പുതിയ പരിഹാരം കണ്ടെത്തുക,,,true,,false
To invent technology,إِبْتَكَرَ تِكْنُولُوجِيَا,ابتكر تكنولوجيا,സാങ്കേതികവിദ്യ കണ്ടുപിടിക്കുക,,,true,,false
To innovate method,إِبْتَكَرَ طَرِيقَةً,ابتكر طريقة,പുതിയ രീതി ഉണ്ടാക്കുക,,,true,,false
To originate idea,إِبْتَكَرَ فِكْرَةً,ابتكر فكرة,പുതിയ ആശയം കൊണ്ടുവരിക,,,true,,false
To design new device,إِبْتَكَرَ جَهَازاً,ابتكر جهازا,പുതിയ ഉപകരണം ഉണ്ടാക്കുക,,,true,,false
To smile warmly at guest,إِبْتَسَمَ لِلضَّيْف,ابتسم للضيف,അതിഥിയോട് പുഞ്ചിരിക്കുക,,,true,,false
To smile in face of hardship,إِبْتَسَمَ رَغْمَ الصُّعُوبَة,ابتسم رغم الصعوبة,പ്രയാസത്തിലും പുഞ്ചിരിക്കുക,,,true,,false
To innovate new product,إِبْتَكَرَ مُنْتَجاً,ابتكر منتجا,പുതിയ ഉൽപ്പന്നം ഉണ്ടാക്കുക,,,true,,false
To create new style,إِبْتَكَرَ أُسْلُوباً,ابتكر اسلوبا,പുതിയ ശൈലി ഉണ്ടാക്കുക,,,true,,false
To smile cheerfully,إِبْتَسَمَ بِفَرَح,ابتسم بفرح,സന്തോഷത്തോടെ പുഞ്ചിരിക്കുക,,,true,,false
To begin work early,بَدَأَ العَمَلَ بَاكِراً,بدا العمل باكرا,നേരത്തെ ജോലി തുടങ്ങുക,,,true,,false
To begin reading,بَدَأَ القِرَاءَةَ,بدا القراءة,വായന തുടങ്ങുക,,,true,,false
To begin writing,بَدَأَ الكِتَابَةَ,بدا الكتابة,എഴുത്ത് തുടങ്ങുക,,,true,,false
To begin speaking,بَدَأَ الكَلاَمَ,بدا الكلام,സംസാരം തുടങ്ങുക,,,true,,false
To begin meeting,بَدَأَ الاِجْتِمَاعَ,بدا الاجتماع,മീറ്റിംഗ് തുടങ്ങുക,,,true,,false
To appear suddenly,بَدَا فَجْأَةً,بدا فجاة,പെട്ടെന്ന് കാണപ്പെടുക,,,true,,false
To seem difficult,بَدَا صَعْباً,بدا صعبا,പ്രയാസമെന്ന് തോന്നുക,,,true,,false
To seem easy,بَدَا سَهْلاً,بدا سهلا,എളുപ്പമെന്ന് തോന്നുക,,,true,,false
To begin study,بَدَأَ الدِّرَاسَةَ,بدا الدراسة,പഠനം തുടങ്ങുക,,,true,,false
To begin trip,بَدَأَ السَّفَرَ,بدا السفر,യാത്ര ആരംഭിക്കുക,,,true,,false
To search for truth,بَحَثَ عَنِ الحَقِيقَةِ,بحث عن الحقيقة,സത്യം അന്വേഷിക്കുക,,,true,,false
To search for job,بَحَثَ عَنْ عَمَلٍ,بحث عن عمل,ജോലി അന്വേഷിക്കുക,,,true,,false
To search for book,بَحَثَ عَنِ الكِتَابِ,بحث عن الكتاب,പുസ്തകം തിരയുക,,,true,,false
To discuss problem,بَحَثَ المُشْكِلَةَ,بحث المشكلة,പ്രശ്നം ചർച്ച ചെയ്യുക,,,true,,false
To research topic,بَحَثَ المَوْضُوعَ,بحث الموضوع,വിഷയം ഗവേഷണം ചെയ്യുക,,,true,,false
To search everywhere,بَحَثَ فِي كُلِّ مَكَانٍ,بحث في كل مكان,എല്ലായിടത്തും തിരയുക,,,true,,false
To search for solution,بَحَثَ عَنْ حَلٍّ,بحث عن حل,പരിഹാരം അന്വേഷിക്കുക,,,true,,false
To search online,بَحَثَ عَبْرَ الإِنْتَرْنِت,بحث عبر الانترنت,ഓൺലൈനിൽ തിരയുക,,,true,,false
To research deeply,بَحَثَ عَمِيقاً,بحث عميقا,ആഴത്തിൽ ഗവേഷണം ചെയ്യുക,,,true,,false
To search for key,بَحَثَ عَنِ المِفْتَاحِ,بحث عن المفتاح,താക്കോൽ തിരയുക,,,true,,false
To build future,بَنَى المُسْتَقْبَلَ,بني المستقبل,ഭാവിയെ കെട്ടിപ്പടുക്കുക,,,true,,false
To build nation,بَنَى الأُمَّةَ,بني الامة,രാഷ്ടം കെട്ടിപ്പടുക്കുക,,,true,,false
To build mosque,بَنَى مَسْجِداً,بني مسجدا,പള്ളി പണിയുക,,,true,,false
To build school,بَنَى مَدْرَسَةً,بني مدرسة,സ്കൂൾ പണിയുക,,,true,,false
To build hospital,بَنَى مُسْتَشْفَى,بني مستشفي,ആശുപത്രി പണിയുക,,,true,,false
To establish relations,بَنَى العَلاَقَاتِ,بني العلاقات,ബന്ധങ്ങൾ കെട്ടിപ്പടുക്കുക,,,true,,false
To build trust,بَنَى الثِّقَةَ,بني الثقة,വിശ്വാസം വളർത്തുക,,,true,,false
To build bridge of love,بَنَى جِسْرَ المَحَبَّةِ,بني جسر المحبة,സ്നേഹത്തിന്റെ പാലം പണിയുക,,,true,,false
To construct building,بَنَى العِمَارَةَ,بني العمارة,കെട്ടിടം പണിയുക,,,true,,false
To build career,بَنَى المَسَارَ المِهْنِيَّ,بني المسار المهني,കരിയർ കെട്ടിപ്പടുക്കുക,,,true,,false
To stay hopeful,بَقِيَ مُتَفَائِلاً,بقي متفايلا,പ്രതീക്ഷയോടെ ഇരിക്കുക,,,true,,false
To stay alive,بَقِيَ عَلَى قَيْدِ الحَيَاةِ,بقي علي قيد الحياة,ജീവനോടെ ഇരിക്കുക,,,true,,false
To stay focused,بَقِيَ مُرَكِّزاً,بقي مركزا,ശ്രദ്ധയോടെ ഇരിക്കുക,,,true,,false
To stay in city,بَقِيَ فِي المَدِينَةِ,بقي في المدينة,നഗരത്തിൽ തന്നെ തുടരുക,,,true,,false
To remain balance,بَقِيَ الرَّصِيدُ,بقي الرصيد,ബാക്കി നിൽക്കുക,,,true,,false
To stay connected,بَقِيَ عَلَى إِتِّصَالٍ,بقي علي اتصال,ബന്ധത്തിൽ തുടരുക,,,true,,false
To stay calm in danger,بَقِيَ هَادِئاً فِي الخَطَرِ,بقي هاديا في الخطر,അപകടത്തിലും ശാന്തനായിരിക്കുക,,,true,,false
To remain true,بَقِيَ صَادِقاً,بقي صادقا,സത്യസന്ധനായി തുടരുക,,,true,,false
To stay strong,بَقِيَ قَوِيًّا,بقي قويا,ശക്തനായി തുടരുക,,,true,,false
To remain unchanged,بَقِيَ كَمَا هُوَ,بقي كما هو,മാറ്റമില്ലാതെ തുടരുക,,,true,,false
To send letter by post,بَعَثَ رِسَالَةً بِالبَرِيدِ,بعث رسالة بالبريد,തപാലിൽ കത്തയക്കുക,,,true,,false
To send email,بَعَثَ بَرِيداً إِلكْتُرُونِيًّا,بعث بريدا الكترونيا,ഇമെയിൽ അയക്കുക,,,true,,false
To send gift,بَعَثَ هَدِيَّةً,بعث هدية,സമ്മാനം അയക്കുക,,,true,,false
To send invitation,بَعَثَ دَعْوَةً,بعث دعوة,ക്ഷണക്കത്ത് അയക്കുക,,,true,,false
To send army,بَعَثَ جَيْشاً,بعث جيشا,സൈന്യത്തെ അയക്കുക,,,true,,false
To send signal,بَعَثَ إِشَارَةً,بعث اشارة,സിഗ്നൽ അയക്കുക,,,true,,false
To send peace message,بَعَثَ رِسَالَةَ سَلاَمٍ,بعث رسالة سلام,സമാധാന സന്ദേശം അയക്കുക,,,true,,false
To send team,بَعَثَ فَرِيقاً,بعث فريقا,ടീമിനെ അയക്കുക,,,true,,false
To send representative,بَعَثَ مُمَثِّلاً,بعث ممثلا,പ്രതിനിധിയെ അയക്കുക,,,true,,false
To send help,بَعَثَ المُسَاعَدَةَ,بعث المساعدة,സഹായം അയക്കുക,,,true,,false
To smile with happiness,إِبْتَسَمَ بِسَعَادَةٍ,ابتسم بسعادة,സന്തോഷത്തോടെ പുഞ്ചിരിക്കുക,,,true,,false
To smile at child,إِبْتَسَمَ لِلطِّفْلِ,ابتسم للطفل,കുട്ടിയോട് പുഞ്ചിരിക്കുക,,,true,,false
To smile with hope,إِبْتَسَمَ بِأَمَلٍ,ابتسم بامل,പ്രതീക്ഷയോടെ പുഞ്ചിരിക്കുക,,,true,,false
To smile gently,إِبْتَسَمَ بِرِقَّةٍ,ابتسم برقة,മൃദുവായി പുഞ്ചിരിക്കുക,,,true,,false
To smile quietly,إِبْتَسَمَ بِهَدُوءٍ,ابتسم بهدوء,നിശ്ശബ്ദമായി പുഞ്ചിരിക്കുക,,,true,,false
To smile brightly,إِبْتَسَمَ بِإِشْرَاقٍ,ابتسم باشراق,പ്രകാശത്തോടെ പുഞ്ചിരിക്കുക,,,true,,false
To smile with love,إِبْتَسَمَ بِحُبٍّ,ابتسم بحب,സ്നേഹത്തോടെ പുഞ്ചിരിക്കുക,,,true,,false
To smile proudly,إِبْتَسَمَ بِفَخْرٍ,ابتسم بفخر,അഭിമാനത്തോടെ പുഞ്ചിരിക്കുക,,,true,,false
To smile in picture,إِبْتَسَمَ لِلصُّورَةِ,ابتسم للصورة,ഫോട്ടോയ്ക്ക് പുഞ്ചിരിക്കുക,,,true,,false
To smile always,إِبْتَسَمَ دَائِماً,ابتسم دايما,എപ്പോഴും പുഞ്ചിരിക്കുക,,,true,,false
To clarify plan,بَيَّنَ الخُطَّةَ,بين الخطة,പ്ലാൻ വ്യക്തമാക്കുക,,,true,,false
To clarify vision,بَيَّنَ الرُّؤْيَةَ,بين الروية,കാഴ്ചപ്പാട് വ്യക്തമാക്കുക,,,true,,false
To clarify role,بَيَّنَ الدَّوْرَ,بين الدور,പങ്ക് വ്യക്തമാക്കുക,,,true,,false
To clarify rule,بَيَّنَ القَاعِدَةَ,بين القاعدة,നിയമം വ്യക്തമാക്കുക,,,true,,false
To clarify task,بَيَّنَ المَهَمَّةَ,بين المهمة,ചുമതല വ്യക്തമാക്കുക,,,true,,false
To clarify idea,بَيَّنَ الفِكْرَةَ,بين الفكرة,ആശയം വ്യക്തമാക്കുക,,,true,,false
To clarify path,بَيَّنَ الطَّرِيقَ,بين الطريق,വഴി വ്യക്തമാക്കുക,,,true,,false
To clarify answer,بَيَّنَ الإِجَابَةَ,بين الاجابة,ഉത്തരം വ്യക്തമാക്കുക,,,true,,false
To clarify result,بَيَّنَ النَّتِيجَةَ,بين النتيجة,ഫലം വ്യക്തമാക്കുക,,,true,,false
To clarify meaning,بَيَّنَ المَعْنَى,بين المعني,അർത്ഥം വ്യക്തമാക്കുക,,,true,,false
To sell car fast,بَاعَ السَّيَّارَةَ سَرِيعاً,باع السيارة سريعا,കാർ വേഗത്തിൽ വിൽക്കുക,,,true,,false
To sell house high price,بَاعَ البَيْتَ بِسِعْرٍ عَالٍ,باع البيت بسعر عال,വീട് നല്ല വിലയ്ക്ക് വിൽക്കുക,,,true,,false
To sell goods online,بَاعَ البَضَائِعَ عَبْرَ الإِنْتَرْنِت,باع البضايع عبر الانترنت,സാധനങ്ങൾ ഓൺലൈനിൽ വിൽക്കുക,,,true,,false
To sell fruit in market,بَاعَ الفَاكِهَةَ فِي السُّوقِ,باع الفاكهة في السوق,പഴങ്ങൾ മാർക്കറ്റിൽ വിൽക്കുക,,,true,,false
To sell products,بَاعَ المُنْتَجَاتِ,باع المنتجات,ഉൽപ്പന്നങ്ങൾ വിൽക്കുക,,,true,,false
To sell land,بَاعَ الأَرْضَ,باع الارض,സ്ഥലം വിൽക്കുക,,,true,,false
To sell book,بَاعَ الكِتَابَ,باع الكتاب,പുസ്തകം വിൽക്കുക,,,true,,false
To sell food,بَاعَ الطَّعَامَ,باع الطعام,ഭക്ഷണം വിൽക്കുക,,,true,,false
To sell clothes,بَاعَ المَلاَبِسَ,باع الملابس,വസ്ത്രങ്ങൾ വിൽക്കുക,,,true,,false
To sell ticket,بَاعَ التَّذْكِرَةَ,باع التذكرة,ടിക്കറ്റ് വിൽക്കുക,,,true,,false
To make full effort,بَذَلَ كُلَّ جُهْدِهِ,بذل كل جهده,മുഴുവൻ ശ്രമവും നടത്തുക,,,true,,false
To spend all money,بَذَلَ كُلَّ مَالِهِ,بذل كل ماله,എല്ലാ പണവും ചിലവഴിക്കുക,,,true,,false
To give best performance,بَذَلَ أَفْضَلَ مَا لَدَيْهِ,بذل افضل ما لديه,മികച്ച പ്രകടനം പുറത്തെടുക്കുക,,,true,,false
To exert time and energy,بَذَلَ الوَقْتَ وَالطَّاقَةَ,بذل الوقت والطاقة,സമയവും ഊർജ്ജവും നൽകുക,,,true,,false
To sow goodness,بَذَرَ الخَيْرَ,بذر الخير,നന്മ വിതറുക,,,true,,false
To sow love,بَذَرَ المَحَبَّةَ,بذر المحبة,സ്നേഹം വിതറുക,,,true,,false
To sow hope,بَذَرَ الأَمَلَ,بذر الامل,പ്രതീക്ഷ വിതറുക,,,true,,false
To waste money foolishly,بَذَّرَ المَالَ بِغَبَاءٍ,بذر المال بغباء,പണം മണ്ടത്തരത്തിൽ പാഴാക്കുക,,,true,,false
To make effort for peace,بَذَلَ الجُهْدَ لِلسَّلاَمِ,بذل الجهد للسلام,സമാധാനത്തിനായി ശ്രമിക്കുക,,,true,,false
To make effort for success,بَذَلَ الجُهْدَ لِلنَّجَاحِ,بذل الجهد للنجاح,വിജയത്തിനായി കഠിനാധ്വാനം ചെയ്യുക,,,true,,false
To exchange good wishes,تَبَادَلَ التَّمَنِّيَاتِ الطَّيِّبَةَ,تبادل التمنيات الطيبة,നല്ല ആശംസകൾ കൈമാറുക,,,true,,false
To exchange view points,تَبَادَلَ وُجْهَاتِ النَّظَرِ,تبادل وجهات النظر,കാഴ്ചപ്പാടുകൾ കൈമാറുക,,,true,,false
To initiate conversation warmly,بَادَرَ بِالحَدِيثِ بِدِفْءٍ,بادر بالحديث بدفء,സ്നേഹത്തോടെ സംഭാഷണം തുടങ്ങുക,,,true,,false
To exchange smile,تَبَادَلَ الاِبْتِسَامَةَ,تبادل الابتسامة,പരസ്പരം പുഞ്ചിരിക്കുക,,,true,,false
To initiate good deed,بَادَرَ بِالخَيْرِ,بادر بالخير,നല്ല പ്രവർത്തനം ആദ്യം ചെയ്യുക,,,true,,false
To exchange knowledge,تَبَادَلَ المَعْرِفَةَ,تبادل المعرفة,അറിവ് കൈമാറുക,,,true,,false
To exchange culture,تَبَادَلَ الثَّقَافَةَ,تبادل الثقافة,സംസ്കാരം കൈമാറുക,,,true,,false
To initiate apology,بَادَرَ بِالاِعْتِذَارِ,بادر بالاعتذار,ആദ്യം ക്ഷമ ചോദിക്കുക,,,true,,false
To exchange experience,تَبَادَلَ الخِبْرَةَ,تبادل الخبرة,അനുഭവം കൈമാറുക,,,true,,false
To exchange trust,تَبَادَلَ الثَّقَةَ,تبادل الثقة,വിശ്വാസം പരസ്പരം കൈമാറുക,,,true,,false
To inform good news to family,بَشَّرَ العَائِلَةَ بِالخَيْرِ,بشر العايلة بالخير,കുടുംബത്തെ സന്തോഷവാർത്ത അറിയിക്കുക,,,true,,false
To announce victory to people,بَشَّرَ النَّاسَ بِالنَّصْرِ,بشر الناس بالنصر,ജനങ്ങളെ വിജയം അറിയിക്കുക,,,true,,false
To start work directly now,بَاشَرَ العَمَلَ الآنَ,باشر العمل الان,ഇപ്പോൾ തന്നെ ജോലി തുടങ്ങുക,,,true,,false
To start duty directly today,بَاشَرَ المَهَمَّةَ اليَوْمَ,باشر المهمة اليوم,ഇന്ന് തന്നെ ചുമതലയേൽക്കുക,,,true,,false
To smile warmly at all,بَشَّ فِي وَجْهِ الجَمِيعِ,بش في وجه الجميع,എല്ലാവരോടും പ്രസന്നമായി പെരുമാറുക,,,true,,false
To bring glad tidings of peace,بَشَّرَ بِالسَّلاَمِ,بشر بالسلام,സമാധാനത്തിന്റെ സന്തോഷവാർത്ത അറിയിക്കുക,,,true,,false
To start business directly,بَاشَرَ التِّجَارَةَ,باشر التجارة,ബിസിനസ്സ് നേരിട്ട് ആരംഭിക്കുക,,,true,,false
To start project directly,بَاشَرَ المَشْرُوعَ,باشر المشروع,പ്രോജക്റ്റ് നേരിട്ട് തുടങ്ങുക,,,true,,false
To rejoice at good news,إِسْتَبْشَرَ بِالخَبَرِ الطَّيِّبِ,استبشر بالخبر الطيب,നല്ല വാർത്തയിൽ സന്തോഷിക്കുക,,,true,,false
To rejoice at rain,إِسْتَبْشَرَ بِالمَطَرِ,استبشر بالمطر,മഴയിൽ സന്തോഷിക്കുക,,,true,,false
To keep away bad thoughts,بَعَّدَ الأَفْكَارَ السَّيِّئَةَ,بعد الافكار السيية,ചീത്ത ചിന്തകൾ അകറ്റി നിർത്തുക,,,true,,false
To stay far from crime,إِبْتَعَدَ عَنِ الجَرِيمَةِ,ابتعد عن الجريمة,കുറ്റകൃത്യങ്ങളിൽ നിന്ന് അകന്നുനിൽക്കുക,,,true,,false
To exclude bad option,إِسْتَبْعَدَ الخِيَارَ السَّيِّئَ,استبعد الخيار السيي,മോശം ഓപ്ഷൻ ഒഴിവാക്കുക,,,true,,false
To distance from danger,إِبْتَعَدَ عَنِ الخَطَرِ,ابتعد عن الخطر,അപകടത്തിൽ നിന്ന് അകലുക,,,true,,false
To keep away evil,بَعَّدَ الشَّرَّ,بعد الشر,തിന്മ അകറ്റുക,,,true,,false
To rule out doubt,إِسْتَبْعَدَ الشُّبْهَةَ,استبعد الشبهة,സംശയം തള്ളിക്കളയുക,,,true,,false
To stay far from conflict,إِبْتَعَدَ عَنِ النِّزَاعِ,ابتعد عن النزاع,തർക്കങ്ങളിൽ നിന്ന് വിട്ടുനിൽക്കുക,,,true,,false
To keep safe distance,بَاعَدَ المَسَافَةَ الآمِنَةَ,باعد المسافة الامنة,സുരക്ഷിതമായ അകലം പാലിക്കുക,,,true,,false
To rule out failure,إِسْتَبْعَدَ الفَشَلَ,استبعد الفشل,പരാജയം അസാധ്യമെന്ന് കരുതുക,,,true,,false
To distance from bad friends,إِبْتَعَدَ عَنْ أَصْدِقَاءِ السُّوءِ,ابتعد عن اصدقاء السوء,മോശം കൂട്ടുകാരിൽ നിന്ന് അകലുക,,,true,,false
To bless new home,بَارَكَ البَيْتَ الجَدِيدَ,بارك البيت الجديد,പുതിയ വീടിനെ അനുഗ്രഹിക്കുക,,,true,,false
To bless work,بَارَكَ العَمَلَ,بارك العمل,ജോലിയെ അനുഗ്രഹിക്കുക,,,true,,false
To bless family,بَارَكَ العَائِلَةَ,بارك العايلة,കുടുംബത്തെ അനുഗ്രഹിക്കുക,,,true,,false
To bless children,بَارَكَ الأَطْفَالَ,بارك الاطفال,കുട്ടികളെ അനുഗ്രഹിക്കുക,,,true,,false
To bless health,بَارَكَ الصِّحَّةَ,بارك الصحة,ആരോഗ്യത്തെ അനുഗ്രഹിക്കുക,,,true,,false
To bless life journey,بَارَكَ مَسِيرَةَ الحَيَاةِ,بارك مسيرة الحياة,ജീവിതയാത്രയെ അനുഗ്രഹിക്കുക,,,true,,false
To congratulate on achievement,بَارَكَ الإِنْجَازَ,بارك الانجاز,നേട്ടത്തിൽ അഭിനന്ദിക്കുക,,,true,,false
To bless business,بَارَكَ التِّجَارَةَ,بارك التجارة,കച്ചവടത്തെ അനുഗ്രഹിക്കുക,,,true,,false
To bless study,بَارَكَ الدِّرَاسَةَ,بارك الدراسة,പഠനത്തെ അനുഗ്രഹിക്കുക,,,true,,false
To bless step,بَارَكَ الخُطْوَةَ,بارك الخطوة,ചുവടുവെപ്പിനെ അനുഗ്രഹിക്കുക,,,true,,false
To reach excellence,بَلَغَ القِمَّةَ,بلغ القمة,മികവിന്റെ അറ്റത്തെത്തുക,,,true,,false
To convey truth to all,بَلَّغَ الحَقَّ لِلْجَمِيعِ,بلغ الحق للجميع,എല്ലാവരിലേക്കും സത്യം എത്തിക്കുക,,,true,,false
To reach high score,بَلَغَ الدَّرَجَةَ العَالِيَةَ,بلغ الدرجة العالية,ഉയർന്ന മാർക്ക് നേടുക,,,true,,false
To overstate issue in news,بَالَغَ فِي الخَبَرِ,بالغ في الخبر,വാർത്തയിൽ പ്രയാസം വലുതാക്കി പറയുക,,,true,,false
To reach target speed,بَلَغَ السُّرْعَةَ المَطْلُوبَةَ,بلغ السرعة المطلوبة,ലക്ഷ്യമാക്കിയ വേഗതയിലെത്തുക,,,true,,false
To convey message clearly,بَلَّغَ الرِّسَالَةَ بِوُضُوحٍ,بلغ الرسالة بوضوح,സന്ദേശം വ്യക്തമായി എത്തിക്കുക,,,true,,false
To reach agreement,بَلَغَ الاِتِّفَاقَ,بلغ الاتفاق,ഒത്തുതീർപ്പിൽ എത്തുക,,,true,,false
To overdo reaction,بَالَغَ فِي الرَّدِّ,بالغ في الرد,പ്രതികരണം അതിരു കടക്കുക,,,true,,false
To reach safe zone,بَلَغَ المَنْطِقَةَ الآمِنَةَ,بلغ المنطقة الامنة,സുരക്ഷിത മേഖലയിൽ എത്തുക,,,true,,false
To convey gratitude,بَلَّغَ الشُّكْرَ,بلغ الشكر,നന്ദി അറിയിക്കുക,,,true,,false
To weep with gratitude,بَكَى شُكْراً,بكي شكرا,നന്ദിയോടെ കരയുക,,,true,,false
To weep during prayer,بَكَى فِي الصَّلاَةِ,بكي في الصلاة,പ്രാർത്ഥനയിൽ കരയുക,,,true,,false
To shine bright in sky,بَرَقَ فِي السَّمَاءِ,برق في السماء,ആകാശത്ത് ശോഭിക്കുക,,,true,,false
To dazzle eyes with beauty,بَهَرَ الأَعْيُنَ بِالجَمَالِ,بهر الاعين بالجمال,ഭംഗി കൊണ്ട് കണ്ണഞ്ചിപ്പിക്കുക,,,true,,false
To scatter papers on floor,بَعْثَرَ الأَوْرَاقَ عَلَى الأَرْضِ,بعثر الاوراق علي الارض,കടലാസുകൾ നിലത്ത് ചിതറിക്കുക,,,true,,false
To waste money on luxury,بَذَّرَ المَالَ فِي التَّرَفِ,بذر المال في الترف,ആഡംബരത്തിൽ പണം പാഴാക്കുക,,,true,,false
To start trip early morning,بَدَأَ الرِّحْلَةَ صَبَاحاً,بدا الرحلة صباحا,അതിരാവിലെ യാത്ര തുടങ്ങുക,,,true,,false
To search for truth sincerely,بَحَثَ عَنِ الحَقِيقَةِ بِإِخْلاَصٍ,بحث عن الحقيقة باخلاص,ആത്മാർത്ഥമായി സത്യം അന്വേഷിക്കുക,,,true,,false
To build future with work,بَنَى المُسْتَقْبَلَ بِالعَمَلِ,بني المستقبل بالعمل,അദ്ധ്വാനം കൊണ്ട് ഭാവി കെട്ടിപ്പടുക്കുക,,,true,,false
To stay patient in trouble,بَقِيَ صَابِراً فِي البَلاَءِ,بقي صابرا في البلاء,പ്രയാസത്തിൽ ക്ഷമയോടെ ഇരിക്കുക,,,true,,false
To be firm / proven,ثَبَتَ,ثبت,ഉറച്ചുനിന്നു,,,false,,false
To fix / confirm / consolidate,ثَبَّتَ,ثبت,ഉറപ്പിച്ചു,,,false,,false
To persevere / persist,ثَابَرَ,ثابر,സ്ഥിരതയോടെ തുടർന്നു,,,false,,false
To be sluggish / slow,ثَبُطَ,ثبط,മന്ദഗതിയിലായി,,,false,,false
To discourage / detain,ثَبَطَ,ثبط,പിന്തിരിപ്പിച്ചു,,,false,,false
To hinder / delay,ثَبَطَّ,ثبط,വൈകിച്ചു,,,false,,false
To render obscure / confuse,ثَبَجَ,ثبج,ആശയക്കുഴപ്പത്തിലാക്കി,,,false,,false
To chatter / babble,ثَرَثَرَ,ثرثر,അനാവശ്യം പറഞ്ഞു,,,false,,false
To moisten / enrich soil,ثَرَى,ثري,ഈറനണിയിച്ചു,,,false,,false
To multiply / increase in wealth,ثَرَأَ,ثرا,സമ്പന്നനായി,,,false,,false
To bore / pierce,ثَقَبَ,ثقب,ദ്വാരമുണ്ടാക്കി,,,false,,false
To pierce through / penetrate,ثَقَّبَ,ثقب,തുളച്ചുകയറി,,,false,,false
To gain wisdom / become cultured,ثَقُفَ,ثقف,വിദ്യാഭ്യാസം നേടി,,,false,,false
To educate / refine / cultivate,ثَقَّفَ,ثقف,വിദ്യാഭ്യാസം നൽകി,,,false,,false
To heavy / weigh down,ثَقُلَ,ثقل,ഭാരമുള്ളതാക്കി,,,false,,false
To burden / make heavy,ثَقَّلَ,ثقل,ഭാരം ചുമത്തി,,,false,,false
To make a gap / breach,ثَلَمَ,ثلم,വിടവുണ്ടാക്കി,,,false,,false
To damage / notch,ثَلَّمَ,ثلم,കേടുവരുത്തി,,,false,,false
To blame / censure,ثَلَبَ,ثلب,കുറ്റപ്പെടുത്തി,,,false,,false
To slander / defame,ثَلَّبَ,ثلب,അപമാനിച്ചു,,,false,,false
To stay / reside / settle,ثَوَى,ثوي,താമസിച്ചു,,,false,,false
To accommodate / lodge,أَثْوَى,اثوي,പാർപ്പിച്ചു,,,false,,false
To revolt / rebel / explode,ثَارَ,ثار,പ്രക്ഷോഭം നടത്തി,,,false,,false
To agitate / incite / excite,أَثَارَ,اثار,ഇളക്കിവിട്ടു,,,false,,false
To discuss / raise an issue,ثَوَّرَ,ثور,ചർച്ചയാക്കി,,,false,,false
To return / repent,ثَابَ,ثاب,മടങ്ങിവന്നു,,,false,,false
To reward / compensate,أَثَابَ,اثاب,പ്രതിഫലം നൽകി,,,false,,false
To praise / commend,أَثْنَى,اثني,പ്രശംസിച്ചു,,,false,,false
To fold / bend / divert,ثَنَى,ثني,മടക്കി,,,false,,false
To double / repeat,ثَنَّى,ثني,രണ്ടട്ടിയാക്കി,,,false,,false
To make fruitful / bear fruit,أَثْمَرَ,اثمر,ഫലം നൽകി,,,false,,false
To produce fruit,ثَمَرَ,ثمر,കായ്ച്ചു,,,false,,false
To evaluate / appraise,ثَمَّنَ,ثمن,വിലയിരുത്തി,,,false,,false
To appreciate / value,أَثْمَنَ,اثمن,വിലമതിച്ചു,,,false,,false
To make eightfold,ثَمَنَ,ثمن,എട്ടാക്കി,,,false,,false
To divide into eight parts,ثَمَّنَ,ثمن,എട്ടു ഭാഗമാക്കി,,,false,,false
To divide into three parts,ثَلَّثَ,ثلث,മൂന്നു ഭാഗമാക്കി,,,false,,false
To make threefold / triple,ثَلَثَ,ثلث,മൂന്നിരട്ടിയാക്കി,,,false,,false
To pierce through,ثَغَرَ,ثغر,കുത്തിത്തുളച്ചു,,,false,,false
To make an opening / breach,ثَغَّرَ,ثغر,വഴിയുണ്ടാക്കി,,,false,,false
To grieve / bereave,ثَكِلَ,ثكل,ദുഃഖിപ്പിച്ചു,,,false,,false
To cause loss of a child,أَثْكَلَ,اثكل,കുട്ടിയെ നഷ്ടപ്പെടുത്തി,,,false,,false
To overcome / defeat severe illness,ثَخَنَ,ثخن,തളർത്തിക്കളഞ്ഞു,,,false,,false
To weaken / subdue completely,أَثْخَنَ,اثخن,ശക്തിക്ഷയിപ്പിച്ചു,,,false,,false
To establish firm foundation,ثَبَّتَ الأَسَاسَ,ثبت الاساس,അടിത്തറയുണ്ടാക്കി,,,true,,false
To confirm accuracy,ثَبَّتَ الدِّقَّةَ,ثبت الدقة,കൃത്യത ഉറപ്പുവരുത്തി,,,true,,false
To prove presence,ثَبَتَ الحُضُورُ,ثبت الحضور,സാന്നിധ്യം തെളിയിച്ചു,,,true,,false
To fix the date,ثَبَّتَ المَوْعِدَ,ثبت الموعد,തീയതി ഉറപ്പിച്ചു,,,true,,false
To prove guilt,ثَبَتَتِ التُّهْمَةُ,ثبتت التهمة,കുറ്റം തെളിയിച്ചു,,,true,,false
To stand firm in trial,ثَبَتَ فِي البَلاَءِ,ثبت في البلاء,പരീക്ഷണത്തിൽ ഉറച്ചുനിന്നു,,,true,,false
To fix price,ثَبَّتَ السِّعْرَ,ثبت السعر,വില ഉറപ്പിച്ചു,,,true,,false
To confirm appointment,ثَبَّتَ التَّعْيِينَ,ثبت التعيين,നിയമനം ഉറപ്പിച്ചു,,,true,,false
To prove fact,ثَبَتَتِ الحَقِيقَةُ,ثبتت الحقيقة,വസ്തുത തെളിയിച്ചു,,,true,,false
To consolidate power,ثَبَّتَ النُّفُوذَ,ثبت النفوذ,അധികാരം ഉറപ്പിച്ചു,,,true,,false
To incite anger,أَثَارَ الغَضَبَ,اثار الغضب,കോപം ഇളക്കിവിട്ടു,,,true,,false
To raise doubt,أَثَارَ الشَّكَّ,اثار الشك,സംശയം ഉണ്ടാക്കി,,,true,,false
To raise issue / question,أَثَارَ المََسْأَلَةَ,اثار المسالة,ചോദ്യം ഉന്നയിച്ചു,,,true,,false
To provoke conflict,أَثَارَ النِّزَاعَ,اثار النزاع,തർക്കം ഉണ്ടാക്കി,,,true,,false
To stir emotion,أَثَارَ المَشَاعِرَ,اثار المشاعر,വികാരം ഇളക്കിവിട്ടു,,,true,,false
To raise public concern,أَثَارَ الاِهْتِمَامَ,اثار الاهتمام,പൊതുജനശ്രദ്ധ നേടികൊടുത്തു,,,true,,false
To spark debate,أَثَارَ الجَدَلَ,اثار الجدل,ചർച്ചയ്ക്ക് വഴിവെച്ചു,,,true,,false
To incite rebellion,أَثَارَ الثَّوْرَةَ,اثار الثورة,കലാപം ഇളക്കിവിട്ടു,,,true,,false
To stir dust,أَثَارَ الغُبَارَ,اثار الغبار,പൊടിപടലം ഉയർത്തി,,,true,,false
To raise suspicion,أَثَارَ الشُّبْهَةَ,اثار الشبهة,സംശയം ജനിപ്പിച്ചു,,,true,,false
To praise work,أَثْنَى عَلَى العَمَلِ,اثني علي العمل,പ്രവർത്തിയെ പ്രശംസിച്ചു,,,true,,false
To praise effort,أَثْنَى عَلَى الجُهْدِ,اثني علي الجهد,ശ്രമത്തെ പ്രശംസിച്ചു,,,true,,false
To praise courage,أَثْنَى عَلَى الشَّجَاعَةِ,اثني علي الشجاعة,ധൈര്യത്തെ പ്രശംസിച്ചു,,,true,,false
To praise success,أَثْنَى عَلَى النَّجَاحِ,اثني علي النجاح,വിജയത്തെ പ്രശംസിച്ചു,,,true,,false
To praise student,أَثْنَى عَلَى الطَّالِبِ,اثني علي الطالب,വിദ്യാർത്ഥിയെ പ്രശംസിച്ചു,,,true,,false
To praise honesty,أَثْنَى عَلَى الصِّدْقِ,اثني علي الصدق,സത്യസന്ധതയെ പ്രശംസിച്ചു,,,true,,false
To praise patience,أَثْنَى عَلَى الصَّبْرِ,اثني علي الصبر,ക്ഷമയെ പ്രശംസിച്ചു,,,true,,false
To praise role,أَثْنَى عَلَى الدَّوْرِ,اثني علي الدور,പങ്കിനെ പ്രശംസിച്ചു,,,true,,false
To praise leadership,أَثْنَى عَلَى القِيَادَةِ,اثني علي القيادة,നേതൃത്വത്തെ പ്രശംസിച്ചു,,,true,,false
To praise sacrifice,أَثْنَى عَلَى التَّضْحِيَةِ,اثني علي التضحية,ത്യാഗത്തെ പ്രശംസിച്ചു,,,true,,false
To bear good fruit,أَثْمَرَ نَتَائِجَ طَيِّبَةً,اثمر نتايج طيبة,നല്ല ഫലം നൽകി,,,true,,false
To yield high profit,أَثْمَرَ أَرْبَاحاً عَالِيَةً,اثمر ارباحا عالية,ഉയർന്ന ലാഭം നൽകി,,,true,,false
To bear effort fruit,أَثْمَرَتِ الجُهُودُ,اثمرت الجهود,ശ്രമം ഫലം കണ്ടു,,,true,,false
To produce tree fruit,أَثْمَرَتِ الشَّجَرَةُ,اثمرت الشجرة,മരം കായ്ച്ചു,,,true,,false
To yield success,أَثْمَرَ نَجَاحاً,اثمر نجاحا,വിജയം ഫലമായി ലഭിച്ചു,,,true,,false
To bear positive results,أَثْمَرَ نَتَائِجَ إِيجَابِيَّةً,اثمر نتايج ايجابية,അനുകൂല ഫലം നൽകി,,,true,,false
To bear long-term fruit,أَثْمَرَ عَلَى المَدَى الطَّوِيلِ,اثمر علي المدي الطويل,ദീർഘകാല ഫലം നൽകി,,,true,,false
To yield cooperation,أَثْمَرَ تَعَاوُناً,اثمر تعاونا,സഹകരണം ഫലമായി ലഭിച്ചു,,,true,,false
To bear project fruit,أَثْمَرَ المَشْرُوعُ,اثمر المشروع,പ്രോജക്ട് ഫലം നൽകി,,,true,,false
To yield stability,أَثْمَرَ اسْتِقْرَاراً,اثمر استقرارا,സ്ഥിരത കൈവരിച്ചു,,,true,,false
To educate youth,ثَقَّفَ الشَّبَابَ,ثقف الشباب,യുവാക്കളെ വിദ്യാസമ്പന്നരാക്കി,,,true,,false
To educate mind,ثَقَّفَ العَقْلَ,ثقف العقل,ചിന്തകളെ മൂർച്ചകൂട്ടി,,,true,,false
To enlighten society,ثَقَّفَ المُجْتَمَعَ,ثقف المجتمع,സമൂഹത്തെ ബോധവത്കരിച്ചു,,,true,,false
To refine character,ثَقَّفَ الخُلُقَ,ثقف الخلق,സ്വഭാവം സംസ്കരിച്ചു,,,true,,false
To educate public,ثَقَّفَ الجَمَاهِيرَ,ثقف الجماهير,പൊതുജനങ്ങളെ ബോധവത്കരിച്ചു,,,true,,false
To gain culture / education,ثَقُفَ الفَرْدُ,ثقف الفرد,സംസ്കാരം നേടി,,,true,,false
To educate generation,ثَقَّفَ الجِيلَ,ثقف الجيل,തലമുറയെ ബോധവത്കരിച്ചു,,,true,,false
To develop skills,ثَقَّفَ المَهَارَاتِ,ثقف المهارات,കഴിവുകൾ വികസിപ്പിച്ചു,,,true,,false
To spread knowledge,ثَقَّفَ ثَقَافِيًّا,ثقف ثقافيا,അറിവ് പ്രചരിപ്പിച്ചു,,,true,,false
To enlighten people,ثَقَّفَ النَّاسَ,ثقف الناس,ആളുകളെ സാംസ്കാരിക സമ്പന്നരാക്കി,,,true,,false
To burden budget,ثَقُلَ عَلَى المِيزَانِيَّةِ,ثقل علي الميزانية,ബജറ്റിൽ ഭാരം വരുത്തി,,,true,,false
To make responsibility heavy,ثَقُلَتِ المَسْؤُولِيَّةُ,ثقلت المسوولية,ഉത്തരവാദിത്തം ഭാരമുള്ളതാക്കി,,,true,,false
To weigh down steps,ثَقُلَتِ الخُطُوَاتُ,ثقلت الخطوات,നടത്തത്തിന് ഭാരം കൂടി,,,true,,false
To burden chest / heart,ثَقُلَ الصَّدْرُ,ثقل الصدر,ഹൃദയത്തിൽ ഭാരം അനുഭവപ്പെട്ടു,,,true,,false
To grow heavy in weight,ثَقُلَ الوَزْنُ,ثقل الوزن,ഭാരം വർദ്ധിച്ചു,,,true,,false
To burden soul,ثَقَّلَ النَّفْسَ,ثقل النفس,ആത്മാവിനെ ഭാരപ്പെടുത്തി,,,true,,false
To weigh heavily on mind,ثَقُلَ عَلَى العَقْلِ,ثقل علي العقل,മനസ്സിൽ ഭാരമായി തീർന്നു,,,true,,false
To burden shoulders,ثَقُلَ عَلَى الكَتِفِ,ثقل علي الكتف,തോളുകളിൽ ഭാരമായി,,,true,,false
To make air heavy,ثَقُلَ الهَوَاءُ,ثقل الهواء,അന്തരീക്ഷം ഭാരമുള്ളതാക്കി,,,true,,false
To burden duty,ثَقُلَتِ المَهَمَّةُ,ثقلت المهمة,ചുമതല ഭാരമേറിയതാക്കി,,,true,,false
To pierce shield,ثَقَبَ الدِّرْعَ,ثقب الدرع,പരിച തകർത്തു,,,true,,false
To bore hole in wall,ثَقَبَ الجِدَارَ,ثقب الجدار,മതിലിൽ ദ്വാരമുണ്ടാക്കി,,,true,,false
To pierce ear,ثَقَبَ الأُذُنَ,ثقب الاذن,കാതു കുത്തി,,,true,,false
To bore iron,ثَقَبَ الحَدِيدَ,ثقب الحديد,ഇരുമ്പ് തുളച്ചു,,,true,,false
To pierce board,ثَقَبَ اللَّوْحَ,ثقب اللوح,ബോർഡ് തുളച്ചു,,,true,,false
To penetrate obstacle,ثَقَبَ العَائِقَ,ثقب العايق,തടസ്സം മറികടന്നു,,,true,,false
To bore stone,ثَقَبَ الحَجَرَ,ثقب الحجر,കല്ല് തുളച്ചു,,,true,,false
To pierce target,ثَقَبَ الهَدَفَ,ثقب الهدف,ലക്ഷ്യം തുളച്ചുകയറി,,,true,,false
To bore paper,ثَقَبَ الوَرَقَةَ,ثقب الورقة,പേപ്പർ തുളച്ചു,,,true,,false
To penetrate darkness,ثَقَبَ الظَّلاَمَ,ثقب الظلام,ഇരുട്ട് തുളച്ചുപോയി,,,true,,false
To value effort,ثَمَّنَ الجُهْدَ,ثمن الجهد,ശ്രമത്തെ വിലമതിച്ചു,,,true,,false
To evaluate property,ثَمَّنَ العَقَارَ,ثمن العقار,സ്വത്ത് വിലയിരുത്തി,,,true,,false
To appreciate stance,ثَمَّنَ المَوْقِفَ,ثمن الموقف,നിലപാടിനെ വിലമതിച്ചു,,,true,,false
To appraise goods,ثَمَّنَ البَضَاعَةَ,ثمن البضاعة,ചരക്കിന് വിലയിട്ടു,,,true,,false
To value contribution,ثَمَّنَ المُسَاهَمَةَ,ثمن المساهمة,സംഭാവനയെ വിലമതിച്ചു,,,true,,false
To evaluate role,ثَمَّنَ الدَّوْرَ,ثمن الدور,പങ്കിനെ വിലയിരുത്തി,,,true,,false
To value support,ثَمَّنَ الدَّعْمَ,ثمن الدعم,പിന്തുണയെ വിലമതിച്ചു,,,true,,false
To evaluate house,ثَمَّنَ البَيْتَ,ثمن البيت,വീടിന്റെ വില നിശ്ചയിച്ചു,,,true,,false
To value friendship,ثَمَّنَ الصَّدَاقَةَ,ثمن الصداقة,സൗഹൃദത്തെ വിലമതിച്ചു,,,true,,false
To appraise asset,ثَمَّنَ الأُصُولَ,ثمن الاصول,സമ്പത്തിന്റെ വില തട്ടിച്ചു,,,true,,false
To persevere in study,ثَابَرَ فِي الدِّرَاسَةِ,ثابر في الدراسة,പഠനത്തിൽ സ്ഥിരത കാട്ടി,,,true,,false
To persist in work,ثَابَرَ فِي العَمَلِ,ثابر في العمل,ജോലിയിൽ സ്ഥിരത പുലർത്തി,,,true,,false
To persevere until end,ثَابَرَ حَتَّى النِّهَايَةِ,ثابر حتي النهاية,അവസാനം വരെ സ്ഥിരത കാട്ടി,,,true,,false
To persist in patience,ثَابَرَ عَلَى الصَّبْرِ,ثابر علي الصبر,ക്ഷമയിൽ സ്ഥിരത പുലർത്തി,,,true,,false
To persevere in training,ثَابَرَ فِي التَّدْرِيبِ,ثابر في التدريب,പരിശീലനത്തിൽ സ്ഥിരത കാട്ടി,,,true,,false
To persist in research,ثَابَرَ فِي البَحْثِ,ثابر في البحث,ഗവേഷണത്തിൽ തുടർച്ച കാട്ടി,,,true,,false
To persevere in goal,ثَابَرَ عَلَى الهَدَفِ,ثابر علي الهدف,ലക്ഷ്യത്തിനായി സ്ഥിരമായി ശ്രമിച്ചു,,,true,,false
To persist despite hardship,ثَابَرَ رَغْمَ الصُّعُوبَةِ,ثابر رغم الصعوبة,പ്രയാസത്തിലും സ്ഥിരത കാട്ടി,,,true,,false
To persevere in service,ثَابَرَ فِي الخِدْمَةِ,ثابر في الخدمة,സേവനത്തിൽ സ്ഥിരത പുലർത്തി,,,true,,false
To persist in learning,ثَابَرَ عَلَى التَّعَلُّمِ,ثابر علي التعلم,പഠനത്തിൽ തുടർന്നും ശ്രദ്ധിച്ചു,,,true,,false
To chatter loudly,ثَرَثَرَ بِصَوْتٍ عَالٍ,ثرثر بصوت عال,ഉച്ചത്തിൽ വർത്തമാനം പറഞ്ഞു,,,true,,false
To babble without stop,ثَرَثَرَ دُونَ تَوَقُّفٍ,ثرثر دون توقف,നിർത്താതെ വർത്തമാനം പറഞ്ഞു,,,true,,false
To chatter about useless things,ثَرَثَرَ فِي أُمُورٍ تَافِهَةٍ,ثرثر في امور تافهة,അനാവശ്യം പറഞ്ഞുനടന്നു,,,true,,false
To chatter with friends,ثَرَثَرَ مَعَ الأَصْدِقَاءِ,ثرثر مع الاصدقاء,കൂട്ടുകാരോട് അനാവശ്യം പറഞ്ഞു,,,true,,false
To babble all day,ثَرَثَرَ طَوَالَ اليَوْمِ,ثرثر طوال اليوم,ദിവസമത്രയും സംസാരിച്ചുകൊണ്ടിരുന്നു,,,true,,false
To chatter in meeting,ثَرَثَرَ فِي الاِجْتِمَاعِ,ثرثر في الاجتماع,മീറ്റിംഗിൽ അനാവശ്യം പറഞ്ഞു,,,true,,false
To babble about secret,ثَرَثَرَ بِالسِّرِّ,ثرثر بالسر,രഹസ്യം വിളിച്ചുപറഞ്ഞു,,,true,,false
To chatter on phone,ثَرَثَرَ فِي الهَاتِفِ,ثرثر في الهاتف,ഫോണിൽ അനാവശ്യം പറഞ്ഞു,,,true,,false
To babble constantly,ثَرَثَرَ بِاسْتِمْرَارٍ,ثرثر باستمرار,എപ്പോഴും വർത്തമാനം പറഞ്ഞു,,,true,,false
To chatter without benefit,ثَرَثَرَ بِلاَ فَائِدَةٍ,ثرثر بلا فايدة,ഒരു പ്രയോജനവുമില്ലാതെ സംസാരിച്ചു,,,true,,false
To bend iron wire,ثَنَى السِّلْكَ الحَدِيدِيَّ,ثني السلك الحديدي,ഇരുമ്പുകമ്പി മടക്കി,,,true,,false
To fold paper,ثَنَى الوَرَقَةَ,ثني الورقة,കടലാസ് മടക്കി,,,true,,false
To bend branch,ثَنَى الغُصْنَ,ثني الغصن,ചില്ല മടക്കി,,,true,,false
To fold cloth,ثَنَى الثَّوْبَ,ثني الثوب,തുണി മടക്കി,,,true,,false
To double effort,ثَنَّى الجُهْدَ,ثني الجهد,ശ്രമം രണ്ടട്ടിയാക്കി,,,true,,false
To bend knee,ثَنَى الرُّكْبَةَ,ثني الركبة,മുട്ടുമടക്കി,,,true,,false
To fold arm,ثَنَى الذِّرَاعَ,ثني الذراع,കൈ മടക്കി,,,true,,false
To double praise,ثَنَّى الثَّنَاءَ,ثني الثناء,പ്രശംസ വീണ്ടും ആവർത്തിച്ചു,,,true,,false
To bend rod,ثَنَى القَضِيبَ,ثني القضيب,വടി മടക്കി,,,true,,false
To fold map,ثَنَى الخَرِيطَةَ,ثني الخريطة,മാപ്പ് മടക്കിവെച്ചു,,,true,,false
To revolt against oppression,ثَارَ ضِدَّ الظُّلْمِ,ثار ضد الظلم,അക്രമത്തിനെതിരെ പ്രക്ഷോഭം നടത്തി,,,true,,false
To rebel against rule,ثَارَ ضِدَّ الحُكْمِ,ثار ضد الحكم,ഭരണത്തിനെതിരെ പ്രക്ഷോഭം നടത്തി,,,true,,false
To explode volcano,ثَارَ بُرْكَانٌ,ثار بركان,അഗ്നിപർവ്വതം പൊട്ടിത്തെറിച്ചു,,,true,,false
To revolt for freedom,ثَارَ لِلْحُرِّيَّةِ,ثار للحرية,സ്വാതന്ത്ര്യത്തിനായി പ്രക്ഷോഭം നടത്തി,,,true,,false
To rebel against corruption,ثَارَ ضِدَّ الفَسَادِ,ثار ضد الفساد,അഴിമതിക്കെതിരെ പ്രക്ഷോഭം നടത്തി,,,true,,false
To revolt for justice,ثَارَ لِلْعَدْلِ,ثار للعدل,നീതിക്കായി പ്രക്ഷോഭം നടത്തി,,,true,,false
To stir up sea / storm,ثَارَ البَحْرُ,ثار البحر,കടൽ ഇളകിമറിഞ്ഞു,,,true,,false
To revolt for rights,ثَارَ لِلْحُقُوقِ,ثار للحقوق,അവകാശങ്ങൾക്കായി പ്രക്ഷോഭം നടത്തി,,,true,,false
To rebel in anger,ثَارَ غَضَباً,ثار غضبا,ദേഷ്യത്തിൽ പ്രക്ഷോഭം നടത്തി,,,true,,false
To revolt everywhere,ثَارَ فِي كُلِّ مَكَانٍ,ثار في كل مكان,എല്ലായിടത്തും പ്രക്ഷോഭം ഉയർന്നു,,,true,,false
To return to senses / truth,ثَابَ إِلَى الرُّشْدِ,ثاب الي الرشد,സത്യത്തിലേക്ക് മടങ്ങിവന്നു,,,true,,false
To repent to God,ثَابَ إِلَى اللهِ,ثاب الي الله,ദൈവത്തിലേക്ക് മടങ്ങി,,,true,,false
To reward good worker,أَثَابَ العَامِلَ الطَّيِّبَ,اثاب العامل الطيب,നല്ല തൊഴിലാളിക്ക് പ്രതിഫലം നൽകി,,,true,,false
To return to path,ثَابَ إِلَى الطَّرِيقِ,ثاب الي الطريق,നേർവഴിയിലേക്ക് മടങ്ങിവന്നു,,,true,,false
To reward patience,أَثَابَ الصَّبْرَ,اثاب الصبر,ക്ഷമയ്ക്ക് പ്രതിഫലം നൽകി,,,true,,false
To return to wisdom,ثَابَ إِلَى الصَّوَابِ,ثاب الي الصواب,ബുദ്ധിയിലേക്ക് മടങ്ങിവന്നു,,,true,,false
To reward effort,أَثَابَ الجُهْدَ,اثاب الجهد,ശ്രമത്തിന് പ്രതിഫലം നൽകി,,,true,,false
To return from error,ثَابَ عَنِ الخَطَأِ,ثاب عن الخطا,തെറ്റിൽ നിന്ന് മടങ്ങിവന്നു,,,true,,false
To reward sincerity,أَثَابَ الإِخْلاَصَ,اثاب الاخلاص,ആത്മാർത്ഥതയ്ക്ക് പ്രതിഫലം നൽകി,,,true,,false
To return to calm,ثَابَ إِلَى الهُدُوءِ,ثاب الي الهدوء,ശാന്തതയിലേക്ക് മടങ്ങിവന്നു,,,true,,false
To discourage from work,ثَبَطَ عَنِ العَمَلِ,ثبط عن العمل,ജോലിയിൽ നിന്ന് പിന്തിരിപ്പിച്ചു,,,true,,false
To hinder progress,ثَبَطَّ التَّقَدُّمَ,ثبط التقدم,പുരോഗതി വൈകിച്ചു,,,true,,false
To discourage attempt,ثَبَطَ المُحَاوَلَةَ,ثبط المحاولة,ശ്രമത്തിൽ നിന്ന് പിന്തിരിപ്പിച്ചു,,,true,,false
To delay implementation,ثَبَطَّ التَّنْفِيذَ,ثبط التنفيذ,നടപ്പാക്കൽ വൈകിച്ചു,,,true,,false
To discourage enthusiasm,ثَبَطَ الحَمَاسَ,ثبط الحماس,ആവേശം തണപ്പിച്ചു,,,true,,false
To hinder process,ثَبَطَّ العَمَلِيَّةَ,ثبط العملية,നടപടികൾ വൈകിച്ചു,,,true,,false
To discourage spirit,ثَبَطَ العَزِيمَةَ,ثبط العزيمة,വീര്യം കുറച്ചു,,,true,,false
To delay resolution,ثَبَطَّ القَرَارَ,ثبط القرار,തീരുമാനം വൈകിച്ചു,,,true,,false
To discourage step,ثَبَطَ الخُطْوَةَ,ثبط الخطوة,ചുവടുവെപ്പിൽ നിന്ന് പിന്തിരിപ്പിച്ചു,,,true,,false
To hinder movement,ثَبَطَّ الحَرَكَةَ,ثبط الحركة,ചലനം വൈകിച്ചു,,,true,,false
To reside in city,ثَوَى فِي المَدِينَةِ,ثوي في المدينة,നഗരത്തിൽ താമസിച്ചു,,,true,,false
To lodge guest,أَثْوَى الضَّيْفَ,اثوي الضيف,അതിഥിയെ പാർപ്പിച്ചു,,,true,,false
To settle in village,ثَوَى فِي القَرْيَةِ,ثوي في القرية,ഗ്രാമത്തിൽ താമസമാക്കി,,,true,,false
To lodge traveler,أَثْوَى المُسَافِرَ,اثوي المسافر,യാത്രക്കാരനെ പാർപ്പിച്ചു,,,true,,false
To reside long time,ثَوَى طَوِيلاً,ثوي طويلا,വളരെക്കാലം താമസിച്ചു,,,true,,false
To accommodate visitor,أَثْوَى الزَّائِرَ,اثوي الزاير,സന്ദർശകനെ പാർപ്പിച്ചു,,,true,,false
To settle in country,ثَوَى فِي البَلاَدِ,ثوي في البلاد,രാജ്യത്ത് സ്ഥിരതാമസമാക്കി,,,true,,false
To lodge friend,أَثْوَى الصَّدِيقَ,اثوي الصديق,കൂട്ടുകാരനെ പാർപ്പിച്ചു,,,true,,false
To reside in home,ثَوَى فِي البَيْتِ,ثوي في البيت,വീട്ടിൽ കഴിഞ്ഞുകൂടി,,,true,,false
To accommodate team,أَثْوَى الفَرِيقَ,اثوي الفريق,ടീമിന് വസതി നൽകി,,,true,,false
Fruit / Consequence,ثَمَرَة,ثمرة,ഫലം / കായ്,,,false,,false
Fruits,ثِمَار / أَثْمَار,ثمار / اثمار,ഫലങ്ങൾ / കായ്കൾ,,,true,,false
Price / Cost / Value,ثَمَن,ثمن,വില / മൂല്യം,,,false,,false
Prices / Costs,أَثْمَان,اثمان,വിലകൾ,,,false,,false
Garment / Dress / Cloth,ثَوْب,ثوب,വസ്ത്രം,,,false,,false
Garments / Clothes,ثِيَاب / أَثْوَاب,ثياب / اثواب,വസ്ത്രങ്ങൾ,,,true,,false
Bull / Ox,ثَوْر,ثور,കാള / കാളക്കൂറ്റൻ,,,false,,false
Bulls / Oxen,ثِيرَان,ثيران,കാളകൾ,,,false,,false
الثَّوْرَةُ,വിപ്ലവം / പ്രക്ഷോഭം,വിപ്ലവം / പ്രക്ഷോഭം,Revolution / Uprising,,,true,,false
الثَّوْرَاتُ,വിപ്ലവങ്ങൾ,വിപ്ലവങ്ങൾ,Revolutions,,,false,,false
Wealth / Fortune / Riches,ثَرْوَة,ثروة,സമ്പത്ത് / ഐശ്വര്യം,,,false,,false
Wealths / Fortunes,ثَرَوَات,ثروات,സമ്പത്തുകൾ,,,false,,false
Fox / Jackal,ثَعْلَب,ثعلب,കുറുക്കൻ,,,false,,false
Foxes,ثَعَالِب,ثعالب,കുറുക്കന്മാർ,,,false,,false
Snake / Serpent,ثُعْبَان,ثعبان,പാമ്പ്,,,false,,false
Snakes / Serpents,ثَعَابِين,ثعابين,പാമ്പുകൾ,,,false,,false
Hole / Piercing / Aperture,ثَقْب,ثقب,ദ്വാരം / സുഷിരം,,,false,,false
Holes / Piercings,ثُقُوب,ثقوب,ദ്വാരങ്ങൾ,,,false,,false
الثَّقَافَةُ,സംസ്കാരം / വിദ്യാഭ്യാസം,സംസ്കാരം / വിദ്യാഭ്യാസം,Culture / Education,,,true,,false
والثَّقَافَاتُ,സംസ്കാരങ്ങൾ,സംസ്കാരങ്ങൾ,Cultures,,,false,,false
الثِّقَلُ,ഭാരം / കനം,ഭാരം / കനം,Weight / Heaviness,,,true,,false
الأَثْقَالُ,ഭാരങ്ങൾ,ഭാരങ്ങൾ,Weights / Burdens,,,false,,false
الثَّلْجُ,മഞ്ഞ് / ഐസ്,മഞ്ഞ് / ഐസ്,Ice / Snow,,,true,,false
الثُّلُوجُ,മഞ്ഞുകൾ,മഞ്ഞുകൾ,Snows / Ices,,,false,,false
الثُّلُثُ,മൂന്നിലൊന്ന്,മൂന്നിലൊന്ന്,One-third / Third part,,,false,,false
الأَثْلاَثُ,മൂന്നിലൊന്നുകൾ,മൂന്നിലൊന്നുകൾ,One-thirds,,,false,,false
الثُّثْنُ,എട്ടിലൊന്ന്,എട്ടിലൊന്ന്,One-eighth / Eighth part,,,false,,false
الأَثْمَانُ,എട്ടിലൊന്നുകൾ,എട്ടിലൊന്നുകൾ,One-eighths,,,false,,false
الثَّانِيَةُ,സെക്കൻഡ്,സെക്കൻഡ്,Second (Time unit),,,false,,false
الثَّوَانِي,സെക്കൻഡുകൾ,സെക്കൻഡുകൾ,Seconds,,,false,,false
الثُّقْبَةُ,ചെറിയ ദ്വാരം,ചെറിയ ദ്വാരം,Small hole / Slot,,,true,,false
الثُّقَبُ,ചെറിയ ദ്വാരങ്ങൾ,ചെറിയ ദ്വാരങ്ങൾ,Small holes,,,true,,false
الثُغْرَةُ,വിടവ് / വിടവുകൾ,വിടവ് / വിടവുകൾ,Gap / Breach / Loophole,,,true,,false
الثُّغَرُ,വിടവുകൾ,വിടവുകൾ,Gaps / Breaches,,,false,,false
الثَّدْيُ,സ്തനം / അകിട്,സ്തനം / അകിട്,Breast / Udder,,,true,,false
الأَثْدَاءُ,സ്തനങ്ങൾ,സ്തനങ്ങൾ,Breasts / Udders,,,false,,false
الثُؤْلُولُ,അരു / ഉണ്ണിയുരുള,അരു / ഉണ്ണിയുരുള,Wart / Verruca,,,true,,false
والثَّآلِيلُ,അരുക്കൾ,അരുക്കൾ,Warts,,,false,,false
الثُومُ,വെളുത്തുള്ളി,വെളുത്തുള്ളി,Garlic,,,false,,false
الثَّرَى,ഈറൻ മണ്ണ് / മണ്ണ്,ഈറൻ മണ്ണ് / മണ്ണ്,Moist earth / Soil,,,true,,false
الثَّكَلُ,സന്താനനഷ്ടം,സന്താനനഷ്ടം,Bereavement / Loss of child,,,false,,false
الثَّوَابُ,പ്രതിഫലം / പുണ്യം,പ്രതിഫലം / പുണ്യം,Reward / Recompense,,,true,,false
الثَّنَاءُ,പ്രശംസ / സ്തുതി,പ്രശംസ / സ്തുതി,Praise / Commendation,,,true,,false
الثَّغْرُ,മുൻപല്ല് / വായ / തുറമുഖം,മുൻപല്ല് / വായ / തുറമുഖം,Front teeth / Mouth / Port,,,true,,false
الثُّغُورُ,തുറമുഖങ്ങൾ / അതിർത്തികൾ,തുറമുഖങ്ങൾ / അതിർത്തികൾ,Ports / Frontiers,,,true,,false
الثَّرَثَارُ,വാചാലൻ / സംസാരി,വാചാലൻ / സംസാരി,Chatterbox / Talkative,,,true,,false
الثَّرَثَارُونَ,വാചാലന്മാർ,വാചാലന്മാർ,Chatterboxes,,,false,,false
الثَّابِتُ,സ്ഥിരമായ / ഉറച്ച,സ്ഥിരമായ / ഉറച്ച,Constant / Fixed / Firm,,,true,,false
الثَّوَابِتُ,സ്ഥിരതയുള്ളവ,സ്ഥിരതയുള്ളവ,Constants / Fixed principles,,,false,,false
الثَّائِرُ,വിപ്ലവകാരി / പ്രക്ഷോഭകാരി,വിപ്ലവകാരി / പ്രക്ഷോഭകാരി,Rebel / Revolutionary,,,true,,false
الثُّوَّارُ,വിപ്ലവകാരികൾ,വിപ്ലവകാരികൾ,Rebels / Revolutionaries,,,false,,false
الثَّمِينُ,വിലയേറിയ / വിലപിടിപ്പുള്ള,വിലയേറിയ / വിലപിടിപ്പുള്ള,Precious / Valuable,,,true,,false
الثَّقِيلُ,ഭാരമുള്ള / കനത്ത,ഭാരമുള്ള / കനത്ത,Heavy / Weighty,,,true,,false
الثِّقَالُ,ഭാരമുള്ളവ,ഭാരമുള്ളവ,Heavy items,,,false,,false
الثُّلَاثَاءُ,ചൊവ്വാഴ്ച,ചൊവ്വാഴ്ച,Tuesday,,,false,,false
الثَّالِثُ,മൂന്നാമത്തെ,മൂന്നാമത്തെ,Third (3rd),,,false,,false
الثَّامِنُ,എട്ടാമത്തെ,എട്ടാമത്തെ,Eighth (8th),,,false,,false
الثَّانِي,രണ്ടാമത്തെ,രണ്ടാമത്തെ,Second (2nd),,,false,,false
الثَّلاَثَةُ,മൂന്ന്,മൂന്ന്,Three (3),,,false,,false
الثَّمَانِيَةُ,എട്ട്,എട്ട്,Eight (8),,,false,,false
الثَّلاَثُونَ,മുപ്പത്,മുപ്പത്,Thirty (30),,,false,,false
الثَّمَانُونَ,എൺപത്,എൺപത്,Eighty (80),,,false,,false
الثِّقَةُ,വിശ്വാസം / ആത്മവിശ്വാസം,വിശ്വാസം / ആത്മവിശ്വാസം,Trust / Confidence,,,true,,false
الثَّنِيَّةُ,മടക്ക് / ചുരം / മുൻപല്ല്,മടക്ക് / ചുരം / മുൻപല്ല്,Fold / Mountain pass / Incisor,,,true,,false
الثَّنَايَا,മടക്കുകൾ / ചുരങ്ങൾ,മടക്കുകൾ / ചുരങ്ങൾ,Folds / Mountain passes,,,true,,false
الثَّلّاجَةُ,ഫ്രിഡ്ജ് / തണുപ്പുകട്ട,ഫ്രിഡ്ജ് / തണുപ്പുകട്ട,Refrigerator / Fridge,,,true,,false
الثَّلاَّجَاتُ,ഫ്രിഡ്ജുകൾ,ഫ്രിഡ്ജുകൾ,Refrigerators,,,false,,false
الثَّانَوِيَّةُ,സെക്കൻഡറി സ്കൂൾ,സെക്കൻഡറി സ്കൂൾ,Secondary school / High school,,,true,,false
الثَّبَاتُ,സ്ഥിരത / ഉറപ്പ്,സ്ഥിരത / ഉറപ്പ്,Stability / Firmness,,,true,,false
الثَّامِنَةُ,എട്ടു മണി,എട്ടു മണി,Eight o'clock,,,true,,false
الثَّالِثَةُ,മൂന്നു മണി,മൂന്നു മണി,Three o'clock,,,true,,false
الثَّانِيَةُ,രണ്ടു മണി,രണ്ടു മണി,Two o'clock,,,true,,false
الثُّكْنَةُ,പട്ടാളബാരക്ക്,പട്ടാളബാരക്ക്,Barracks / Outpost,,,false,,false
الثُّكَنُ,പട്ടാളബാരക്കുകൾ,പട്ടാളബാരക്കുകൾ,Barracks,,,false,,false
الثَّلَمُ,വിള്ളൽ / കേട്,വിള്ളൽ / കേട്,Notch / Crack / Breach,,,true,,false
الأَثْلاَمُ,വിള്ളലുകൾ,വിള്ളലുകൾ,Notches / Cracks,,,false,,false
الثَّمَلُ,ലഹരി / മദ്യപിത്തം,ലഹരി / മദ്യപിത്തം,Drunkenness / Intoxication,,,true,,false
الثَّوَانِي,മന്ദത / അലസത,മന്ദത / അലസത,Lethargy / Sluggishness,,,true,,false
الثُّلاَثِيُّ,മൂന്നടങ്ങുന്ന / ത്രയം,മൂന്നടങ്ങുന്ന / ത്രയം,Triple / Trio / Tripartite,,,true,,false
الثُّمَانِيُّ,എട്ടടങ്ങുന്ന / അഷ്ടകോൺ,എട്ടടങ്ങുന്ന / അഷ്ടകോൺ,Octagonal / Eightfold,,,true,,false
الثُّنَائِيُّ,രണ്ടടങ്ങുന്ന / ദ്വയം,രണ്ടടങ്ങുന്ന / ദ്വയം,Dual / Binary / Duo,,,true,,false
الثَّقَافِيُّ,സാംസ്കാരികമായ,സാംസ്കാരികമായ,Cultural / Educational,,,false,,false
الثَّوْرِيُّ,വിപ്ലവകരമായ,വിപ്ലവകരമായ,Revolutionary,,,false,,false
الثُّلاَثِيَّةُ,ത്രയഗ്രന്ഥം / മൂന്നുഭാഗം,ത്രയഗ്രന്ഥം / മൂന്നുഭാഗം,Trilogy,,,true,,false
الثُّنَائِيَّةُ,ദ്വൈതം / രണ്ടെണ്ണം,ദ്വൈതം / രണ്ടെണ്ണം,Duality / Dyad,,,true,,false
الثُّمَانِيَّةُ,അഷ്ടകം,അഷ്ടകം,Octet,,,false,,false
الثَّمِينَةُ,വിലപിടിപ്പുള്ള വസ്തു,വിലപിടിപ്പുള്ള വസ്തു,Valuable item,,,true,,false
الثَّقِيلَةُ,ഭാരമുള്ള വസ്തു,ഭാരമുള്ള വസ്തു,Heavy item / Burden,,,true,,false
الثِّقَلُ النوعِيُّ,ആപേക്ഷിക സാന്ദ്രത,ആപേക്ഷിക സാന്ദ്രത,Specific gravity,,,true,,false
الثَّقْبُ الأَسْوَدُ,കൃഷ്ണവിവരം,കൃഷ്ണവിവരം,Black hole,,,false,,false
الثَّلْجُ الجَافُّ,ഡ്രൈ ഐസ്,ഡ്രൈ ഐസ്,Dry ice,,,true,,false
الثَّوْرَةُ الصِّنَاعِيَّةُ,വ്യവസായ വിപ്ലവം,വ്യവസായ വിപ്ലവം,Industrial Revolution,,,true,,false
الثَّوْرَةُ المَعْلُومَاتِيَّةُ,വിവരസാങ്കേതിക വിപ്ലവം,വിവരസാങ്കേതിക വിപ്ലവം,Information Revolution,,,true,,false
الثَّقَافَةُ العَامَّةُ,പൊതുവിജ്ഞാനം,പൊതുവിജ്ഞാനം,General knowledge / Culture,,,false,,false
الثِّقَةُ بِالنَّفْسِ,ആത്മവിശ്വാസം,ആത്മവിശ്വാസം,Self-confidence,,,false,,false
الثَّمَنُ الإِجْمَالِيُّ,ആകെ തുക / മൊത്തം വില,ആകെ തുക / മൊത്തം വില,Total price / Cost,,,true,,false
الثَّرَوَاتُ الطَّبِيعِيَّةُ,പ്രകൃതിവിഭവങ്ങൾ,പ്രകൃതിവിഭവങ്ങൾ,Natural resources,,,false,,false
الثَّمَرَةُ النَّاجِحَةُ,വിജയകരമായ ഫലം,വിജയകരമായ ഫലം,Successful result,,,true,,false
الثَّوْبُ الرَّسْمِيُّ,ഔദ്യോഗിക വസ്ത്രം,ഔദ്യോഗിക വസ്ത്രം,Official dress / Uniform,,,true,,false
الثَّبَاتُ الإِنْفِعَالِيُّ,വൈകാരിക സ്ഥിരത,വൈകാരിക സ്ഥിരത,Emotional stability,,,true,,false
الثَّقَافَةُ الشَّعْبِيَّةُ,ജനകീയ സംസ്കാരം,ജനകീയ സംസ്കാരം,Popular culture,,,true,,false
الثَّلْجُ المَتَسَاقِطُ,മഞ്ഞുപൊഴിച്ചിൽ,മഞ്ഞുപൊഴിച്ചിൽ,Snowfall,,,false,,false
الثَّوْرَةُ العِلْمِيَّةُ,ശാസത്രീയ വിപ്ലവം,ശാസത്രീയ വിപ്ലവം,Scientific Revolution,,,true,,false
الثِّقَةُ المُمُتَبَادَلَةُ,പരസ്പര വിശ്വാസം,പരസ്പര വിശ്വാസം,Mutual trust,,,true,,false
الثَّمَنُ المُنَاسِبُ,ഉചിതമായ വില,ഉചിതമായ വില,Reasonable price,,,true,,false
الثَّرَوَاتُ المَعْدِنِيَّةُ,ഖനന വിഭവങ്ങൾ,ഖനന വിഭവങ്ങൾ,Mineral resources,,,true,,false
الثَّمَرَةُ المُرَّاةُ,കയ്പേറിയ ഫലം,കയ്പേറിയ ഫലം,Bitter fruit / Result,,,true,,false
الثَّوْبُ التقلِيدِيُّ,പാരമ്പര്യ വസ്ത്രം,പാരമ്പര്യ വസ്ത്രം,Traditional dress,,,true,,false
الثَّقَافَةُ المَحَلِّيَّةُ,പ്രാദേശിക സംസ്കാരം,പ്രാദേശിക സംസ്കാരം,Local culture,,,true,,false
الثَّلْجُ الذَّائِبُ,ഉരുകുന്ന മഞ്ഞ്,ഉരുകുന്ന മഞ്ഞ്,Melting ice,,,true,,false
الثِّقَةُ المَطْلُوقَةُ,പൂർണ്ണവിശ്വാസം,പൂർണ്ണവിശ്വാസം,Absolute trust,,,false,,false
الثَّمَنُ البَاهِظُ,വളരെ ഉയർന്ന വില,വളരെ ഉയർന്ന വില,Exorbitant price,,,true,,false
الثَّرْوَةُ الحَيَوَانِيَّةُ,മൃഗസമ്പത്ത്,മൃഗസമ്പത്ത്,Livestock / Animal wealth,,,false,,false
الثَّمَرَةُ النَّاضِجَةُ,പഴുത്ത പഴം,പഴുത്ത പഴം,Ripe fruit,,,true,,false
الثَّوْبُ الجَدِيدُ,പുതിയ വസ്ത്രം,പുതിയ വസ്ത്രം,New dress,,,true,,false
الثَّقَافَةُ العَالَمِيَّةُ,ആഗോള സംസ്കാരം,ആഗോള സംസ്കാരം,Global culture,,,true,,false
الثَّلْجُ الصَّلْبُ,കട്ടിയുള്ള ഐസ്,കട്ടിയുള്ള ഐസ്,Hard ice,,,true,,false
الثِّقَةُ العَامَّةُ,പൊതുവിശ്വാസം,പൊതുവിശ്വാസം,Public trust,,,false,,false
الثَّمَنُ الرَّخِيصُ,കുറഞ്ഞ വില,കുറഞ്ഞ വില,Cheap price,,,true,,false
الثَّرْوَةُ السَّمَكِيَّةُ,മത്സ്യസമ്പത്ത്,മത്സ്യസമ്പത്ത്,Fishery wealth,,,false,,false
الثَّمَرَةُ الطَّازَجَةُ,പുതിയ പഴം,പുതിയ പഴം,Fresh fruit,,,true,,false
الثَّوْبُ النَّظِيفُ,വൃത്തിയുള്ള വസ്ത്രം,വൃത്തിയുള്ള വസ്ത്രം,Clean dress,,,true,,false
الثَّقَافَةُ المَهْنِيَّةُ,തൊഴിൽ സംസ്കാരം,തൊഴിൽ സംസ്കാരം,Professional culture,,,true,,false
الثَّلْجُ النَّقِيُّ,വിശുദ്ധമായ മഞ്ഞ്,വിശുദ്ധമായ മഞ്ഞ്,Pure snow,,,true,,false
الثِّقَةُ المَالِيَّةُ,സാമ്പത്തിക വിശ്വാസ്യത,സാമ്പത്തിക വിശ്വാസ്യത,Financial confidence,,,true,,false
الثَّمَنُ المَقْبُولُ,സ്വീകാര്യമായ വില,സ്വീകാര്യമായ വില,Acceptable price,,,true,,false
الثَّرْوَةُ الزِّرَاعِيَّةُ,കാർഷിക സമ്പത്ത്,കാർഷിക സമ്പത്ത്,Agricultural wealth,,,true,,false
الثَّمَرَةُ اللَّذِيذَةُ,രുചികരമായ പഴം,രുചികരമായ പഴം,Delicious fruit,,,true,,false
الثَّوْبُ الأَبْيَضُ,വെളുത്ത വസ്ത്രം,വെളുത്ത വസ്ത്രം,White dress,,,true,,false
الثَّقَافَةُ الرَّقْمِيَّةُ,ഡിജിറ്റൽ സംസ്കാരം,ഡിജിറ്റൽ സംസ്കാരം,Digital culture,,,true,,false
الثَّلْجُ المَجْرُوشُ,പൊടിച്ച ഐസ്,പൊടിച്ച ഐസ്,Crushed ice,,,true,,false
الثِّقَةُ المُنَاسِبَةُ,അനുയോജ്യമായ വിശ്വാസം,അനുയോജ്യമായ വിശ്വാസം,Appropriate trust,,,true,,false
الثَّمَنُ الرَّمْزِيُّ,പ്രതീകാത്മക വില,പ്രതീകാത്മക വില,Token price,,,true,,false
الثَّرْوَةُ البَشَرِيَّةُ,മനുഷ്യസമ്പത്ത്,മനുഷ്യസമ്പത്ത്,Human resources / Wealth,,,false,,false
الثَّمَرَةُ المُنَاسِبَةُ,അനുയോജ്യമായ ഫലം,അനുയോജ്യമായ ഫലം,Suitable fruit,,,true,,false
الثَّوْبُ الفَاخِرُ,വിലകൂടിയ വസ്ത്രം,വിലകൂടിയ വസ്ത്രം,Luxury dress,,,true,,false
الثَّقَافَةُ الوَطَنِيَّةُ,ദേശീയ സംസ്കാരം,ദേശീയ സംസ്കാരം,National culture,,,true,,false
الثَّلْجُ النَّاعِمُ,മൃദുവായ മഞ്ഞ്,മൃദുവായ മഞ്ഞ്,Soft snow,,,true,,false
الثِّقَةُ المُمُتَابَعَةُ,തുടരുന്ന വിശ്വാസം,തുടരുന്ന വിശ്വാസം,Continued trust,,,true,,false
الثَّمَنُ الصَافِي,അറ്റവില,അറ്റവില,Net price,,,false,,false
الثَّرْوَةُ المَالِيَّةُ,സാമ്പത്തിക സമ്പത്ത്,സാമ്പത്തിക സമ്പത്ത്,Financial wealth,,,true,,false
الثَّمَرَةُ الحُلْوَةُ,മധുരമുള്ള പഴം,മധുരമുള്ള പഴം,Sweet fruit,,,true,,false
الثَّوْبُ المُمَزَّقُ,കീറിയ വസ്ത്രം,കീറിയ വസ്ത്രം,Torn dress,,,true,,false
الثَّقَافَةُ المَكْتُوبَةُ,എഴുതപ്പെട്ട സംസ്കാരം,എഴുതപ്പെട്ട സംസ്കാരം,Written culture,,,true,,false
الثَّلْجُ المُنْهَارُ,മഞ്ഞുവീഴ്ച / ഹിമപാതം,മഞ്ഞുവീഴ്ച / ഹിമപാതം,Avalanche,,,true,,false
الثِّقَةُ الكَامِلَةُ,പൂർണ്ണമായ വിശ്വാസം,പൂർണ്ണമായ വിശ്വാസം,Complete trust,,,true,,false
الثَّمَنُ الثَّابِتُ,സ്ഥിരമായ വില,സ്ഥിരമായ വില,Fixed price,,,true,,false
الثَّرْوَةُ الفِكْرِيَّةُ,ബൗദ്ധിക സമ്പത്ത്,ബൗദ്ധിക സമ്പത്ത്,Intellectual property / Wealth,,,true,,false
الثَّمَرَةُ المُفِيدَةُ,ഉപകാരപ്രദമായ ഫലം,ഉപകാരപ്രദമായ ഫലം,Useful fruit / Result,,,true,,false
الثَّوْبُ الصُّوفِيُّ,ഉടുപ്പ് / കമ്പിളി വസ്ത്രം,ഉടുപ്പ് / കമ്പിളി വസ്ത്രം,Woolen dress,,,true,,false
الثَّقَافَةُ المَرْئِيَّةُ,ദൃശ്യ സംസ്കാരം,ദൃശ്യ സംസ്കാരം,Visual culture,,,true,,false
الثَّلْجُ الاصْطِنَاعِيُّ,കൃത്രിമ മഞ്ഞ്,കൃത്രിമ മഞ്ഞ്,Artificial ice,,,true,,false
الثِّقَةُ العَالِيَةُ,ഉയർന്ന ആത്മവിശ്വാസം,ഉയർന്ന ആത്മവിശ്വാസം,High confidence,,,true,,false
الثَّمَنُ المُخَفَّضُ,ഇളവുചെയ്ത വില,ഇളവുചെയ്ത വില,Discounted price,,,true,,false
الثَّرْوَةُ العَقَارِيَّةُ,റിഫ്ലക്സ് സമ്പത്ത്,റിഫ്ലക്സ് സമ്പത്ത്,Real estate wealth,,,true,,false
الثَّمَرَةُ الجَيِّدَةُ,നല്ല ഫലം,നല്ല ഫലം,Good fruit,,,true,,false
الثَّوْبُ القُطْنِيُّ,കോട്ടൺ വസ്ത്രം,കോട്ടൺ വസ്ത്രം,Cotton dress,,,true,,false
الثَّقَافَةُ الصَّوْتِيَّةُ,ശ്രവ്യ സംസ്കാരം,ശ്രവ്യ സംസ്കാരം,Audio culture,,,true,,false
الثَّلْجُ الكَثِيفُ,കട്ടിയുള്ള മഞ്ഞ്,കട്ടിയുള്ള മഞ്ഞ്,Dense snow,,,true,,false
الثِّقَةُ الإِيجَابِيَّةُ,അനുകൂല വിശ്വാസം,അനുകൂല വിശ്വാസം,Positive trust,,,true,,false
الثَّمَنُ العَادِلُ,ന്യായമായ വില,ന്യായമായ വില,Fair price,,,true,,false
الثَّرْوَةُ الوَطَنِيَّةُ,ദേശീയ സമ്പത്ത്,ദേശീയ സമ്പത്ത്,National wealth,,,true,,false
الثَّمَرَةُ السَّرِيعَةُ,പെട്ടെന്നുള്ള ഫലം,പെട്ടെന്നുള്ള ഫലം,Quick fruit / Result,,,true,,false
الثَّوْبُ الحَرِيرِيُّ,പട്ടു വസ്ത്രം,പട്ടു വസ്ത്രം,Silk dress,,,true,,false
الثَّقَافَةُ الفَنِّيَّةُ,കലാ സംസ്കാരം,കലാ സംസ്കാരം,Artistic culture,,,true,,false
الثَّلْجُ الخَفِيفُ,നേർത്ത മഞ്ഞ്,നേർത്ത മഞ്ഞ്,Light snow,,,true,,false
الثِّقَةُ القَوِيَّةُ,ശക്തമായ വിശ്വാസം,ശക്തമായ വിശ്വാസം,Strong confidence,,,true,,false
الثَّمَنُ المُرْتَفِعُ,ഉയർന്ന വില,ഉയർന്ന വില,High price,,,true,,false
الثَّرْوَةُ النَّفْطِيَّةُ,എണ്ണസമ്പത്ത്,എണ്ണസമ്പത്ത്,Oil wealth,,,false,,false
الثَّمَرَةُ العَظِيمَةُ,വലിയ ഫലം,വലിയ ഫലം,Great fruit / Result,,,true,,false
الثَّوْبُ الطَّوِيلُ,നീളമുള്ള വസ്ത്രം,നീളമുള്ള വസ്ത്രം,Long dress,,,true,,false
الثَّقَافَةُ الأَدَبِيَّةُ,സാഹിത്യ സംസ്കാരം,സാഹിത്യ സംസ്കാരം,Literary culture,,,true,,false
الثَّلْجُ المُرَاكَمُ,കൂട്ടിവെച്ച മഞ്ഞ്,കൂട്ടിവെച്ച മഞ്ഞ്,Accumulated snow,,,true,,false
الثِّقَةُ المُنْخَفِضَةُ,കുറഞ്ഞ വിശ്വാസം,കുറഞ്ഞ വിശ്വാസം,Low trust,,,true,,false
الثَّمَنُ المُنْخَفِضُ,കുറഞ്ഞ വില,കുറഞ്ഞ വില,Low price,,,true,,false
الثَّرْوَةُ القَوْمِيَّةُ,ദേശീയ സമ്പത്ത്,ദേശീയ സമ്പത്ത്,National wealth,,,true,,false
الثَّمَرَةُ المَرْجُوَّةُ,ആഗ്രഹിച്ച ഫലം,ആഗ്രഹിച്ച ഫലം,Desired fruit / Result,,,true,,false
الثَّوْبُ القَصِيرُ,ചെറിയ വസ്ത്രം,ചെറിയ വസ്ത്രം,Short dress,,,true,,false
الثَّقَافَةُ التَّارِيخِيَّةُ,ചരിത്ര സംസ്കാരം,ചരിത്ര സംസ്കാരം,Historical culture,,,true,,false
الثَّلْجُ المَخْلُوطُ,കലർന്ന ഐസ്,കലർന്ന ഐസ്,Mixed ice,,,true,,false
الثِّقَةُ المَتِينَةُ,ഉറച്ച വിശ്വാസം,ഉറച്ച വിശ്വാസം,Solid trust,,,true,,false
الثَّمَنُ النَّهَائِيُّ,അവസാന വില,അവസാന വില,Final price,,,true,,false
الثَّرْوَةُ الثَّقَافِيَّةُ,സാംസ്കാരിക സമ്പത്ത്,സാംസ്കാരിക സമ്പത്ത്,Cultural wealth,,,true,,false
الثَّمَرَةُ المُبَاشِرَةُ,നേരിട്ടുള്ള ഫലം,നേരിട്ടുള്ള ഫലം,Direct fruit / Result,,,true,,false
الثَّوْبُ المُنَاسِبُ,അനുയോജ്യമായ വസ്ത്രം,അനുയോജ്യമായ വസ്ത്രം,Suitable dress,,,true,,false
الثَّقَافَةُ السِّيَاسِيَّةُ,രാഷ്ട്രീയ സംസ്കാരം,രാഷ്ട്രീയ സംസ്കാരം,Political culture,,,true,,false
الثَّلْجُ المَحَلِّيُّ,പ്രാദേശിക മഞ്ഞ്,പ്രാദേശിക മഞ്ഞ്,Local snow,,,true,,false
الثِّقَةُ المُنَاسِبَةُ,അനുയോജ്യമായ വിശ്വാസം,അനുയോജ്യമായ വിശ്വാസം,Proper trust,,,true,,false
الثَّمَنُ الاِفْتِرَاضِيُّ,കണക്കാക്കിയ വില,കണക്കാക്കിയ വില,Estimated price,,,true,,false
الثَّرْوَةُ الروُحِيَّةُ,ആത്മീയ സമ്പത്ത്,ആത്മീയ സമ്പത്ത്,Spiritual wealth,,,true,,false
الثَّمَرَةُ الدَّائِمَةُ,സ്ഥിരമായ ഫലം,സ്ഥിരമായ ഫലം,Lasting fruit,,,true,,false
الثَّوْبُ المُمَيَّزُ,പ്രത്യേക വസ്ത്രം,പ്രത്യേക വസ്ത്രം,Distinct dress,,,true,,false
الثَّقَافَةُ الاِقْتِصَادِيَّةُ,സാമ്പത്തിക സംസ്കാരം,സാമ്പത്തിക സംസ്കാരം,Economic culture,,,true,,false
الثَّلْجُ المَطْمُورُ,മൂടപ്പെട്ട മഞ്ഞ്,മൂടപ്പെട്ട മഞ്ഞ്,Buried ice,,,true,,false
الثِّقَةُ الإِضَافِيَّةُ,അധിക വിശ്വാസം,അധിക വിശ്വാസം,Extra trust,,,true,,false
الثَّمَنُ المَقْبُولُ,സ്വീകാര്യമായ തുക,സ്വീകാര്യമായ തുക,Fair cost,,,true,,false
الثَّرْوَةُ العلمِيَّةُ,ശാസ്ത്രീയ സമ്പത്ത്,ശാസ്ത്രീയ സമ്പത്ത്,Scientific wealth,,,true,,false
الثَّمَرَةُ الإِيجَابِيَّةُ,അനുകൂല ഫലം,അനുകൂല ഫലം,Positive fruit,,,true,,false
الثَّوْبُ المُرِيحُ,ആശ്വാസമുള്ള വസ്ത്രം,ആശ്വാസമുള്ള വസ്ത്രം,Comfortable dress,,,true,,false
الثَّقَافَةُ الإِجْتِمَاعِيَّةُ,സാമൂഹിക സംസ്കാരം,സാമൂഹിക സംസ്കാരം,Social culture,,,true,,false
الثَّلْجُ المُتَسَاقِطُ بِغَزَارَةٍ,ശക്തമായ മഞ്ഞുവീഴ്ച,ശക്തമായ മഞ്ഞുവീഴ്ച,Heavy snowfall,,,true,,false
الثِّقَةُ الرَّسْمِيَّةُ,ഔദ്യോഗിക വിശ്വാസം,ഔദ്യോഗിക വിശ്വാസം,Official confidence,,,true,,false
الثَّمَنُ الحَقِيقِيُّ,യഥാർത്ഥ വില,യഥാർത്ഥ വില,Real price,,,true,,false
الثَّرْوَةُ التجَارِيَّةُ,വാണിജ്യ സമ്പത്ത്,വാണിജ്യ സമ്പത്ത്,Commercial wealth,,,true,,false
الثَّمَرَةُ الطَيِّبَةُ,നല്ല ഫലം,നല്ല ഫലം,Goodly fruit,,,true,,false
الثَّوْبُ المُمَتاَزُ,മികച്ച വസ്ത്രം,മികച്ച വസ്ത്രം,Excellent dress,,,true,,false
الثَّقَافَةُ الروُحِيَّةُ,ആത്മീയ സംസ്കാരം,ആത്മീയ സംസ്കാരം,Spiritual culture,,,true,,false
الثَّلْجُ الصَافِي,വ്യക്തമായ മഞ്ഞ്,വ്യക്തമായ മഞ്ഞ്,Clear ice,,,true,,false
الثِّقَةُ العَمَلِيَّةُ,പ്രായോഗിക വിശ്വാസം,പ്രായോഗിക വിശ്വാസം,Practical trust,,,true,,false
الثَّمَنُ التَّقْدِيرِيُّ,തോராயമായ വില,തോராயമായ വില,Approximate price,,,true,,false
الثَّرْوَةُ الخَاصَّةُ,സ്വകാര്യ സമ്പത്ത്,സ്വകാര്യ സമ്പത്ത്,Private wealth,,,true,,false
الثَّمَرَةُ المُبَارَكَةُ,അനുഗൃഹീത ഫലം,അനുഗൃഹീത ഫലം,Blessed fruit,,,true,,false
الثَّوْبُ האَنِيقُ,മനോഹരമായ വസ്ത്രം,മനോഹരമായ വസ്ത്രം,Elegant dress,,,true,,false
الثَّقَافَةُ العلمِيَّةُ,ശാസ്ത്രീയ സംസ്കാരം,ശാസ്ത്രീയ സംസ്കാരം,Scientific culture,,,true,,false
الثَّلْجُ المَذَابُ,ഉരുകിയ മഞ്ഞ്,ഉരുകിയ മഞ്ഞ്,Melted snow,,,true,,false
الثِّقَةُ المِهْنِيَّةُ,തൊഴിൽപരമായ വിശ്വാസം,തൊഴിൽപരമായ വിശ്വാസം,Professional trust,,,true,,false
الثَّمَنُ المُنَاسِبُ جِدًّا,വളരെ അനുയോജ്യമായ വില,വളരെ അനുയോജ്യമായ വില,Very suitable price,,,true,,false
الثَّرْوَةُ العَامَّةُ,പൊതുസമ്പത്ത്,പൊതുസമ്പത്ത്,Public wealth,,,false,,false
الثَّمَرَةُ המَطْلُوبَةُ,ആവശ്യപ്പെട്ട ഫലം,ആവശ്യപ്പെട്ട ഫലം,Desired fruit,,,true,,false
الثَّوْبُ الخَفِيفُ,നേർത്ത വസ്ത്രം,നേർത്ത വസ്ത്രം,Light dress,,,true,,false
الثَّقَافَةُ המُعَاصِرَةُ,ആധുനിക സംസ്കാരം,ആധുനിക സംസ്കാരം,Contemporary culture,,,true,,false
الثَّلْجُ المَضْغُوطُ,അമർത്തിയ മഞ്ഞ്,അമർത്തിയ മഞ്ഞ്,Compressed ice,,,true,,false
الثِّقَةُ הדَائِمَةُ,സ്ഥിരമായ വിശ്വാസം,സ്ഥിരമായ വിശ്വാസം,Lasting confidence,,,true,,false
الثَّمَنُ المعْقُولُ,ന്യായമായ തുക,ന്യായമായ തുക,Reasonable cost,,,true,,false
الثَّرْوَةُ الكَبِيرَةُ,വലിയ സമ്പത്ത്,വലിയ സമ്പത്ത്,Great wealth,,,true,,false
الثَّمَرَةُ המُمَيَّزَةُ,പ്രത്യേക ഫലം,പ്രത്യേക ഫലം,Special fruit,,,true,,false
الثَّوْبُ הَثَقِيلُ,കട്ടിയുള്ള വസ്ത്രം,കട്ടിയുള്ള വസ്ത്രം,Heavy dress,,,true,,false
الثَّقَافَةُ היَومِيَّةُ,ദിനചര്യ സംസ്കാരം,ദിനചര്യ സംസ്കാരം,Daily culture,,,true,,false
الثَّلْجُ الرَّقِيقُ,നേർത്ത മഞ്ഞുപാളി,നേർത്ത മഞ്ഞുപാളി,Thin ice,,,true,,false
الثِّقَةُ המَشْرُوطَةُ,വ്യവസ്ഥാപിത വിശ്വാസം,വ്യവസ്ഥാപിത വിശ്വാസം,Conditional trust,,,true,,false
الثَّمَنُ הרَسْمِيُّ,ഔദ്യോഗിക വില,ഔദ്യോഗിക വില,Official price,,,true,,false
الثَّرْوَةُ الضَخْمَةُ,വമ്പിച്ച സമ്പത്ത്,വമ്പിച്ച സമ്പത്ത്,Huge wealth,,,true,,false
الثَّمَرَةُ المُمِتَازَةُ,മികച്ച ഫലം,മികച്ച ഫലം,Excellent fruit,,,true,,false
الثَّوْبُ המُلَوَّنُ,നിറമുള്ള വസ്ത്രം,നിറമുള്ള വസ്ത്രം,Colored dress,,,true,,false
الثَّقَافَةُ השَامِلَةُ,സമഗ്ര സംസ്കാരം,സമഗ്ര സംസ്കാരം,Comprehensive culture,,,true,,false
الثَّلْجُ الجَبَلِيُّ,മലമുകളിലെ മഞ്ഞ്,മലമുകളിലെ മഞ്ഞ്,Mountain snow,,,true,,false
الثِّقَةُ المُمُتَازَةُ,മികച്ച വിശ്വാസം,മികച്ച വിശ്വാസം,Excellent trust,,,true,,false
الثَّمَنُ المَحَدَّدُ,നിശ്ചയിച്ച വില,നിശ്ചയിച്ച വില,Specified price,,,true,,false
الثَّرْوَةُ המُسْتَدَامَةُ,സുസ്ഥിര സമ്പത്ത്,സുസ്ഥിര സമ്പത്ത്,Sustainable wealth,,,true,,false
الثَّمَرَةُ האَكِيدَةُ,ഉറപ്പായ ഫലം,ഉറപ്പായ ഫലം,Sure result,,,true,,false
الثَّوْبُ הבَسِيطُ,സാധാരണ വസ്ത്രം,സാധാരണ വസ്ത്രം,Simple dress,,,true,,false
الثَّقَافَةُ البيئِيَّةُ,പരിസ്ഥിതി സംസ്കാരം,പരിസ്ഥിതി സംസ്കാരം,Environmental culture,,,true,,false
الثَّلْجُ المائيُّ,വെള്ളമുള്ള ഐസ്,വെള്ളമുള്ള ഐസ്,Watery ice,,,true,,false
الثِّقَةُ الشَّخْصِيَّةُ,വ്യക്തിഗത വിശ്വാസം,വ്യക്തിഗത വിശ്വാസം,Personal trust,,,true,,false
الثَّمَنُ المعِيَارِيُّ,മാനദണ്ഡ വില,മാനദണ്ഡ വില,Standard price,,,true,,false
الثَّرْوَةُ האَسَاسِيَّةُ,അടിസ്ഥാന സമ്പത്ത്,അടിസ്ഥാന സമ്പത്ത്,Basic wealth,,,true,,false
الثَّمَرَةُ الوَاضِحَةُ,വ്യക്തമായ ഫലം,വ്യക്തമായ ഫലം,Clear fruit / Result,,,true,,false
الثَّوْبُ המُمَاثِلُ,സമാനമായ വസ്ത്രം,സമാനമായ വസ്ത്രം,Similar dress,,,true,,false
الثَّقَافَةُ ההُمَامَةُ,പ്രധാന സംസ്കാരം,പ്രധാന സംസ്കാരം,Important culture,,,true,,false
الثَّلْجُ התَجَارِيُّ,വാണിജ്യ ഐസ്,വാണിജ്യ ഐസ്,Commercial ice,,,true,,false
الثِّقَةُ הרُوحِيَّةُ,ആത്മീയ വിശ്വാസം,ആത്മീയ വിശ്വാസം,Spiritual confidence,,,true,,false
الثَّمَنُ התَنَافُسِيُّ,മത്സരാധിഷ്ഠിത വില,മത്സരാധിഷ്ഠിത വില,Competitive price,,,true,,false
الثَّرْوَةُ الهَائِلَةُ,അപാരമായ സമ്പത്ത്,അപാരമായ സമ്പത്ത്,Enormous wealth,,,true,,false
الثَّمَرَةُ المُسْتَقْبَلِيَّةُ,ഭാവി ഫലം,ഭാവി ഫലം,Future fruit / Result,,,true,,false
الثَّوْبُ المُطَرَّزُ,തുന്നൽ പണിയുള്ള വസ്ത്രം,തുന്നൽ പണിയുള്ള വസ്ത്രം,Embroidered dress,,,true,,false
الثَّقَافَةُ المُﺘَﻜَﺎﻣِﻠَﺔُ,സംയോജിത സംസ്കാരം,സംയോജിത സംസ്കാരം,Integrated culture,,,true,,false
الثَّلْجُ الصَّبَاحِيُّ,രാവിലത്തെ മഞ്ഞ്,രാവിലത്തെ മഞ്ഞ്,Morning snow,,,true,,false
الثِّقَةُ الكَبِيرَةُ,വലിയ വിശ്വാസം,വലിയ വിശ്വാസം,Great trust,,,true,,false
الثَّمَنُ الأَصْلِيُّ,അസൽ വില,അസൽ വില,Original price,,,true,,false
الثَّرْوَةُ المَوْرُوثَةُ,പാരമ്പര്യ സമ്പത്ത്,പാരമ്പര്യ സമ്പത്ത്,Inherited wealth,,,true,,false
الثَّمَرَةُ القَيِّمَةُ,വിലപ്പെട്ട ഫലം,വിലപ്പെട്ട ഫലം,Valuable result,,,true,,false
الثَّوْبُ الجَمِيلُ,മനോഹരമായ വസ്ത്രം,മനോഹരമായ വസ്ത്രം,Beautiful dress,,,true,,false
الثَّقَافَةُ المُمَيَّزَةُ,പ്രത്യേക സംസ്കാരം,പ്രത്യേക സംസ്കാരം,Special culture,,,true,,false
الثَّلْجُ اللَّيْلِيُّ,രാത്രിയിലെ മഞ്ഞ്,രാത്രിയിലെ മഞ്ഞ്,Night snow,,,true,,false
الثِّقَةُ المُتَزَايِدَةُ,വർദ്ധിച്ചുവരുന്ന വിശ്വാസം,വർദ്ധിച്ചുവരുന്ന വിശ്വാസം,Growing confidence,,,true,,false
الثَّمَنُ המُنَاسِبُ لِلْجَمِيعِ,എല്ലാവർക്കും അനുയോജ്യമായ വില,എല്ലാവർക്കും അനുയോജ്യമായ വില,Affordable price for all,,,true,,false
الثَّرْوَةُ האَسَاسِيَّةُ لِلْبَلاَدِ,രാജ്യത്തിന്റെ പ്രധാന സമ്പത്ത്,രാജ്യത്തിന്റെ പ്രധാന സമ്പത്ത്,Nation's primary wealth,,,true,,false
الثَّمَرَةُ האَخِيرَةُ,അവസാന ഫലം,അവസാന ഫലം,Final fruit / Outcome,,,true,,false
الثَّوْبُ المُنَاسِبُ لِلْحَفْلِ,പാർട്ടി വസ്ത്രം,പാർട്ടി വസ്ത്രം,Party dress,,,true,,false
الثَّقَافَةُ الأَصِيلَةُ,യഥാർത്ഥ സംസ്കാരം,യഥാർത്ഥ സംസ്കാരം,Authentic culture,,,true,,false
الثَّلْجُ البَارِدُ,തണുത്ത മഞ്ഞ്,തണുത്ത മഞ്ഞ്,Cold snow / Ice,,,true,,false
الثِّقَةُ التَّامَّةُ,പൂർണ്ണ വിശ്വാസം,പൂർണ്ണ വിശ്വാസം,Full trust,,,true,,false
الثَّمَنُ המَقْبُولُ جدًّا,വളരെ സ്വീകാര്യമായ വില,വളരെ സ്വീകാര്യമായ വില,Highly acceptable price,,,true,,false
الثَّرْوَةُ الحَقِيقِيَّةُ,യഥാർത്ഥ സമ്പത്ത്,യഥാർത്ഥ സമ്പത്ത്,True wealth,,,true,,false
الثَّمَرَةُ المُمْتَازَةُ لِلْعَمَلِ,മികച്ച പ്രവൃത്തി ഫലം,മികച്ച പ്രവൃത്തി ഫലം,Excellent work result,,,true,,false
الثَّوْبُ النَّاعِمُ,മൃദുവായ വസ്ത്രം,മൃദുവായ വസ്ത്രം,Soft dress,,,true,,false
الثَّقَافَةُ المُنَفَتِحَةُ,തുറന്ന സംസ്കാരം,തുറന്ന സംസ്കാരം,Open culture,,,true,,false
الثَّلْجُ المُتَرَاكِمُ,കൂടിക്കിടക്കുന്ന മഞ്ഞ്,കൂടിക്കിടക്കുന്ന മഞ്ഞ്,Accumulated snow,,,true,,false
الثِّقَةُ المُﺘَﺒَﺎدَلَةُ بَيْنَ الطَّرَفَيْنِ,ഇരുപക്ഷവും തമ്മിലുള്ള പരസ്പരവിശ്വാസം,ഇരുപക്ഷവും തമ്മിലുള്ള പരസ്പരവിശ്വാസം,Mutual trust between both sides,,,true,,false
الثَّمَنُ المُخَفَّضُ كَثِيراً,വളരെ കുറഞ്ഞ വില,വളരെ കുറഞ്ഞ വില,Highly discounted price,,,true,,false
الثَّرْوَةُ العَظِيمَةُ لِلأُمَّةِ,രാഷ്ട്രത്തിന്റെ വലിയ സമ്പത്ത്,രാഷ്ട്രത്തിന്റെ വലിയ സമ്പത്ത്,Nation's great wealth,,,true,,false
الثَّمَرَةُ המُرْضِيَةُ,തൃപ്തികരമായ ഫലം,തൃപ്തികരമായ ഫലം,Satisfactory result,,,true,,false
الثَّوْبُ الدافِئُ,ചൂടുള്ള വസ്ത്രം,ചൂടുള്ള വസ്ത്രം,Warm dress,,,true,,false
الثَّقَافَةُ المُمْتَازَةُ,മികച്ച സംസ്കാരം,മികച്ച സംസ്കാരം,Excellent culture,,,true,,false
الثَّلْجُ الصَّافِي جِدًّا,വളരെ വ്യക്തമായ ഐസ്,വളരെ വ്യക്തമായ ഐസ്,Very clear ice,,,true,,false
الثِّقَةُ القَوِيَّةُ جِدًّا,വളരെ ശക്തമായ വിശ്വാസം,വളരെ ശക്തമായ വിശ്വാസം,Very strong confidence,,,true,,false
الثَّمَنُ المُنَاسِبُ لِلشِّرَاءِ,വാങ്ങാൻ അനുയോജ്യമായ വില,വാങ്ങാൻ അനുയോജ്യമായ വില,Best price to buy,,,true,,false
الثَّرْوَةُ המُتَجَدِّدَةُ,പുനരുൽപ്പാദിപ്പിക്കാവുന്ന സമ്പത്ത്,പുനരുൽപ്പാദിപ്പിക്കാവുന്ന സമ്പത്ത്,Renewable wealth,,,true,,false
الثَّمَرَةُ الإِيجَابِيَّةُ لِلْجُهْدِ,ശ്രമത്തിന്റെ അനുകൂല ഫലം,ശ്രമത്തിന്റെ അനുകൂല ഫലം,Positive result of effort,,,true,,false
الثَّوْبُ المُتَنَاسِقُ,ഇണങ്ങുന്ന വസ്ത്രം,ഇണങ്ങുന്ന വസ്ത്രം,Matching dress,,,true,,false
الثَّقَافَةُ الرَّائِعَةُ,അത്ഭുതകരമായ സംസ്കാരം,അത്ഭുതകരമായ സംസ്കാരം,Wonderful culture,,,true,,false
الثَّلْجُ النَّاصِعُ,വെളുത്ത മഞ്ഞ്,വെളുത്ത മഞ്ഞ്,Pure white snow,,,true,,false
الثِّقَةُ المُطْلَقَةُ فِي العَمَلِ,ജോലിയിലെ പൂർണ്ണ വിശ്വാസം,ജോലിയിലെ പൂർണ്ണ വിശ്വാസം,Absolute trust in work,,,true,,false
الثَّمَنُ המُنَاسِبُ لِلْجَمِيعِ,എല്ലാവർക്കും താങ്ങാവുന്ന തുക,എല്ലാവർക്കും താങ്ങാവുന്ന തുക,Affordable cost for all,,,true,,false
الثَّرْوَةُ الفِكْرِيَّةُ العَالِيَةُ,ഉയർന്ന ബൗദ്ധിക സമ്പത്ത്,ഉയർന്ന ബൗദ്ധിക സമ്പത്ത്,High intellectual wealth,,,true,,false
الثَّمَرَةُ المُمْتَازَةُ لِلتَّدْرِيبِ,പരിശീലനത്തിന്റെ മികച്ച ഫലം,പരിശീലനത്തിന്റെ മികച്ച ഫലം,Excellent result of training,,,true,,false
الثَّوْبُ המُمَيَّزُ جِدًّا,വളരെ പ്രത്യേകതയുള്ള വസ്ത്രം,വളരെ പ്രത്യേകതയുള്ള വസ്ത്രം,Very distinct dress,,,true,,false
الثَّقَافَةُ المَحَلِّيَّةُ الأَصِيلَةُ,യഥാർത്ഥ പ്രാദേശിക സംസ്കാരം,യഥാർത്ഥ പ്രാദേശിക സംസ്കാരം,Authentic local culture,,,true,,false
الثَّلْجُ الخَفِيفُ الصَّبَاحِيُّ,രാവിലത്തെ നേർത്ത മഞ്ഞ്,രാവിലത്തെ നേർത്ത മഞ്ഞ്,Light morning snow,,,true,,false
الثِّقَةُ الكَبِيرَةُ بَيْنَ الأَصْدِقَاءِ,കൂട്ടുകാർക്കിടയിലെ വലിയ വിശ്വാസം,കൂട്ടുകാർക്കിടയിലെ വലിയ വിശ്വാസം,Great trust among friends,,,true,,false
الثَّمَنُ المُخَفَّضُ لِلْمُنْتَجِ,ഉൽപ്പന്നത്തിന്റെ ഇളവ് ചെയ്ത വില,ഉൽപ്പന്നത്തിന്റെ ഇളവ് ചെയ്ത വില,Discounted product price,,,true,,false
الثَّرْوَةُ الطَّبِيعِيَّةُ لِلْبَلاَدِ,രാജ്യത്തിന്റെ പ്രകൃതിസമ്പത്ത്,രാജ്യത്തിന്റെ പ്രകൃതിസമ്പത്ത്,Country's natural wealth,,,true,,false
الثَّمَرَةُ המُرْضِيَةُ لِلْجَمِيعِ,എല്ലാവർക്കും തൃപ്തികരമായ ഫലം,എല്ലാവർക്കും തൃപ്തികരമായ ഫലം,Satisfactory result for all,,,true,,false
الثَّوْبُ האَنِيقُ جِدًّا,വളരെ മനോഹരമായ വസ്ത്രം,വളരെ മനോഹരമായ വസ്ത്രം,Very elegant dress,,,true,,false
الثَّقَافَةُ المَكْتُوبَةُ القَدِيمَةُ,പുരാതന എഴുതപ്പെട്ട സംസ്കാരം,പുരാതന എഴുതപ്പെട്ട സംസ്കാരം,Ancient written culture,,,true,,false
الثَّلْجُ المَذَابُ بِسُرْعَةٍ,വേഗത്തിൽ ഉരുകുന്ന മഞ്ഞ്,വേഗത്തിൽ ഉരുകുന്ന മഞ്ഞ്,Quickly melting ice,,,true,,false
الثِّقَةُ المُمُتَازَةُ فِي الفَرِيقِ,ടീമിലുള്ള മികച്ച വിശ്വാസം,ടീമിലുള്ള മികച്ച വിശ്വാസം,Excellent trust in team,,,true,,false
الثَّمَنُ المَعْقُولُ لِلْخِدْمَةِ,സേവനത്തിന്റെ ന്യായമായ തുക,സേവനത്തിന്റെ ന്യായമായ തുക,Reasonable service price,,,true,,false
الثَّرْوَةُ المَالِيَّةُ الكَبِيرَةُ,വലിയ സാമ്പത്തിക സമ്പത്ത്,വലിയ സാമ്പത്തിക സമ്പത്ത്,Great financial wealth,,,true,,false
الثَّمَرَةُ العَظِيمَةُ لِلصَّبْرِ,ക്ഷമയുടെ വലിയ ഫലം,ക്ഷമയുടെ വലിയ ഫലം,Great fruit of patience,,,true,,false
الثَّوْبُ الرَّسْمِيُّ المُمَيَّزُ,പ്രത്യേക ഔദ്യോഗിക വസ്ത്രം,പ്രത്യേക ഔദ്യോഗിക വസ്ത്രം,Distinct official dress,,,true,,false
الثَّقَافَةُ العَالَمِيَّةُ المُعَاصِرَةُ,ആധുനിക ആഗോള സംസ്കാരം,ആധുനിക ആഗോള സംസ്കാരം,Contemporary global culture,,,true,,false
الثَّلْجُ الصَّلْبُ جِدًّا,വളരെ കട്ടിയുള്ള ഐസ്,വളരെ കട്ടിയുള്ള ഐസ്,Very hard ice,,,true,,false
الثِّقَةُ العَالِيَةُ بِالنَّفْسِ,ഉയർന്ന ആത്മവിശ്വാസം,ഉയർന്ന ആത്മവിശ്വാസം,High self-confidence,,,true,,false
الثَّمَنُ المَقْبُولُ لِلْجَمِيعِ,എല്ലാവർക്കും സ്വീകാര്യമായ വില,എല്ലാവർക്കും സ്വീകാര്യമായ വില,Acceptable price for all,,,true,,false
الثَّرْوَةُ הבَشَرِيَّةُ الهَائِلَةُ,അപാരമായ മനുഷ്യസമ്പത്ത്,അപാരമായ മനുഷ്യസമ്പത്ത്,Enormous human wealth,,,true,,false
الثَّمَرَةُ المُنَاسِبَةُ لِلْعَمَلِ,ജോലിക്ക് അനുയോജ്യമായ ഫലം,ജോലിക്ക് അനുയോജ്യമായ ഫലം,Suitable work result,,,true,,false
الثَّوْبُ הَجَدِيدُ المُمَتاَزُ,മികച്ച പുതിയ വസ്ത്രം,മികച്ച പുതിയ വസ്ത്രം,Excellent new dress,,,true,,false
الثَّقَافَةُ השَّعْبِيَّةُ الأَصِيلَةُ,യഥാർത്ഥ ജനകീയ സംസ്കാരം,യഥാർത്ഥ ജനകീയ സംസ്കാരം,Authentic popular culture,,,true,,false
الثَّلْجُ المُنْهَارُ كَثِيراً,വലിയ ഹിമപാതം,വലിയ ഹിമപാതം,Massive avalanche,,,true,,false
الثِّقَةُ المَتِينَةُ فِي العَلاَقَةِ,ബന്ധത്തിലെ ഉറച്ച വിശ്വാസം,ബന്ധത്തിലെ ഉറച്ച വിശ്വാസം,Solid trust in relationship,,,true,,false
الثَّمَنُ הנَّهَائِيُّ لِلْمُنْتَجِ,ഉൽപ്പന്നത്തിന്റെ അവസാന വില,ഉൽപ്പന്നത്തിന്റെ അവസാന വില,Final product price,,,true,,false
الثَّرْوَةُ החَقِيقِيَّةُ لِلإِنْسَانِ,മനുഷ്യന്റെ യഥാർത്ഥ സമ്പത്ത്,മനുഷ്യന്റെ യഥാർത്ഥ സമ്പത്ത്,Human's true wealth,,,true,,false
الثَّمَرَةُ האَكِيدَةُ لِلنَّجَاحِ,വിജയത്തിന്റെ ഉറപ്പായ ഫലം,വിജയത്തിന്റെ ഉറപ്പായ ഫലം,Sure fruit of success,,,true,,false
الثَّوْبُ المُطَرَّزُ الجَمِيلُ,മനോഹരമായ തുന്നൽ വസ്ത്രം,മനോഹരമായ തുന്നൽ വസ്ത്രം,Beautiful embroidered dress,,,true,,false
الثَّقَافَةُ الشَّامِلَةُ لِلْمُجْتَمَعِ,സമൂഹത്തിന്റെ സമഗ്ര സംസ്കാരം,സമൂഹത്തിന്റെ സമഗ്ര സംസ്കാരം,Society's comprehensive culture,,,true,,false
الثَّلْجُ الجَبَلِيُّ الصَّافِي,മലമുകളിലെ തെളിഞ്ഞ മഞ്ഞ്,മലമുകളിലെ തെളിഞ്ഞ മഞ്ഞ്,Clear mountain snow,,,true,,false
الثِّقَةُ التَّامَّةُ فِي القِيَادَةِ,നേതൃത്വത്തിലുള്ള പൂർണ്ണ വിശ്വാസം,നേതൃത്വത്തിലുള്ള പൂർണ്ണ വിശ്വാസം,Full trust in leadership,,,true,,false
الثَّمَنُ המُنَاسِبُ لِلشَّرَاءِ الآنَ,ഇപ്പോൾ വാങ്ങാൻ അനുയോജ്യമായ വില,ഇപ്പോൾ വാങ്ങാൻ അനുയോജ്യമായ വില,Best price to buy now,,,true,,false
الثَّرْوَةُ המُسْتَدَامَةُ لِلأَجْيَالِ,തലമുറകൾക്കുള്ള സുസ്ഥിര സമ്പത്ത്,തലമുറകൾക്കുള്ള സുസ്ഥിര സമ്പത്ത്,Sustainable wealth for generations,,,true,,false
الثَّمَرَةُ المُمِتَازَةُ لِلشَّرِكَةِ,കമ്പനിയുടെ മികച്ച ഫലം,കമ്പനിയുടെ മികച്ച ഫലം,Company's excellent result,,,true,,false
الثَّوْبُ הבَسِيطُ الأَنِيقُ,സാധാരണ മനോഹരമായ വസ്ത്രം,സാധാരണ മനോഹരമായ വസ്ത്രം,Simple elegant dress,,,true,,false
الثَّقَافَةُ הביئِيَّةُ المُمُتَازَةُ,മികച്ച പരിസ്ഥിതി സംസ്കാരം,മികച്ച പരിസ്ഥിതി സംസ്കാരം,Excellent environmental culture,,,true,,false
الثَّلْجُ الكَثِيفُ فِي الشِّتَاءِ,ശൈത്യകാലത്തെ കട്ടിയുള്ള മഞ്ഞ്,ശൈത്യകാലത്തെ കട്ടിയുള്ള മഞ്ഞ്,Dense winter snow,,,true,,false
الثِّقَةُ השَّخْصِيَّةُ العَالِيَةُ,ഉയർന്ന വ്യക്തിഗത വിശ്വാസം,ഉയർന്ന വ്യക്തിഗത വിശ്വാസം,High personal trust,,,true,,false
الثَّمَنُ المَعْقُولُ لِلْكُلِّ,എല്ലാവർക്കും ന്യായമായ വില,എല്ലാവർക്കും ന്യായമായ വില,Reasonable price for all,,,true,,false
الثَّرْوَةُ העَظِيمَةُ لِلشَّعْبِ,ജനങ്ങളുടെ വലിയ സമ്പത്ത്,ജനങ്ങളുടെ വലിയ സമ്പത്ത്,People's great wealth,,,true,,false
الثَّمَرَةُ הУَالِيَةُ لِلْجُهْدِ,ശ്രമത്തിന്റെ ഉയർന്ന ഫലം,ശ്രമത്തിന്റെ ഉയർന്ന ഫലം,High result of effort,,,true,,false
الثَّوْبُ المُمَازُ لِلْحَفْلَةِ,പാർട്ടിക്കുള്ള മികച്ച വസ്ത്രം,പാർട്ടിക്കുള്ള മികച്ച വസ്ത്രം,Excellent party dress,,,true,,false
الثَّقَافَةُ ההُمَامَةُ لِلْجِيلِ,തലമുറയ്ക്കുള്ള പ്രധാന സംസ്കാരം,തലമുറയ്ക്കുള്ള പ്രധാന സംസ്കാരം,Important culture for generation,,,true,,false
الثَّلْجُ التَّجَارِيُّ النَّقِيُّ,ശുദ്ധമായ വാണിജ്യ ഐസ്,ശുദ്ധമായ വാണിജ്യ ഐസ്,Pure commercial ice,,,true,,false
الثِّقَةُ الرُّوحِيَّةُ القَوِيَّةُ,ശക്തമായ ആത്മീയ വിശ്വാസം,ശക്തമായ ആത്മീയ വിശ്വാസം,Strong spiritual confidence,,,true,,false
الثَّمَنُ التَّنَافُسِيُّ لِلسُّوقِ,മാർക്കറ്റിലെ മത്സര വില,മാർക്കറ്റിലെ മത്സര വില,Market competitive price,,,true,,false
الثَّرْوَةُ الهَائِلَةُ لِلْمَمْلَكَةِ,രാജ്യത്തിന്റെ അപാരമായ സമ്പത്ത്,രാജ്യത്തിന്റെ അപാരമായ സമ്പത്ത്,Kingdom's enormous wealth,,,true,,false
الثَّمَرَةُ المُسْتَقْبَلِيَّةُ لِلْمَشْرُوعِ,പ്രോജക്ടിന്റെ ഭാവി ഫലം,പ്രോജക്ടിന്റെ ഭാവി ഫലം,Project's future result,,,true,,false
الثَّوْبُ المُطَرَّزُ הפَاخِرُ,വിലകൂടിയ തുന്നൽ വസ്ത്രം,വിലകൂടിയ തുന്നൽ വസ്ത്രം,Luxury embroidered dress,,,true,,false
الثَّقَافَةُ المُتَكَامِلَةُ لِلأُمَّةِ,രാഷ്ട്രത്തിന്റെ സംയോജിത സംസ്കാരം,രാഷ്ട്രത്തിന്റെ സംയോജിത സംസ്കാരം,Nation's integrated culture,,,true,,false
الثَّلْجُ الصَّبَاحِيُّ الخَفِيفُ,രാവിലത്തെ നേർത്ത മഞ്ഞ്,രാവിലത്തെ നേർത്ത മഞ്ഞ്,Light morning snow,,,true,,false
الثِّقَةُ الكَبِيرَةُ فِي العَمَلِ,ജോലിയിലുള്ള വലിയ വിശ്വാസം,ജോലിയിലുള്ള വലിയ വിശ്വാസം,Great trust in work,,,true,,false
الثَّمَنُ الأَصْلِيُّ لِلْمُنْتَجِ,ഉൽപ്പന്നത്തിന്റെ അസൽ വില,ഉൽപ്പന്നത്തിന്റെ അസൽ വില,Product's original price,,,true,,false
الثَّرْوَةُ المَوْرُوثَةُ مِنَ الأَجْدَادِ,മുത്തശ്ശിമാരിൽ നിന്ന് ലഭിച്ച പാരമ്പര്യ സമ്പത്ത്,മുത്തശ്ശിമാരിൽ നിന്ന് ലഭിച്ച പാരമ്പര്യ സമ്പത്ത്,Wealth inherited from ancestors,,,true,,false
الثَّمَرَةُ القَيِّمَةُ لِلْعِلْمِ,അറിവിന്റെ വിലപ്പെട്ട ഫലം,അറിവിന്റെ വിലപ്പെട്ട ഫലം,Valuable result of knowledge,,,true,,false
الثَّوْبُ الجَمِيلُ جِدًّا,വളരെ മനോഹരമായ വസ്ത്രം,വളരെ മനോഹരമായ വസ്ത്രം,Very beautiful dress,,,true,,false
الثَّقَافَةُ المُمَيَّزَةُ لِلْمُجْتَمَعِ,സമൂഹത്തിന്റെ പ്രത്യേക സംസ്കാരം,സമൂഹത്തിന്റെ പ്രത്യേക സംസ്കാരം,Society's special culture,,,true,,false
الثَّلْجُ اللَّيْلِيُّ الكَثِيفُ,രാത്രിയിലെ കട്ടിയുള്ള മഞ്ഞ്,രാത്രിയിലെ കട്ടിയുള്ള മഞ്ഞ്,Dense night snow,,,true,,false
الثِّقَةُ المُتَزَايِدَةُ بَيْنَنَا,നമുക്കിടയിൽ വർദ്ധിച്ചുവരുന്ന വിശ്വാസം,നമുക്കിടയിൽ വർദ്ധിച്ചുവരുന്ന വിശ്വാസം,Growing confidence between us,,,true,,false
Forest wealth,ثَرْوَةٌ غَابِيَّة,ثروة غابية,വനസമ്പത്ത്,,,true,,false
Pittance / Low price,ثَمَنٌ خَبَخ,ثمن خبخ,തുച്ഛമായ വില,,,true,,false
Exorbitant price,ثَمَنٌ بَاهِظ,ثمن باهظ,വളരെ ഉയർന്ന വില,,,true,,false
Fair price,ثَمَنٌ عَادِل,ثمن عادل,ന്യായമായ വില,,,true,,false
Reasonable price,ثَمَنٌ مُنَاسِب,ثمن مناسب,അനുയോജ്യമായ വില,,,true,,false
To collect / gather,جَمَعَ,جمع,ശേഖരിച്ചു / ഒരുമിച്ചുകൂട്ടി,,,false,,false
To sit,جَلَسَ,جلس,ഇരുന്നു,,,false,,false
To run / flow,جَرَى,جري,ഓടി / ഒഴുകി,,,false,,false
To come / arrive,جَاءَ,جاء,വന്നു,,,false,,false
To make / cause,جَعَلَ,جعل,ആക്കി / ഉണ്ടാക്കി,,,false,,false
To strive / struggle,جَاهَدَ,جاهد,ശ്രമിച്ചു / പോരാടി,,,false,,false
To argue / debate,جَادَلَ,جادل,തർക്കിച്ചു,,,false,,false
To answer / reply,جَاوبَ,جاوب,മറുപടി നൽകി,,,false,,false
To test / try / experiment,جَرَّبَ,جرب,പരീക്ഷിച്ചു / പരീക്ഷിച്ചുനോക്കി,,,false,,false
To prepare / equip,جَهَّزَ,جهز,തയ്യാറാക്കി,,,false,,false
To renew / renovate,جَدَّدَ,جدد,പുതുക്കി,,,false,,false
To embody / represent,جَسَّدَ,جسد,മൂർത്തിമദ്ഭവിപ്പിച്ചു,,,false,,false
To beautify / decorate,جَمَّلَ,جمل,അലങ്കരിച്ചു / ഭംഗിയാക്കി,,,false,,false
To freeze / solidify,جَمُدَ,جمد,തണുത്തുറഞ്ഞു,,,false,,false
To dry / dry up,جَفَّ,جف,ഉണങ്ങി,,,false,,false
To dry / dehydrate,جَفَّفَ,جفف,ഉണക്കി,,,false,,false
To attract / pull,جَذَبَ,جذب,ആകർഷിച്ചു / വലിച്ചു,,,false,,false
To wound / injure,جَرَحَ,جرح,പരുക്കേൽപ്പിച്ചു,,,false,,false
To pull / drag,جَرَّ,جر,വലിച്ചിഴച്ചു,,,false,,false
To reward / punish,جَازَى,جازي,പ്രതിഫലം നൽകി / ശിക്ഷിച്ചു,,,false,,false
To be ignorant,جَهِلَ,جهل,അജ്ഞനായി ഇരുന്നു,,,false,,false
To ignore,جَهَلَ,جهل,അവഗണിച്ചു,,,false,,false
To speak aloud / declare,جَهَرَ,جهر,ഉച്ചത്തിൽ പറഞ്ഞു / പരസ്യമാക്കി,,,false,,false
To force / compel / restore,جَبَرَ,جبر,നിർബന്ധിച്ചു / കൂട്ടിച്ചേർത്തു,,,false,,false
To be cowardly,جَبُنَ,جبن,ഭീരുവായി,,,false,,false
To tour / roam,جَوَّلَ,جول,സഞ്ചരിച്ചു / ചുറ്റിസഞ്ചരിച്ചു,,,false,,false
To be permissible / pass,جَازَ,جاز,അനുവദനീയമായി / കടന്നുപോയി,,,false,,false
To be hungry,جَاعَ,جاع,വിശന്നു,,,false,,false
To be generous / excel,جَادَ,جاد,ഉദാരമനസ്കനായി / മികച്ചുനിന്നു,,,false,,false
To traverse / explore,جَابَ,جاب,ചുറ്റിക്കണ്ടു / സഞ്ചരിച്ചു,,,false,,false
To roam / wander,جَالَ,جال,ചുറ്റിനടന്നു,,,false,,false
To avoid / side with,جَانَبَ,جانب,ഒഴിവാക്കി,,,false,,false
To neighbor / be adjacent,جَاوَرَ,جاور,അയൽപക്കത്തായിരിന്നു,,,false,,false
To exceed / surpass,جَاوَزَ,جاوز,മറികടന്നു / അതിക്രമിച്ചു,,,false,,false
To risk / gamble,جَازَفَ,جازف,സാഹസം ചെയ്തു / അപകടസാധ്യത എടുത്തു,,,false,,false
To unite with / copulate,جَامَعَ,جامع,ഒരുമിച്ചു ചേർന്നു,,,false,,false
To be impatient,جَازَعَ,جازع,ക്ഷമകെട്ടു,,,false,,false
To sit with / keep company,جَالَسَ,جالس,കൂടെയിരുന്നു,,,false,,false
To flatter / be polite,جَامَلَ,جامل,പുകഴ്ത്തി / മര്യാദ കാണിച്ചു,,,false,,false
To confront / face,جَابَهَ,جابه,നേരിട്ടു,,,false,,false
To strip / bare / abstract,جَرَّدَ,جرد,ഒഴിവാക്കി / നഗ്നമാക്കി,,,false,,false
To criminalize / incriminate,جَرَّمَ,جرم,കുറ്റകരമാക്കി,,,false,,false
To ring / chime,جَرَسَ,جرس,മണി മുഴക്കി,,,false,,false
To wash away / sweep,جَرَّفَ,جرف,ഒഴുക്കിക്കൊണ്ടുപോയി,,,false,,false
To swallow / gulp,جَرَعَ,جرع,വിഴുങ്ങി,,,false,,false
To make gulp / administer,جَرَّعَ,جرع,കുടിപ്പിച്ചു / വിഴുങ്ങിച്ചു,,,false,,false
To panic / fret,جَزَعَ,جزع,പരിഭ്രാന്തനായി,,,false,,false
To decide / assert firmly,جَزَمَ,جزم,തീരുമാനിച്ചു / ഉറപ്പിച്ചു പറഞ്ഞു,,,false,,false
To divide / parse,جَزَّأَ,جزا,ഭാഗിച്ചു / വിഭജിച്ചു,,,false,,false
To shear / cut,جَزَّ,جز,രരോമം കത്രിച്ഛു / വെട്ടി,,,false,,false
To feel / palpate / probe,جَسَّ,جس,തൊട്ടുനോക്കി / പരിശോധിച്ചു,,,false,,false
To spy / inspect,جَسَّسَ,جسس,ചാരപ്പണി നടത്തി,,,false,,false
To be daring / brave,جَسُرَ,جسر,ധൈര്യപ്പെട്ടു,,,false,,false
To curl / crinkle,جَعَّدَ,جعد,ചുളിച്ചു / ചുരുട്ടി,,,false,,false
To fetch / bring / attract,جَلَبَ,جلب,കൊണ്ടുവന്നു / ആകർഷിച്ചു,,,false,,false
To whip / flog,جَلَدَ,جلد,ചാട്ടവാറുകൊണ്ട് അടിച്ചു,,,false,,false
To be patient / enduring,جَلُدَ,جلد,ക്ഷമ പാലിച്ചു,,,false,,false
To cover / wrap,جَلَّلَ,جلل,മൂടി / പൊതിഞ്ഞു,,,false,,false
To clarify / polish / reveal,جَلَى,جلي,വ്യക്തമാക്കി / തിളക്കി,,,false,,false
To bolt / run wild,جَمَحَ,جمح,കൈവിട്ടുപോയി / കുതിച്ചുപായുന്നു,,,false,,false
To freeze / chill,جَمَّدَ,جمد,മരവിപ്പിച്ചു / തണുപ്പിച്ചു,,,false,,false
To add / accumulate,جَمَعَ,جمع,കൂട്ടിച്ചേർത്തു,,,false,,false
To be handsome / good,جَمُلاَ,جملا,ഭംഗിയുള്ളതായി,,,false,,false
To harvest / reap,جَنَى,جني,വിളവെടുത്തു / ശേഖരിച്ചു,,,false,,false
To drive mad / cover,جَنَّ,جن,ഭ്രാന്ത് പിടിപ്പിച്ചു / മൂടി,,,false,,false
To ward off / shield,جَنَّبَ,جنب,തടഞ്ഞു നിർത്തി / മാറ്റി നിർത്തി,,,false,,false
To recruit / draft,جَنَّدَ,جند,സൈന്യത്തിൽ ചേർത്തു,,,false,,false
To classify / assimilate,جَنَسَ,جنس,വർഗ്ഗീകരിച്ചു,,,false,,false
To finish off / dispatch,جَهَزَ,جهز,അവസാനിപ്പിച്ചു,,,false,,false
To sob / burst into tears,جَهَشَ,جهش,വിങ്ങിപ്പൊട്ടി,,,false,,false
To look sternly / frown,جَهَّمَ,جهم,മുഖം കനപ്പിച്ചു,,,false,,false
To comfort / appease,جَابَرَ,جابر,ആശ്വസിപ്പിച്ചു,,,false,,false
To act unjustly / oppress,جَارَ,جار,അക്രമം കാണിച്ചു,,,false,,false
To keep pace with / simulate,جَارَى,جاري,ഒപ്പം മുന്നേറി / അനുകരിച്ചു,,,false,,false
To dispute / contest,جَادَلَ,جادل,തർക്കത്തിൽ ഏർപ്പെട്ടു,,,false,,false
To offer / display,جَارَضَ,جارض,കാഴ്ചവെച്ചു,,,false,,false
To snub / keep away,جَافَى,جافي,അകന്നുനിന്നു,,,false,,false
To sever / cut off,جَذَّ,جذ,മുറിച്ചുമാറ്റി,,,false,,false
To uproot / take root,جَذَرَ,جذر,വേരോടി,,,false,,false
To establish deeply,جَذَّرَ,جذر,ആഴത്തിൽ ഉറപ്പിച്ചു,,,false,,false
To commit a crime,جَرُمَ,جرم,കുറ്റം ചെയ്തു,,,false,,false
To dare / venture,جَرُؤَ,جرو,ധൈര്യപ്പെട്ടു,,,false,,false
To repay / compensate,جَزَى,جزي,പ്രതിഫലം നൽകി,,,false,,false
To slaughter / butcher,جَزَّرَ,جزر,അറുത്തു / വെട്ടി,,,false,,false
To clothe / robe,جَلَبَبَ,جلبب,വസ്ത്രം ധരിപ്പിച്ചു,,,false,,false
To clear up / evict,جَلَّى,جلي,വ്യക്തമാക്കി / ഒഴിപ്പിച്ചു,,,false,,false
To assemble / gather together,جَمَّعَ,جمع,ഒരുമിച്ചുകൂട്ടി,,,false,,false
To mobilize / crowd,جَمْهَرَ,جمهر,ജനങ്ങളെ സംഘടിപ്പിച്ചു,,,false,,false
To lean / incline / stray,جَنَحَ,جنح,ചരിഞ്ഞു / വഴിതെറ്റി,,,false,,false
To fit out / ready,جَهَزَ,جهز,സജ്ജമാക്കി,,,false,,false
To improve / optimize,جَوَّدَ,جود,മെച്ചപ്പെടുത്തി,,,false,,false
To permit / pass,جَوَّزَ,جوز,അനുവാദം നൽകി,,,false,,false
To starve / deprive of food,جَوَّعَ,جوع,പട്ടിണിക്കിട്ടു,,,false,,false
To become dry,جَافَّ,جاف,ഉണങ്ങിപ്പോയി,,,false,,false
To deny stubbornly,جَاحَدَ,جاحد,വാശിയോടെ നിഷേധിച്ചു,,,false,,false
To contend for / pull gently,جَاذَبَ,جاذب,വലിപ്പിച്ചു / തർക്കിച്ചു,,,false,,false
To sweep away,جَارَفَ,جارف,അടിച്ചുവാരിപ്പോയി,,,false,,false
To penalize / sentence,جَازَءَ,جازء,ശിക്ഷിച്ചു,,,false,,false
To curl hair,جَاعَدَ,جاعد,മുടി ചുരുട്ടി,,,false,,false
To dry up thoroughly,جَافَفَ,جافف,പൂർണ്ണമായി ഉണക്കി,,,false,,false
To compete / clamor,جَالَبَ,جالب,മത്സരിച്ചു,,,false,,false
To duel / fight with swords,جَالَدَ,جالد,വാളുകൊണ്ട് പോരാടി,,,false,,false
To exile / deport,جَالَى,جالي,നാടുകടത്തി,,,false,,false
To combine / merge,جَامَعَ,جامع,ലയിപ്പിച്ചു,,,false,,false
To freeze solid,جَامَدَ,جامد,കട്ടിയാക്കി,,,false,,false
To homogenize / match,جَانَسَ,جانس,സമാനമാക്കി,,,false,,false
To manifest / make public,جَاهَرَ,جاهر,പരസ്യമായി പ്രഖ്യാപിച്ചു,,,false,,false
To finalize deal,جَاهَزَ,جاهز,കരാർ ഉറപ്പിച്ചു,,,false,,false
To overlook / pardon,جَاوَزَ,جاوز,മാപ്പുനൽകി / വിട്ടുനൽകി,,,false,,false
To co-exist generationally,جَايَلَ,جايل,തലമുറകളായി ജീവിച്ചു,,,false,,false
To pull forcefully,جَبَذَ,جبذ,ശക്തിയായി വലിച്ചു,,,false,,false
To force upon,جَبَّارَ,جبار,അടിച്ചേൽപ്പിച്ചു,,,false,,false
To hit forehead / confront,جَبِهَ,جبه,നെറ്റിയിൽ അടിച്ചു / നേരിട്ടു,,,false,,false
To crouch / kneel,جَثَمَ,جثم,കുനിഞ്ഞിരുന്നു / മുട്ടുകുത്തി,,,false,,false
To kneel down,جَثَا,جثا,മുട്ടുകുത്തി ഇരുന്നു,,,false,,false
To deny / disbelieve,جَحَدَ,جحد,നിഷേധിച്ചു,,,false,,false
To retreat into hole,جَحَرَ,جحر,പൊന്തിൽ ഒളിച്ചു,,,false,,false
To bulge eyes,جَحَظَ,جحظ,കണ്ണുകൾ തള്ളിപ്പൊന്തിച്ചു,,,false,,false
To bury / entomb,جَدَثَ,جدث,മറവുചെയ്തു,,,false,,false
To braid / weave,جَدَلَ,جدل,മെടഞ്ഞു / നെയ്തു,,,false,,false
To suffer drought / be barren,جَدَبَ,جدب,വരൾച്ചയുണ്ടായി,,,false,,false
To cut off nose / mutilate,جَدَعَ,جدع,മൂക്ക് മുറിച്ചു,,,false,,false
To row / paddle boat,جَدَفَ,جدف,തുഴഞ്ഞു,,,false,,false
To be serious / strive,جَدَّ,جد,ഗൗരവമായി എടുത്തു / അധ്വാനിച്ചു,,,false,,false
To entice / lure,جَذَبَ,جذب,പ്രലോഭിപ്പിച്ചു,,,false,,false
To amputate / cut off,جَذَمَ,جذم,മുറിച്ചു മാറ്റി,,,false,,false
To erode / undermine,جَرُفَ,جرف,ഒലിച്ചുപോയി,,,false,,false
To commit crime / fault,جَرَمَ,جرم,തെറ്റ് ചെയ്തു,,,false,,false
To become bare / desolate,جَرُدَ,جرد,ശൂന്യമായി,,,false,,false
To occur / take place,جَرَى,جري,സംഭവിച്ചു,,,false,,false
To divide into sections,جَزَأَ,جزا,ഭാഗങ്ങളാക്കി,,,false,,false
To ebb (tide) / slaughter,جَزَرَ,جزر,വറ്റാനിടയായി / അറുത്തു,,,false,,false
To give copiously,جَزَلَ,جزل,ധാരാളമായി നൽകി,,,false,,false
To materialize / embody,جَسَمَ,جسم,രൂപീകരിച്ചു,,,false,,false
To be huge / massive,جَسُمَ,جسم,വലുതായി,,,false,,false
To appoint / designate,جَعَلَ,جعل,നിയമിച്ചു,,,false,,false
To tear up / uproot,جَعَفَ,جعف,പിഴുതെറിഞ്ഞു,,,false,,false
To grind / polish metal,جَلَخَ,جلخ,മിനുക്കിയെടുത്തു,,,false,,false
To take a seat,جَلَسَ,جلس,ആസനസ്ഥനായി,,,false,,false
To clot (blood),جَلَطَ,جلط,രക്തം കട്ടപിടിച്ചു,,,false,,false
To uncover / strip bare,جَلَعَ,جلع,തുറന്നുകാട്ടി,,,false,,false
To shear sheep,جَلَمَ,جلم,ആടിന്റെ രോമം വെട്ടി,,,false,,false
To clarify situation,جَلَى,جلي,സാഹചര്യം വ്യക്തമാക്കി,,,false,,false
To compile / summarize,جَمَعَ,جمع,സമാഹരിച്ചു,,,false,,false
To sum up / aggregate,جَمَلَ,جمل,മൊത്തത്തിൽ കണക്കാക്കി,,,false,,false
To banter / tease,جَمُشَ,جمش,തമാശ പറഞ്ഞു,,,false,,false
To solidify liquid,جَمَّدَ,جمد,കട്ടിയാക്കി മാറ്റിയ,,,false,,false
To make elegant,جَمَّلَ,جمل,മനോഹരമാക്കി,,,false,,false
To gather crowds,جَمْهَرَ,جمهر,ആളുകളെ കൂട്ടി,,,false,,false
To veer off course,جَنَحَ,جنح,വഴിമാറിപ്പോയി,,,false,,false
To commit offense,جَنَى,جني,അപരാധം ചെയ്തു,,,false,,false
To craze / madden,جَنَّنَ,جنن,ഭ്രാന്ത് പിടിപ്പിച്ചു,,,false,,false
To prepare army,جَهَزَ,جهز,സൈന്യത്തെ സജ്ജമാക്കി,,,false,,false
To be unaware of,جَهِلَ,جهل,അറിയാതെ പോയി,,,false,,false
To pronounce loudly,جَهَرَ,جهر,ഉറക്കെ ഉച്ചരിച്ചു,,,false,,false
To recite Quran skillfully,جَوَّدَ,جود,ഖുർആൻ നന്നായി ഓതി,,,false,,false
To wander around town,جَوَّلَ,جول,പട്ടണത്തിൽ ചുറ്റിനടന്നു,,,false,,false
To starve enemy,جَوَّعَ,جوع,ശത്രുവിനെ പട്ടിണിക്കിട്ടു,,,false,,false
To mobilize military,جَيَّشَ,جيش,സൈന്യത്തെ അണിനിരത്തി,,,false,,false
To endorse check / transfer,جَيَّرَ,جير,ചെക്ക് ഒപ്പിട്ടു നൽകി / കൈമാറി,,,false,,false
To yield / bring about,جَاءَ,جاء,ഉണ്ടാക്കിത്തീർത്തു,,,false,,false
To traverse countries,جَابَ,جاب,രാജ്യങ്ങളിൽ സഞ്ചരിച്ചു,,,false,,false
To bestow gifts,جَادَ,جاد,സമ്മാനങ്ങൾ നൽകി,,,false,,false
To trespass / encroach,جَارَ,جار,അതിക്രമിച്ചു കയറി,,,false,,false
To pass exam / qualify,جَازَ,جاز,പരീക്ഷ ജയിച്ചു,,,false,,false
To circulate / revolve,جَالَ,جال,കറങ്ങിനടന്നു,,,false,,false
To mend broken bone,جَبَرَ,جبر,എല്ല് കൂട്ടിച്ചേർത്തു,,,false,,false
To bow down / submit,جَثَا,جثا,വിധേയനായി കുനിഞ്ഞു,,,false,,false
To disown / repudiate,جَحَدَ,جحد,തള്ളിപ്പറഞ്ഞു,,,false,,false
To modernize / reform,جَدَّدَ,جدد,ആധുനികവൽക്കരിച്ചു,,,false,,false
To charm / captivate,جَذَبَ,جذب,വശീകരിച്ചു,,,false,,false
To test drive / sample,جَرَّبَ,جرب,രുചിച്ചു നോക്കി / ഓടിച്ചുനോക്കി,,,false,,false
To disarm / strip rank,جَرَّدَ,جرد,ആയുധം എടുത്തുമാറ്റി,,,false,,false
To make suffer,جَرَّعَ,جرع,സഹിപ്പിച്ചു,,,false,,false
To grammar jussive state,جَزَمَ,جزم,വ്യാകരണപരമായ മാറ്റം വരുത്തി,,,false,,false
To eavesdrop,جَسَّسَ,جسس,ഒളിഞ്ഞുനോക്കി / കേട്ടു,,,false,,false
To wrinkle skin,جَعَّدَ,جعد,ചർമ്മം ചുളിച്ചു,,,false,,false
To import goods,جَلَبَ,جلب,സാധനങ്ങൾ ഇറക്കുമതി ചെയ്തു,,,false,,false
To honor / venerate,جَلَّلَ,جلل,ആദരിച്ചു,,,false,,false
To freeze assets,جَمَّدَ,جمد,സ്വത്ത് മരവിപ്പിച്ചു,,,false,,false
To collect stamps,جَمَّعَ,جمع,സ്റ്റാമ്പുകൾ ശേഖരിച്ചു,,,false,,false
To steer clear of,جَنَّبَ,جنب,മാറിനിന്നു,,,false,,false
To enlist troops,جَنَّدَ,جند,പടയാളികളെ നിയമിച്ചു,,,false,,false
To package goods,جَهَّزَ,جهز,സാധനങ്ങൾ പാക്ക് ചെയ്തു,,,false,,false
To certify / validate,جَوَّزَ,جوز,സാക്ഷ്യപ്പെടുത്തി,,,false,,false
To compensate loss,جَزَى,جزي,നഷ്ടപരിഹാരം നൽകി,,,false,,false
To adjoin / flank,جَاوَرَ,جاور,തൊട്ടുരുമ്മി നിന്നു,,,false,,false
To debate fiercely,جَادَلَ,جادل,ശക്തമായി വാദിച്ചു,,,false,,false
To attend meeting with,جَالَسَ,جالس,യോഗത്തിൽ പങ്കെടുത്തു,,,false,,false
To resist / defy,جَابَهَ,جابه,പ്രതിരോധിച്ചു,,,false,,false
To entrench deeply,جَذَّਰَ,جذਰ,ആഴത്തിൽ സ്ഥാപിച്ചു,,,false,,false
To outlaw / ban,جَرَّمَ,جرم,നിരോധിച്ചു,,,false,,false
To segment market,جَزَّأَ,جزا,വിപണി തിരിച്ചു,,,false,,false
To encapsulate idea,جَسَّدَ,جسد,ആശയം ഉൾക്കൊണ്ടു,,,false,,false
To polish text,جَمَّلَ,جمل,വാചകം ഭംഗിയാക്കി,,,false,,false
To naturalize citizen,جَنَّسَ,جنس,പൗരത്വം നൽകി,,,false,,false
To furnish room,جَهَّزَ,جهز,മുറി അലങ്കരിച്ചു / ക്രമീകരിച്ചു,,,false,,false
To refine process,جَوَّدَ,جود,പ്രക്രിയ ശുദ്ധീകരിച്ചു,,,false,,false
To rally supporters,جَيَّشَ,جيش,പിന്തുണക്കാരെ അണിനിരത്തി,,,false,,false
To render impossible,جَعَلَ,جعل,അസാധ്യമാക്കി,,,false,,false
To incur penalty,جَلَبَ,جلب,ശിക്ഷ വരുത്തിവെച്ചു,,,false,,false
To combine forces,جَمَعَ,جمع,ശക്തികൾ ഏകോപിപ്പിച്ചു,,,false,,false
To proceed smooth,جَرَى,جري,സുഗമമായി നടന്നു,,,false,,false
To produce results,جَاءَ,جاء,ഫലം നൽകി,,,false,,false
To strive for peace,جَاهَدَ,جاهد,സമാധാനത്തിനായി പോരാടി,,,false,,false
To renew license,جَدَّدَ,جدد,ലൈസൻസ് പുതുക്കി,,,false,,false
To cook meal,جَهَّزَ,جهز,ഭക്ഷണം ഒരുക്കി,,,false,,false
To try new approach,جَرَّبَ,جرب,പുതിയ രീതി പരീക്ഷിച്ചു,,,false,,false
To stall project,جَمَّدَ,جمد,പദ്ധതി നിർത്തിവെച്ചു,,,false,,false
To edit image,جَمَّلَ,جمل,ചിത്രം മനോഹരമാക്കി,,,false,,false
To alienate friend,جَافَى,جافي,കൂട്ടുകാരനെ അകറ്റി,,,false,,false
To pull lever,جَذَبَ,جذب,ലിവർ വലിച്ചു,,,false,,false
To hurt feelings,جَرَحَ,جرح,മനസ്സിനെ മുറിവേൽപ്പിച്ചു,,,false,,false
To tow vehicle,جَرَّ,جر,വാഹനം വലിച്ചുകൊണ്ടുപോയി,,,false,,false
To reward effort,جَازَى,جازي,ശ്രമത്തെ അഭിനന്ദിച്ചു,,,false,,false
To miss point,جَهِلَ,جهل,കാര്യം മനസ്സിലാക്കാതിരുന്നു,,,false,,false
To reveal secret,جَهَرَ,جهر,രഹസ്യം പരസ്യമാക്കി,,,false,,false
To compensate damage,جَبَرَ,جبر,കേടുപാടുകൾ തീർത്തു,,,false,,false
To travel world,جَوَّلَ,جول,ലോകം ചുറ്റിക്കണ്ടു,,,false,,false
To fast / go hungry,جَاعَ,جاع,പട്ടിണി കിടന്നു,,,false,,false
To rain heavily,جَادَ,جاد,കനത്ത മഴ പെയ്തു,,,false,,false
To neighbor upon,جَالَرَ,جالر,അതിർത്തി പങ്കിട്ടു,,,false,,false
To exceed limit,جَاوَزَ,جاوز,പരിധി ലംഘിച്ചു,,,false,,false
To take chances,جَازَفَ,جازف,അപകടസാധ്യത നേരിട്ടു,,,false,,false
To sit together,جَالَسَ,جالس,ഒരുമിച്ചിരുന്നു,,,false,,false
To compliment user,جَامَلَ,جامل,ഉപയോക്താവിനെ പ്രശംസിച്ചു,,,false,,false
To face crisis,جَابَهَ,جابه,പ്രതിസന്ധിയെ നേരിട്ടു,,,false,,false
To strip bare details,جَرَّدَ,جرد,വിവരങ്ങൾ പുറത്തെടുത്തു,,,false,,false
To convict accused,جَرَّمَ,جرم,പ്രതിയെ കുറ്റക്കാരനാക്കി,,,false,,false
To dredge river,جَرَّفَ,جرف,പുഴ ശുദ്ധീകരിച്ചു,,,false,,false
To drink medicine,جَرَعَ,جرع,മരുന്ന് വിഴുങ്ങി,,,false,,false
To lose composure,جَزَعَ,جزع,നിയന്ത്രണം വിട്ടു,,,false,,false
To confirm appointment,جَزَمَ,جزم,അപ്പോയിന്റ്മെന്റ് ഉറപ്പിച്ചു,,,false,,false
To check pulse,جَسَّ,جس,നാഡിമിടിപ്പ് പരിശോധിച്ചു,,,false,,false
To monitor signal,جَسَّسَ,جسس,സിഗ്നൽ വീക്ഷിച്ചു,,,false,,false
To crumble paper,جَعَّدَ,جعد,പേപ്പർ ചുരുട്ടി,,,false,,false
To draw attention,جَلَبَ,جلب,ശ്രദ്ധ ആകർഷിച്ചു,,,false,,false
To bind book,جَلَدَ,جلد,പുസ്തകം ബൈൻഡ് ചെയ്തു,,,false,,false
To veil face,جَلَّلَ,جلل,മുഖം മൂടി,,,false,,false
To polish shoes,جَلَى,جلي,ഷൂ മിനുക്കി,,,false,,false
To run away (horse),جَمَحَ,جمح,കുതിര പായുന്നു,,,false,,false
To freeze liquid,جَمَّدَ,جمد,ദ്രാവകം തണുപ്പിച്ചു,,,false,,false
To add numbers,جَمَعَ,جمع,സംഖ്യകൾ കൂട്ടി,,,false,,false
To reap benefits,جَنَى,جني,നേട്ടങ്ങൾ കൊയ്തു,,,false,,false
To avoid error,جَنَّبَ,جنب,തെറ്റ് ഒഴിവാക്കി,,,false,,false
To assemble crew,جَنَّدَ,جند,സംഘത്തെ ഉണ്ടാക്കി,,,false,,false
To pack luggage,جَهَزَ,جهز,ലഗേജ് റെഡിയാക്കി,,,false,,false
To cry out,جَهَشَ,جهش,നിലവിളിച്ചു,,,false,,false
To deviate from truth,جَارَ,جار,സത്യത്തിൽ നിന്ന് വ്യതിചലിച്ചു,,,false,,false
To follow trend,جَارَى,جاري,ട്രെൻഡ് പിന്തുടർന്നു,,,false,,false
To prune tree,جَذَّ,جذ,മരം വെട്ടിമിനുക്കി,,,false,,false
To extract root,جَذَرَ,جذر,വർഗ്ഗമൂലം കണ്ടുപിടിച്ചു,,,false,,false
To sin,جَرُمَ,جرم,പാപം ചെയ്തു,,,false,,false
To repay kindness,جَزَى,جزي,നന്മയ്ക്ക് നന്മ ചെയ്തു,,,false,,false
To cover completely,جَلَبَبَ,جلبب,പൂർണ്ണമായി മൂടി,,,false,,false
To pool resources,جَمَّعَ,جمع,വിഭവങ്ങൾ ഒരുമിച്ചുകൂട്ടി,,,false,,false
To tilt to side,جَنَحَ,جنح,ഒരുവശത്തേക്ക് ചരിഞ്ഞു,,,false,,false
To enhance quality,جَوَّدَ,جود,ഗുണനിലവാരം ഉയർത്തി,,,false,,false
To pass milestone,جَاوَزَ,جاوز,മൈൽസ്റ്റോൺ പിന്നിട്ടു,,,false,,false
To jerk rope,جَبَذَ,جبذ,കയർ പെട്ടെന്ന് വലിച്ചു,,,false,,false
To lie heavy,جَثَمَ,جثم,ഭാരമായി കിടന്നു,,,false,,false
To disavow pledge,جَحَدَ,جحد,വാഗ്ദാനം ലംഘിച്ചു,,,false,,false
To twist fiber,جَدَلَ,جدل,നൂൽ പിരിത്തു,,,false,,false
To blaspheme / curse,جَدَفَ,جدف,ശപിച്ചു / നിന്ദിച്ചു,,,false,,false
To sever bond,جَذَمَ,جذم,ബന്ധം വേർപെടുത്തി,,,false,,false
To shape object,جَسَمَ,جسم,വസ്തുവിന് രൂപം നൽകി,,,false,,false
To sharpen knife,جَلَخَ,جلخ,കത്തി മൂർച്ചകൂട്ടി,,,false,,false
To coagulate,جَلَطَ,جلط,കട്ടപിടിച്ചു,,,false,,false
To total amount,جَمَلَ,جمل,മൊത്തം തുക കണക്കാക്കി,,,false,,false
To incite emotions,جَيَّشَ,جيش,വികാരങ്ങൾ ഇളക്കിവിട്ടു,,,false,,false
To pass ownership,جَيَّرَ,جير,ഉടമസ്ഥത കൈമാറി,,,false,,false
Camel,جَمَل,جمل,ഒട്ടകം,,,false,,false
Buffalo,جَمَس,جمس,പോത്ത് / എരുമ,,,false,,false
Puppy / Cub,جَرْو,جرو,നായ്ക്കുട്ടി / സിംഹക്കുട്ടി,,,false,,false
Locust,جَرَّاد,جراد,വെട്ടുകിളി,,,false,,false
Cricket (insect),جُدَج,جدج,ചീവീട്,,,false,,false
Water buffalo,جَامُوس,جاموس,കാട്ടുപോത്ത്,,,false,,false
Kid / Young goat,جَدْي,جدي,ആട്ടുക്കുട്ടി,,,false,,false
Grasshopper,جُنْدُب,جندب,പച്ചക്കുതിര,,,false,,false
Camels (plural),جَمَال,جمال,ഒട്ടകങ്ങൾ,,,false,,false
Giraffe (archaic dialect),جِيرَان (حَيَوَان),جيران (حيوان),ഒട്ടകപ്പക്ഷി / ജിറാഫ്,,,true,,false
Walnut,جَوْز,جوز,വാൾനട്ട്,,,false,,false
Beef broth / Stew,جُؤَار,جوار,മാംസച്ചാറ്,,,false,,false
Rose water syrup / Jallab,جَلَاب,جلاب,റോസ് വാട്ടർ സിറപ്പ്,,,false,,false
A piece of cheese,جُبْنَة,جبنة,ചീസ് കഷ്ണം,,,false,,false
Coconut,جَوْزُ الْهِنْد,جوز الهند,തേങ്ങ,,,true,,false
Grated cheese,جُبْنٌ مَبْشُور,جبن مبشور,ചിരകിയ ചീസ്,,,true,,false
Garden / Paradise,جَنَّة,جنة,തോട്ടം / സ്വർഗ്ഗം,,,false,,false
Roots,جُذُور,جذور,വേരുകൾ,,,false,,false
Root,جَذْر,جذر,വേര്,,,false,,false
Trunk / Stem,جَذْع,جذع,മരത്തടി,,,false,,false
Sycamore fig tree,جُمَّيز,جميز,കാട്ടത്തിമരം,,,false,,false
Tuber,جُرْذَانُ النَّبَات,جرذان النبات,കിഴങ്ങ്,,,true,,false
Little garden / Lawn,جُنَيْنَة,جنينة,ചെറിയ തോട്ടം,,,false,,false
Gardens,جَنَائِن,جناين,തോട്ടങ്ങൾ,,,false,,false
Mountain,جَبَل,جبل,പർവ്വതം,,,false,,false
Mountains,جِبَال,جبال,പർവ്വതങ്ങൾ,,,false,,false
Islands,جُزُر,جزر,ദ്വീപുകൾ,,,false,,false
Atmosphere / Weather,جَوّ,جو,അന്തരീക്ഷം / കാലാവസ്ഥ,,,false,,false
Stream / Creek / Table,جَدْوَل,جدول,അരുവി / പട്ടിക,,,false,,false
Ice / Glacier,جَلِيد,جليد,മഞ്ഞുപാളി,,,false,,false
Horizon / Prominence,جَاه,جاه,ചക്രവാളം / പദവി,,,false,,false
Cliff / Bank,جُرْف,جرف,ചെരിവ് / കര,,,false,,false
Hellfire,جَهَنَّم,جهنم,നരകം,,,false,,false
Cavity / Interior / Depths,جَوْف,جوف,ഉൾഭാഗം / ആഴം,,,false,,false
Ember / Live coal,جَمْر,جمر,കനൽ,,,false,,false
Burning coal,جَمْرَة,جمرة,തീക്കനൽ,,,false,,false
Body,جِسْم,جسم,ശരീരം,,,false,,false
Body / Corpse,جَسَد,جسد,ശരീരം / ഭൗതികശരീരം,,,false,,false
Forehead,جَبْهَة,جبهة,നെറ്റി,,,false,,false
Skin / Hide,جَلَم,جلم,ചർമ്മം,,,false,,false
Skin / Leather,جِلْد,جلد,തൊലി / ചർമ്മം,,,false,,false
Eyelid,جَفْن,جفن,കണ്ണുപ്പൊള,,,false,,false
Eyelids,جُفُون,جفون,കണ്ണുപ്പൊളകൾ,,,false,,false
Skull,جَمْجَمَة,جمجمة,തലയോട്ടി,,,false,,false
Side / Flank,جَانِب,جانب,വശം / പാർശ്വം,,,false,,false
Wing,جَنَاح,جناح,ചിറക്,,,false,,false
Limbs / Organs,جَوَارِح,جوارح,അവയവങ്ങൾ,,,false,,false
Corpse / Body,جُثَّة,جثة,മൃതദേഹം,,,false,,false
Neighbor (male),جَار,جار,അയൽവാസി (ആൺ),,,false,,false
Neighbor (female),جَارَة,جارة,അയൽവാസി (പെൺ),,,false,,false
Neighbors,جِيرَان,جيران,അയൽവാസികൾ,,,false,,false
Embryo / Fetus,جَنِين,جنين,ഭ്രൂണം,,,false,,false
Group / Community,جَمَاعَة,جماعة,സംഘം / സമൂഹം,,,false,,false
Generation,جِيْل,جيل,തലമുറ,,,false,,false
Jellabiya (Traditional gown),جَلَابِيَّة,جلابية,പരമ്പരാഗത കുപ്പായം,,,false,,false
Sock / Stocking,جَوْرَب,جورب,സോക്സ്,,,false,,false
Socks,جَوارِب,جوارب,സോക്സുകൾ,,,false,,false
Jacket,جَاكِيت,جاكيت,ജാക്കറ്റ്,,,false,,false
Jilbab / Cloak,جِلْبَاب,جلباب,പർദ്ദ / കുപ്പായം,,,false,,false
Boots / Shoes,جِزْمَة,جزمة,ബൂട്ട്സ് / ഷൂസ്,,,false,,false
Leather garment,جِلْدِيّ (ثَوْب),جلدي (ثوب),തോൽ വസ്ത്രം,,,true,,false
Friday,جُمُعَة,جمعة,വെള്ളിയാഴ്ച,,,false,,false
Era / Age / Generation,جِيل (زَمَن),جيل (زمن),യുഗം / കാലഘട്ടം,,,true,,false
Part of the day,جُزْءُ النَّهَار,جزء النهار,പകലിന്റെ ഭാഗം,,,true,,false
Beautiful / Handsome,جَمِيل,جميل,മനോഹരമായ,,,false,,false
New / Modern,جَدِيد,جديد,പുതിയ,,,false,,false
Good / Quality,جَيِّد,جيد,നല്ല,,,false,,false
Huge / Massive / Severe,جَسِيم,جسيم,വലിയ / ഗുരുതരമായ,,,false,,false
Exalted / Great / Glorious,جَلِيل,جليل,മഹത്തായ,,,false,,false
Mighty / Tyrant / Giant,جَبَّار,جبار,ശക്തനായ / അഹങ്കാരിയായ,,,false,,false
Ignorant / Uneducated,جَاهِل,جاهل,അജ്ഞനായ,,,false,,false
Cowardly,جَبَان,جبان,ഭീരുവായ,,,false,,false
Dry / Arid,جَافّ,جاف,ഉണങ്ങിയ,,,false,,false
Sharp / Hurtful / Predatory,جَارِح,جارح,കൂർത്ത / വേദനപ്പിക്കുന്ന,,,false,,false
Current / Running / Ongoing,جَارٍ,جار,നിലവിലുള്ള / ഓടുന്ന,,,false,,false
Serious / Earnest,جَادّ,جاد,ഗൗരവമുള്ള,,,false,,false
Rigid / Frozen / Inanimate,جَامِد,جامد,കട്ടിയുള്ള / മരവിച്ച,,,false,,false
Comprehensive / Universal,جَامِع,جامع,സമഗ്രമായ,,,false,,false
Aerial / Atmospheric,جَوِّيّ,جوي,അന്തരീക്ഷസംബന്ധിയായ,,,false,,false
Attractive / Charming,جَذَّاب,جذاب,ആകർഷകമായ,,,false,,false
Loud / Vocal,جَهُور,جهور,ഉച്ചത്തിലുള്ള,,,false,,false
Hellish / Fiendish,جَهَنَّمِيّ,جهنمي,ഭയാനകമായ,,,false,,false
Crazy / Insane,جُنُونِيّ,جنوني,ഭ്രാന്തമായ,,,false,,false
Partial / Fractional,جُزْئِيّ,جزيي,ഭാഗികമായ,,,false,,false
Essential / Core / Fundamental,جَوْهَرِيّ,جوهري,അടിസ്ഥാനപരമായ,,,false,,false
Collective / Group,جَمَاعِيّ,جماعي,കൂട്ടായ,,,false,,false
Side / Secondary,جَانِبِيّ,جانبي,പാർശ്വഫലമായ / അനുബന്ധ,,,false,,false
Radical / Fundamental,جَذْرِيّ,جذري,അടിമുടിയുള്ള,,,false,,false
Southern,جَنُوبيّ,جنوبي,തെക്കൻ,,,false,,false
Criminal / Penal,جِنَائِيّ,جنايي,ക്രിമിനൽ സംബന്ധിയായ,,,false,,false
Nut-brown / Walnut color,جَوْزِيّ,جوزي,തവിട്ടുനിറം,,,false,,false
Ember red / Glowing red,جَمَرِيّ,جمري,കനൽ ചുവപ്പ്,,,false,,false
Majesty / Dignity,جَلال,جلال,മഹത്വം,,,false,,false
Joy / Delight / Gladness,جَذَل,جذل,സന്തോഷം,,,false,,false
Greed / Avarice,جَشَع,جشع,പേരാശ / അത്യാഗ്രഹം,,,false,,false
Panic / Anxiety / Agony,جَزَع,جزع,പരിഭ്രമം / ആകുലത,,,false,,false
Alienation / Harshness,جَفَاء,جفاء,അകൽച്ച / രൂക്ഷത,,,false,,false
Ignorance / Foolishness,جَهَالَة,جهالة,അജ്ഞത,,,false,,false
Boldness / Courage,جُرْأَة,جراة,ധൈര്യം,,,false,,false
Cowardice,جَبَن,جبن,ഭീരുത്വം,,,false,,false
Very / Extremely,جِدًّا,جدا,വളരെ,,,false,,false
Aside / To the side,جَانِبًا,جانبا,ഒരുവശത്തേക്ക്,,,false,,false
All together / Together,جَمِيعًا,جميعا,എല്ലാവരും ഒരുമിച്ച്,,,false,,false
Partially,جُزْئِيًّا,جزييا,ഭാഗികമായി,,,false,,false
Essentially,جَوْهَرِيًّا,جوهريا,അടിസ്ഥാനപരമായി,,,false,,false
In gross / Altogether,جُمْلَةً,جملة,മൊത്തത്തിൽ,,,false,,false
Beside / Next to,جَانِبَ,جانب,അടുത്ത് / അരികിൽ,,,false,,false
Inside / Within,جَوَّ,جو,ഉള്ളിൽ,,,false,,false
All of them,جَمِيعُهُمْ,جميعهم,അവരെല്ലാവരും,,,false,,false
All of us,جَمِيعُنَا,جميعنا,നാമെല്ലാവരും,,,false,,false
Mosque,جَامِع,جامع,പള്ളി / മസ്ജിദ്,,,false,,false
Mosques,جَوَامِع,جوامع,പള്ളികൾ,,,false,,false
Concise wise speech,جَوَامِعُ الكَلِم,جوامع الكلم,സാരസമ്പൂർണ്ണമായ വാക്ക്,,,true,,false
Passport / Permission,جَوَاز,جواز,പാസ്‌പോർട്ട് / അനുമതി,,,false,,false
Passport,جَوَازُ السَّفَر,جواز السفر,പാസ്‌പോർട്ട്,,,true,,false
Prize / Award,جَائِزَة,جايزة,സമ്മാനം / അവാർഡ്,,,false,,false
Prizes / Awards,جَوَائِز,جوايز,സമ്മാനങ്ങൾ,,,false,,false
Army / Military,جَيْش,جيش,സൈന്യം,,,false,,false
Armies,جُيُوش,جيوش,സൈന്യങ്ങൾ,,,false,,false
Crime / Offense,جَرِيمَة,جريمة,കുറ്റം / കുറ്റകൃത്യം,,,false,,false
Crimes,جَرَائِم,جرايم,കുറ്റകൃത്യങ്ങൾ,,,false,,false
Bridge,جِسْر,جسر,പാലം,,,false,,false
Bridges,جُسُور,جسور,പാലങ്ങൾ,,,false,,false
Wall,جِدَار,جدار,മതിൽ,,,false,,false
Walls,جُدْرَان,جدران,മതിലുകൾ,,,false,,false
Agenda / Schedule,جَدْوَلُ الأَعْمَال,جدول الاعمال,കാര്യപരിപാടി,,,true,,false
Bell / Chime,جَرْس,جرس,മണി,,,false,,false
Bell,جَرَس,جرس,മണി,,,false,,false
Jewels / Gems,جَوَاهِر,جواهر,രത്നങ്ങൾ,,,false,,false
Jewel / Gem,جَوْهَرَة,جوهرة,രത്നം,,,false,,false
Essence / Core,جَوْهَر,جوهر,സത്ത / സാരം,,,false,,false
South,جَنُوب,جنوب,തെക്ക്,,,false,,false
League of states,جَامِعَةُ الدُوَل,جامعة الدول,അറബ് ലീഗ്,,,true,,false
Public / Audience,جُمْهُور,جمهور,പൊതുജനം / പ്രേക്ഷകർ,,,false,,false
Masses / Crowds,جَمَاهِير,جماهير,ജനക്കൂട്ടം,,,false,,false
Republic,جُمْهُورِيَّة,جمهورية,റിപ്പബ്ലിക്,,,false,,false
Customs,جُمْرُك,جمرك,കസ്റ്റംസ്,,,false,,false
Customs department,جَمَارِك,جمارك,കസ്റ്റംസ് വകുപ്പ്,,,false,,false
Sentence / Wholesale,جُمْلَة,جملة,വാചകം / മൊത്തവ്യാപാരം,,,false,,false
Sentences,جُمَل,جمل,വാചകങ്ങൾ,,,false,,false
Roadside,جَانِبُ الطَّرِيق,جانب الطريق,റോഡരികിൽ,,,true,,false
Slave girl / Maid,جَارِيَة,جارية,ദാസി,,,false,,false
Funeral,جَنَازَة,جنازة,മയ്യത്ത് സംസ്കാരം,,,false,,false
Funerals,جَنَائِز,جنايز,മയ്യത്തുകൾ,,,false,,false
Wing of organization,جَنَاحُ المُنَظَّمَة,جناح المنظمة,സംഘടനാ വിഭാഗം,,,true,,false
Felony / Major crime,جِنَايَة,جناية,വൻകുറ്റം,,,false,,false
Gender / Sex / Species,جِنْس,جنس,ലിംഗം / വർഗ്ഗം,,,false,,false
Nationality / Citizenship,جِنْسِيَّة,جنسية,പൗരത്വം,,,false,,false
Geography,جُغْرَافِيَا,جغرافيا,ഭൂമിശാസ്ത്രം,,,false,,false
Device / Apparatus / System,جِهَاز,جهاز,ഉപകരണം / സിസ്റ്റം,,,false,,false
Television set,جِهَازُ التَّلَفَزيُون,جهاز التلفزيون,ടെലിവിഷൻ,,,true,,false
Computer system,جِهَازُ الحَاسُوب,جهاز الحاسوب,കംപ്യൂട്ടർ,,,true,,false
Devices / Equipment,أَجْهِزَة,اجهزة,ഉപകരണങ്ങൾ,,,false,,false
Direction / Side / Entity,جِهَة,جهة,ദിശ / വശം / ഏജൻസി,,,false,,false
Directions / Quarters,جِهَات,جهات,ദിശകൾ,,,false,,false
Struggle / Jihad,جِهَاد,جهاد,പോരാട്ടം,,,false,,false
Mobile phone / Walker,جَوَّال,جوال,മൊബൈൽ ഫോൺ,,,false,,false
Quality / Excellence,جَوْدَة,جودة,ഗുണനിലവാരം,,,false,,false
Round / Tour / Trip,جَوْلَة,جولة,സന്ദർശനം / ടൂർ,,,false,,false
Rounds / Tours,جَوْلاَت,جولات,സഞ്ചാരങ്ങൾ,,,false,,false
Guava,جُوّافَة,جوافة,പേരയ്ക്ക,,,false,,false
Pocket / Sinus,جَيَب,جيب,പോക്കറ്റ്,,,false,,false
Pockets / Cavities,جُيُوب,جيوب,പോക്കറ്റുകൾ,,,false,,false
Present generation,جَيْلُ الحَاضِر,جيل الحاضر,വർത്തമാന തലമുറ,,,true,,false
Pouch / Bag,جِرَاب,جراب,സഞ്ചി,,,false,,false
Newspaper,جَرِيدَة,جريدة,പത്രം,,,false,,false
Newspapers,جَرَائِد,جرايد,പത്രങ്ങൾ,,,false,,false
Homicide / Murder,جَرِيمَةُ قَتْل,جريمة قتل,കൊലപാതകം,,,true,,false
Wounded person,جَرِيح,جريح,പരുക്കേറ്റയാൾ,,,false,,false
Wound / Cut,جَرْح,جرح,പരുക്ക്,,,false,,false
Wounds,جُرُوح,جروح,പരുക്കുകൾ,,,false,,false
Part / Portion / Para,جُزْء,جزء,ഭാഗം / അദ്ധ്യായം,,,false,,false
Parts / Sections,أَجْزَاء,اجزاء,ഭാഗങ്ങൾ,,,false,,false
Recompense / Penalty,جَزَاء,جزاء,പ്രതിഫലം / ശിക്ഷ,,,false,,false
Butchery,جَزَارَة,جزارة,കശാപ്പുശാല,,,false,,false
Butcher,جَزَّار,جزار,കശാപ്പുകാരൻ,,,false,,false
Jizya / Tribute tax,جِزْيَة,جزية,ജിസ്‌യ ടാക്സ്,,,false,,false
Gravity / Immensity,جَسَامَة,جسامة,വ്യാപ്തി,,,false,,false
Espionage,جَسَس,جسس,ചാരപ്രവർത്തനം,,,false,,false
Spy,جَاسُوس,جاسوس,ചാരൻ,,,false,,false
Spies,جَوَاسِيس,جواسيس,ചാരന്മാർ,,,false,,false
Sexual intercourse / Union,جِمَاع,جماع,സംഗമം,,,false,,false
Aesthetics,جَمَالِيَّات,جماليات,സൗന്ദര്യശാസ്ത്രം,,,false,,false
Aesthetic,جَمَالِيّ,جمالي,സൗന്ദര്യാത്മകമായ,,,false,,false
All / Everybody,جَمِيع,جميع,എല്ലാവരും,,,false,,false
All parties,جَمِيعُ الأَطْرَاف,جميع الاطراف,എല്ലാ കക്ഷികളും,,,true,,false
Association / Society,جَمْعِيَّة,جمعية,സംഘടന / സൊസൈറ്റി,,,false,,false
Associations,جَمْعِيَّات,جمعيات,സംഘടനകൾ,,,false,,false
Plural / Gathering,جَمْع,جمع,ബഹുവചനം / കൂട്ടായ്മ,,,false,,false
Jameed (Hard dried yogurt),جَمِيد,جميد,ഉണക്കിയ തൈര്,,,false,,false
Stagnation / Rigidity,جُمُود,جمود,നിശ്ചലത,,,false,,false
Republics,جُمْهُورِيَّات,جمهوريات,റിപ്പബ്ലിക്കുകൾ,,,false,,false
Beauty / Elegance,جِمَאל,جمאל,സൗന്ദര്യം,,,false,,false
Hotel suite,جَنَاحُ الفُنْدُق,جناح الفندق,ഹോട്ടൽ സ്യൂട്ട്,,,true,,false
Delinquency / Veering,جُنُوح,جنوح,കുറ്റകൃത്യം,,,false,,false
Soldiers / Troops,جُنُود,جنود,പടയാളികൾ,,,false,,false
Soldier,جُنْدِيّ,جندي,പടയാളി,,,false,,false
Madness / Insanity,جُنُون,جنون,ഭ്രാന്ത്,,,false,,false
Garden of Eden,جَنَّةُ العَدْن,جنة العدن,ഏദൻ തോട്ടം,,,true,,false
Effort / Strain / Voltage,جُهْد,جهد,ശ്രമം / വോൾട്ടേജ്,,,false,,false
Efforts,جُهُود,جهود,ശ്രമങ്ങൾ,,,false,,false
Electric voltage,جُهْدُ الكَهْرَبَاء,جهد الكهرباء,വൈദ്യുതി വോൾട്ടേജ്,,,true,,false
Ignorance of law,جَهَالَةُ القَانُون,جهالة القانون,നിയമത്തെക്കുറിച്ചുള്ള അജ്ഞത,,,true,,false
By air / By plane,جَوّاً,جوا,വിമാനം വഴി,,,false,,false
Aviation / Air force,جَوِّيَّة,جوية,വ്യോമസേന,,,false,,false
Quality of life,جَوْدَةُ الحَيَاة,جودة الحياة,ജീവിതനിലവാരം,,,true,,false
Product quality,جَوْدَةُ المُنْتَج,جودة المنتج,ഉൽപ്പന്ന ഗുണനിലവാരം,,,true,,false
Injustice / Tyranny,جَوْر,جور,അക്രമം,,,false,,false
Interior of earth,جَوْفُ الأَرْض,جوف الارض,ഭൂഗർഭം,,,true,,false
Middle of the night,جَوْفُ اللَّيْل,جوف الليل,നടുരാത്രി,,,true,,false
Round of talks,جَوْلَةُ المَفَاوَضَات,جولة المفاوضات,ചർച്ചകളുടെ ഘട്ടം,,,true,,false
Core of the issue,جَوْهَرُ القَضِيَّة,جوهر القضية,പ്രശ്നത്തിന്റെ കാതൽ,,,true,,false
Coat pocket,جَيَبُ المِعْطَف,جيب المعطف,കോട്ട് പോക്കറ്റ്,,,true,,false
Liberation army,جَيْشُ التَّحْرِير,جيش التحرير,വിമോചന സേന,,,true,,false
Animal hide / Leather,جِلْدُ الحَيَوَان,جلد الحيوان,മൃഗത്തോൽ,,,true,,false
Human body,جِسْمُ الإِنْسَان,جسم الانسان,മനുഷ്യശരീരം,,,true,,false
Man's neighbor,جَارُ الرَّجُل,جار الرجل,ആളിന്റെ അയൽവാസി,,,true,,false
Mount Hermon,جَبَلُ الشَّيْخ,جبل الشيخ,ഹെർമൺ പർവ്വതം,,,true,,false
Arabian Peninsula,جَزِيرَةُ العَرَب,جزيرة العرب,അറേബ്യൻ ഉപദ്വീപ്,,,true,,false
Wall of silence,جِدَارُ الصَّمْت,جدار الصمت,മൗനത്തിന്റെ മതിൽ,,,true,,false
Polar ice,جَلِيدُ القُطْب,جليد القطب,ധ്രുവ മഞ്ഞ്,,,true,,false
Raging hellfire,جَهَنَّمُ الحَمْرَاء,جهنم الحمراء,ഭയാനകമായ നരകം,,,true,,false
Smallpox / Chickenpox,جُدَرِيّ,جدري,വസൂരി / വസൂരിരോഗം,,,false,,false
Surgery,جِرَاحَة,جراحة,ശസ്ത്രക്രിയ,,,false,,false
Surgeon,جَرَّاح,جراح,സർജൻ / ശസ്ത്രക്രിയാ വിദഗ്ധൻ,,,false,,false
Youth generation,جِيلُ الشَبَاب,جيل الشباب,യുവതലമുറ,,,true,,false
Cairo University,جَامِعَةُ القَاهِرَة,جامعة القاهرة,കെയ്റോ സർവ്വകലാശാല,,,true,,false
Nobel Prize,جَائِزَةُ نُوبِل,جايزة نوبل,നോബൽ സമ്മാനം,,,true,,false
Alarm clock / Device,جِهَازُ المُنَبِّه,جهاز المنبه,അലാറം,,,true,,false
Air conditioner,جِهَازُ التَّكْيِيف,جهاز التكييف,എയർ കണ്ടീഷണർ,,,true,,false
State army,جَيْشُ الدَّوْلَة,جيش الدولة,ദേശീയ സൈന്യം,,,true,,false
Charity association,جَمْعِيَّةٌ خَيْرِيَّة,جمعية خيرية,ചാരിറ്റി സംഘടന,,,true,,false
Timetable / Schedule,جَدْوَلُ المَوَاعِيد,جدول المواعيد,സമയക്രമം,,,true,,false
Budget table,جَدْوَلُ المِيزَانِيَّة,جدول الميزانية,ബജറ്റ് പട്ടിക,,,true,,false
Daily newspaper,جَرِيدَةٌ يَوْمِيَّة,جريدة يومية,ദിനപത്രം,,,true,,false
Weekly newspaper,جَرِيدَةٌ أُسْبُوعِيَّة,جريدة اسبوعية,വാരിക,,,true,,false
Megalomania,جُنُونُ العَظَمَة,جنون العظمة,അഹംഭാവ രോഗം,,,true,,false
Part two / Second portion,جُزْءُ الثَّانِي,جزء الثاني,രണ്ടാം ഭാഗം,,,true,,false
Reward for work,جَزَاءُ العَمَل,جزاء العمل,പ്രവൃത്തിയുടെ ഫലം,,,true,,false
Quality of service,جَوْدَةُ الخِدْمَة,جودة الخدمة,സേവന ഗുണനിലവാരം,,,true,,false
Heart of the city,جَوْفُ المَدِينَة,جوف المدينة,നഗരമധ്യത്തിൽ,,,true,,false
Football fans,جُمْهُورُ الكُرَة,جمهور الكرة,ഫുട്ബോൾ ആരാധകർ,,,true,,false
Gathering of people,جُمُوعُ النَّاس,جموع الناس,ജനക്കൂട്ടം,,,true,,false
Islet / Small island,جَزِيرَةٌ صَغِيرَة,جزيرة صغيرة,ചെറിയ ദ്വീപ്,,,true,,false
Volcanic mountain,جَبَلٌ بَرْكَانِيّ,جبل بركاني,അഗ്നിപർവ്വതം,,,true,,false
Barrier wall,جِدَارٌ عَازِل,جدار عازل,തടസ്സ മതിൽ,,,true,,false
Superhuman effort,جَهْدٌ خَارِق,جهد خارق,അതീവ പരിശ്രമം,,,true,,false
United republic,جُمْهُورِيَّةٌ مُتَّحِدَة,جمهورية متحدة,ഐക്യ റിപ്പബ്ലിക്,,,true,,false
Caravan camels,جِمَالٌ المَحْمَل,جمال المحمل,കച്ചവട ഒട്ടകങ്ങൾ,,,true,,false
Secret service / Agency,جِهَازٌ سِرِّيّ,جهاز سري,രഹസ്യാന്വേഷണ ഏജൻസി,,,true,,false
Responsible authorities,جِهَاتٌ مَسْؤُولَة,جهات مسوولة,ഉത്തരവാദപ്പെട്ട അധികാരികൾ,,,true,,false
Dual citizenship,جِنْسِيَّةٌ مُزْدَوَجَة,جنسية مزدوجة,രട്ടപ്പൗരത്വം,,,true,,false
Organized crime,جَرِيمَةٌ مُنَظَّمَة,جريمة منظمة,ആസൂത്രിത കുറ്റകൃത്യം,,,true,,false
Grievous injury,جَرْحٌ بَالِغ,جرح بالغ,ഗുരുതരമായ പരുക്ക്,,,true,,false
Synthetic leather,جِلْدٌ صُنَاعِيّ,جلد صناعي,കൃത്രിമ തോൽ,,,true,,false
Solid body,جِسْمٌ صَلْب,جسم صلب,ദൃഢമായ ശരീരം,,,true,,false
Concrete walls,جُدُرٌ خَرَسَانِيَّة,جدر خرسانية,കോൺക്രീറ്റ് മതിലുകൾ,,,true,,false
Woolen socks,جَوْرَبٌ صُوفِيّ,جورب صوفي,കമ്പിളി സോക്സ്,,,true,,false
Winter jacket,جَاكِيتٌ شِتَوِيّ,جاكيت شتوي,ശൈത്യകാല ജാക്കറ്റ്,,,true,,false
White gown,جَلَابِيَّةٌ بَيْضَاء,جلابية بيضاء,വെളുത്ത കുപ്പായം,,,true,,false
Battlefront,جَبْهَةُ القِتَال,جبهة القتال,യുദ്ധമുന്നണി,,,true,,false
Eyelid,جَفْنُ العَيْن,جفن العين,കണ്പോള,,,true,,false
Slim body,جَسَدٌ نَحِيف,جسد نحيف,മെലിഞ്ഞ ശരീരം,,,true,,false
Sensitive skin,جِلْدٌ حَسَّاس,جلد حساس,സൂക്ഷ്മ ചർമ്മം,,,true,,false
Dead body,جُثَّةُ الهَامِش,جثة الهامش,ശവം,,,true,,false
Good neighbor,جَارُ الخَيْر,جار الخير,നല്ല അയൽവാസി,,,true,,false
Patriarch of family,جَدُّ العَائِلَة,جد العايلة,കുടുംബത്തിലെ മുത്തശ്ശൻ,,,true,,false
Fetus in womb,جَنِينٌ فِي الرَّحِم,جنين في الرحم,ഗർഭപാത്രത്തിലെ ഭ്രൂണം,,,true,,false
Leading generation,جِيْلُ المَنَار,جيل المنار,വഴികാട്ടിയായ തലമുറ,,,true,,false
Letter,حَرْف,حرف,അക്ഷരം/കത്ത്,,,false,,false
Party/Celebration,حَفْلَة,حفلة,പാർട്ടി/ആഘോഷം,,,false,,false
Life,حَيَاة,حياة,ജീവിതം,,,false,,false
Animal,حَيَوَان,حيوان,മൃഗം,,,false,,false
Truth,حَقِيقَة,حقيقة,സത്യം,,,false,,false
Dream,حُلْم,حلم,സ്വപ്നം,,,false,,false
State/Condition,حَالَة,حالة,അവസ്ഥ/സ്ഥിതി,,,false,,false
Need,حَاجَة,حاجة,ആവശ്യം,,,false,,false
Decision,حُكْم,حكم,തീരുമാനം,,,false,,false
Protection/Guard,حِمَايَة,حماية,സംരക്ഷണം/രക്ഷ,,,false,,false
Freedom,حُرِّيَّة,حرية,സ്വാതന്ത്ര്യം,,,false,,false
War,حَرْب,حرب,യുദ്ധം,,,false,,false
Stone,حَجَر,حجر,കല്ല്,,,false,,false
Size/Volume,حَجْم,حجم,വലിപ്പം/അളവ്,,,false,,false
Luck/Chance,حَظّ,حظ,ഭാഗ്യം,,,false,,false
Present/Current,حَاضِر,حاضر,ഇപ്പോൾ/നിലവിലുള്ള,,,false,,false
Story/Tale,حِكَايَة,حكاية,കഥ,,,false,,false
Praise,حَمْد,حمد,സ്തുതി,,,false,,false
Load/Burden,حِمْل,حمل,ചുമട്/ഭാരം,,,false,,false
Heat,حَرَارَة,حرارة,ചൂട്,,,false,,false
Movement,حَرَكَة,حركة,ചലനം,,,false,,false
Sorrow/Grief,حُزْن,حزن,ദുഃഖം,,,false,,false
Limit/Border,حَدّ,حد,അതിര്,,,false,,false
Right/Duty,حَقّ,حق,അവകാശം/കടമ,,,false,,false
Wisdom,حِكْمَة,حكمة,ജ്ഞാനം,,,false,,false
Sweet,حَلْوَى,حلوي,മധുരം,,,false,,false
Friend,حَبِيب,حبيب,കൂട്ടുകാരൻ,,,false,,false
Field/Area,حَقْل,حقل,സ്ഥലം/മേഖല,,,false,,false
A minute,لَحْظَة,لحظة,ഒരു മിനിറ്റ്,,,false,,false
An opportunity,فُرْصَة,فرصة,ഒരു അവസരം,,,false,,false
Beauty,جَمَال,جمال,ഭംഗി,,,false,,false
Result,نَتِيجَة,نتيجة,ഫലം,,,false,,false
A wall,حَائِط,حايط,ചുമര്,,,false,,false
Disappointment,خَيْبَة,خيبة,നിരാശ,,,false,,false
Success,نَجَاح,نجاح,വിജയം,,,false,,false
Handwriting,خَطّ,خط,കൈയക്ഷരം,,,false,,false
A field,مَيْدَان,ميدان,ഒരു തലം,,,false,,false
Account/Calculation,حِسَاب,حساب,കണക്ക്,,,false,,false
Washing/Cleaning,غَسْل,غسل,കഴുകൽ,,,false,,false
Protection,حِصْن,حصن,പരിരക്ഷ,,,false,,false
Argument/Dispute,جَدَل,جدل,വാദം,,,false,,false
Expertise,خِبْرَة,خبرة,വൈദഗ്ദ്ധ്യം,,,false,,false
Present/Presence,حُضُور,حضور,സാന്നിധ്യം,,,false,,false
Reservation/Booking,حَجْز,حجز,റിസർവേഷൻ,,,false,,false
Danger,خَطَر,خطر,അപകടം,,,false,,false
Plan,خُطَّة,خطة,പദ്ധതി,,,false,,false
Kindness/Tenderness,حَنَان,حنان,ദയ/വാത്സല്യം,,,false,,false
Loved,أَحَبَّ,احب,സ്നേഹിച്ചു,,,false,,false
Carried/Bore,حَمَلَ,حمل,ചുമന്നു/വഹിച്ചു,,,false,,false
Guarded/Protected,حَرَسَ,حرس,സംരക്ഷിച്ചു,,,false,,false
Calculated,حَسَبَ,حسب,കണക്കാക്കി,,,false,,false
Was present,حَضَرَ,حضر,സന്നിഹിതനായി,,,false,,false
Limited/Defined,حَدَّ,حد,അതിരിട്ടു/നിർവചിച്ചു,,,false,,false
Ruled/Judged,حَكَمَ,حكم,ഭരിച്ചു/വിധിച്ചു,,,false,,false
Narrated/Told,حَكَى,حكي,കഥ പറഞ്ഞു,,,false,,false
Felt/Sensed,أَحَسَّ,احس,അനുഭവിച്ചു,,,false,,false
Tried/Attempted,حَاوَلَ,حاول,ശ്രമിച്ചു,,,false,,false
Felt embarrassed,اِسْتَحْيَى,استحيي,നാണിച്ചു,,,false,,false
Obtained/Acquired,حَصَلَ,حصل,നേടി,,,false,,false
Reserved/Booked,حَجَزَ,حجز,മുൻകൂട്ടി ബുക്ക് ചെയ്തു,,,false,,false
Forgave,سَمَحَ,سمح,ക്ഷമിച്ചു,,,false,,false
Traveled,سَافَرَ,سافر,യാത്ര ചെയ്തു,,,false,,false
Needed/Required,اِحْتَاجَ,احتاج,ആവശ്യപ്പെട്ടു,,,false,,false
Transferred,حَوَّلَ,حول,കൈമാറ്റം ചെയ്തു,,,false,,false
Became lawful,حَلَّ,حل,നിയമാനുസൃതമായി,,,false,,false
Wrote,كَتَبَ,كتب,എഴുതി,,,false,,false
Was sad,حَزِنَ,حزن,ദുഃഖിച്ചു,,,false,,false
Praised,حَمِدَ,حمد,സ്തുതിച്ചു,,,false,,false
Moved/Stirred,تَحَرَّكَ,تحرك,ചലിച്ചു,,,false,,false
Burned/Ignited,اِحْتَرَقَ,احترق,കത്തി,,,false,,false
Contained/Included,اِحْتَوَى,احتوي,ഉൾക്കൊണ്ടു,,,false,,false
Washed,غَسَلَ,غسل,കഴുകി,,,false,,false
Stood,وَقَفَ,وقف,നിന്നു,,,false,,false
Protected,حَمَى,حمي,പരിരക്ഷിച്ചു,,,false,,false
Fought/Battled,حَارَبَ,حارب,യുദ്ധം ചെയ്തു,,,false,,false
Surrounded,أَحَاطَ,احاط,ചുറ്റും നിന്നു,,,false,,false
Held/Contained,حَبَسَ,حبس,പിടിച്ചു/അടക്കി,,,false,,false
Freed/Liberated,حَرَّرَ,حرر,സ്വതന്ത്രമാക്കി,,,false,,false
Reached (a place),وَصَلَ,وصل,എത്തിച്ചേർന്നു,,,false,,false
Reserved,اِحْتَكَرَ,احتكر,സംവരണം ചെയ്തു,,,false,,false
Prepared,جَهَّزَ,جهز,തയ്യാറാക്കി,,,false,,false
Transformed/Changed,تَحَوَّلَ,تحول,രൂപാന്തരപ്പെടുത്തി,,,false,,false
Gave/Granted,أَعْطَى,اعطي,നൽകി,,,false,,false
Excited/Stimulated,حَفَّزَ,حفز,ഉത്തേജിപ്പിച്ചു,,,false,,false
Became hot,حَمِيَ,حمي,ചൂടായി,,,false,,false
Was destroyed,هَلَكَ,هلك,നശിച്ചു,,,false,,false
Collected/Amassed,حَشَدَ,حشد,ശേഖരിച്ചു,,,false,,false
Dug,حَفَرَ,حفر,കുഴിച്ചു,,,false,,false
Obeyed,أَطَاعَ,اطاع,അനുസരിച്ചു,,,false,,false
Met/Encountered,لَقِيَ,لقي,കണ്ടു,,,false,,false
Wore shoes,اِنْتَعَلَ,انتعل,ചെരിപ്പ് ധരിച്ചു,,,false,,false
Memorized,حَفِظَ,حفظ,ഓർമ്മിച്ചു,,,false,,false
Obstructed/Prevented,حَجَبَ,حجب,തടസ്സപ്പെടുത്തി,,,false,,false
Took over/Seized,اِسْتَوْلَى,استولي,പിടിച്ചെടുത്തു,,,false,,false
Made a pilgrimage,حَجَّ,حج,തീർത്ഥാടനം ചെയ്തു,,,false,,false
Encouraged,شَجَّعَ,شجع,പ്രോത്സാഹിപ്പിച്ചു,,,false,,false
Made a limit/Defined,حَدَّدَ,حدد,അതിരിട്ടു,,,false,,false
Bread,خُبْز,خبز,റൊട്ടി,,,false,,false
Vegetable,خُضْرَة,خضرة,പച്ചക്കറി,,,false,,false
News/Report,خَبَر,خبر,വാർത്ത/റിപ്പോർട്ട്,,,false,,false
Line/Handwriting,خَطّ,خط,വര/കൈയക്ഷരം,,,false,,false
Mistake/Error,خَطَأ,خطا,തെറ്റ്/പിഴവ്,,,false,,false
Tent,خَيْمَة,خيمة,കൂടാരം,,,false,,false
Thread,خَيْط,خيط,നൂൽ,,,false,,false
Imagination/Fantasy,خَيَال,خيال,ഭാവന/സ്വപ്നം,,,false,,false
Vinegar,خَلّ,خل,വിനാഗിരി,,,false,,false
Sheep/Lamb,خَرُوف,خروف,ആട്/കുഞ്ഞാട്,,,false,,false
Map,خَرِيطَة,خريطة,മാപ്പ്/ഭൂപടം,,,false,,false
Cabinet/Cupboard,خِزَانَة,خزانة,അലമാര/കാബിനറ്റ്,,,false,,false
Storage/Treasury,خَزْنَة,خزنة,ശേഖരം/ഖജനാവ്,,,false,,false
Plan/Scheme,خُطَّة,خطة,പദ്ധതി,,,false,,false
Ending/Conclusion,خِتَام,ختام,അവസാനം,,,false,,false
Creation/Creatures,خَلْق,خلق,സൃഷ്ടി/സൃഷ്ടികൾ,,,false,,false
Morality/Character,خُلُق,خلق,സ്വഭാവം/ധാർമ്മികത,,,false,,false
Experience/Expertise,خِبْرَة,خبرة,അനുഭവം/വൈദഗ്ദ്ധ്യം,,,false,,false
Fear/Awe,خَشْيَة,خشية,ഭയം/ഭക്തി,,,false,,false
Vegetables,خُضْرَاوَات,خضراوات,പച്ചക്കറികൾ,,,false,,false
Reservoir/Tank,خَزَّان,خزان,ടാങ്ക്/സംഭരണി,,,false,,false
A defect/Flaw,خَلَل,خلل,ഒരു കുറവ്/തകരാറ്,,,false,,false
Shadow,ظِلّ,ظل,നിഴൽ,,,false,,false
Choice,اِخْتِيَار,اختيار,തിരഞ്ഞെടുപ്പ്,,,false,,false
Future,مُسْتَقْبَل,مستقبل,ഭാവി,,,false,,false
Servant/Helper,خَادِم,خادم,സേവകൻ/സഹായി,,,false,,false
Opponent/Adversary,خَصْم,خصم,എതിരാളി,,,false,,false
Loss,خَسَارَة,خسارة,നഷ്ടം,,,false,,false
A step,خُطْوَة,خطوة,ഒരു ചുവട്,,,false,,false
Tailor,خَيَّاط,خياط,തയ്യൽക്കാരൻ,,,false,,false
A special quality,خَاصِّيَّة,خاصية,ഒരു പ്രത്യേകത,,,false,,false
Mortar,خَامَة,خامة,കുമ്മായം/ചെളി,,,false,,false
Subordination/Submission,خُضُوع,خضوع,വിധേയത്വം,,,false,,false
A voice,صَوْت,صوت,ഒരു ശബ്ദം,,,false,,false
A mixture,خَلْطَة,خلطة,ഒരു കൂട്ട്,,,false,,false
Friend,خَلِيل,خليل,സുഹൃത്ത്,,,false,,false
Exited/Went out,خَرَجَ,خرج,പുറത്തുപോയി,,,false,,false
Took,أَخَذَ,اخذ,എടുത്തു,,,false,,false
Created,خَلَقَ,خلق,സൃഷ്ടിച്ചു,,,false,,false
Feared,خَافَ,خاف,ഭയപ്പെട്ടു,,,false,,false
Entered,دَخَلَ,دخل,പ്രവേശിച്ചു,,,false,,false
Hid,اِخْتَفَى,اختفي,ഒളിച്ചു,,,false,,false
Mixed/Blended,خَلَطَ,خلط,കലർത്തി,,,false,,false
Differed/Disagreed,اِخْتَلَفَ,اختلف,വ്യത്യസ്തമായി/വിയോജിച്ചു,,,false,,false
Knew/Experienced,خَبَرَ,خبر,അറിഞ്ഞു/പരിചയപ്പെട്ടു,,,false,,false
Betrayed,خَانَ,خان,ചതിച്ചു,,,false,,false
Finished/Concluded,خَتَمَ,ختم,പൂർത്തിയാക്കി/അവസാനിപ്പിച്ചു,,,false,,false
Imagined,تَخَيَّلَ,تخيل,ഭാവന ചെയ്തു,,,false,,false
Wasted/Lost,خَسِرَ,خسر,നഷ്ടപ്പെടുത്തി,,,false,,false
Drew a line,خَطَّ,خط,വരച്ചു,,,false,,false
Chopped/Cut,خَطَبَ,خطب,അരിഞ്ഞു/വെട്ടി,,,false,,false
Planed/Scheduled,خَطَّطَ,خطط,പദ്ധതിയിട്ടു,,,false,,false
Submitted/Yielded,خَضَعَ,خضع,വിധേയപ്പെട്ടു,,,false,,false
Felt embarrassed,خَجِلَ,خجل,നാണിച്ചു,,,false,,false
Broke,كَسَرَ,كسر,പൊട്ടിച്ചു,,,false,,false
Emptied/Evacuated,أَخْلَى,اخلي,ഒഴിച്ചു/ഒഴിപ്പിച്ചു,,,false,,false
Saved,أَنْقَذَ,انقذ,രക്ഷിച്ചു,,,false,,false
Was afraid,خَشِيَ,خشي,ഭയപ്പെട്ടു,,,false,,false
Removed/Took off,خَلَعَ,خلع,നീക്കം ചെയ്തു/ഊരി,,,false,,false
Prepared/Baked (bread),خَبَزَ,خبز,തയ്യാറാക്കി/ചുട്ടു,,,false,,false
Took a step,خَطَا,خطا,ഒരു ചുവടുവെച്ചു,,,false,,false
Separated,فَصَلَ,فصل,വേർതിരിച്ചു,,,false,,false
Made a mistake,أَخْطَأَ,اخطا,തെറ്റ് ചെയ്തു,,,false,,false
Appeared,ظَهَرَ,ظهر,പ്രത്യക്ഷപ്പെട്ടു,,,false,,false
Treated,عَالَجَ,عالج,ചികിത്സിച്ചു,,,false,,false
Took out/Extracted,اِسْتَخْرَجَ,استخرج,പുറത്തെടുത്തു,,,false,,false
Got involved/Dived,خَاضَ,خاض,ഇടപെട്ടു,,,false,,false
Chosen/Selected,اِخْتَارَ,اختار,തിരഞ്ഞെടുത്തു,,,false,,false
Passed (time),مَضَى,مضي,കടന്നുപോയി,,,false,,false
Scratched,خَدَشَ,خدش,മാന്തി,,,false,,false
Deceived,خَدَعَ,خدع,വഞ്ചിച്ചു,,,false,,false
Made a hole,ثَقَبَ,ثقب,ദ്വാരമുണ്ടാക്കി,,,false,,false
Died,مَاتَ,مات,മരിച്ചു,,,false,,false
Made humble,أَخْضَعَ,اخضع,വിനയപ്പെടുത്തി,,,false,,false
Finished,أَنْهَى,انهي,പൂർത്തിയാക്കി,,,false,,false
Left behind,خَلَّفَ,خلف,പിന്നിലാക്കി,,,false,,false
Made a servant,اِتَّخَذَ,اتخذ,സേവകനാക്കി,,,false,,false
Failed/Disappointed,أَخَابَ,اخاب,പരാജയപ്പെടുത്തി,,,false,,false
Was green/Fresh,اِخْضَرَّ,اخضر,പച്ചയായി/പുതിയതായി,,,false,,false
Made a plan,خَطَّطَ,خطط,പദ്ധതി തയ്യാറാക്കി,,,false,,false
Became an expert,تَخَبَّرَ,تخبر,വിദഗ്ദ്ധനായി,,,false,,false
Left (property),خَلَفَ,خلف,സ്വത്ത് ഉപേക്ഷിച്ചു,,,false,,false
Mixed (with others),اِخْتَلَطَ,اختلط,ഇടപഴകി,,,false,,false
Spoke,تَكَلَّمَ,تكلم,സംസാരിച്ചു,,,false,,false
House,دَار,دار,വീട്,,,false,,false
Lesson/Study,دَرْس,درس,പാഠം/പഠനം,,,false,,false
World,دُنْيَا,دنيا,ലോകം,,,false,,false
Country/State,دَوْلَة,دولة,രാജ്യം/സംസ്ഥാനം,,,false,,false
Religion/Debt,دِين,دين,മതം/കടം,,,false,,false
Doctor,دُكْتُور,دكتور,ഡോക്ടർ,,,false,,false
Circle,دَائِرَة,دايرة,വൃത്തം,,,false,,false
Chicken,دَجَاجَة,دجاجة,കോഴി,,,false,,false
Dust,دُخَان,دخان,പൊടി,,,false,,false
Entrance/Access,دُخُول,دخول,പ്രവേശനം,,,false,,false
Shop/Store,دُكَّان,دكان,കട/സ്റ്റോർ,,,false,,false
Evidence/Proof,دَلِيل,دليل,തെളിവ്,,,false,,false
Rotation/Turn,دَوْر,دور,കറക്കം/ഊഴം,,,false,,false
Inviter/Caller,دَاعِيَة,داعية,ക്ഷണിക്കുന്നവൻ,,,false,,false
Doubt/Suspicion,شَكّ,شك,സംശയം,,,false,,false
Memory,ذَاكِرَة,ذاكرة,ഓർമ്മ,,,false,,false
Office/Bureau,دِيْوَان,ديوان,ഓഫീസ്,,,false,,false
Lantern/Lamp,دَلْو,دلو,വിളക്ക്,,,false,,false
Tool/Instrument,أَدَاة,اداة,ഉപകരണം,,,false,,false
Studies,دِرَاسَات,دراسات,പഠനങ്ങൾ,,,false,,false
Support,دَعْم,دعم,പിന്തുണ,,,false,,false
Defense,دِفَاع,دفاع,പ്രതിരോധം,,,false,,false
Degree/Grade,دَرَجَة,درجة,ബിരുദം/ഗ്രേഡ്,,,false,,false
Drug/Medicine,دَوَاء,دواء,മരുന്ന്,,,false,,false
Lesson/Chapter,فَصْل,فصل,അദ്ധ്യായം,,,false,,false
A river,نَهْر,نهر,ഒരു നദി,,,false,,false
Penetration/Entry,دُخُول,دخول,തുളച്ചുകയറ്റം,,,false,,false
Demonstration/Display,عَرْض,عرض,പ്രദർശനം,,,false,,false
Booklet/Manual,كِتَاب,كتاب,പുസ്തകം,,,false,,false
Whispering,هَمْس,همس,രഹസ്യം പറയൽ,,,false,,false
Diary,مُذَكِّرَة,مذكرة,ഡയറി,,,false,,false
A wound,جُرْح,جرح,ഒരു മുറിവ്,,,false,,false
A prayer,دُعَاء,دعاء,ഒരു പ്രാർത്ഥന,,,false,,false
Debt,دَيْن,دين,കടം,,,false,,false
Evidence,دَلِيل,دليل,സാക്ഷ്യം,,,false,,false
A cycle,دَوْرَة,دورة,ഒരു ചക്രം,,,false,,false
Precision/Accuracy,دِقَّة,دقة,കൃത്യത,,,false,,false
A fly,ذُبَابَة,ذبابة,ഒരു ഈച്ച,,,false,,false
A rooster,دِيك,ديك,ഒരു പൂവൻകോഴി,,,false,,false
An era,دَهْر,دهر,ഒരു യുഗം,,,false,,false
Turn/Role,دَوْر,دور,പങ്ക്,,,false,,false
An inkwell,مِحْبَرَة,محبرة,ഒരു മഷിക്കുപ്പി,,,false,,false
A cloud,سَحَابَة,سحابة,ഒരു മേഘം,,,false,,false
A friend,صَدِيق,صديق,ഒരു സുഹൃത്ത്,,,false,,false
Entrance,مَدْخَل,مدخل,പ്രവേശന കവാടം,,,false,,false
A bell,جَرَس,جرس,ഒരു മണി,,,false,,false
Called/Prayed,دَعَا,دعا,വിളിച്ചു/പ്രാർത്ഥിച്ചു,,,false,,false
Paid (a debt),دَفَعَ,دفع,കടം വീട്ടി,,,false,,false
Studied,دَرَسَ,درس,പഠിച്ചു,,,false,,false
Turned/Rotated,دَارَ,دار,കറങ്ങി/തിരിഞ്ഞു,,,false,,false
Protected/Defended,دَافَعَ,دافع,പ്രതിരോധിച്ചു,,,false,,false
Directed/Indicated,دَلَّ,دل,സൂചിപ്പിച്ചു/വഴികാട്ടി,,,false,,false
Trampled/Crushed,دَاسَ,داس,ചവിട്ടി,,,false,,false
Managed/Administered,أَدَارَ,ادار,ഭരിച്ചു/നിയന്ത്രിച്ചു,,,false,,false
Destroyed/Ruined,دَمَّرَ,دمر,നശിപ്പിച്ചു,,,false,,false
Trained,دَرَّبَ,درب,പരിശീലിപ്പിച്ചു,,,false,,false
Began,بَدَأَ,بدا,തുടങ്ങി,,,false,,false
Drew/Attracted,جَذَبَ,جذب,ആകർഷിച്ചു,,,false,,false
Tested/Examined,اِمْتَحَنَ,امتحن,പരീക്ഷിച്ചു,,,false,,false
Invited,دَعَا,دعا,ക്ഷണിച്ചു,,,false,,false
Entered (fully),أَدْخَلَ,ادخل,മുഴുവനായി പ്രവേശിച്ചു,,,false,,false
Arranged/Planned,دَبَّرَ,دبر,ക്രമീകരിച്ചു/ആസൂത്രണം ചെയ്തു,,,false,,false
Became dizzy,دَاخَ,داخ,തല കറങ്ങി,,,false,,false
Recorded/Wrote down,دَوَّنَ,دون,രേഖപ്പെടുത്തി,,,false,,false
Paid,دَفَعَ,دفع,കൊടുത്തു,,,false,,false
Joined/Merged,اِنْدَمَجَ,اندمج,ചേർന്നു,,,false,,false
Approached/Drew near,دَنَا,دنا,അടുത്തു,,,false,,false
Rolled/Tumbled,دَحْرَجَ,دحرج,ഉരുണ്ടു,,,false,,false
Supported,دَعَمَ,دعم,പിന്തുണച്ചു,,,false,,false
Was exact/Accurate,دَقَّ,دق,കൃത്യമായി,,,false,,false
Moved (slowly),دَبَّ,دب,ഇഴഞ്ഞു,,,false,,false
Wound (thread/cloth),دَفَّ,دف,ചുറ്റി,,,false,,false
Was corrupt,دَسَّ,دس,ദുഷിച്ചു,,,false,,false
Managed/Planned,دَبَّرَ,دبر,ആസൂത്രണം ചെയ്തു,,,false,,false
Got fat,سَمِنَ,سمن,തടിച്ചു,,,false,,false
Got old,شَاخَ,شاخ,പ്രായമായി,,,false,,false
Emitted (smoke),أَدْخَنَ,ادخن,പുറപ്പെടുവിച്ചു,,,false,,false
Harmed,ضَرَّ,ضر,ദ്രോഹിച്ചു,,,false,,false
Perished,بَادَ,باد,നശിച്ചു,,,false,,false
Stabbed,طَعَنَ,طعن,കുത്തി,,,false,,false
Contaminated/Soiled,دَنَّسَ,دنس,മലിനമാക്കി,,,false,,false
Arranged (rows),دَبَّ,دب,നിരത്തി,,,false,,false
Rotated (repeatedly),دَاوَمَ,داوم,ആവർത്തിച്ചു കറങ്ങി,,,false,,false
Was bloodied,دَمِيَ,دمي,രക്തം പുരണ്ടു,,,false,,false
Was accurate,دَقَّ,دق,കൃത്യമായി,,,false,,false
Invoked/Implored,اِسْتَدْعَى,استدعي,അഭ്യർത്ഥിച്ചു,,,false,,false
Was destroyed,تَدَمَّرَ,تدمر,നശിപ്പിക്കപ്പെട്ടു,,,false,,false
Was paid,اِنْدَفَعَ,اندفع,അടയ്ക്കപ്പെട്ടു,,,false,,false
Was supported,اُسْتُدْعِيَ,استدعي,പിന്തുണ ലഭിച്ചു,,,false,,false
Was rolled,تَدَحْرَجَ,تدحرج,ഉരുളപ്പെട്ടു,,,false,,false
Made round,دَوَّرَ,دور,വട്ടത്തിലാക്കി,,,false,,false
Warmed,دَفَّأَ,دفا,ചൂടാക്കി,,,false,,false
Gold,ذَهَب,ذهب,സ്വർണ്ണം,,,false,,false
Wolf,ذِئْب,ذيب,ചെന്നായ,,,false,,false
Corn/Maize,ذُرَة,ذرة,ചോളം,,,false,,false
Tail,ذَيْل,ذيل,വാൽ,,,false,,false
Peak/Summit,ذِرْوَة,ذروة,ശിഖരം/ഉച്ചകോടി,,,false,,false
Sins/Faults,ذُنُوب,ذنوب,പാപങ്ങൾ,,,false,,false
Intelligence,ذَكَاء,ذكاء,ബുദ്ധി,,,false,,false
Remembrance/Mention,ذِكْر,ذكر,സ്മരണ/പറയൽ,,,false,,false
The Arm/Forearm,ذِرَاع,ذراع,കൈമുട്ട്,,,false,,false
Taste/Flavor,ذَوْق,ذوق,രുചി,,,false,,false
Good taste/Sense,ذَوْق,ذوق,വിവേകം/നല്ല ശീലം,,,false,,false
Offspring/Progeny,ذُرِّيَّة,ذرية,സന്തതി,,,false,,false
Atom/Particle,ذَرَّة,ذرة,അണു,,,false,,false
Fading/Wither,ذَبْل,ذبل,വാട്ടം,,,false,,false
Humiliation/Disgrace,ذِلَّة,ذلة,അവമാനം,,,false,,false
Sense of taste,ذَائِقَة,ذايقة,രസജ്ഞാനം,,,false,,false
A Spark/Glow,ذَبْلَة,ذبلة,ഒരു തീപ്പൊരി/തിളക്കം,,,false,,false
Memories,ذِكْرَيَات,ذكريات,ഓർമ്മകൾ,,,false,,false
A Sin,ذَنْب,ذنب,ഒരു പാപം,,,false,,false
A Male/Masculine,ذَكَر,ذكر,പുരുഷൻ,,,false,,false
Melting/Thawing,ذَوَبَان,ذوبان,ഉരുകൽ,,,false,,false
An Excuse,ذَرِيعَة,ذريعة,ഒരു ഒഴികഴിവ്,,,false,,false
Sacrifice/A slaughtered animal,ذَبِيحَة,ذبيحة,ബലി/അറുത്ത മൃഗം,,,false,,false
Wilting,ذُبُول,ذبول,വാടിപ്പോകൽ,,,false,,false
AI,ذَكَاء اِصْطِنَاعِي,ذكاء اصطناعي,കൃത്രിമ ബുദ്ധി,,,true,,false
Wolves,ذِئَاب,ذياب,ചെന്നായകൾ,,,false,,false
Public taste,ذَوْق عَامّ,ذوق عام,പൊതു അഭിരുചി,,,true,,false
Right arm,ذِرَاع أَيْمَن,ذراع ايمن,വലത് കൈ,,,true,,false
Anniversary/Memory,ذِكْرَى,ذكري,വാർഷികം/ഓർമ്മ,,,false,,false
The Melting,إِذَابَة,اذابة,ദ്രവിക്കൽ,,,false,,false
The Honing/Sharpening,تَذْكِيَة,تذكية,കൂർപ്പിക്കൽ,,,false,,false
Ponytail,ذَيْل الْحِصَان,ذيل الحصان,പോണിടെയിൽ,,,true,,false
Lupus,ذِئْبَة,ذيبة,ചർമ്മരോഗം,,,false,,false
Ants/Dust,ذَرّ,ذر,ഉറുമ്പുകൾ/പൊടി,,,false,,false
The Male,ذَكَر,ذكر,ആൺ,,,false,,false
The Female,أُنْثَى,انثي,പെൺ,,,false,,false
Tastefulness,ذَوْقِيَّة,ذوقية,രസകരമായത്,,,false,,false
Vibration/Oscillation,ذَبْذَبَة,ذبذبة,ചലനം/കമ്പനം,,,false,,false
Natural intelligence,ذَكَاء طَبِيعِيّ,ذكاء طبيعي,സ്വാഭാവിക ബുദ്ധി,,,true,,false
The Golden,ذَهَبِيّ,ذهبي,സ്വർണ്ണ നിറം,,,false,,false
Remembrance/Reminder,تَذْكِرَة,تذكرة,ഓർമ്മപ്പെടുത്തൽ,,,false,,false
Sacrifice,تَضْحِيَة,تضحية,ബലിയർപ്പണം,,,false,,false
Defense/Protection,ذَبّ,ذب,പ്രതിരോധം,,,false,,false
Sharp intelligence,ذَكَاء حَادّ,ذكاء حاد,തീക്ഷണമായ ബുദ്ധി,,,true,,false
Annual memory,ذِكْرَى سَنَوِيَّة,ذكري سنوية,വാർഷിക ഓർമ്മ,,,true,,false
Long tail,ذَيْل طَوِيل,ذيل طويل,നീണ്ട വാൽ,,,true,,false
Flies,ذُبَاب,ذباب,ഈച്ചകൾ,,,false,,false
The Forearms,أَذْرُع,اذرع,കൈമുട്ടുകൾ,,,false,,false
Went,ذَهَبَ,ذهب,പോയി,,,false,,false
Mentioned/Remembered,ذَكَرَ,ذكر,പറഞ്ഞു/ഓർത്തു,,,false,,false
Melted,ذَابَ,ذاب,ഉരുകി,,,false,,false
Slaughtered,ذَبَحَ,ذبح,അറുത്തു,,,false,,false
Tasted,ذَاقَ,ذاق,രുചിച്ചു,,,false,,false
Faded/Withered,ذَبَلَ,ذبل,വാടി,,,false,,false
Humiliated,أَذَلَّ,اذل,അവഹേളിച്ചു,,,false,,false
Reminded,ذَكَّرَ,ذكر,ഓർമ്മിപ്പിച്ചു,,,false,,false
Humiliated,ذَلَّلَ,ذلل,അപമാനിച്ചു,,,false,,false
Melted/Dissolved,أَذَابَ,اذاب,ഉരുക്കി/ലയിപ്പിച്ചു,,,false,,false
Sacrificed,ذَبَحَ,ذبح,ബലിയർപ്പിച്ചു,,,false,,false
Went away,ذَهَبَ,ذهب,അകന്നുപോയി,,,false,,false
Was mentioned,ذُكِرَ,ذكر,പറയപ്പെട്ടു,,,false,,false
Remained/Lasted,دَامَ,دام,അവശേഷിച്ചു,,,false,,false
Defended,ذَبَّ,ذب,പ്രതിരോധിച്ചു,,,false,,false
Melted away,ذَابَ,ذاب,ഉരുകിപ്പോയി,,,false,,false
Was slaughtered,ذُبِحَ,ذبح,അറുക്കപ്പെട്ടു,,,false,,false
Tasted (a lot),تَذَوَّقَ,تذوق,കൂടുതൽ രുചിച്ചു,,,false,,false
Got smart/Intelligent,ذَكَا,ذكا,ബുദ്ധി നേടി,,,false,,false
Became humble,تَذَلَّلَ,تذلل,വിനയമുള്ളവനായി,,,false,,false
Humbled,أَذَلَّ,اذل,വിനയപ്പെടുത്തി,,,false,,false
Melted (something),ذَوَّبَ,ذوب,എന്തെങ്കിലും ഉരുക്കി,,,false,,false
Remembered,تَذَكَّرَ,تذكر,ഓർമ്മിച്ചു,,,false,,false
Withered away,تَذَبَّلَ,تذبل,വാടിപ്പോയി,,,false,,false
Was humbled,اِذَّلَّ,اذل,വിനയമുള്ളവനായിത്തീർന്നു,,,false,,false
Made a memory,أَذْكَرَ,اذكر,ഓർമ്മയുണ്ടാക്കി,,,false,,false
Was melted,اِنْذَابَ,انذاب,ഉരുകിപ്പോയിരുന്നു,,,false,,false
Slaughtered (many),ذَبَّحَ,ذبح,ധാരാളം അറുത്തു,,,false,,false
Was tasted,ذِيقَ,ذيق,രുചിക്കപ്പെട്ടു,,,false,,false
Wished/Longed,تَمَنَّى,تمني,ആഗ്രഹിച്ചു,,,false,,false
Reached the peak,ذَرَا,ذرا,ഉച്ചകോടിയിലെത്തി,,,false,,false
Traveled to/through,سَافَرَ,سافر,സഞ്ചരിച്ചു,,,false,,false
Reached,وَصَلَ,وصل,എത്തിച്ചേർന്നു,,,false,,false
Was intelligent,ذَكِيَ,ذكي,ബുദ്ധിമാനായി,,,false,,false
Wandered,جَالَ,جال,അലഞ്ഞു,,,false,,false
Was removed,أُزِيلَ,ازيل,നീക്കം ചെയ്യപ്പെട്ടു,,,false,,false
Was surprised,دَهِشَ,دهش,അത്ഭുതപ്പെട്ടു,,,false,,false
Felt humiliated,تَذَلَّلَ,تذلل,അവമാനം തോന്നി,,,false,,false
Got used to,اِعْتَادَ,اعتاد,ശീലിച്ചു,,,false,,false
Was forgiven,غُفِرَ,غفر,ക്ഷമിക്കപ്പെട്ടു,,,false,,false
Finished/Ended,أَنْهَى,انهي,അവസാനിപ്പിച്ചു,,,false,,false
Was satisfied,رَضِيَ,رضي,തൃപ്തനായി,,,false,,false
Was patient,صَبَرَ,صبر,ക്ഷമിച്ചു,,,false,,false
Traveled,رَحَلَ,رحل,യാത്ര ചെയ്തു,,,false,,false
Was sacrificed,قُدِّمَ,قدم,ബലിയർപ്പിക്കപ്പെട്ടു,,,false,,false
Made humble,أَذْعَنَ,اذعن,വിനയപ്പെടുത്തി,,,false,,false
Tasted/Experienced,خَبِرَ,خبر,അനുഭവിച്ചു,,,false,,false
Was purified,طَهُرَ,طهر,ശുദ്ധീകരിക്കപ്പെട്ടു,,,false,,false
Man/Person,رَجُل,رجل,പുരുഷൻ/ആൾ,,,false,,false
Lord/God,رَبّ,رب,നാഥൻ/ദൈവം,,,false,,false
Message/Letter,رِسَالَة,رسالة,സന്ദേശം/കത്ത്,,,false,,false
Wind/Spirit,رِيح,ريح,കാറ്റ്/ആത്മാവ്,,,false,,false
Ruler/President,رَئِيس,رييس,ഭരണാധികാരി/പ്രസിഡന്റ്,,,false,,false
Opinion/View,رَأْي,راي,അഭിപ്രായം/കാഴ്ചപ്പാട്,,,false,,false
Mercy/Compassion,رَحْمَة,رحمة,കാരുണ്യം,,,false,,false
Earth/Soil,أَرْض,ارض,ഭൂമി/മണ്ണ്,,,false,,false
Dream,رُؤْيَا,رويا,സ്വപ്നം,,,false,,false
Number,رَقَم,رقم,സംഖ്യ,,,false,,false
Neck,رَقَبَة,رقبة,കഴുത്ത്,,,false,,false
Leg/Foot,رِجْل,رجل,കാൽ,,,false,,false
Hope/Expectation,رَجَاء,رجاء,പ്രതീക്ഷ/ആഗ്രഹം,,,false,,false
Permission,إِذْن,اذن,അനുവാദം,,,false,,false
Money/Cash,مَال,مال,പണം,,,false,,false
Sand,رَمْل,رمل,മണൽ,,,false,,false
Ramadan,رَمَضَان,رمضان,റമദാൻ,,,false,,false
Knowledge,مَعْرِفَة,معرفة,അറിവ്,,,false,,false
Symbol/Code,رَمْز,رمز,ചിഹ്നം/കോഡ്,,,false,,false
Drawing/Picture,رَسْم,رسم,ചിത്രം,,,false,,false
A Prophet/Messenger,رَسُول,رسول,ദൂതൻ,,,false,,false
Pillar/Corner,رُكْن,ركن,തൂൺ/കോൺ,,,false,,false
Journey/Trip,رِحْلَة,رحلة,യാത്ര,,,false,,false
Happiness,فَرَح,فرح,സന്തോഷം,,,false,,false
Robe/Dress,رِدَاء,رداء,വസ്ത്രം,,,false,,false
Spiritual power,رُوحَانِيَّة,روحانية,ആത്മീയ ശക്തി,,,false,,false
Art/Skill,فَنّ,فن,കല/നൈപുണ്യം,,,false,,false
Friend,صَدِيق,صديق,സുഹൃത്ത്,,,false,,false
Ranks/Rows,رُتْبَة,رتبة,അറകൾ/നിരകൾ,,,false,,false
Sensation/Feeling,شُعُور,شعور,അനുഭവം,,,false,,false
Spring (season),رَبِيع,ربيع,വസന്തകാലം,,,false,,false
Terror/Fear,رُعْب,رعب,ഭയം,,,false,,false
Livelihood/Sustenance,رِزْق,رزق,ജീവിതമാർഗ്ഗം,,,false,,false
Throne/Chair,كُرْسِيّ,كرسي,സിംഹാസനം/കസേര,,,false,,false
The soul/Spirit,رُوح,روح,ആത്മാവ്,,,false,,false
Shame/Disgrace,عَار,عار,നാണക്കേട്,,,false,,false
Exercise/Sport,رِيَاضَة,رياضة,വ്യായാമം,,,false,,false
Comfort/Rest,رَاحَة,راحة,വിശ്രമം,,,false,,false
A garden,حَدِيقَة,حديقة,ഒരു പൂന്തോട്ടം,,,false,,false
A deposit/Pledge,رَهْن,رهن,ഒരു പണയം,,,false,,false
Cement/Mortar,إِسْمَنْت,اسمنت,സിമന്റ്,,,false,,false
Precision,دِقَّة,دقة,കൃത്യത,,,false,,false
Regime/System,نِظَام,نظام,ഭരണകൂടം/സംവിധാനം,,,false,,false
A symbol,رَمْز,رمز,ഒരു പ്രതീകം,,,false,,false
A corner,رُكْن,ركن,ഒരു കോൺ,,,false,,false
Vision,رُؤْيَة,روية,കാഴ്ച,,,false,,false
Saw,رَأَى,راي,കണ്ടു,,,false,,false
Returned,رَجَعَ,رجع,തിരിച്ചുവന്നു,,,false,,false
Wished/Hoped,رَجَا,رجا,ആഗ്രഹിച്ചു/പ്രതീക്ഷിച്ചു,,,false,,false
Rejected,رَفَضَ,رفض,നിഷേധിച്ചു/തള്ളിക്കളഞ്ഞു,,,false,,false
Raised/Lifted,رَفَعَ,رفع,ഉയർത്തി,,,false,,false
Drew/Painted,رَسَمَ,رسم,വരച്ചു,,,false,,false
Sent/Dispatched,أَرْسَلَ,ارسل,അയച്ചു,,,false,,false
Agreed,رَضِيَ,رضي,സമ്മതിച്ചു,,,false,,false
Lived/Subsisted,عَاشَ,عاش,ജീവിച്ചു,,,false,,false
Was easy,سَهُلَ,سهل,എളുപ്പമായിരുന്നു,,,false,,false
Arranged/Ordered,رَتَّبَ,رتب,ക്രമീകരിച്ചു,,,false,,false
Inherited,وَرِثَ,ورث,അവകാശം നേടി,,,false,,false
Rested/Was comfortable,اِسْتَرَاحَ,استراح,വിശ്രമിച്ചു,,,false,,false
Rented,اِسْتَأْجَرَ,استاجر,വാടകയ്ക്ക് എടുത്തു,,,false,,false
Waged war,حَارَبَ,حارب,യുദ്ധം ചെയ്തു,,,false,,false
Rode,رَكِبَ,ركب,ഓടിച്ചു/സവാരി ചെയ്തു,,,false,,false
Kicked,رَكَلَ,ركل,ചവിട്ടി,,,false,,false
Bowed (in prayer),رَكَعَ,ركع,കുനിച്ചു/വണങ്ങി,,,false,,false
Shook/Trembled,اِرْتَجَفَ,ارتجف,കുലുങ്ങി,,,false,,false
Advanced/Progressed,تَقَدَّمَ,تقدم,പുരോഗമിച്ചു,,,false,,false
Was merciful,رَحِمَ,رحم,കരുണ കാണിച്ചു,,,false,,false
Observed/Monitored,رَاقَبَ,راقب,നിരീക്ഷിച്ചു,,,false,,false
Nourished/Sustained,رَزَقَ,رزق,ഭക്ഷണം നൽകി/പോറ്റുന്നു,,,false,,false
Was terrified,رَاعَ,راع,ഭയപ്പെട്ടു,,,false,,false
Managed/Supervised,أَدَارَ,ادار,നിയന്ത്രിച്ചു,,,false,,false
Took an oath,حَلَفَ,حلف,ശപഥം ചെയ്തു,,,false,,false
Invested,اِسْتَثْمَرَ,استثمر,നിക്ഷേപിച്ചു,,,false,,false
Was defeated,هُزِمَ,هزم,തോൽപ്പിക്കപ്പെട്ടു,,,false,,false
Was calm/Stable,رَسَا,رسا,ശാന്തമായി/സ്ഥിരമായിരുന്നു,,,false,,false
Passed (by),مَرَّ,مر,കടന്നുപോയി,,,false,,false
Planted,زَرَعَ,زرع,നട്ടു,,,false,,false
Increased,زَادَ,زاد,വർദ്ധിപ്പിച്ചു,,,false,,false
Pasted/Attached,رَبَطَ,ربط,ഒട്ടിച്ചു/ചേർത്തു,,,false,,false
Was associated with,اِرْتَبَطَ,ارتبط,ബന്ധപ്പെട്ടു,,,false,,false
Followed,تَبِعَ,تبع,പിന്തുടർന്നു,,,false,,false
Shouted,صَرَخَ,صرخ,അലറി,,,false,,false
Got up,قَامَ,قام,എഴുന്നേറ്റു,,,false,,false
Told/Narrated,رَوَى,روي,പറഞ്ഞു/വിവരിച്ചു,,,false,,false
Made a promise,وَعَدَ,وعد,വാഗ്ദാനം ചെയ്തു,,,false,,false
Was delighted,فَرِحَ,فرح,സന്തോഷിച്ചു,,,false,,false
Made soft/Lenient,رَقَّ,رق,മൃദുവായി,,,false,,false
Became slender,رَقَّ,رق,മെലിഞ്ഞു,,,false,,false
Wished for,تَمَنَّى,تمني,ആശംസിച്ചു,,,false,,false
Doubted,شَكَّ,شك,സംശയിച്ചു,,,false,,false
Accepted (a challenge),تَقَبَّلَ,تقبل,ഏറ്റെടുത്തു,,,false,,false
Tended (to animals),رَعَى,رعي,പരിപാലിച്ചു,,,false,,false
Sewed,خَاطَ,خاط,തുന്നി,,,false,,false
Reached,وَصَلَ,وصل,എത്തി,,,false,,false
Flower,زَهْرَة,زهرة,പൂവ്,,,false,,false
Wife/Spouse,زَوْجَة,زوجة,ഭാര്യ/ഇണ,,,false,,false
Husband/Spouse,زَوْج,زوج,ഭർത്താവ്/ഇണ,,,false,,false
Corner/Angle,زَاوِيَة,زاوية,കോൺ/മൂല,,,false,,false
Earthquake,زِلْزَال,زلزال,ഭൂകമ്പം,,,false,,false
Time/Period,زَمَن,زمن,സമയം/കാലഘട്ടം,,,false,,false
Poverty,فَقْر,فقر,ദാരിദ്ര്യം,,,false,,false
Decoration/Ornament,زِينَة,زينة,അലങ്കാരം,,,false,,false
Visitor,زَائِر,زاير,സന്ദർശകൻ,,,false,,false
Glass,زُجَاج,زجاج,ഗ്ലാസ്,,,false,,false
Agriculture/Farming,زِرَاعَة,زراعة,കൃഷി,,,false,,false
Zone/Region,مِنْطَقَة,منطقة,മേഖല,,,false,,false
Zero,صِفْر,صفر,പൂജ്യം,,,false,,false
Wedding/Marriage,زَوَاج,زواج,വിവാഹം,,,false,,false
Pillar/Support,دِعَامَة,دعامة,തൂൺ/താങ്ങ്,,,false,,false
A fault/Defect,عَيْب,عيب,ഒരു തകരാറ്,,,false,,false
Cumin,كَمُّون,كمون,ജീരകം,,,false,,false
Bell/Gong,جَرَس,جرس,മണി,,,false,,false
Crowd/Traffic,اِزْدِحَام,ازدحام,ജനത്തിരക്ക്,,,false,,false
Trip/Visit,زِيَارَة,زيارة,സന്ദർശനം,,,false,,false
A corner,رُكْن,ركن,ഒരു മൂല,,,false,,false
Boat/Ship,قَارِب,قارب,ബോട്ട്/കപ്പൽ,,,false,,false
Zoom/Enlargement,تَكْبِير,تكبير,വലുതാക്കൽ,,,false,,false
A field,حَقْل,حقل,ഒരു വയൽ,,,false,,false
A storm,عَاصِفَة,عاصفة,ഒരു കൊടുങ്കാറ്റ്,,,false,,false
Luxury/Comfort,رَفَاهِيَة,رفاهية,ആഢംബരം,,,false,,false
Excess/Increase,زِيَادَة,زيادة,അതികം/വർദ്ധനവ്,,,false,,false
A button,زِرّ,زر,ഒരു ബട്ടൺ,,,false,,false
A path/Way,طَرِيق,طريق,ഒരു വഴി,,,false,,false
An edge,حَافَّة,حافة,ഒരു അറ്റം,,,false,,false
A tremor,رِعْشَة,رعشة,ഒരു വിറയൽ,,,false,,false
A mixture,خَلِيط,خليط,ഒരു മിശ്രിതം,,,false,,false
Small pieces,شَظَايَا,شظايا,ചെറിയ കഷണങ്ങൾ,,,false,,false
An era,عَصْر,عصر,ഒരു കാലഘട്ടം,,,false,,false
Flowers,زُهُور,زهور,പൂക്കൾ,,,false,,false
Olives,زَيْتُون,زيتون,ഒലിവുകൾ,,,false,,false
Wives,زَوْجَات,زوجات,ഭാര്യമാർ,,,false,,false
Farming,زَرْع,زرع,കൃഷി,,,false,,false
Butter,سَمْن,سمن,നെയ്യ്,,,false,,false
A visit,زِيَارَة,زيارة,ഒരു യാത്ര,,,false,,false
An increase,إِزَادَة,ازادة,ഒരു അധികം,,,false,,false
The corner,زَاوِيَة,زاوية,മൂല,,,false,,false
The glass,زُجَاج,زجاج,ചില്ല്,,,false,,false
An ornament,زِينَة,زينة,ഒരു അലങ്കാരം,,,false,,false
A flower bed,مَزْرَعَة,مزرعة,ഒരു പൂന്തോട്ടം,,,false,,false
A pilgrim,حَاجّ,حاج,ഒരു തീർത്ഥാടകൻ,,,false,,false
Visited,زَارَ,زار,സന്ദർശിച്ചു,,,false,,false
Got married,تَزَوَّجَ,تزوج,വിവാഹം കഴിച്ചു,,,false,,false
Slipped/Stumbled,زَلَّ,زل,വഴുതി/ഇടറി,,,false,,false
Weighed,وَزَنَ,وزن,തൂക്കി,,,false,,false
Decorated/Adorned,زَيَّنَ,زين,അലങ്കരിച്ചു,,,false,,false
Was heavy,وَزَنَ,وزن,ഭാരമുള്ളതായിരുന്നു,,,false,,false
Crept/Crawled,زَحَفَ,زحف,ഇഴഞ്ഞു,,,false,,false
Shook/Trembled,اِرْتَعَشَ,ارتعش,കുലുങ്ങി,,,false,,false
Forced/Pushed,زَحَمَ,زحم,തള്ളി/നിർബന്ധിച്ചു,,,false,,false
Separated/Divided,فَصَلَ,فصل,വേർതിരിച്ചു,,,false,,false
Moved (slowly),اِنْزَلَقَ,انزلق,പതുക്കെ നീങ്ങി,,,false,,false
Spread/Expanded,اِنْتَشَرَ,انتشر,പരന്നു,,,false,,false
Made clear/Obvious,أَظْهَرَ,اظهر,വ്യക്തമാക്കി,,,false,,false
Was decorated,تَزَيَّنَ,تزين,അലങ്കരിക്കപ്പെട്ടു,,,false,,false
Visited (often),تَزَاوَرَ,تزاور,സന്ദർശിച്ചു,,,false,,false
Increased/Exceeded,اِزْدَادَ,ازداد,വർദ്ധിച്ചു,,,false,,false
Met (with),اِلْتَقَى,التقي,കണ്ടു,,,false,,false
Withered/Faded,ذَبَلَ,ذبل,വാടി,,,false,,false
Was equipped,تَجَهَّزَ,تجهز,സജ്ജനായി,,,false,,false
Was compressed,اِنْضَغَطَ,انضغط,ഞെരുങ്ങി,,,false,,false
Was abundant,كَثُرَ,كثر,ധാരാളമായിരുന്നു,,,false,,false
Moved aside,اِنْزَاحَ,انزاح,മാറിപ്പോയി,,,false,,false
Removed/Took away,أَزَالَ,ازال,നീക്കം ചെയ്തു,,,false,,false
Was crowded,اِزْدَحَمَ,ازدحم,തിരക്കായിരുന്നു,,,false,,false
Slid down,اِنْزَلَقَ,انزلق,താഴേക്ക് വഴുതി,,,false,,false
Was heavy/Weighed down,ثَقُلَ,ثقل,ഭാരം തോന്നി,,,false,,false
Trembled/Shook,اِهْتَزَّ,اهتز,വിറച്ചു,,,false,,false
Pushed/Forced,دَفَعَ,دفع,തള്ളി,,,false,,false
Was married,زُوِّجَ,زوج,വിവാഹിതനായി,,,false,,false
Provided with provisions,رَزَقَ,رزق,ഭക്ഷണം നൽകി,,,false,,false
Grew (plants),نَمَا,نما,വളർന്നു,,,false,,false
Adorned,زَانَ,زان,അണിയിച്ചു,,,false,,false
Made to slip,أَزَلَّ,ازل,വഴുതാൻ കാരണമായി,,,false,,false
Provided,وَفَّرَ,وفر,നൽകി,,,false,,false
Was shaken,زُلْزِلَ,زلزل,കുലുക്കപ്പെട്ടു,,,false,,false
Was compressed,اِنْكَمَشَ,انكمش,ചുരുങ്ങി,,,false,,false
Decorated/Embellished,زَخْرَفَ,زخرف,അലങ്കരിച്ചു,,,false,,false
Made a sound,أَصْدَرَ,اصدر,ശബ്ദമുണ്ടാക്കി,,,false,,false
Divided (a lot),جَزَّأَ,جزا,കൂടുതലായി വിഭജിച്ചു,,,false,,false
Was quick/Hasty,سَرُعَ,سرع,വേഗത്തിലായിരുന്നു,,,false,,false
Was clean,نَظُفَ,نظف,വൃത്തിയുള്ളതായിരുന്നു,,,false,,false
Sword,سَيْف,سيف,വാൾ,,,false,,false
Year,سَنَة,سنة,വർഷം,,,false,,false
Car,سَيَّارَة,سيارة,കാർ,,,false,,false
Question,سُؤَال,سوال,ചോദ്യം,,,false,,false
Price,سِعْر,سعر,വില,,,false,,false
Peace,سَلَام,سلام,സമാധാനം,,,false,,false
Hour/Time,سَاعَة,ساعة,സമയം/മണിക്കൂർ,,,false,,false
Market,سُوق,سوق,മാർക്കറ്റ്/ചന്ത,,,false,,false
Secret,سِرّ,سر,രഹസ്യം,,,false,,false
Speed,سُرْعَة,سرعة,വേഗത,,,false,,false
Chain,سِلْسِلَة,سلسلة,ചങ്ങല,,,false,,false
Basket,سَلَّة,سلة,കൂട്,,,false,,false
Bed/Couch,سَرِير,سرير,കിടക്ക/കട്ടിൽ,,,false,,false
Travel/Journey,سَفَر,سفر,യാത്ര,,,false,,false
Ship/Boat,سَفِينَة,سفينة,കപ്പൽ,,,false,,false
Ambassador,سَفِير,سفير,അംബാസഡർ,,,false,,false
Wall,جِدَار,جدار,ചുമർ,,,false,,false
Poison,سُمّ,سم,വിഷം,,,false,,false
Fish,سَمَك,سمك,മത്സ്യം,,,false,,false
Reputation,سُمْعَة,سمعة,കീർത്തി,,,false,,false
Habit/Custom,سُلُوك,سلوك,ശീലം/ആചാരം,,,false,,false
Silver,فِضَّة,فضة,വെള്ളി,,,false,,false
Ladder,سُلَّم,سلم,ഏണി,,,false,,false
Behavior,سُلُوك,سلوك,പെരുമാറ്റം,,,false,,false
Authority/Power,سُلْطَة,سلطة,അധികാരം,,,false,,false
History,تَارِيخ,تاريخ,ചരിത്രം,,,false,,false
Easy,سَهْل,سهل,എളുപ്പം,,,false,,false
Silence,صَمْت,صمت,മൗനം,,,false,,false
Anatomy/Body,جِسْم,جسم,ശരീരം,,,false,,false
Happiness,سَعَادَة,سعادة,സന്തോഷം,,,false,,false
A magician,سَاحِر,ساحر,ഒരു മന്ത്രവാദി,,,false,,false
A path,سَبِيل,سبيل,ഒരു വഴി,,,false,,false
The ear,أُذُن,اذن,ചെവി,,,false,,false
Cloud,سَحَاب,سحاب,മേഘം,,,false,,false
A curtain,سِتَار,ستار,ഒരു മൂടുപടം,,,false,,false
Magic/Witchcraft,سِحْر,سحر,മാന്ത്രികം,,,false,,false
An ambassador,سَفِير,سفير,ഒരു പ്രതിനിധി,,,false,,false
A question,سُؤَال,سوال,ഒരു അന്വേഷണം,,,false,,false
The level/Surface,سَطْح,سطح,നിരപ്പ്,,,false,,false
A line,صَفّ,صف,ഒരു നിര,,,false,,false
A rope,حَبْل,حبل,ഒരു കയർ,,,false,,false
The foundation,أَسَاس,اساس,അടിത്തറ,,,false,,false
The end,نِهَايَة,نهاية,അവസാനം,,,false,,false
A record,سِجِلّ,سجل,ഒരു രേഖ,,,false,,false
Asked,سَأَلَ,سال,ചോദിച്ചു,,,false,,false
Fell,سَقَطَ,سقط,വീണു,,,false,,false
Lived/Dwelt,سَكَنَ,سكن,താമസിച്ചു,,,false,,false
Remained silent,سَكَتَ,سكت,മൗനം പാലിച്ചു,,,false,,false
Ran,رَكَضَ,ركض,ഓടി,,,false,,false
Walked,سَارَ,سار,നടന്നു,,,false,,false
Stole,سَرَقَ,سرق,മോഷ്ടിച്ചു,,,false,,false
Was happy,سَعِدَ,سعد,സന്തോഷവാനായിരുന്നു,,,false,,false
Drew/Pulled,سَحَبَ,سحب,വലിച്ചു,,,false,,false
Helped,سَاعَدَ,ساعد,സഹായിച്ചു,,,false,,false
Allowed/Permitted,سَمَحَ,سمح,അനുവദിച്ചു,,,false,,false
Heard,سَمِعَ,سمع,കേട്ടു,,,false,,false
Named/Called,سَمَّى,سمي,പേരിട്ടു/വിളിച്ചു,,,false,,false
Became easy,سَهُلَ,سهل,എളുപ്പമായി,,,false,,false
Registered/Recorded,سَجَّلَ,سجل,രേഖപ്പെടുത്തി,,,false,,false
Prostrated,سَجَدَ,سجد,സാഷ്ടാംഗം ചെയ്തു,,,false,,false
Controlled/Dominated,سَيْطَرَ,سيطر,നിയന്ത്രിച്ചു,,,false,,false
Contributed,سَاهَمَ,ساهم,സംഭാവന ചെയ്തു,,,false,,false
Finished/Concluded,أَنْهَى,انهي,പൂർത്തിയാക്കി,,,false,,false
Settled/Stabilized,اِسْتَقَرَّ,استقر,സ്ഥിരമായി,,,false,,false
Received,اِسْتَلَمَ,استلم,ലഭിച്ചു,,,false,,false
Wished for/Requested,اِسْتَرْحَمَ,استرحم,ആവശ്യപ്പെട്ടു,,,false,,false
Became drunk,سَكِرَ,سكر,ലഹരിയിലായി,,,false,,false
Turned around,اِنْعَطَفَ,انعطف,തിരിഞ്ഞു,,,false,,false
Drove,قَادَ,قاد,ഓടിച്ചു,,,false,,false
Hated,كَرِهَ,كره,വെറുത്തു,,,false,,false
Established/Founded,أَسَّسَ,اسس,സ്ഥാപിച്ചു,,,false,,false
Handed over,سَلَّمَ,سلم,കൈമാറി,,,false,,false
Was saved/Safe,سَلِمَ,سلم,സുരക്ഷിതമായി,,,false,,false
Spoke,تَحَدَّثَ,تحدث,സംസാരിച്ചു,,,false,,false
Contested/Raced,سَابَقَ,سابق,മത്സരിച്ചു,,,false,,false
Equaled/Matched,تَسَاوَى,تساوي,തുല്യമായി,,,false,,false
Interrogated,اِسْتَجْوَبَ,استجوب,ചോദ്യം ചെയ്തു,,,false,,false
Used,اِسْتَخْدَمَ,استخدم,ഉപയോഗിച്ചു,,,false,,false
Derived/Extracted,اِسْتَنْبَطَ,استنبط,ഉദ്ഭവിച്ചു/വേർതിരിച്ചെടുത്തു,,,false,,false
Ignited/Lit,أَشْعَلَ,اشعل,കത്തിച്ചു,,,false,,false
Became master/Ruled,سَادَ,ساد,യജമാനനായി/ഭരിച്ചു,,,false,,false
Made a record,سَجَّلَ,سجل,രേഖപ്പെടുത്തി,,,false,,false
Flowed (water),سَالَ,سال,ഒഴുകി,,,false,,false
Worn out,بَلِيَ,بلي,പഴകി,,,false,,false
Was fast,سَرُعَ,سرع,വേഗത്തിലായിരുന്നു,,,false,,false
Became intoxicated,سَكِرَ,سكر,മത്തനായി,,,false,,false
Broke (a promise),خَالَفَ,خالف,ലംഘിച്ചു,,,false,,false
Gave freely,جَادَ,جاد,സ്വതന്ത്രമായി നൽകി,,,false,,false
Drew near,قَرُبَ,قرب,അടുത്തു,,,false,,false
Traveled (by night),سَرَى,سري,രാത്രി യാത്ര ചെയ്തു,,,false,,false
Poet,شَاعِر,شاعر,കവി,,,false,,false
People/Folk,شَعْب,شعب,ജനം/ആളുകൾ,,,false,,false
Thing/Matter,شَيْء,شيء,കാര്യം/വസ്തു,,,false,,false
Evil/Badness,شَرّ,شر,തിന്മ/മോശം,,,false,,false
Window,نَافِذَة,نافذة,ജാലകം,,,false,,false
Road/Street,شَارِع,شارع,റോഡ്/തെരുവ്,,,false,,false
Police,شُرْطَة,شرطة,പോലീസ്,,,false,,false
Youth/Young man,شَابّ,شاب,യുവാവ്,,,false,,false
Net/Trap,شَبَكَة,شبكة,വല/കെണി,,,false,,false
Company/Partner,شَرِكَة,شركة,കമ്പനി/പങ്കാളി,,,false,,false
Witness,شَاهِد,شاهد,സാക്ഷി,,,false,,false
Condition/Term,شَرْط,شرط,വ്യവസ്ഥ/നിബന്ധന,,,false,,false
Sense/Feeling,شُعُور,شعور,അനുഭവം/ബോധം,,,false,,false
Winter,شِتَاء,شتاء,ശീതകാലം,,,false,,false
Doubt,شَكّ,شك,സംശയം,,,false,,false
Thirst,عَطَش,عطش,ദാഹം,,,false,,false
Thankfulness,شُكْر,شكر,നന്ദി,,,false,,false
Candle,شَمْعَة,شمعة,മെഴുകുതിരി,,,false,,false
Shore/Beach,شَاطِئ,شاطي,തീരം/കടൽത്തീരം,,,false,,false
Honor,شَرَف,شرف,ബഹുമാനം,,,false,,false
Courage,شَجَاعَة,شجاعة,ധൈര്യം,,,false,,false
Drink,شَرَاب,شراب,പാനീയം,,,false,,false
Satan/Devil,شَيْطَان,شيطان,പിശാച്,,,false,,false
A star,نَجْم,نجم,ഒരു നക്ഷത്രം,,,false,,false
A line/Row,صَفّ,صف,ഒരു വരി/നിര,,,false,,false
East,شَرْق,شرق,കിഴക്ക്,,,false,,false
Laughter,ضَحِك,ضحك,ചിരി,,,false,,false
Medicine/Cure,دَوَاء,دواء,മരുന്ന്/ചികിത്സ,,,false,,false
A glass,زُجَاج,زجاج,ഒരു ഗ്ലാസ്,,,false,,false
Flames/A sparkle,شَرَارَة,شرارة,തീജ്വാല/ഒരു തിളക്കം,,,false,,false
A form/Shape,شَكْل,شكل,ഒരു രൂപം,,,false,,false
Youth,شَبَاب,شباب,യൗവനം,,,false,,false
Partner,شَرِيك,شريك,പങ്കി,,,false,,false
Poetry,شِعْر,شعر,കവിത,,,false,,false
Popularity,شُهْرَة,شهرة,ജനപ്രീതി,,,false,,false
Certificate,شَهَادَة,شهادة,സർട്ടിഫിക്കറ്റ്,,,false,,false
Anxiety/Worry,قَلَق,قلق,വിഷമം/ആശങ്ക,,,false,,false
Sunlight,شَمْس,شمس,സൂര്യപ്രകാശം,,,false,,false
The North,شَمَال,شمال,വടക്ക്,,,false,,false
Lips,شَفَة,شفة,ചുണ്ടുകൾ,,,false,,false
Thorn,شَوْك,شوك,മുള്ളുകൾ,,,false,,false
An explanation,شَرْح,شرح,ഒരു വിശദീകരണം,,,false,,false
A witness,شَاهِد,شاهد,ഒരു സാക്ഷി,,,false,,false
The face,وَجْه,وجه,മുഖം,,,false,,false
A piece,قِطْعَة,قطعة,ഒരു കഷണം,,,false,,false
Drank,شَرِبَ,شرب,കുടിച്ചു,,,false,,false
Felt,شَعَرَ,شعر,അനുഭവിച്ചു,,,false,,false
Saw/Watched,شَاهَدَ,شاهد,കണ്ടു/നിരീക്ഷിച്ചു,,,false,,false
Thanked,شَكَرَ,شكر,നന്ദി പറഞ്ഞു,,,false,,false
Participated/Shared,شَارَكَ,شارك,പങ്കെടുത്തു,,,false,,false
Published/Spread,نَشَرَ,نشر,പ്രസിദ്ധീകരിച്ചു/പരന്നു,,,false,,false
Consulted,شَاوَرَ,شاور,ആലോചിച്ചു,,,false,,false
Doubled,ضَاعَفَ,ضاعف,ഇരട്ടിയാക്കി,,,false,,false
Compared,قَارَنَ,قارن,താരതമ്യം ചെയ്തു,,,false,,false
Was difficult,صَعُبَ,صعب,കഠിനമായിരുന്നു,,,false,,false
Explained/Described,شَرَحَ,شرح,വിശദീകരിച്ചു,,,false,,false
Shook/Trembled,اِرْتَعَشَ,ارتعش,വിറച്ചു/കുലുങ്ങി,,,false,,false
Became famous,اِشْتَهَرَ,اشتهر,പ്രശസ്തനായി,,,false,,false
Bought/Purchased,اِشْتَرَى,اشتري,വാങ്ങി,,,false,,false
Complained,شَكَا,شكا,പരാതിപ്പെട്ടു,,,false,,false
Missed/Longed for,اِشْتَاقَ,اشتاق,ആഗ്രഹിച്ചു/മിസ്സ് ചെയ്തു,,,false,,false
Looked (at),نَظَرَ,نظر,നോക്കി,,,false,,false
Glowed/Shone,أَشْرَقَ,اشرق,തിളങ്ങി,,,false,,false
Contained/Included,شَمِلَ,شمل,ഉൾപ്പെടുത്തി,,,false,,false
Felt sympathy,شَفَقَ,شفق,സഹാനുഭൂതി തോന്നി,,,false,,false
Interceded/Mediated,شَفَعَ,شفع,ശുപാർശ ചെയ്തു,,,false,,false
Shouted/Screamed,صَرَخَ,صرخ,അലറി/നിലവിളിച്ചു,,,false,,false
Stood up,قَامَ,قام,എഴുന്നേറ്റു നിന്നു,,,false,,false
Was happy,سَعِدَ,سعد,സന്തുഷ്ടനായി,,,false,,false
Split/Tore,شَقَّ,شق,കീറി,,,false,,false
Was busy,اِنْشَغَلَ,انشغل,തിരക്കിലായിരുന്നു,,,false,,false
Set (sun),غَرَبَ,غرب,അസ്തമിച്ചു,,,false,,false
Gave (a gift),أَهْدَى,اهدي,സമ്മാനം നൽകി,,,false,,false
Lit/Ignited,أَشْعَلَ,اشعل,കത്തിച്ചു,,,false,,false
Wasted/Spoiled,أَتْلَفَ,اتلف,നഷ്ടപ്പെടുത്തി,,,false,,false
Divided/Split,قَسَمَ,قسم,വിഭജിച്ചു,,,false,,false
Formed/Shaped,شَكَّلَ,شكل,രൂപപ്പെടുത്തി,,,false,,false
Consulted (with),تَشَاوَرَ,تشاور,ചർച്ച ചെയ്തു,,,false,,false
Was saved/Healed,شُفِيَ,شفي,സുഖമായി,,,false,,false
Became a partner,شَارَكَ,شارك,പങ്കാളിയായി,,,false,,false
Spread rumors,شَاعَ,شاع,അഭ്യൂഹം പരത്തി,,,false,,false
Was concerned/Worried,قَلِقَ,قلق,വിഷമിച്ചു,,,false,,false
Used (a weapon),اِسْتَخْدَمَ,استخدم,ഉപയോഗിച്ചു,,,false,,false
Got tired,تَعِبَ,تعب,ക്ഷീണിച്ചു,,,false,,false
Felt pity,شَفَقَ,شفق,കരുണ തോന്നി,,,false,,false
Distracted,صَرَفَ,صرف,ശ്രദ്ധ തിരിച്ചു,,,false,,false
Was injured,جُرِحَ,جرح,മുറിവേറ്റു,,,false,,false
Took off (clothes),خَلَعَ,خلع,ഊരിമാറ്റി,,,false,,false
Gave evidence,شَهِدَ,شهد,സാക്ഷ്യം നൽകി,,,false,,false
Was covered,غُطِّيَ,غطي,മൂടപ്പെട്ടു,,,false,,false
Drank (a lot),اِسْتَشْرَبَ,استشرب,ധാരാളം കുടിച്ചു,,,false,,false
Was spread,اِنْتَشَرَ,انتشر,പരക്കപ്പെട്ടു,,,false,,false
Made to drink,أَشْرَبَ,اشرب,കുടിക്കാൻ നൽകി,,,false,,false
Morning,صَبَاح,صباح,പ്രഭാതം,,,false,,false
Friend,صَدِيق,صديق,കൂട്ടുകാരൻ/സുഹൃത്ത്,,,false,,false
Truth/Honesty,صِدْق,صدق,സത്യം/സത്യസന്ധത,,,false,,false
Prayer,صَلَاة,صلاة,പ്രാർത്ഥന,,,false,,false
Picture/Image,صُورَة,صورة,ചിത്രം/രൂപം,,,false,,false
Sound/Voice,صَوْت,صوت,ശബ്ദം,,,false,,false
Difficulty,صُعُوبَة,صعوبة,പ്രയാസം,,,false,,false
Row/Line,صَفّ,صف,വരി/നിര,,,false,,false
Patience,صَبْر,صبر,ക്ഷമ,,,false,,false
A plate/Dish,صَحْن,صحن,തളിക/പാത്രം,,,false,,false
A page,صَفْحَة,صفحة,ഒരു പേജ്,,,false,,false
Health,صِحَّة,صحة,ആരോഗ്യം,,,false,,false
Box/Chest,صُنْدُوق,صندوق,പെട്ടി,,,false,,false
Smallness/Youth,صِغَر,صغر,ചെറുപ്പം,,,false,,false
Summer,صَيْف,صيف,വേനൽക്കാലം,,,false,,false
A Bank (financial),مَصْرِف,مصرف,ബാങ്ക്/നാണയവിനിമയ സ്ഥലം,,,false,,false
A cry/Shout,صَيْحَة,صيحة,ഒരു നിലവിളി,,,false,,false
A form/Type,صِنْف,صنف,ഒരു തരം/രൂപം,,,false,,false
Friendship,صَدَاقَة,صداقة,സൗഹൃദം,,,false,,false
A shout,صَرْخَة,صرخة,ഒരു കൂക്കി വിളി,,,false,,false
Wool,صُوف,صوف,കമ്പിളി,,,false,,false
Fist,قَبْضَة,قبضة,മുഷ്ടി,,,false,,false
A whistle,صَفِير,صفير,ഒരു ചൂളം,,,false,,false
A craftsman,صَانِع,صانع,ഒരു കരകൗശലക്കാരൻ,,,false,,false
Honest person,صَادِق,صادق,സത്യസന്ധൻ,,,false,,false
Smallpox,جُدَرِيّ,جدري,വസൂരി,,,false,,false
A factory,مَصْنَع,مصنع,ഒരു നിർമ്മാണശാല,,,false,,false
Disaster/Calamity,مُصِيبَة,مصيبة,ദുരന്തം,,,false,,false
A hunter,صَيَّاد,صياد,ഒരു വേട്ടക്കാരൻ,,,false,,false
The essence,صُلْب,صلب,സാരം,,,false,,false
A mold/Form,صِيغَة,صيغة,ഒരു അച്ച്/രൂപം,,,false,,false
The chin,ذَقَن,ذقن,താടി,,,false,,false
A recipe/Description,وَصْفَة,وصفة,പാചകവിധി/വിവരണം,,,false,,false
Mint,صَرْف,صرف,നാണയം നിർമ്മിക്കുന്ന സ്ഥലം,,,false,,false
A fishing net,شَبَكَة,شبكة,മീൻ വല,,,false,,false
The light,ضَوْء,ضوء,പ്രകാശം,,,false,,false
Morning prayer,صَلَاة الْفَجْر,صلاة الفجر,പ്രഭാത നമസ്കാരം,,,true,,false
Cleanliness/Purity,صَفَاء,صفاء,ശുദ്ധി,,,false,,false
A whistle,صَفَّارَة,صفارة,വിസിൽ,,,false,,false
The structure,هَيْكَل,هيكل,ഘടന,,,false,,false
A description,وَصْف,وصف,ഒരു വിവരണം,,,false,,false
A hunter,قَانِص,قانص,വേട്ടക്കാരൻ,,,false,,false
A small child,صَغِير,صغير,ഒരു കൊച്ചുകുട്ടി,,,false,,false
Accuracy/Precision,دِقَّة,دقة,കൃത്യത,,,false,,false
A chest,صَدْر,صدر,മാറ്,,,false,,false
The bank (of a river),ضَفَّة,ضفة,നദീതീരം,,,false,,false
The cross,صَلِيب,صليب,കുരിശ്,,,false,,false
Became,صَارَ,صار,ആയിത്തീർന്നു,,,false,,false
Prayed,صَلَّى,صلي,പ്രാർത്ഥിച്ചു (നമസ്കരിച്ചു),,,false,,false
Believed/Confirmed,صَدَّقَ,صدق,വിശ്വസിച്ചു/സത്യപ്പെടുത്തി,,,false,,false
Shouted/Cried out,صَاحَ,صاح,അലറി/നിലവിളിച്ചു,,,false,,false
Made/Manufactured,صَنَعَ,صنع,ഉണ്ടാക്കി/നിർമ്മിച്ചു,,,false,,false
Hunted,صَاد,صاد,വേട്ടയാടി,,,false,,false
Described,وَصَفَ,وصف,വിവരിച്ചു,,,false,,false
Climbed/Ascended,صَعِدَ,صعد,കയറി,,,false,,false
Became small,صَغُرَ,صغر,ചെറുതായി,,,false,,false
Corrected/Repaired,صَلَحَ,صلح,ശരിയാക്കി/നന്നാക്കി,,,false,,false
Published/Issued,أَصْدَرَ,اصدر,പ്രസിദ്ധീകരിച്ചു,,,false,,false
Woke up,اِسْتَيْقَظَ,استيقظ,ഉണർന്നു,,,false,,false
Reached/Arrived,وَصَلَ,وصل,എത്തി,,,false,,false
Became yellow,اِصْفَرَّ,اصفر,മഞ്ഞളിച്ചു,,,false,,false
Made peace,صَالَحَ,صالح,സമാധാനം ഉണ്ടാക്കി,,,false,,false
Accompanied,صَاحَبَ,صاحب,കൂട്ടുകൂടി,,,false,,false
Was honest,صَدَقَ,صدق,സത്യസന്ധനായി,,,false,,false
Agreed,اِتَّفَقَ,اتفق,സമ്മതിച്ചു,,,false,,false
Wished/Aspirated,تَمَنَّى,تمني,ആഗ്രഹിച്ചു,,,false,,false
Made difficult,صَعَّبَ,صعب,പ്രയാസപ്പെടുത്തി,,,false,,false
Became difficult,صَعُبَ,صعب,പ്രയാസമായി,,,false,,false
Made noise,أَصْدَرَ,اصدر,ശബ്ദമുണ്ടാക്കി,,,false,,false
Became friends,تَصَادَقَ,تصادق,സുഹൃത്തുക്കളായി,,,false,,false
Prepared/Arranged,أَعَدَّ,اعد,തയ്യാറാക്കി,,,false,,false
Willed/Intended,أَرَادَ,اراد,ഉദ്ദേശിച്ചു,,,false,,false
Made someone pray,أَصْلَى,اصلي,നമസ്കരിപ്പിച്ചു,,,false,,false
Shot/Fired,أَطْلَقَ,اطلق,വെടിവെച്ചു,,,false,,false
Was purified/Cleared,صُفِّيَ,صفي,ശുദ്ധീകരിക്കപ്പെട്ടു,,,false,,false
Got up (morning),أَصْبَحَ,اصبح,രാവിലെ എഴുന്നേറ്റു,,,false,,false
Took a picture,صَوَّرَ,صور,ചിത്രമെടുത്തു,,,false,,false
Stood (firmly),صَمَدَ,صمد,ഉറച്ചു നിന്നു,,,false,,false
Was deaf,صَمَّ,صم,ബധിരനായി,,,false,,false
Confiscated,صَادَرَ,صادر,കണ്ടുകെട്ടി,,,false,,false
Was hit,ضَرَبَ,ضرب,അടിച്ചു,,,false,,false
Fasted (sawm),صَامَ,صام,നോമ്പെടുത്തു,,,false,,false
Turned away,أَعْرَضَ,اعرض,തിരിഞ്ഞു നിന്നു,,,false,,false
Decided,قَرَّرَ,قرر,തീരുമാനിച്ചു,,,false,,false
Was small,صَغُرَ,صغر,ചെറുതായിരുന്നു,,,false,,false
Made something sound,صَوَّتَ,صوت,ശബ്ദമുണ്ടാക്കി,,,false,,false
Was wounded,جُرِحَ,جرح,മുറിവേറ്റു,,,false,,false
Was corrected,أُصْلِحَ,اصلح,ശരിയാക്കപ്പെട്ടു,,,false,,false
Was photographed,صُوِّرَ,صور,ചിത്രീകരിക്കപ്പെട്ടു,,,false,,false
Was published,صُودِرَ,صودر,പ്രസിദ്ധീകരിക്കപ്പെട്ടു,,,false,,false
Was manufactured,صُنِعَ,صنع,നിർമ്മിക്കപ്പെട്ടു,,,false,,false
Struck (with hand),صَفَعَ,صفع,കൈകൊണ്ട് അടിച്ചു,,,false,,false
Used (a tool),اِسْتَخْدَمَ,استخدم,ഉപയോഗിച്ചു,,,false,,false
Was heard,سُمِعَ,سمع,കേൾക്കപ്പെട്ടു,,,false,,false
Light,ضَوْء,ضوء,പ്രകാശം,,,false,,false
Side/Bank,ضِفَّة,ضفة,വശം/തീരം,,,false,,false
Damage/Harm,ضَرَر,ضرر,നാശം/ദ്രോഹം,,,false,,false
Necessity,ضَرُورَة,ضرورة,അത്യാവശ്യം,,,false,,false
Guarantee/Pledge,ضَمَان,ضمان,ഉറപ്പ്/പണയം,,,false,,false
Opposite,ضِدّ,ضد,വിപരീതം,,,false,,false
Laughter,ضَحْك,ضحك,ചിരി,,,false,,false
Officer/Warrant Officer,ضَابِط,ضابط,ഓഫീസർ/ഉദ്യോഗസ്ഥൻ,,,false,,false
Pressure/Squeeze,ضَغْط,ضغط,സമ്മർദ്ദം/ഞെരുക്കം,,,false,,false
Back (of body),ظَهْر,ظهر,പുറം,,,false,,false
Conscience,ضَمِير,ضمير,മനസ്സാക്ഷി,,,false,,false
Darkness,ظُلْمَة,ظلمة,ഇരുട്ട്,,,false,,false
Tax/Levy,ضَرِيبَة,ضريبة,നികുതി,,,false,,false
Sacrifice,تَضْحِيَة,تضحية,ബലി,,,false,,false
A wound/Injury,جُرْح,جرح,ഒരു മുറിവ്,,,false,,false
A guarantee,ضَمَانَة,ضمانة,ഒരു ഉറപ്പ്,,,false,,false
A crowd,زِحَام,زحام,ഒരു കൂട്ടം,,,false,,false
A sound,صَوْت,صوت,ഒരു ശബ്ദം,,,false,,false
A victim,ضَحِيَّة,ضحية,ഒരു ഇര,,,false,,false
The narrowness,ضِيق,ضيق,ഇടുക്കം,,,false,,false
A strike/Hit,ضَرْبَة,ضربة,ഒരു അടി,,,false,,false
A frog,ضِفْدَع,ضفدع,ഒരു തവള,,,false,,false
An error/Misunderstanding,خَطَأ,خطا,ഒരു പിഴവ്,,,false,,false
A crisis,أَزْمَة,ازمة,ഒരു പ്രതിസന്ധി,,,false,,false
The abdomen,بَطْن,بطن,വയറ്,,,false,,false
A weak person,ضَعِيف,ضعيف,ഒരു ദുർബലൻ,,,false,,false
The opposite/Adversary,خَصْم,خصم,എതിരാളി,,,false,,false
A hit/Blow,لَكْمَة,لكمة,ഒരു പ്രഹരം,,,false,,false
The truth,حَقِيقَة,حقيقة,സത്യം,,,false,,false
A part/Portion,جُزْء,جزء,ഒരു ഭാഗം,,,false,,false
A sacrifice,ذَبِيحَة,ذبيحة,ഒരു ബലി,,,false,,false
Rule/Regulation,قَاعِدَة,قاعدة,നിയമം,,,false,,false
The limit,حَدّ,حد,അതിര്,,,false,,false
Hospitality,ضِيَافَة,ضيافة,ആതിഥേയത്വം,,,false,,false
Levy/Tax,رَسْم,رسم,ചുങ്കം,,,false,,false
A loss,خَسَارَة,خسارة,ഒരു നഷ്ടം,,,false,,false
A weak point,نُقْطَة ضَعْف,نقطة ضعف,ഒരു ദുർബലമായ വശം,,,true,,false
Brightness,سُطُوع,سطوع,തെളിച്ചം,,,false,,false
Tension,تَوَتُّر,توتر,ടെൻഷൻ,,,false,,false
Distress,كَرْب,كرب,ദുരിതം,,,false,,false
The guests,ضُيُوف,ضيوف,അതിഥികൾ,,,false,,false
The sides,أَطْرَاف,اطراف,വശങ്ങൾ,,,false,,false
The consciences,ضَمَائِر,ضماير,മനസ്സാക്ഷികൾ,,,false,,false
Injuries,إِصَابَة,اصابة,പരിക്കുകൾ,,,false,,false
Error/Straying,ضَلَال,ضلال,വഴിതെറ്റൽ,,,false,,false
Multiplication/Hit,ضَرْب,ضرب,ഗുണനം/അടി,,,false,,false
Hit/Struck,ضَرَبَ,ضرب,അടിച്ചു/പ്രഹരിച്ചു,,,false,,false
Lost/Strayed,ضَلَّ,ضل,നഷ്ടപ്പെട്ടു/വഴിതെറ്റി,,,false,,false
Laughed,ضَحِكَ,ضحك,ചിരിച്ചു,,,false,,false
Forced/Compelled,أَجْبَرَ,اجبر,നിർബന്ധിച്ചു,,,false,,false
Secured/Guaranteed,ضَمِنَ,ضمن,ഉറപ്പുനൽകി/ജാമ്യം നിന്നു,,,false,,false
Harmed/Damaged,ضَرَّ,ضر,ദ്രോഹിച്ചു/നാശമുണ്ടാക്കി,,,false,,false
Became weak,ضَعُفَ,ضعف,ദുർബലനായി,,,false,,false
Pressed/Squeezed,ضَغَطَ,ضغط,അമർത്തി/ഞെക്കി,,,false,,false
Sacrificed,ضَحَّى,ضحي,ബലിയർപ്പിച്ചു,,,false,,false
Embraced/Included,ضَمَّ,ضم,ആശ്ലേഷിച്ചു/ഉൾപ്പെടുത്തി,,,false,,false
Made someone laugh,أَضْحَكَ,اضحك,ചിരിപ്പിച്ചു,,,false,,false
Became narrow,ضَاقَ,ضاق,ഇടുങ്ങി/വിശാലത കുറഞ്ഞു,,,false,,false
Opposed,عَارَضَ,عارض,എതിർത്തു,,,false,,false
Consolidated/Included,ضَافَ,ضاف,ഉറപ്പിച്ചു/ചേർത്തു,,,false,,false
Accepted,قَبِلَ,قبل,സ്വീകരിച്ചു,,,false,,false
Came out/Emerged,خَرَجَ,خرج,പുറത്തുവന്നു,,,false,,false
Was harmed,تَضَرَّرَ,تضرر,ദ്രോഹിക്കപ്പെട്ടു,,,false,,false
Was pressured,اِنْضَغَطَ,انضغط,സമ്മർദ്ദത്തിലായി,,,false,,false
Was guaranteed,تَضَمَّنَ,تضمن,ഉറപ്പാക്കപ്പെട്ടു,,,false,,false
Wasted/Lost,أَضَاعَ,اضاع,നഷ്ടപ്പെടുത്തി,,,false,,false
Was hit/Struck,ضُرِبَ,ضرب,അടിക്കപ്പെട്ടു,,,false,,false
Began/Started,بَدَأَ,بدا,തുടങ്ങി,,,false,,false
Made someone lost,أَضَلَّ,اضل,വഴിതെറ്റിച്ചു,,,false,,false
Oppressed/Wronged,ظَلَمَ,ظلم,പീഡിപ്പിച്ചു,,,false,,false
Contained,اِحْتَوَى,احتوي,ഉൾക്കൊണ്ടു,,,false,,false
Was forced,اُضْطُرَّ,اضطر,നിർബന്ധിക്കപ്പെട്ടു,,,false,,false
Joined/Annexed,ضَمَّ,ضم,ചേർത്തു/കൈവശപ്പെടുത്തി,,,false,,false
Made light,أَضَاءَ,اضاء,പ്രകാശം നൽകി,,,false,,false
Came as a guest,اِسْتَضَافَ,استضاف,അതിഥിയായി വന്നു,,,false,,false
Felt narrow,تَضَايَقَ,تضايق,ഇടുക്കം തോന്നി,,,false,,false
Included,أَدْرَجَ,ادرج,ചേർത്തു,,,false,,false
Was doubled,تَضَاعَفَ,تضاعف,ഇരട്ടിയായി,,,false,,false
Got involved,تَدَخَّلَ,تدخل,ഇടപെട്ടു,,,false,,false
Made an effort,اِجْتَهَدَ,اجتهد,പരിശ്രമിച്ചു,,,false,,false
Covered,غَطَّى,غطي,മൂടി,,,false,,false
Was visible,كَشَفَ,كشف,ദൃശ്യമായി,,,false,,false
Pasted/Attached,أَلْصَقَ,الصق,ഒട്ടിച്ചു,,,false,,false
Wished/Desired,تَمَنَّى,تمني,ആഗ്രഹിച്ചു,,,false,,false
Was given light,أُنِيرَ,انير,പ്രകാശം ലഭിച്ചു,,,false,,false
Became expert,تَخَبَّرَ,تخبر,വിദഗ്ദ്ധനായി,,,false,,false
Doctor,طَبِيب,طبيب,ഡോക്ടർ,,,false,,false
Road/Way,طَرِيق,طريق,വഴി/പാത,,,false,,false
Table,طَاوِلَة,طاولة,മേശ,,,false,,false
Food/Meal,طَعَام,طعام,ഭക്ഷണം,,,false,,false
Student,طَالِب,طالب,വിദ്യാർത്ഥി,,,false,,false
Layer/Floor,طَابَق,طابق,നില/അടുക്ക്,,,false,,false
Printing/Edition,طِبَاعَة,طباعة,അച്ചടി/പതിപ്പ്,,,false,,false
Nature/Temperament,طَبِيعَة,طبيعة,സ്വഭാവം,,,false,,false
Luck/Fortune,حَظّ,حظ,ഭാഗ്യം,,,false,,false
Plate/Dish,طَبَق,طبق,തളിക/പാത്രം,,,false,,false
Line/Row,صَفّ,صف,വരി/നിര,,,false,,false
Child/Infant,طِفْل,طفل,കുഞ്ഞ്,,,false,,false
A stamp,طَابَع,طابع,ഒരു സ്റ്റാമ്പ്,,,false,,false
Medicine,دَوَاء,دواء,മരുന്ന്,,,false,,false
Air/Weather,طَقْس,طقس,വായു/കാലാവസ്ഥ,,,false,,false
Energy/Power,طَاقَة,طاقة,ഊർജ്ജം/ശക്തി,,,false,,false
Length,طُول,طول,നീളം,,,false,,false
A ring,طَوْق,طوق,ഒരു വളയം,,,false,,false
Envelope,ظَرْف,ظرف,കവർ,,,false,,false
Cook/Chef,طَبَّاخ,طباخ,പാചകക്കാരൻ,,,false,,false
The surface,سَطْح,سطح,ഉപരിതലം,,,false,,false
A type/Kind,نَوْع,نوع,ഒരു തരം,,,false,,false
Plane/Aircraft,طَائِرَة,طايرة,വിമാനം,,,false,,false
Purity/Cleanness,نَقَاء,نقاء,ശുദ്ധി,,,false,,false
A blow/Hit,ضَرْبَة,ضربة,ഒരു പ്രഹരം,,,false,,false
Clay/Mud,طِين,طين,കളിമണ്ണ്,,,false,,false
A circle,دَائِرَة,دايرة,ഒരു വൃത്തം,,,false,,false
A layer,طَبَقَة,طبقة,ഒരു പടലം,,,false,,false
The sky,سَمَاء,سماء,വിണ്ണ്,,,false,,false
Horizon,أُفُق,افق,ചക്രവാളം,,,false,,false
A method/Style,أُسْلُوب,اسلوب,ഒരു രീതി/ശൈലി,,,false,,false
The way,مَسَار,مسار,മാർഗ്ഗം,,,false,,false
Purity,طُهْر,طهر,വിശുദ്ധി,,,false,,false
A wish/Desire,أُمْنِيَة,امنية,ഒരു ആഗ്രഹം,,,false,,false
The sun,شَمْس,شمس,സൂര്യൻ,,,false,,false
A decision,قَرَار,قرار,ഒരു തീരുമാനം,,,false,,false
Medicine/Treatment,مُعَالَجَة,معالجة,ചികിത്സ,,,false,,false
A roof,سَقْف,سقف,ഒരു മേൽക്കൂര,,,false,,false
A path,سَبِيل,سبيل,ഒരു സഞ്ചാരമാർഗ്ഗം,,,false,,false
An edge/Side,طَرَف,طرف,ഒരു അറ്റം/വശം,,,false,,false
The body,جِسْم,جسم,ശരീരം,,,false,,false
The middle,وَسَط,وسط,മധ്യം,,,false,,false
The distance,مَسَافَة,مسافة,ദൂരം,,,false,,false
Birds,طُيُور,طيور,പക്ഷികൾ,,,false,,false
A long time,زَمَن طَوِيل,زمن طويل,ഒരു നീണ്ട സമയം,,,true,,false
The periphery,نِطَاق,نطاق,പരിധി,,,false,,false
A piece/Part,جُزْء,جزء,ഒരു ഭാഗം,,,false,,false
Flew,طَارَ,طار,പറന്നു,,,false,,false
Asked/Demanded,طَلَبَ,طلب,ചോദിച്ചു/ആവശ്യപ്പെട്ടു,,,false,,false
Cooked,طَبَخَ,طبخ,പാചകം ചെയ്തു,,,false,,false
Printed/Published,طَبَعَ,طبع,അച്ചടിച്ചു/പ്രസിദ്ധീകരിച്ചു,,,false,,false
Ate/Tasted,طَعِمَ,طعم,ഭക്ഷിച്ചു/രുചിച്ചു,,,false,,false
Reached/Looked out,أَطَلَّ,اطل,എത്തി/നോക്കി,,,false,,false
Extended/Lasted,أَطَالَ,اطال,നീട്ടി/നീണ്ടുനിന്നു,,,false,,false
Rose/Appeared,طَلَعَ,طلع,ഉയർന്നു/പ്രത്യക്ഷപ്പെട്ടു,,,false,,false
Was long,طَالَ,طال,നീളമുള്ളതായിരുന്നു,,,false,,false
Freed/Released,أَطْلَقَ,اطلق,സ്വതന്ത്രമാക്കി,,,false,,false
Ascended/Climbed,صَعِدَ,صعد,കയറി,,,false,,false
Fell/Dropped,سَقَطَ,سقط,വീണു,,,false,,false
Put out (fire),أَطْفَأَ,اطفا,അണച്ചു,,,false,,false
Stabbed/Pierced,طَعَنَ,طعن,കുത്തി,,,false,,false
Circumambulated,طَافَ,طاف,ചുറ്റിസഞ്ചരിച്ചു,,,false,,false
Repudiated (divorced),طَلَّقَ,طلق,വിവാഹബന്ധം വേർപെടുത്തി,,,false,,false
Was happy/Kind,طَابَ,طاب,സന്തോഷവാനായി/ദയയുള്ളവനായി,,,false,,false
Gave (a gift),أَعْطَى,اعطي,നൽകി,,,false,,false
Gave (food),أَطْعَمَ,اطعم,ഭക്ഷണം നൽകി,,,false,,false
Made someone fly,طَيَّرَ,طير,പറപ്പിച്ചു,,,false,,false
Was finished/Ended,اِنْتَهَى,انتهي,അവസാനിച്ചു,,,false,,false
Hoped/Aspirated,تَطَلَّعَ,تطلع,പ്രതീക്ഷിച്ചു/ആശിച്ചു,,,false,,false
Was natural,تَطَبَّعَ,تطبع,സ്വാഭാവികമായിരുന്നു,,,false,,false
Was purified/Cleaned,طَهَّرَ,طهر,ശുദ്ധീകരിക്കപ്പെട്ടു,,,false,,false
Was cancelled,أَلْغَى,الغي,റദ്ദാക്കി,,,false,,false
Demanded/Requested,اِسْتَطْلَعَ,استطلع,ആവശ്യപ്പെട്ടു,,,false,,false
Could/Was able,اِسْتَطَاعَ,استطاع,സാധിച്ചു,,,false,,false
Felt good,اِسْتَطَابَ,استطاب,നല്ലതു തോന്നി,,,false,,false
Shattered,تَحَطَّمَ,تحطم,തകർന്നു,,,false,,false
Was long/Delayed,أَبْطَأَ,ابطا,താമസിച്ചു,,,false,,false
Healed/Recovered,شُفِيَ,شفي,സുഖം പ്രാപിച്ചു,,,false,,false
Made someone clean,طَهَّرَ,طهر,വൃത്തിയാക്കി,,,false,,false
Was obedient,تَطَاوَعَ,تطاوع,അനുസരണയുള്ളവനായി,,,false,,false
Was long/Protracted,تَطَاوَلَ,تطاول,ദീർഘിച്ചു,,,false,,false
Was delayed,تَأَخَّرَ,تاخر,താമസം നേരിട്ടു,,,false,,false
Covered/Wrapped,غَلَّفَ,غلف,പൊതിഞ്ഞു,,,false,,false
Fell (down),سَقَطَ,سقط,താഴെ വീണു,,,false,,false
Made (clay),طَانَ,طان,ഉണ്ടാക്കി (കളിമണ്ണ്),,,false,,false
Was printed,طُبِعَ,طبع,അച്ചടിക്കപ്പെട്ടു,,,false,,false
Was obeyed,أُطِيعَ,اطيع,അനുസരിക്കപ്പെട്ടു,,,false,,false
Hoped (for),أَمَلَ,امل,പ്രത്യാശിച്ചു,,,false,,false
Reached (maturity),بَلَغَ,بلغ,പ്രായപൂർത്തിയായി,,,false,,false
Was kind/Gentle,لَطُفَ,لطف,ദയയുള്ളവനായി,,,false,,false
Gazelle,ظَبْي,ظبي,"മാൻ, കലമാൻ",,,false,,false
Envelope/Container,ظَرْف,ظرف,"കവർ, പാത്രം",,,false,,false
Shadow/Shade,ظِلّ,ظل,"നിഴൽ, തണൽ",,,false,,false
Injustice/Oppression,ظُلْم,ظلم,"അനീതി, അക്രമം",,,false,,false
Suspicion/Guess,ظَنّ,ظن,"ഊഹം, സംശയം",,,false,,false
Noon/Midday,ظُهْر,ظهر,"ഉച്ചസമയം, മധ്യാഹ്നം",,,false,,false
Appearance/Surface,ظَاهِر,ظاهر,"രൂപം, ഉപരിതലം",,,false,,false
Victory,ظَفَر,ظفر,"വിജയം, ജയം",,,false,,false
Thirst,ظَمَأ,ظما,ദാഹം,,,false,,false
Darkness,ظَلَام,ظلام,ഇരുട്ട്,,,false,,false
Back/Rear,ظَهْر,ظهر,"പുറം, പിൻഭാഗം",,,false,,false
Nail (finger/toe),ظُفْر,ظفر,നഖം,,,false,,false
A Witty Person,ظَرِيف,ظريف,തമാശക്കാരൻ,,,false,,false
Oppressor/Tyrant,ظَالِم,ظالم,"അക്രമി, സ്വേച്ഛാധിപതി",,,false,,false
Phenomenon,ظَاهِرَة,ظاهرة,പ്രതിഭാസം,,,false,,false
High Noon/Midday Period,ظَهِيرَة,ظهيرة,ഉച്ചനേരം,,,false,,false
Supporter/Helper (Name),ظَهِير,ظهير,സഹായി,,,false,,false
Victor (Name),ظَافِر,ظافر,വിജയി,,,false,,false
Female Gazelle (Name),ظَبْيَة,ظبية,പെൺ മാൻ,,,false,,false
Witty/Elegant (Female Name),ظَرِيفَة,ظريفة,മനോഹരിയായവൾ,,,false,,false
The Thirsty One,ظَمْآن,ظمان,ദാഹിക്കുന്നവൻ,,,false,,false
A Place Name,ظَفَار,ظفار,ഒരു സ്ഥലപ്പേര്,,,false,,false
Gloom/Deep Darkness,ظُلْمَة,ظلمة,"മങ്ങൽ, കനത്ത ഇരുട്ട്",,,false,,false
The Wet Nurse,ظِئْر,ظير,പാലൂട്ടുന്ന സ്ത്രീ,,,false,,false
Molar Tooth,ظِرْس,ظرس,അണപ്പല്ല്,,,false,,false
Conjectural,ظَنِّيّ,ظني,ഊഹപരമായത്,,,false,,false
External/Superficial,ظَاهِرِيّ,ظاهري,ബാഹ്യമായത്,,,false,,false
Shadowiness,ظِلَالَة,ظلالة,"നിഴൽ, തണൽ",,,false,,false
Circumstances (Plural),ظُرُوف,ظروف,സാഹചര്യങ്ങൾ,,,false,,false
Assumptions (Plural),ظُنُون,ظنون,"ഊഹങ്ങൾ, സംശയങ്ങൾ",,,false,,false
Gazelles (Plural),ظِبَاء,ظباء,കലമാനുകൾ,,,false,,false
Deep Darkness (Plural),ظُلُمَات,ظلمات,അന്ധകാരങ്ങൾ,,,false,,false
A Type of Fragrant Flower,ظَيَّان,ظيان,സുഗന്ധമുള്ള പൂവ്,,,false,,false
Manifestation/Visibility,ظُهُور,ظهور,"പ്രകടനം, ദൃശ്യത",,,false,,false
An Unjust Action,ظُلَامَة,ظلامة,അനീതിപരമായ പ്രവർത്തനം,,,false,,false
Darkening/Obscure,ظَلَامِيّ,ظلامي,ഇരുണ്ടത്,,,false,,false
Thirsty (Female),ظَمْأَى,ظماي,ദാഹിക്കുന്നവൾ,,,false,,false
The Shining One (Name),ظَهْرَان,ظهران,തിളക്കമുള്ളത്,,,false,,false
Shadows (Plural),ظِلَال,ظلال,നിഴലുകൾ,,,false,,false
One Instance of Thirst,ظَمْأَة,ظماة,ഒറ്റത്തവണത്തെ ദാഹം,,,false,,false
One Gazelle,ظَبْيَة,ظبية,ഒരു കലമാൻ,,,false,,false
One Oppressor,ظَالِمَة,ظالمة,ഒരു അക്രമി,,,false,,false
Nail (One instance),ظُفْرَة,ظفرة,ഒരു നഖം,,,false,,false
The Thirsty Place (Name),ظَمْء,ظمء,ദാഹമുള്ള സ്ഥലം,,,false,,false
The Outer Layer,ظَاهِرَة,ظاهرة,പുറംഭാഗം,,,false,,false
An Act of Elegance,ظَرْفِيَّة,ظرفية,ഭംഗിയുള്ള പ്രവൃത്തി,,,false,,false
One who sees (Fig.),ظُنَيْن,ظنين,കാണുന്നവൻ,,,false,,false
Male Supporter (Name),ظُهَار,ظهار,സഹായി,,,false,,false
A High Place (Fig.),ظُهْرَة,ظهرة,ഉയർന്ന സ്ഥലം,,,false,,false
The One Who Wins (Name),ظَافِرَة,ظافرة,വിജയിക്കുന്നവൻ,,,false,,false
Appeared/Emerged,ظَهَرَ,ظهر,"പ്രത്യക്ഷപ്പെടുക, ഉയർന്നു വരിക",,,false,,false
Assumed/Thought,ظَنَّ,ظن,"ഊഹിക്കുക, വിചാരിക്കുക",,,false,,false
Triumphed/Won,ظَفِرَ,ظفر,"വിജയിക്കുക, ജയിക്കുക",,,false,,false
Oppressed/Wronged,ظَلَمَ,ظلم,"അക്രമം കാണിക്കുക, അനീതി ചെയ്യുക",,,false,,false
Observed/Looked at,لَحَظَ,لحظ,"നിരീക്ഷിക്കുക, ശ്രദ്ധിക്കുക",,,false,,false
Organized/Arranged,نَظَّمَ,نظم,"സംഘടിപ്പിക്കുക, ക്രമീകരിക്കുക",,,false,,false
Cleaned,نَظَّفَ,نظف,വൃത്തിയാക്കുക,,,false,,false
Conserved/Preserved,حَفِظَ,حفظ,"സംരക്ഷിക്കുക, സൂക്ഷിക്കുക",,,false,,false
Uttered/Pronounced,لَفَظَ,لفظ,"ഉച്ചരിക്കുക, മൊഴിയുക",,,false,,false
Woke up/Arose,اِسْتَيْقَظَ,استيقظ,"ഉണരുക, എഴുന്നേൽക്കുക",,,false,,false
Made to appear,أَظْهَرَ,اظهر,പ്രത്യക്ഷപ്പെടുത്തുക,,,false,,false
Complained of injustice,تَظَلَّمَ,تظلم,അനീതിയെക്കുറിച്ച് പരാതിപ്പെടുക,,,false,,false
Pretended to be witty,تَظَرَّفَ,تظرف,വിനോദക്കാരനായി നടിക്കുക,,,false,,false
Became thirsty,ظَمِئَ,ظمي,ദാഹിക്കുക,,,false,,false
Considered/Viewed,نَظَرَ,نظر,"പരിഗണിക്കുക, വീക്ഷിക്കുക",,,false,,false
Looked/Gazed (at),لَاحَظَ,لاحظ,തുറിച്ചുനോക്കുക,,,false,,false
Protected,حَاظَ,حاظ,സംരക്ഷണം നൽകുക,,,false,,false
Made an assumption,تَظَنَّنَ,تظنن,ഊഹം ഉണ്ടാക്കുക,,,false,,false
Became victorious,تَظَافَرَ,تظافر,ജേതാവാകുക,,,false,,false
Was oppressed,اُنْظُلِمَ,انظلم,അടിച്ചമർത്തപ്പെടുക,,,false,,false
Made an announcement,إِظْهَار,اظهار,പ്രഖ്യാപനം നടത്തുക,,,false,,false
Cleaned (Intensely),اِسْتَنْظَفَ,استنظف,നന്നായി വൃത്തിയാക്കുക,,,false,,false
Was distinguished,تَمَيَّزَ,تميز,വേറിട്ടു നിൽക്കുക,,,false,,false
Gave protection/Shade,أَظَلَّ,اظل,തണൽ നൽകുക,,,false,,false
Gained (Victory/Success),اِسْتَظْفَرَ,استظفر,വിജയം നേടുക,,,false,,false
Was elegant/Witty,ظَرُفَ,ظرف,മനോഹരമാകുക,,,false,,false
Went at noon,ظَهَّرَ,ظهر,ഉച്ചയ്ക്ക് പോവുക,,,false,,false
Was unjust (Made self),اِظَّلَمَ,اظلم,സ്വയം അനീതി ചെയ്യുക,,,false,,false
Made to be thirsty,أَظْمَأَ,اظما,ദാഹമുള്ളവനാക്കുക,,,false,,false
Organized (Mutual),تَنَاظَمَ,تناظم,പരസ്പരം സംഘടന ചെയ്യുക,,,false,,false
Showed/Demonstrated,اِسْتَظْهَرَ,استظهر,"കാണിക്കുക, തെളിയിക്കുക",,,false,,false
Remembered/Memorized,حَفَّظَ,حفظ,"ഓർക്കുക, മനഃപാഠമാക്കുക",,,false,,false
Asked for protection,اِسْتِظْلَال,استظلال,സംരക്ഷണം ആവശ്യപ്പെടുക,,,false,,false
Taught to pronounce,لَفَّظَ,لفظ,ഉച്ചരിക്കാൻ പഠിപ്പിക്കുക,,,false,,false
Became apparent,تَظَاهَرَ,تظاهر,വ്യക്തമാകുക,,,false,,false
Shaded/Overshadowed,ظَلَّلَ,ظلل,"തണലിടുക, മറയ്ക്കുക",,,false,,false
Became oppressed,اِظْطَلَمَ,اظطلم,പീഡിതനാകുക,,,false,,false
Acted wittily,اِظْطَرَفَ,اظطرف,വിവേകത്തോടെ പെരുമാറുക,,,false,,false
Was (Under) a shadow,اِظْطَلَّ,اظطل,തണലിലായിരിക്കുക,,,false,,false
Was seen/Viewed,نُظِرَ,نظر,"കാണപ്പെടുക, വീക്ഷിക്കപ്പെടുക",,,false,,false
Was cleaned,نُظِّفَ,نظف,വൃത്തിയാക്കപ്പെടുക,,,false,,false
Was organized,نُظِّمَ,نظم,സംഘടിപ്പിക്കപ്പെടുക,,,false,,false
Oppressed (Mutual),تَظَالَمَ,تظالم,പരസ്പരം അക്രമിക്കുക,,,false,,false
Helped/Aided,ظَاهَرَ,ظاهر,"സഹായിക്കുക, തുണയ്ക്കുക",,,false,,false
Was assisted (Mutual),تَظَاهَرَ,تظاهر,പരസ്പരം സഹായിക്കുക,,,false,,false
Made it appear,أَظْهَرَ,اظهر,അത് പ്രത്യക്ഷപ്പെടുത്തുക,,,false,,false
Was forced to be thirsty,اِسْتَظْمَأَ,استظما,ദാഹിപ്പിക്കുക,,,false,,false
Gave a lot of shade,اِسْتَظَلَّ,استظل,ധാരാളം തണൽ നൽകുക,,,false,,false
Remembered/Recalled,ذَكَّرَ,ذكر,"ഓർമ്മിപ്പിക്കുക, തിരിച്ചുവിളിക്കുക",,,false,,false
Sought protection,اِسْتَحْفَظَ,استحفظ,സംരക്ഷണം തേടുക,,,false,,false
Knowledge/Science,عِلْم,علم,"അറിവ്, ശാസ്ത്രം",,,false,,false
Justice,عَدْل,عدل,"നീതി, ന്യായം",,,false,,false
Mind/Intellect,عَقْل,عقل,"മനസ്സ്, ബുദ്ധി",,,false,,false
Work/Action,عَمَل,عمل,"ജോലി, പ്രവർത്തനം",,,false,,false
Flag/Banner,عَلَم,علم,"പതാക, കൊടി",,,false,,false
World/Universe,عَالَم,عالم,"ലോകം, പ്രപഞ്ചം",,,false,,false
Return/Comeback,عَوْدَة,عودة,"മടക്കം, തിരിച്ചുവരവ്",,,false,,false
Eye/Spring,عَيْن,عين,"കണ്ണ്, നീരുറവ",,,false,,false
Life/Age,عُمْر,عمر,"ജീവിതം, പ്രായം",,,false,,false
Custom/Habit,عَادَة,عادة,"ആചാരം, ശീലം",,,false,,false
Penalty/Punishment,عِقَاب,عقاب,"ശിക്ഷ, പ്രതിഫലം",,,false,,false
Wedding/Feast,عُرْس,عرس,"വിവാഹം, വിരുന്ന്",,,false,,false
Love/Affection,عِشْق,عشق,"സ്നേഹം, വാത്സല്യം",,,false,,false
Difficulty/Hardship,عُسْر,عسر,"ബുദ്ധിമുട്ട്, പ്രയാസം",,,false,,false
Ten,عَشْرَة,عشرة,പത്ത്,,,false,,false
Greatness/Glory,عَظَمَة,عظمة,"മഹത്വം, പ്രതാപം",,,false,,false
Bone,عَظْم,عظم,അസ്ഥി,,,false,,false
Contract/Covenant,عَقْد,عقد,"കരാർ, ഉടമ്പടി",,,false,,false
Consequence/End,عَاقِبَة,عاقبة,"ഫലം, അവസാനം",,,false,,false
Arab/Arabic (person),عَرَبِيّ,عربي,അറബി (വ്യക്തി),,,false,,false
Throne,عَرْش,عرش,സിംഹാസനം,,,false,,false
Gift/Donation,عَطَاء,عطاء,"സമ്മാനം, ദാനം",,,false,,false
Perfume/Aroma,عِطْر,عطر,"സുഗന്ധം, മണം",,,false,,false
Illness/Defect,عِلَّة,علة,"രോഗം, അസുഖം",,,false,,false
Elevation/Height,عُلُوّ,علو,"ഉയരം, ഔന്നത്യം",,,false,,false
Family/Household,عَائِلَة,عايلة,"കുടുംബം, ഗൃഹനാഥൻ",,,false,,false
Capital (city),عَاصِمَة,عاصمة,തലസ്ഥാനം,,,false,,false
Fodder/Straw,عَلَف,علف,"കാലിത്തീറ്റ, വൈക്കോൽ",,,false,,false
Sparrow/Small bird,عُصْفُور,عصفور,കുരുവി,,,false,,false
Anger/Rage,غَضَب,غضب,"കോപം, ദേഷ്യം",,,false,,false
Pillar/Column,عَمُود,عمود,"തൂൺ, സ്തംഭം",,,false,,false
Habits (Plural),عَادَات,عادات,"ശീലങ്ങൾ, ആചാരങ്ങൾ",,,false,,false
Gifts (Plural),عَطَايَا,عطايا,"സമ്മാനങ്ങൾ, ദാനങ്ങൾ",,,false,,false
Wisdom/Preaching,عِظَة,عظة,"ഉപദേശം, വിവേകം",,,false,,false
Lesson/Moral,عِبْرَة,عبرة,"പാഠം, സന്ദേശം",,,false,,false
Passage/Crossing,عُبُور,عبور,"കടന്നുപോക്ക്, യാത്ര",,,false,,false
Servant/Worshipper,عَبْد,عبد,"ഭൃത്യൻ, ആരാധകൻ",,,false,,false
Dust/Dirt,تُرَاب,تراب,"പൊടി, അഴുക്ക്",,,false,,false
Aromatic plant,عُطْرِيَّة,عطرية,സുഗന്ധമുള്ള സസ്യം,,,false,,false
Purity/Virginity,عِفَّة,عفة,"കന്യകാത്വം, വിശുദ്ധി",,,false,,false
Embrace/Hug,عِنَاق,عناق,ആലിംഗനം,,,false,,false
Title/Address,عُنْوَان,عنوان,"ശീർഷകം, വിലാസം",,,false,,false
Element/Factor,عُنْصُر,عنصر,"ഘടകം, കാരണം",,,false,,false
Promise/Appointment,وَعْد,وعد,"വാഗ്ദാനം, കൂടിക്കാഴ്ച",,,false,,false
Force/Violence,عُنْف,عنف,"ബലം, അക്രമം",,,false,,false
An era/A period of time,عَصْر,عصر,"ഒരു യുഗം, കാലഘട്ടം",,,false,,false
Knew/Learned,عَلِمَ,علم,"അറിയുക, പഠിക്കുക",,,false,,false
Did/Worked,عَمِلَ,عمل,"പ്രവർത്തിക്കുക, ജോലി ചെയ്യുക",,,false,,false
Returned/Came back,عَادَ,عاد,"മടങ്ങുക, തിരികെ വരിക",,,false,,false
Worshipped/Served,عَبَدَ,عبد,"ആരാധിക്കുക, സേവിക്കുക",,,false,,false
Crossed/Passed,عَبَرَ,عبر,"കടന്നുപോവുക, മറികടക്കുക",,,false,,false
Gave/Bestowed,أَعْطَى,اعطي,"നൽകുക, ദാനം ചെയ്യുക",,,false,,false
Lived/Survived,عَاشَ,عاش,"ജീവിക്കുക, നിലനിൽക്കുക",,,false,,false
Punished/Penalized,عَاقَبَ,عاقب,"ശിക്ഷിക്കുക, ദണ്ഡിക്കുക",,,false,,false
Treated/Handled,عَامَلَ,عامل,"കൈകാര്യം ചെയ്യുക, പെരുമാറുക",,,false,,false
Ascended/Rose,عَلَا,علا,"ഉയരുക, മുകളിലേക്ക് കയറുക",,,false,,false
Broke/Smashed,عَطَبَ,عطب,"തകർക്കുക, ഉടയ്ക്കുക",,,false,,false
Suffered/Was difficult,عَسُرَ,عسر,"കഷ്ടപ്പെടുക, ബുദ്ധിമുട്ടാവുക",,,false,,false
Connected/Linked,عَلَّقَ,علق,"ബന്ധിപ്പിക്കുക, കൂട്ടിച്ചേർക്കുക",,,false,,false
Filled/Packed,عَبَّأَ,عبا,"നിറയ്ക്കുക, പായ്ക്ക് ചെയ്യുക",,,false,,false
Wished/Desired,عَاوَزَ,عاوز,"ആഗ്രഹിക്കുക, അഭിലഷിക്കുക",,,false,,false
Helped/Assisted,عَاوَنَ,عاون,"സഹായിക്കുക, തുണയ്ക്കുക",,,false,,false
Protected/Guarded,عَصَمَ,عصم,"സംരക്ഷിക്കുക, കാത്തുസൂക്ഷിക്കുക",,,false,,false
Wandered/Roved,عَاثَ,عاث,"അലഞ്ഞുതിരിയുക, ചുറ്റിക്കറങ്ങുക",,,false,,false
Embraced/Hugged,عَانَقَ,عانق,"ആലിംഗനം ചെയ്യുക, കെട്ടിപ്പിടിക്കുക",,,false,,false
Counted/Considered,عَدَّ,عد,"എണ്ണുക, പരിഗണിക്കുക",,,false,,false
Apologized/Excused,اِعْتَذَرَ,اعتذر,"ക്ഷമ ചോദിക്കുക, ഒഴിവ് പറയുക",,,false,,false
Relied on/Depended on,اِعْتَمَدَ,اعتمد,"ആശ്രയിക്കുക, വിശ്വസിക്കുക",,,false,,false
Confessed/Admitted,اِعْتَرَفَ,اعترف,"സമ്മതിക്കുക, ഏറ്റുപറയുക",,,false,,false
Opposed/Objected,اِعْتَرَضَ,اعترض,"എതിർക്കുക, വിയോജിക്കുക",,,false,,false
Cared for/Attended to,اِعْتَنَى,اعتني,"ശ്രദ്ധിക്കുക, പരിപാലിക്കുക",,,false,,false
Taught/Instructed,عَلَّمَ,علم,"പഠിപ്പിക്കുക, ഉപദേശിക്കുക",,,false,,false
Agreed/Contracted,عَاقَدَ,عاقد,"സമ്മതിക്കുക, കരാറിലെത്തുക",,,false,,false
Pleased/Satisfied,أَعْجَبَ,اعجب,"സന്തോഷിപ്പിക്കുക, തൃപ്തിപ്പെടുത്തുക",,,false,,false
Was great/Magnificent,عَظُمَ,عظم,"മഹത്തരമാവുക, വലുതാവുക",,,false,,false
Isolated/Separated,عَزَلَ,عزل,"ഒറ്റപ്പെടുത്തുക, വേർതിരിക്കുക",,,false,,false
Failed/Was incapable,عَجَزَ,عجز,"പരാജയപ്പെടുക, കഴിവില്ലാതാവുക",,,false,,false
Accelerated/Hurried,عَجَّلَ,عجل,"വേഗത്തിലാക്കുക, ധൃതി കാണിക്കുക",,,false,,false
Was sick/Ill,عَلَّ,عل,"രോഗിയാവുക, അസുഖം ബാധിക്കുക",,,false,,false
Appointed/Designated,عَيَّنَ,عين,"നിയമിക്കുക, ചുമതലപ്പെടുത്തുക",,,false,,false
Chewed/Masticated,عَلَكَ,علك,ചവയ്ക്കുക,,,false,,false
Blamed/Reproached,عَاتَبَ,عاتب,"കുറ്റപ്പെടുത്തുക, ആക്ഷേപിക്കുക",,,false,,false
Stumbled/Tripped,عَثَرَ,عثر,"ഇടറുക, തട്ടിവീഴുക",,,false,,false
Invited,عَزَمَ,عزم,ക്ഷണിക്കുക,,,false,,false
Compensated/Replaced,عَوَّضَ,عوض,"നഷ്ടപരിഹാരം നൽകുക, പകരമാവുക",,,false,,false
Wailed/Howled,عَوَّلَ,عول,"നിലവിളിക്കുക, അലറുക",,,false,,false
Floated/Rose up,عَامَ,عام,"ഒഴുകിനടക്കുക, പൊങ്ങുക",,,false,,false
Cut off/Severed,عَضَدَ,عضد,"മുറിച്ചുമാറ്റുക, വേർപെടുത്തുക",,,false,,false
Assigned/Distributed,عَزَا,عزا,"പങ്കുവെക്കുക, വിതരണം ചെയ്യുക",,,false,,false
Shook/Trembled,اِرْتَعَشَ,ارتعش,"കുലുങ്ങുക, വിറയ്ക്കുക",,,false,,false
Escaped/Fled,عَدَا,عدا,"രക്ഷപ്പെടുക, ഓടിപ്പോവുക",,,false,,false
Was sweet/Delicious,عَذُبَ,عذب,"മധുരമാവുക, രുചികരമാവുക",,,false,,false
Prepared/Equipped,أَعَدَّ,اعد,"തയ്യാറെടുക്കുക, സജ്ജമാക്കുക",,,false,,false
Finished/Concluded,أَتْمَمَ,اتمم,"പൂർത്തിയാക്കുക, അവസാനിപ്പിക്കുക",,,false,,false
Caused/Resulted in,أَسْفَرَ,اسفر,"കാരണമാവുക, ഫലമാവുക",,,false,,false
Felt/Experienced,أَحَسَّ,احس,"അനുഭവിക്കുക, തോന്നുക",,,false,,false
Cloud,غَيْم,غيم,മേഘം,,,false,,false
Forest/Thicket,غَابَة,غابة,"കാട്, കുറ്റിക്കാട്",,,false,,false
Intrusion/Raid,غَارَة,غارة,"അതിക്രമം, ആക്രമണം",,,false,,false
Stranger/Foreigner,غَرِيب,غريب,"അപരിചിതൻ, വിദേശി",,,false,,false
Purpose/Goal,غَرَض,غرض,"ഉദ്ദേശ്യം, ലക്ഷ്യം",,,false,,false
Concealment/Secrecy,غَيْب,غيب,"ഒളിപ്പിക്കൽ, രഹസ്യം",,,false,,false
Mistake/Error,غَلَط,غلط,"തെറ്റ്, അബദ്ധം",,,false,,false
Richness/Wealth,غِنَى,غني,"സമ്പന്നത, ധനം",,,false,,false
Food/Meal,غِذَاء,غذاء,"ഭക്ഷണം, ആഹാരം",,,false,,false
Fodder/Forage,غَلّ,غل,"കാലിത്തീറ്റ, പുല്ല്",,,false,,false
Dawn/Early morning,غَسَق,غسق,"പ്രഭാതം, അതിരാവിലെ",,,false,,false
Gas,غَاز,غاز,വാതകം,,,false,,false
Ghoul/Demon,غُول,غول,"ഭൂതം, പിശാച്",,,false,,false
Vapor/Steam,غَمَام,غمام,നീരാവി,,,false,,false
غزوة (Raid/Battle),غَزْوَة,غزوة,"ആക്രമണം, യുദ്ധം",,,false,,false
Youth/Boy,غُلَام,غلام,"ബാലൻ, യുവാവ്",,,false,,false
Cover/Sheath,غِلَاف,غلاف,"പുറംചട്ട, ഉറ",,,false,,false
Singing,غِنَاء,غناء,"ഗാനം, പാട്ട്",,,false,,false
Rain/Downpour,غَيْث,غيث,"മഴ, പെരുമഴ",,,false,,false
Forgiveness,غُفْرَان,غفران,"ക്ഷമ, മാപ്പ്",,,false,,false
Spinning/Yarn,غَزْل,غزل,"നൂൽനൂൽപ്പ്, നൂൽ",,,false,,false
Deceit/Fraud,غِشّ,غش,"വഞ്ചന, കള്ളത്തരം",,,false,,false
Grief/Sorrow,غَمّ,غم,"ദുഃഖം, സങ്കടം",,,false,,false
West,غَرْب,غرب,പടിഞ്ഞാറ്,,,false,,false
Drowning,غَرَق,غرق,മുങ്ങിപ്പോവൽ,,,false,,false
Sheep/Goats,غَنَم,غنم,"ആടുകൾ, ചെമ്മരിയാട്",,,false,,false
Yoke/Shackle,غُلّ,غل,"നുകം, ചങ്ങല",,,false,,false
Boiling,غَلَيَان,غليان,തിളയ്ക്കൽ,,,false,,false
Jealousy/Zeal,غَيْرَة,غيرة,"അസൂയ, തീക്ഷ്ണത",,,false,,false
Washing,غَسْل,غسل,കഴുകൽ,,,false,,false
Wink/Hint,غَمْز,غمز,"കണ്ണിറുക്കൽ, സൂചന",,,false,,false
Dust,غُبَار,غبار,പൊടി,,,false,,false
Darkness/Gloomy place,غَيَاهِب,غياهب,"ഇരുട്ട്, ഇരുണ്ട സ്ഥലം",,,false,,false
Grief/Affliction,غُمَّة,غمة,"ദുരിതം, വിഷമം",,,false,,false
Absence/Backbiting,غَيْبَة,غيبة,"അസാന്നിദ്ധ്യം, ഏഷണി",,,false,,false
High cost/Expensiveness,غَلَاء,غلاء,"വിലവർദ്ധനവ്, ചെലവേറിയത്",,,false,,false
Fine/Penalty,غَرْم,غرم,"പിഴ, ശിക്ഷ",,,false,,false
Booty/Gains,غَنْم,غنم,"കൊള്ളമുതൽ, നേട്ടം",,,false,,false
Crow,غُرَاب,غراب,കാക്ക,,,false,,false
Gland,غُدَّة,غدة,ഗ്രന്ഥി,,,false,,false
Female stranger,غَرِيبَة,غريبة,അപരിചിതയായ സ്ത്രീ,,,false,,false
Victor/Winner,غَالِب,غالب,"ജേതാവ്, വിജയി",,,false,,false
Jealous/Protective,غَيُور,غيور,"അസൂയാലു, സംരക്ഷകൻ",,,false,,false
Small lake/Pond,غَدِير,غدير,"ചെറിയ തടാകം, കുളം",,,false,,false
Room/Chamber,غُرْفَة,غرفة,"മുറി, അറ",,,false,,false
Advantage/Opportunity,غُنْمَة,غنمة,"അവസരം, മെച്ചം",,,false,,false
Female Gazelle,غَزَالَة,غزالة,പെൺമാൻ,,,false,,false
Betrayal/Treachery,غُلُول,غلول,"വഞ്ചന, ചതി",,,false,,false
Thick hair/Bushy,غَفِير,غفير,ഇടതൂർന്ന മുടി,,,false,,false
Plunged/Dived,غَاصَ,غاص,"മുങ്ങുക, താഴുക",,,false,,false
Set (Sun)/Absent,غَابَ,غاب,"അസ്തമിക്കുക, അപ്രത്യക്ഷമാവുക",,,false,,false
Invaded/Raided,غَزَا,غزا,"ആക്രമിക്കുക, റെയ്ഡ് നടത്തുക",,,false,,false
Washed,غَسَلَ,غسل,"കഴുകുക, സ്നാനം ചെയ്യുക",,,false,,false
Covered/Concealed,غَطَّى,غطي,"മൂടുക, മറയ്ക്കുക",,,false,,false
Sank/Drowned,غَرِقَ,غرق,"മുങ്ങിപ്പോവുക, മുക്കുക",,,false,,false
Was rich/Self-sufficient,غَنِيَ,غني,"സമ്പന്നനാവുക, സ്വയംപര്യാപ്തമാവുക",,,false,,false
Was angry,غَضِبَ,غضب,"ദേഷ്യപ്പെടുക, കോപിക്കുക",,,false,,false
Overpowered/Won,غَلَبَ,غلب,"കീഴ്പ്പെടുത്തുക, ജയിക്കുക",,,false,,false
Changed/Altered,غَيَّرَ,غير,"മാറ്റുക, വ്യത്യാസം വരുത്തുക",,,false,,false
Made a mistake/Erred,غَلِطَ,غلط,"തെറ്റ് ചെയ്യുക, അബദ്ധം പറ്റുക",,,false,,false
Fed/Nourished,غَذَّى,غذي,"ഭക്ഷണം നൽകുക, പോറ്റുക",,,false,,false
Spun (Yarn),غَزَلَ,غزل,നൂൽ നൂൽക്കുക,,,false,,false
Forgave,غَفَرَ,غفر,"ക്ഷമിക്കുക, മാപ്പ് നൽകുക",,,false,,false
Cared for/Nurtured,غَرَّزَ,غرز,"പരിപാലിക്കുക, ശ്രദ്ധിക്കുക",,,false,,false
Cheated/Deceived,غَشَّ,غش,"വഞ്ചിക്കുക, കബളിപ്പിക്കുക",,,false,,false
Boiled,غَلَى,غلي,"തിളപ്പിക്കുക, തിളയ്ക്കുക",,,false,,false
Made a sound/Sang,غَنَّى,غني,"ശബ്ദമുണ്ടാക്കുക, പാടുക",,,false,,false
Set out/Departed,غَدَا,غدا,"പുറപ്പെടുക, യാത്രയാവുക",,,false,,false
Winked/Hinted,غَمَزَ,غمز,"കണ്ണിറുക്കുക, സൂചന നൽകുക",,,false,,false
Was strange/Foreign,غَرُبَ,غرب,"അപരിചിതനാവുക, വിദേശിയാവുക",,,false,,false
Immersed/Submerged,غَمَرَ,غمر,"ആഴ്ത്തുക, മുക്കുക",,,false,,false
Closed/Locked,غَلَقَ,غلق,"അടയ്ക്കുക, പൂട്ടിയിടുക",,,false,,false
Made a mistake/Sinned,اِسْتَغْفَرَ,استغفر,"പാപം ചെയ്യുക, തെറ്റ് ചെയ്യുക",,,false,,false
Helped (Cries for help),اِسْتَغَاثَ,استغاث,സഹായത്തിനായി നിലവിളിക്കുക,,,false,,false
Used/Employed,اِسْتَغَلَّ,استغل,"ഉപയോഗിക്കുക, പ്രയോജനപ്പെടുത്തുക",,,false,,false
Became angry,تَغَضَّبَ,تغضب,കോപാകുലനാവുക,,,false,,false
Changed (Itself),تَغَيَّرَ,تغير,സ്വയം മാറുക,,,false,,false
Ignored/Neglected,تَغَافَلَ,تغافل,"അവഗണിക്കുക, ശ്രദ്ധിക്കാതിരിക്കുക",,,false,,false
Fed (Mutual),تَغَاذَى,تغاذي,പരസ്പരം ഭക്ഷണം നൽകുക,,,false,,false
Closed (Mutual),تَغَالَقَ,تغالق,പരസ്പരം അടയ്ക്കുക,,,false,,false
Got rich,اِغْتَنَى,اغتني,സമ്പന്നനാവുക,,,false,,false
Became concealed,اِغْتَابَ,اغتاب,മറഞ്ഞിരിക്കുക,,,false,,false
Oppressed/Violated,اِغْتَصَبَ,اغتصب,"അടിച്ചമർത്തുക, ലംഘിക്കുക",,,false,,false
Assisted/Helped,غَاثَ,غاث,"സഹായിക്കുക, തുണയ്ക്കുക",,,false,,false
Dipped/Sank,أَغْرَقَ,اغرق,"മുക്കുക, ആഴ്ത്തുക",,,false,,false
Made rich/Enriched,أَغْنَى,اغني,"സമ്പന്നനാക്കുക, ധനം നൽകുക",,,false,,false
Made angry/Provoked,أَغْضَبَ,اغضب,"കോപിപ്പിക്കുക, പ്രകോപിപ്പിക്കുക",,,false,,false
Put out (Fire)/Extinguished,أَطْفَأَ,اطفا,"കെടുത്തുക, അണയ്ക്കുക",,,false,,false
Confused/Mixed,غَالَطَ,غالط,"ആശയക്കുഴപ്പത്തിലാക്കുക, കൂട്ടിക്കലർത്തുക",,,false,,false
Sank (Made to sink),غَطَسَ,غطس,മുങ്ങാൻ കാരണമാവുക,,,false,,false
Covered (Itself),تَغَطَّى,تغطي,സ്വയം മൂടുക,,,false,,false
Bathed/Washed self,اِغْتَسَلَ,اغتسل,"കുളിക്കുക, സ്വയം കഴുകുക",,,false,,false
Became intoxicated,غَمِرَ,غمر,ലഹരിയിലാവുക,,,false,,false
Was absent (Made absent),غَيَّبَ,غيب,അസാന്നിധ്യത്തിലായി,,,false,,false
Mistreated/Abused,غَالَ,غال,"മോശമായി പെരുമാറുക, ഉപദ്രവിക്കുക",,,false,,false
Became difficult,غَلَبَ,غلب,ബുദ്ധിമുട്ടാവുക,,,false,,false
Caused to boil,أَغْلَى,اغلي,തിളപ്പിക്കുക,,,false,,false
Spun (Made to spin),غَزَّلَ,غزل,നൂൽ നൂൽപ്പിക്കുക,,,false,,false
Received a guest/Hosted,غَدَّى,غدي,അതിഥിയെ സ്വീകരിക്കുക,,,false,,false
Victory/Triumph,فَوْز,فوز,"വിജയം, ജയം",,,false,,false
Success,فَلَاح,فلاح,"വിജയം, ലക്ഷ്യപ്രാപ്തി",,,false,,false
Opening/Conquest,فَتْح,فتح,"തുറക്കൽ, വിജയം",,,false,,false
Youth/Young man,فَتَى,فتي,"യുവാവ്, ബാലൻ",,,false,,false
Youth/Young woman,فَتَاة,فتاة,"യുവതി, ബാലിക",,,false,,false
Art/Technique,فَنّ,فن,"കല, വിദ്യ",,,false,,false
Idea/Thought,فِكْرَة,فكرة,"ആശയം, ചിന്ത",,,false,,false
Separation/ الفصل,فَصْل,فصل,"വേർതിരിക്കൽ, വിഭാഗം",,,false,,false
Poverty/Need,فَقْر,فقر,"ദാരിദ്ര്യം, ആവശ്യം",,,false,,false
Pride/Boasting,فَخْر,فخر,"അഹങ്കാരം, പൊങ്ങച്ചം",,,false,,false
Mouth,فَمّ,فم,വായ,,,false,,false
Group/Team,فِرْقَة,فرقة,"സംഘം, കൂട്ടം",,,false,,false
Opportunity,فُرْصَة,فرصة,അവസരം,,,false,,false
Robe/Dress,فُسْتَان,فستان,"വസ്ത്രം, അങ്കി",,,false,,false
Breakfast,فُطُور,فطور,പ്രഭാതഭക്ഷണം,,,false,,false
Wisdom,فِقْه,فقه,"വിവേകം, ജ്ഞാനം",,,false,,false
Category/Class,فِئَة,فية,"വർഗ്ഗം, തരം",,,false,,false
Jaw,فَكّ,فك,താടിയെല്ല്,,,false,,false
Space/Gap,فَرَاغ,فراغ,"ഇടം, വിടവ്",,,false,,false
Bed/Mat,فِرَاش,فراش,"കിടക്ക, പായ",,,false,,false
Paradise/Garden,فِرْدَوْس,فردوس,"പറുദീസ, പൂന്തോട്ടം",,,false,,false
Artist,فَنَّان,فنان,കലാകാരൻ,,,false,,false
Scholar/Jurist,فَقِيه,فقيه,"പണ്ഡിതൻ, നിയമജ്ഞൻ",,,false,,false
Chapter/Section,فَصْل,فصل,"അദ്ധ്യായം, ഭാഗം",,,false,,false
Spring (Season),فَصْل,فصل,വസന്തകാലം,,,false,,false
Philosophy,فَلْسَفَة,فلسفة,തത്വശാസ്ത്രം,,,false,,false
Farmer/Cultivator,فَلَّاح,فلاح,"കർഷകൻ, കൃഷിക്കാരൻ",,,false,,false
The Nile,نِيل,نيل,നൈൽ നദി,,,false,,false
Flower,زَهْرَة,زهرة,പുഷ്പം,,,false,,false
Money/Cash,نَقْد,نقد,"പണം, നാണയം",,,false,,false
Branch,فَرْع,فرع,ശാഖ,,,false,,false
Unique/Individual,فَرْد,فرد,"ഒറ്റപ്പെട്ടത്, തനിച്ച്",,,false,,false
Difference/Variety,فَارِق,فارق,"വ്യത്യാസം, വൈവിധ്യം",,,false,,false
Joy/Delight,فَرْحَة,فرحة,"സന്തോഷം, ആനന്ദം",,,false,,false
Shine/Glow,فَتِيْل,فتيل,"തിളക്കം, പ്രകാശം",,,false,,false
Ribbon/Cord,فَتِيْل,فتيل,"റിബൺ, ചരട്",,,false,,false
Wick,فَتِيْل,فتيل,തിരി,,,false,,false
Mouthful/ لقمه,فَمّ,فم,"ഒരു ഉരുള, വായ നിറയെ",,,false,,false
Sponge,فُنْجَان,فنجان,സ്പോഞ്ച്,,,false,,false
Cup,فُنْجَان,فنجان,കപ്പ്,,,false,,false
Mouse/Rat,فَأْر,فار,എലി,,,false,,false
Tongue/Language,لِسَان,لسان,"നാവ്, ഭാഷ",,,false,,false
Shoulder,كَتِف,كتف,തോളെല്ല്,,,false,,false
Did/Performed,فَعَلَ,فعل,"ചെയ്യുക, നിർവ്വഹിക്കുക",,,false,,false
Opened,فَتَحَ,فتح,തുറക്കുക,,,false,,false
Won/Succeeded,فَازَ,فاز,"വിജയിക്കുക, വിജയം നേടുക",,,false,,false
Understood,فَهِمَ,فهم,മനസ്സിലാക്കുക,,,false,,false
Separated/Decided,فَصَلَ,فصل,"വേർതിരിക്കുക, തീരുമാനിക്കുക",,,false,,false
Lost/Missed,فَقَدَ,فقد,"നഷ്ടപ്പെടുക, ഒഴിവാക്കുക",,,false,,false
Failed/Was unsuccessful,فَشِلَ,فشل,"പരാജയപ്പെടുക, വിഫലമാവുക",,,false,,false
Was superior/Preferred,فَضَلَ,فضل,"മെച്ചപ്പെടുക, ഇഷ്ടപ്പെടുക",,,false,,false
Broke (Fell apart),فَرِقَ,فرق,"പൊട്ടുക, തകരുക",,,false,,false
Was happy/Rejoiced,فَرِحَ,فرح,"സന്തോഷിക്കുക, ആഹ്ളാദിക്കുക",,,false,,false
Spread/Expanded,فَرَشَ,فرش,"പരത്തുക, വ്യാപിപ്പിക്കുക",,,false,,false
Fled/Escaped,فَرَّ,فر,"ഓടിപ്പോവുക, രക്ഷപ്പെടുക",,,false,,false
Divided/Split,فَرَّقَ,فرق,"വിഭജിക്കുക, പങ്കിടുക",,,false,,false
Released/Freed,فَكَّ,فك,"വിട്ടയയ്ക്കുക, സ്വതന്ത്രമാക്കുക",,,false,,false
Thought/Reflected,فَكَّرَ,فكر,"ചിന്തിക്കുക, ആലോചിക്കുക",,,false,,false
Woke up/Aroused,فَاقَ,فاق,"ഉണർത്തുക, ഉണരുക",,,false,,false
Exceeded/Surpassed,فَاقَ,فاق,"കവിയുക, അതിശയിക്കുക",,,false,,false
Met/Encountered,قَابَلَ,قابل,"കണ്ടുമുട്ടുക, നേർക്ക് വരുക",,,false,,false
Killed/Slew,قَتَلَ,قتل,"കൊല്ലുക, വധിക്കുക",,,false,,false
Came/Arrived,قَدِمَ,قدم,"വരിക, എത്തുക",,,false,,false
Settled/Decided,قَرَّ,قر,"സ്ഥിരതാമസമാക്കുക, തീർപ്പുകൽപ്പിക്കുക",,,false,,false
Cut/Chopped,قَطَعَ,قطع,"മുറിക്കുക, അരിയുക",,,false,,false
Accepted/Received,قَبِلَ,قبل,"സ്വീകരിക്കുക, ഏറ്റുവാങ്ങുക",,,false,,false
Threw/Cast,قَذَفَ,قذف,"എറിയുക, വലിച്ചെറിയുക",,,false,,false
Measured/Estimated,قَاسَ,قاس,"അളക്കുക, കണക്കാക്കുക",,,false,,false
Kissed,قَبَّلَ,قبل,ചുംബിക്കുക,,,false,,false
Opened (Made to),أَفْتَحَ,افتح,തുറപ്പിക്കുക,,,false,,false
Benefited/Gained,اِسْتَفَادَ,استفاد,"പ്രയോജനപ്പെടുക, നേട്ടമുണ്ടാക്കുക",,,false,,false
Understood (Sought to),اِسْتَفْهَمَ,استفهم,മനസ്സിലാക്കാൻ ശ്രമിക്കുക,,,false,,false
Asked/Inquired,اِسْتَفْسَرَ,استفسر,"ചോദിക്കുക, അന്വേഷിക്കുക",,,false,,false
Broke (Intensely),فَتَّتَ,فتت,"തകർക്കുക, ഭേദിക്കുക",,,false,,false
Missed (Gave away),أَفْقَدَ,افقد,നഷ്ടപ്പെടുത്തുക,,,false,,false
Was proud/Boasted,تَفَاخَرَ,تفاخر,"അഹങ്കരിക്കുക, വീമ്പിളക്കുക",,,false,,false
Separated (Mutual),تَفَاصَلَ,تفاصل,പരസ്പരം വേർപിരിയുക,,,false,,false
Was different/Varied,تَفَاوَتَ,تفاوت,"വ്യത്യാസപ്പെടുക, ഭിന്നമാവുക",,,false,,false
Made happy,فَرَّحَ,فرح,സന്തോഷിപ്പിക്കുക,,,false,,false
Emptied,أَفْرَغَ,افرغ,കാലിയാക്കുക,,,false,,false
Saved/Rescued,اِسْتَنْقَذَ,استنقذ,"രക്ഷിക്കുക, മോചിപ്പിക്കുക",,,false,,false
Wasted/Squandered,أَسْرَفَ,اسرف,"പാഴാക്കുക, ധൂർത്തടിക്കുക",,,false,,false
Issued (Decree)/Ordered,فَرَضَ,فرض,"വിധി പുറപ്പെടുവിക്കുക, കൽപ്പിക്കുക",,,false,,false
Separated (Divided),فَارَقَ,فارق,വേർതിരിക്കുക,,,false,,false
Escaped (Tried to),تَفَرَّرَ,تفرر,രക്ഷപ്പെടാൻ ശ്രമിക്കുക,,,false,,false
Isolated/Singled out,فَرَدَ,فرد,"ഒറ്റപ്പെടുത്തുക, വേർതിരിക്കുക",,,false,,false
Excelled/Surpassed others,تَفَوَّقَ,تفوق,"മികച്ചുനിൽക്കുക, മറ്റുള്ളവരെ കവിയുക",,,false,,false
Delegated/Entrusted,فَوَّضَ,فوض,"ചുമതലപ്പെടുത്തുക, ഭരമേൽപ്പിക്കുക",,,false,,false
Exploded/Burst,اِنْفَجَرَ,انفجر,"പൊട്ടിത്തെറിക്കുക, പൊട്ടിപ്പുറപ്പെടുക",,,false,,false
Separated (Got separated),اِنْفَصَلَ,انفصل,വേർപിരിയുക,,,false,,false
Was happy (Made to),اِسْتَفْرَحَ,استفرح,സന്തോഷത്തിലായി,,,false,,false
Distributed/Shared,فَوَّزَ,فوز,"വിതരണം ചെയ്യുക, പങ്കിടുക",,,false,,false
Interpreted/Explained,فَسَّرَ,فسر,"വ്യാഖ്യാനിക്കുക, വിശദീകരിക്കുക",,,false,,false
Pen,قَلَم,قلم,പേന,,,false,,false
Heart,قَلْب,قلب,"ഹൃദയം, മനസ്സ്",,,false,,false
Value/Worth,قِيمَة,قيمة,"വില, മൂല്യം",,,false,,false
Law/Rule,قَانُون,قانون,"നിയമം, ചട്ടം",,,false,,false
Story/Tale,قِصَّة,قصة,"കഥ, ആഖ്യാനം",,,false,,false
Destiny/Fate,قَدَر,قدر,"വിധി, തലയിലെഴുത്ത്",,,false,,false
Base/Bottom,قَاع,قاع,"അടിത്തറ, താഴെ",,,false,,false
Power/Ability,قُوَّة,قوة,"ശക്തി, കഴിവ്",,,false,,false
Age/Time,قَرْن,قرن,"നൂറ്റാണ്ട്, സമയം",,,false,,false
Debt/Loan,قَرْض,قرض,"കടം, വായ്പ",,,false,,false
Palace/Castle,قَصْر,قصر,"കൊട്ടാരം, കോട്ട",,,false,,false
Purity/Clarity,نَقَاء,نقاء,"പരിശുദ്ധി, വ്യക്തത",,,false,,false
Decision/Resolution,قَرَار,قرار,"തീരുമാനം, നിശ്ചയം",,,false,,false
Relative/Kinsman,قَرِيب,قريب,"ബന്ധു, കുടുംബാംഗം",,,false,,false
Portion/Share,قِسْمَة,قسمة,"ഭാഗം, ഓഹരി",,,false,,false
Jump/Leap,قَفْزَة,قفزة,"ചാട്ടം, കുതിപ്പ്",,,false,,false
Cage/Trap,قَفَص,قفص,"കൂട്, കെണി",,,false,,false
Weight,وَزْن,وزن,"ഭാരം, തൂക്കം",,,false,,false
Pillar/Foundation,قَاعِدَة,قاعدة,"തൂൺ, അടിസ്ഥാനം",,,false,,false
Agreement/Contract,عَقْد,عقد,"ഉടമ്പടി, കരാർ",,,false,,false
Cemetery/Graveyard,قَبْر,قبر,"ശ്മശാനം, ഖബറിടം",,,false,,false
Tribesman/Nomad,قَبِيلَة,قبيلة,"ഗോത്രക്കാരൻ, നാടോടി",,,false,,false
Foot/Leg,قَدَم,قدم,"കാൽ, പാദം",,,false,,false
Small amount/Little,قِلَّة,قلة,"കുറഞ്ഞ അളവ്, അല്പം",,,false,,false
Food/Livelihood,قُوت,قوت,"ഭക്ഷണം, ഉപജീവനം",,,false,,false
Cotton,قُطْن,قطن,പഞ്ഞി,,,false,,false
Pole/Axis,قُطْب,قطب,"ധ്രുവം, അച്ചുതണ്ട്",,,false,,false
District/Sector,قِطَاع,قطاع,"ജില്ല, വിഭാഗം",,,false,,false
Piece/Slice,قِطْعَة,قطعة,"കഷ്ണം, ഭാഗം",,,false,,false
Lid/Cover,غِطَاء,غطاء,"അടപ്പ്, മൂടി",,,false,,false
Nearness/Proximity,قُرْب,قرب,"അടുപ്പം, സമീപം",,,false,,false
Loan/Borrowing,اِقْتِرَاض,اقتراض,"വായ്പയെടുക്കൽ, കടമെടുക്കൽ",,,false,,false
Comparison,مُقَارَنَة,مقارنة,താരതമ്യം,,,false,,false
Measurement,قِيَاس,قياس,അളവ്,,,false,,false
Leader/Commander,قَائِد,قايد,"നേതാവ്, സൈന്യാധിപൻ",,,false,,false
Judge/Ruler,قَاضِي,قاضي,"ന്യായാധിപൻ, ഭരണാധികാരി",,,false,,false
Reader/Reciter,قَارِئ,قاري,"വായനക്കാരൻ, പാരായണം ചെയ്യുന്നവൻ",,,false,,false
Tunnel,نَفَق,نفق,തുരങ്കം,,,false,,false
Small boat/Ship,قَارِب,قارب,"ചെറിയ കപ്പൽ, വഞ്ചി",,,false,,false
Channel/Canal,قَنَاة,قناة,"ചാനൽ, കനാൽ",,,false,,false
Hat/Cap,قُبَّعَة,قبعة,തൊപ്പി,,,false,,false
Lock,قُفْل,قفل,പൂട്ട്,,,false,,false
Container/Bottle,قَارُورَة,قارورة,"പാത്രം, കുപ്പി",,,false,,false
Limit/Boundary,قَصْوَى,قصوي,"പരിധി, അതിര്",,,false,,false
Oath/Promise,قَسَم,قسم,"സത്യം, പ്രതിജ്ഞ",,,false,,false
Hardness/Cruelty,قَسَاوَة,قساوة,"കാഠിന്യം, ക്രൂരത",,,false,,false
Cousin (Female),قَرِيبَة,قريبة,കസിൻ (പെൺ),,,false,,false
Small cup/Bowl,قَدَح,قدح,"ചെറിയ കപ്പ്, പാത്രം",,,false,,false
Said/Spoke,قَالَ,قال,"പറയുക, സംസാരിക്കുക",,,false,,false
Stood/Rose,قَامَ,قام,"എഴുന്നേൽക്കുക, നിൽക്കുക",,,false,,false
Killed,قَتَلَ,قتل,"കൊല്ലുക, വധിക്കുക",,,false,,false
Came/Arrived,قَدِمَ,قدم,"വരിക, എത്തിച്ചേരുക",,,false,,false
Cut/Severed,قَطَعَ,قطع,"മുറിക്കുക, ഛേദിക്കുക",,,false,,false
Accepted/Received,قَبِلَ,قبل,"സ്വീകരിക്കുക, ഏറ്റെടുക്കുക",,,false,,false
Measured/Compared,قَاسَ,قاس,"അളക്കുക, താരതമ്യം ചെയ്യുക",,,false,,false
Decided/Resolved,قَرَّرَ,قرر,"തീരുമാനമെടുക്കുക, നിശ്ചയിക്കുക",,,false,,false
Read/Recited,قَرَأَ,قرا,"വായിക്കുക, പാരായണം ചെയ്യുക",,,false,,false
Lived/Resided,أَقَامَ,اقام,"താമസിക്കുക, ജീവിക്കുക",,,false,,false
Met/Encountered,قَابَلَ,قابل,"കണ്ടുമുട്ടുക, അഭിമുഖീകരിക്കുക",,,false,,false
Fought/Battled,قَاتَلَ,قاتل,"യുദ്ധം ചെയ്യുക, പോരാടുക",,,false,,false
Divided/Shared,قَسَّمَ,قسم,"പങ്കിടുക, വിഭജിക്കുക",,,false,,false
Settled/Fixed,قَرَّ,قر,"ഉറപ്പിക്കുക, സ്ഥിരപ്പെടുത്തുക",,,false,,false
Brought near/Approached,قَرَّبَ,قرب,"അടുപ്പിക്കുക, സമീപിക്കുക",,,false,,false
Asked/Demanded,اِسْتَقْصَى,استقصي,"ചോദിക്കുക, ആവശ്യപ്പെടുക",,,false,,false
Borrowed/Took a loan,اِقْتَرَضَ,اقترض,"കടം വാങ്ങുക, വായ്പയെടുക്കുക",,,false,,false
Followed/Traced,اِقْتَفَى,اقتفي,"പിന്തുടരുക, പിൻപറ്റുക",,,false,,false
Approached (Got near),اِقْتَرَبَ,اقترب,"അടുത്തുവരിക, സമീപിക്കുക",,,false,,false
Acquired/Earned,اِكْتَسَبَ,اكتسب,"നേടുക, സമ്പാദിക്കുക",,,false,,false
Believed/Trusted,وَثِقَ,وثق,"വിശ്വസിക്കുക, ആശ്രയിക്കുക",,,false,,false
Spent/Passed (Time),قَضَى,قضي,"ചെലവഴിക്കുക, സമയം പോവുക",,,false,,false
Judged/Ruled,قَضَى,قضي,"വിധിക്കുക, ഭരണം നടത്തുക",,,false,,false
Stood (Made to stand),أَقَامَ,اقام,"നിർത്തുക, സ്ഥാപിക്കുക",,,false,,false
Acknowledged/Confirmed,أَقَرَّ,اقر,"സ്ഥിരീകരിക്കുക, അംഗീകരിക്കുക",,,false,,false
Cut (Made to),قَطَّعَ,قطع,മുറിക്കാൻ സഹായിക്കുക,,,false,,false
Swore/Took an oath,أَقْسَمَ,اقسم,"സത്യം ചെയ്യുക, ശപഥമെടുക്കുക",,,false,,false
Was destined/Decided,قُدِّرَ,قدر,"വിധിക്കപ്പെടുക, തീരുമാനിക്കപ്പെടുക",,,false,,false
Woke up,اِسْتَيْقَظَ,استيقظ,ഉണരുക,,,false,,false
Hated/Disliked,كَرِهَ,كره,"വെറുക്കുക, ഇഷ്ടപ്പെടാതിരിക്കുക",,,false,,false
Became firm/Strong,اِسْتَقَرَّ,استقر,"ഉറയ്ക്കുക, ശക്തമാവുക",,,false,,false
Compared (Mutual),تَقَايَسَ,تقايس,പരസ്പരം താരതമ്യം ചെയ്യുക,,,false,,false
Divided (Mutual),تَقَاسَمَ,تقاسم,പരസ്പരം പങ്കിടുക,,,false,,false
Approached (Mutual),تَقَارَبَ,تقارب,പരസ്പരം അടുക്കുക,,,false,,false
Got near/Came close,قَرُبَ,قرب,അടുത്തുവരിക,,,false,,false
Strengthened,قَوَّى,قوي,ശക്തിപ്പെടുത്തുക,,,false,,false
Limited/Restricted,قَيَّدَ,قيد,"പരിമിതപ്പെടുത്തുക, തടസ്സപ്പെടുത്തുക",,,false,,false
Established/Founded,أَسَّسَ,اسس,"സ്ഥാപിക്കുക, അടിസ്ഥാനമിടുക",,,false,,false
Turned over/Flipped,قَلَبَ,قلب,"മറിച്ചിടുക, തലകീഴാക്കുക",,,false,,false
Cut off/Severed (Intensely),قَطَّعَ,قطع,പൂർണ്ണമായും മുറിച്ചുമാറ്റുക,,,false,,false
Ended/Finished,أَنْهَى,انهي,"അവസാനിപ്പിക്കുക, പൂർത്തിയാക്കുക",,,false,,false
Wore (Garment),لَبِسَ,لبس,"ധരിക്കുക, അണിയുക",,,false,,false
Sufficed/Was enough,كَفَى,كفي,"മതിയാവുക, പര്യാപ്തമാവുക",,,false,,false
Reached/Attained,بَلَغَ,بلغ,"എത്തുക, കരഗതമാവുക",,,false,,false
Drained/Squeezed,قَطَّرَ,قطر,"ഊറ്റിയെടുക്കുക, പിഴിഞ്ഞെടുക്കുക",,,false,,false
Was dry/Withered,جَفَّ,جف,"ഉണങ്ങുക, വാടുക",,,false,,false
Was short,قَصُرَ,قصر,നീളം കുറവായിരിക്കുക,,,false,,false
Purified/Refined,نَقَّى,نقي,"ശുദ്ധീകരിക്കുക, പരിഷ്കരിക്കുക",,,false,,false
Hand/Palm,كَفّ,كف,"കൈ, കൈപ്പത്തി",,,false,,false
Star/Planet,كَوْكَب,كوكب,"നക്ഷത്രം, ഗ്രഹം",,,false,,false
Cup/Glass,كَأْس,كاس,"കോപ്പ, ഗ്ലാസ്",,,false,,false
Total/Amount,كُلّ,كل,"ആകെ, തുക",,,false,,false
الكعبة (Kaaba),كَعْبَة,كعبة,കഅബ (മക്കയിലെ ആരാധനാലയം),,,false,,false
Honor/Generosity,كَرَامَة,كرامة,"ബഹുമാനം, ഔദാര്യം",,,false,,false
Lie/Falsehood,كَذِب,كذب,"നുണ, കള്ളം",,,false,,false
الكفر (Disbelief),كُفْر,كفر,"അവിശ്വാസം, നിഷേധം",,,false,,false
Hidden Treasure,كَنْز,كنز,"നിധി, ഒളിപ്പിച്ചുവെച്ചത്",,,false,,false
Universe/Cosmos,كَوْن,كون,"പ്രപഞ്ചം, ലോകം",,,false,,false
Words/Speech (Pl.),كَلِمَات,كلمات,"വാക്കുകൾ, സംസാരം",,,false,,false
Grief/Worry,كَرْب,كرب,"ദുഃഖം, വിഷമം",,,false,,false
Chair/Seat,كُرْسِيّ,كرسي,"കസേര, ഇരിപ്പിടം",,,false,,false
Ball,كُرَة,كرة,പന്ത്,,,false,,false
Priest/Clergyman,كَاهِن,كاهن,"പുരോഹിതൻ, മതപുരുഷൻ",,,false,,false
Writer/Clerk,كَاتِب,كاتب,"എഴുത്തുകാരൻ, ഗുമസ്തൻ",,,false,,false
Large/Great,كَبِير,كبير,"വലുത്, മഹത്തായത്",,,false,,false
Small/Little,صَغِير,صغير,"ചെറുത്, അല്പം",,,false,,false
Old (Age),شَيْخ,شيخ,"വയസ്സായ, പഴക്കം ചെന്ന",,,false,,false
Foot,قَدَم,قدم,കാൽ,,,false,,false
Side/Edge,جَانِب,جانب,"ഭാഗം, വശം",,,false,,false
Plate/Dish,طَبَق,طبق,"തളിക, പാത്രം",,,false,,false
Vegetable,خُضَار,خضار,പച്ചക്കറി,,,false,,false
Sheep,كَبْش,كبش,ചെമ്മരിയാട്,,,false,,false
Liver,كَبِد,كبد,കരൾ,,,false,,false
Gloves/Mittens,كُفُوف,كفوف,കൈയ്യുറകൾ,,,false,,false
Density/Thickness,كَثَافَة,كثافة,"കനം, സാന്ദ്രത",,,false,,false
Abundance/Plenty,كَثْرَة,كثرة,"ധാരാളം, സമൃദ്ധി",,,false,,false
Deficiency/Lack,نَقْص,نقص,"കുറവ്, ന്യൂനത",,,false,,false
Weakness,ضَعْف,ضعف,ബലഹീനത,,,false,,false
Planet (Pl.),كَوَاكِب,كواكب,ഗ്രഹങ്ങൾ,,,false,,false
A city in Iraq,كَرْبَلَاء,كربلاء,ഇറാഖിലെ ഒരു നഗരം,,,false,,false
Treasure/Hoard,كِنْز,كنز,"നിക്ഷേപം, ശേഖരം",,,false,,false
Glass,زُجَاج,زجاج,"ചില്ല്, കണ്ണാടി",,,false,,false
Perfume,عِطْر,عطر,സുഗന്ധദ്രവ്യം,,,false,,false
Word,كَلِمَة,كلمة,വാക്ക്,,,false,,false
Honorable/Noble,كَرِيم,كريم,"മാന്യൻ, ഉത്തമൻ",,,false,,false
Dishonor,إِهَانَة,اهانة,"മാനക്കേട്, അപമാനം",,,false,,false
A type of pitcher/Jug,كُوز,كوز,"ഒരുതരം കുടം, ഭരണി",,,false,,false
Sack/Bag,كِيْس,كيس,"ചാക്ക്, സഞ്ചി",,,false,,false
Sandal,نَعْل,نعل,"ചെരിപ്പ്, പാദരക്ഷ",,,false,,false
Shoulder (Pl.),أَكْتَاف,اكتاف,തോളുകൾ,,,false,,false
Star (Pl.),نُجُوم,نجوم,നക്ഷത്രങ്ങൾ,,,false,,false
Temple (Forehead),جَبْهَة,جبهة,നെറ്റിത്തടം,,,false,,false
Writing,كِتَابَة,كتابة,എഴുത്ത്,,,false,,false
Was/Existed,كَانَ,كان,"ആയിരിക്കുക, നിലനിൽക്കുക",,,false,,false
Wrote,كَتَبَ,كتب,എഴുതുക,,,false,,false
Ate,أَكَلَ,اكل,കഴിക്കുക,,,false,,false
Was big/Great,كَبُرَ,كبر,"വലുതാവുക, മഹത്വമുള്ളതാവുക",,,false,,false
Was generous/Noble,كَرُمَ,كرم,"ഔദാര്യമുള്ളവനാവുക, മാന്യനാവുക",,,false,,false
Lied,كَذَبَ,كذب,"നുണ പറയുക, കള്ളം പറയുക",,,false,,false
Disbelieved/Denied,كَفَرَ,كفر,"അവിശ്വസിക്കുക, നിഷേധിക്കുക",,,false,,false
Controlled/Curbed,كَفَّ,كف,"നിയന്ത്രിക്കുക, തടയുക",,,false,,false
Gained/Acquired,كَسَبَ,كسب,"നേടുക, സ്വന്തമാക്കുക",,,false,,false
Broke,كَسَرَ,كسر,"പൊട്ടിക്കുക, തകർക്കുക",,,false,,false
Dressed/Clothed,كَسَا,كسا,വസ്ത്രം ധരിപ്പിക്കുക,,,false,,false
Repeated/Reiterated,كَرَّرَ,كرر,"ആവർത്തിക്കുക, വീണ്ടും പറയുക",,,false,,false
Multiplied/Increased,كَثَّرَ,كثر,"വർദ്ധിപ്പിക്കുക, പെരുപ്പിക്കുക",,,false,,false
Magnified/Exaggerated,كَبَّرَ,كبر,"വലുതാക്കി കാണിക്കുക, അതിശയോക്തി പറയുക",,,false,,false
Honored/Respected,كَرَّمَ,كرم,"ആദരിക്കുക, ബഹുമാനിക്കുക",,,false,,false
Learned/Acquired,اِكْتَسَبَ,اكتسب,"പഠിക്കുക, നേടുക",,,false,,false
Discovered/Invented,اِكْتَشَفَ,اكتشف,"കണ്ടെത്തുക, കണ്ടുപിടിക്കുക",,,false,,false
Completed/Finished,أَكْمَلَ,اكمل,"പൂർത്തിയാക്കുക, അവസാനിപ്പിക്കുക",,,false,,false
Ate (Made to),أَكَلَ,اكل,കഴിപ്പിക്കുക,,,false,,false
Was sad/Gloomy,كَمَدَ,كمد,"ദുഃഖിതനാവുക, വിഷാദത്തിലാവുക",,,false,,false
Sufficed (Made to),أَكْفَى,اكفي,മതിയാക്കുക,,,false,,false
Covered/Concealed,كَفَنَ,كفن,"മൂടുക, ഒളിച്ചു വയ്ക്കുക",,,false,,false
Held back/Restrained,كَظَمَ,كظم,"പിടിച്ചുനിർത്തുക, തടയുക",,,false,,false
Was complete/Perfect,كَمُلَ,كمل,"പൂർണ്ണമാവുക, കുറ്റമറ്റതാവുക",,,false,,false
To be like/Resemble,كَادَ,كاد,"പോലെയാവുക, സാദൃശ്യപ്പെടുക",,,false,,false
Wound/Curled,كَوَّرَ,كور,"ചുറ്റുക, വളയ്ക്കുക",,,false,,false
Planned/Plotted,كَادَ,كاد,"ആസൂത്രണം ചെയ്യുക, ഗൂഢാലോചന നടത്തുക",,,false,,false
To accumulate/Heap up,كَوَّمَ,كوم,"കൂമ്പാരമാക്കുക, ശേഖരിക്കുക",,,false,,false
Was broken,اِنْكَسَرَ,انكسر,"തകരുക, പൊട്ടുക",,,false,,false
Was discovered,اُنْكُشِفَ,انكشف,കണ്ടെത്തപ്പെടുക,,,false,,false
Consulted (Mutual),تَشَاوَرَ,تشاور,പരസ്പരം ആലോചിക്കുക,,,false,,false
Grew weary/Tired,كَلَّ,كل,"ക്ഷീണിക്കുക, തളരുക",,,false,,false
To be numerous,كَثُرَ,كثر,ധാരാളമാവുക,,,false,,false
To suffer loss,خَسِرَ,خسر,നഷ്ടം സഹിക്കുക,,,false,,false
To be silent,صَمَتَ,صمت,നിശ്ശബ്ദനാവുക,,,false,,false
To pour/Spill,صَبَّ,صب,"ഒഴിക്കുക, തുളുമ്പുക",,,false,,false
To hold/Grip,أَمْسَكَ,امسك,"പിടിക്കുക, മുറുക്കിപ്പിടിക്കുക",,,false,,false
To guarantee/Ensure,كَفَلَ,كفل,"ഉറപ്പുനൽകുക, ജാമ്യം നിൽക്കുക",,,false,,false
To be contained/Hold,اِحْتَوَى,احتوي,"ഉൾക്കൊള്ളുക, വഹിക്കുക",,,false,,false
To be sufficient,اِكْتَفَى,اكتفي,മതിയാവുക,,,false,,false
To force/Compel,أَكْرَهَ,اكره,"നിർബന്ധിക്കുക, പ്രേരിപ്പിക്കുക",,,false,,false
To write (Made to),كَتَّبَ,كتب,എഴുതിപ്പിക്കുക,,,false,,false
To be tired (Made to),كَلَّلَ,كلل,ക്ഷീണിപ്പിക്കുക,,,false,,false
To be covered (Itself),تَكَفَّنَ,تكفن,സ്വയം മൂടുക,,,false,,false
To be magnified,تَكَبَّرَ,تكبر,വലുതാക്കപ്പെടുക,,,false,,false
To strive/Struggle,كَادَحَ,كادح,"പരിശ്രമിക്കുക, പോരാടുക",,,false,,false
To be repeated,تَكَرَّرَ,تكرر,ആവർത്തിക്കപ്പെടുക,,,false,,false
To be complete,اِسْتَكْمَلَ,استكمل,പൂർണ്ണമാവുക,,,false,,false
Night,لَيْل,ليل,രാത്രി,,,false,,false
Language/Tongue,لِسَان,لسان,"ഭാഷ, നാവ്",,,false,,false
Color,لَوْن,لون,നിറം,,,false,,false
Pearl/Jewel,لُؤْلُؤَة,لولوة,"മുത്ത്, രത്നം",,,false,,false
Game/Play,لُعْبَة,لعبة,"കളി, വിനോദം",,,false,,false
Meat/Flesh,لَحْم,لحم,"മാംസം, ഇറച്ചി",,,false,,false
Moment/Glimpse,لَحْظَة,لحظة,"നിമിഷം, ഒരല്പം",,,false,,false
Need/Necessity,لُزُوم,لزوم,"ആവശ്യം, അനിവാര്യത",,,false,,false
Gentleness/Softness,لُطْف,لطف,"സൗമ്യത, മൃദുത്വം",,,false,,false
Refuge/Shelter,لِجَأ,لجا,"അഭയം, സങ്കേതം",,,false,,false
Union/Meeting,لِقَاء,لقاء,"കൂടിച്ചേരൽ, സമാഗമം",,,false,,false
Thief,لِصّ,لص,"കള്ളൻ, മോഷ്ടാവ്",,,false,,false
Toy,لُعْبَة,لعبة,കളിപ്പാട്ടം,,,false,,false
Wound,لَسْعَة,لسعة,"മുറിവ്, പരിക്ക്",,,false,,false
Enjoyment/Pleasure,لَذَّة,لذة,"ആസ്വാദനം, സന്തോഷം",,,false,,false
Laughter/Fun,لَهْو,لهو,"ചിരി, തമാശ",,,false,,false
Pillar/Column,لَبِنَة,لبنة,"തൂൺ, നെടുംതൂൺ",,,false,,false
Curse/Damnation,لَعْنَة,لعنة,"ശാപം, നിന്ദ",,,false,,false
Tongues/Languages (Pl.),أَلْسُن,السن,"നാവുകൾ, ഭാഷകൾ",,,false,,false
Colors (Pl.),أَلْوَان,الوان,നിറങ്ങൾ,,,false,,false
Nights (Pl.),لَيَالِي,ليالي,രാത്രികൾ,,,false,,false
Shelter/Refuge (Pl.),مَلَاجِئ,ملاجي,അഭയസ്ഥാനങ്ങൾ,,,false,,false
Joy/Pleasure (Pl.),لَذَّات,لذات,"സന്തോഷങ്ങൾ, ആനന്ദങ്ങൾ",,,false,,false
Softness (Pl.),لَطَائِف,لطايف,മൃദുത്വങ്ങൾ,,,false,,false
Union/Connection,لِحَام,لحام,"ബന്ധം, ചേർച്ച",,,false,,false
Pledge/Promise,لَهْف,لهف,"വാഗ്ദാനം, പ്രതിജ്ഞ",,,false,,false
Enigma/Riddle,لُغْز,لغز,"കടങ്കഥ, പ്രഹേളിക",,,false,,false
Flaw/Defect,لُغْف,لغف,"കുറവ്, ന്യൂനത",,,false,,false
Lust/Desire,لَهْفَة,لهفة,"മോഹം, ആഗ്രഹം",,,false,,false
Beard,لِحْيَة,لحية,താടി,,,false,,false
Milk,لَبَن,لبن,പാൽ,,,false,,false
Brilliant/Shining,لَمَعَان,لمعان,"തിളക്കം, ശോഭ",,,false,,false
Limit/Boundary,حَدّ,حد,"പരിധി, അതിര്",,,false,,false
Face/Aspect,وَجْه,وجه,"മുഖം, ഭാവം",,,false,,false
Stone/Rock,حَجَر,حجر,"കല്ല്, പാറ",,,false,,false
A type of stone/Marble,لَوْح,لوح,"ഒരുതരം കല്ല്, മാർബിൾ",,,false,,false
Tablet/Board,لَوْح,لوح,"പലക, ബോർഡ്",,,false,,false
Language (Pl.),لَهْجَات,لهجات,ഭാഷാഭേദങ്ങൾ,,,false,,false
Glue/Adhesive,لِصَاق,لصاق,പശ,,,false,,false
Morsel/Bite,لُقْمَة,لقمة,"ഒരു കഷ്ണം, ഉരുള",,,false,,false
Find/Discovery,لَقْوَة,لقوة,കണ്ടെത്തൽ,,,false,,false
Softness (Adjective used as noun),لَيِّن,لين,മൃദുവായത്,,,false,,false
A city in Lebanon,لُبْنَان,لبنان,ലെബനനിലെ ഒരു നഗരം,,,false,,false
The Lebanon,لُبْنَان,لبنان,ലെബനൻ,,,false,,false
Played,لَعِبَ,لعب,കളിക്കുക,,,false,,false
Met/Encountered,لَقِيَ,لقي,"കണ്ടുമുട്ടുക, അഭിമുഖീകരിക്കുക",,,false,,false
Cursed,لَعَنَ,لعن,"ശപിക്കുക, നിന്ദിക്കുക",,,false,,false
Gathered/Collected,لَمَّ,لم,"ശേഖരിക്കുക, കൂട്ടിച്ചേർക്കുക",,,false,,false
Blamed/Reproached,لَامَ,لام,"കുറ്റപ്പെടുത്തുക, ആക്ഷേപിക്കുക",,,false,,false
Shone/Flashed,لَمَعَ,لمع,"തിളങ്ങുക, മിന്നുക",,,false,,false
Stuck/Adhered,لَصِقَ,لصق,"ഒട്ടിച്ചേരുക, പറ്റിപ്പിടിക്കുക",,,false,,false
Bit/Stung,لَسَعَ,لسع,"കടിക്കുക, കുത്തുക",,,false,,false
Softened/Was gentle,لَانَ,لان,"മൃദുവാക്കുക, സൗമ്യമായിരിക്കുക",,,false,,false
Rolled up/Wrapped,לَفَّ,לف,"ചുരുട്ടുക, പൊതിയുക",,,false,,false
Cancelled/Revoked,لَغَى,لغي,"റദ്ദാക്കുക, അസാധുവാക്കുക",,,false,,false
Pasted/Glued,لَصَّقَ,لصق,"ഒട്ടിക്കുക, പശ ചേർക്കുക",,,false,,false
Embellished/Adorned,لَطَّفَ,لطف,"അലങ്കരിക്കുക, ഭംഗിയാക്കുക",,,false,,false
Met (Mutual),اِلْتَقَى,التقي,പരസ്പരം കണ്ടുമുട്ടുക,,,false,,false
Received/Found,تَلَقَّى,تلقي,"ലഭിക്കുക, കണ്ടെത്തുക",,,false,,false
Committed/Adhered to,اِلْتَزَمَ,التزم,"പ്രതിജ്ഞാബദ്ധനാവുക, പാലിക്കുക",,,false,,false
Sought refuge,اِلْتَجَأَ,التجا,അഭയം തേടുക,,,false,,false
Turned towards,اِلْتَفَتَ,التفت,നേരെ തിരിയുക,,,false,,false
Enjoyed/Found delicious,تَلَذَّذَ,تلذذ,"ആസ്വദിക്കുക, രുചികരമാവുക",,,false,,false
Glowed/Flashed (Made to),لَمَّعَ,لمع,തിളക്കമുണ്ടാക്കുക,,,false,,false
Amused/Entertained,لَهَّى,لهي,"രസിപ്പിക്കുക, സന്തോഷിപ്പിക്കുക",,,false,,false
Joined/Welded,لَحَمَ,لحم,"കൂട്ടിച്ചേർക്കുക, വെൽഡ് ചെയ്യുക",,,false,,false
Adhered (Made to stick),أَلْصَقَ,الصق,ഒട്ടിക്കുക,,,false,,false
Was necessary,لَزِمَ,لزم,ആവശ്യമായിരിക്കുക,,,false,,false
Made necessary,أَلْزَمَ,الزم,ആവശ്യമാക്കുക,,,false,,false
Wasted/Annulled,أَلْغَى,الغي,"പാഴാക്കുക, ഇല്ലാതാക്കുക",,,false,,false
Turned/Twisted,لَوَى,لوي,"തിരിയുക, വളയ്ക്കുക",,,false,,false
To chew,لَاك,لاك,ചവയ്ക്കുക,,,false,,false
To blame (Mutual),تَلَاوَمَ,تلاوم,പരസ്പരം കുറ്റപ്പെടുത്തുക,,,false,,false
To be blamed,اُلِيْمَ,اليم,കുറ്റപ്പെടുത്തപ്പെടുക,,,false,,false
To lick,لَحِسَ,لحس,നക്കുക,,,false,,false
To become confused,تَلَبَّسَ,تلبس,ആശയക്കുഴപ്പത്തിലാവുക,,,false,,false
To be concealed,تَلَحَّفَ,تلحف,മറഞ്ഞിരിക്കുക,,,false,,false
To wear (Made to),أَلْبَسَ,البس,ധരിപ്പിക്കുക,,,false,,false
To make shine,أَلْمَعَ,المع,തിളക്കം വരുത്തുക,,,false,,false
To join/Attach,اِلْتِحَام,التحام,"ചേരുക, ബന്ധിപ്പിക്കുക",,,false,,false
To wrap around (Itself),تَلَفَّفَ,تلفف,ചുറ്റിപ്പിണയുക,,,false,,false
To pronounce,لَفَظَ,لفظ,ഉച്ചരിക്കുക,,,false,,false
To soften (Made soft),أَلَانَ,الان,മൃദുവായിരിക്കുക,,,false,,false
To desire/Yearn,تَلَهَّفَ,تلهف,"ആഗ്രഹിക്കുക, കൊതിക്കുക",,,false,,false
To taste,ذَاقَ,ذاق,രുചിച്ച് നോക്കുക,,,false,,false
To collect/Gather,جَمَعَ,جمع,ശേഖരിക്കുക,,,false,,false
To separate,فَرَّقَ,فرق,വേർതിരിക്കുക,,,false,,false
To be silent,سَكَتَ,سكت,നിശ്ശബ്ദനാവുക,,,false,,false
Place/Location,مَكَان,مكان,"സ്ഥലം, ഇടം",,,false,,false
Money/Cash,مَال,مال,"പണം, ധനം",,,false,,false
Time/Appointment,مَوْعِد,موعد,"സമയം, കൂടിക്കാഴ്ച",,,false,,false
Death,مَوْت,موت,മരണം,,,false,,false
School/Office,مَدْرَسَة,مدرسة,"വിദ്യാലയം, കാര്യാലയം",,,false,,false
City/Town,مَدِينَة,مدينة,"നഗരം, പട്ടണം",,,false,,false
Entrance/Gate,مَدْخَل,مدخل,"പ്രവേശന കവാടം, വാതിൽ",,,false,,false
Exit/Outlet,مَخْرَج,مخرج,പുറത്തുകടക്കുന്ന സ്ഥലം,,,false,,false
Need/Purpose,مَطْلَب,مطلب,"ആവശ്യം, ലക്ഷ്യം",,,false,,false
Kitchen,مَطْبَخ,مطبخ,അടുക്കള,,,false,,false
Library,مَكْتَبَة,مكتبة,ഗ്രന്ഥശാല,,,false,,false
Desk/Office,مَكْتَب,مكتب,"മേശ, ഓഫീസ്",,,false,,false
Building/Structure,مَبْنَى,مبني,"കെട്ടിടം, നിർമ്മിതി",,,false,,false
Problem/Issue,مُشْكِلَة,مشكلة,"പ്രശ്നം, വിഷയം",,,false,,false
Past,مَاضِي,ماضي,ഭൂതകാലം,,,false,,false
Present,حَاضِر,حاضر,വർത്തമാനകാലം,,,false,,false
Difficulty,مَشَقَّة,مشقة,"പ്രയാസം, കഷ്ടപ്പാട്",,,false,,false
Stadium,مَلْعَب,ملعب,സ്റ്റേഡിയം,,,false,,false
Airport,مَطَار,مطار,വിമാനത്താവളം,,,false,,false
Harbor/Port,مِينَاء,ميناء,തുറമുഖം,,,false,,false
Balance/Scale,مِيزَان,ميزان,"തുലാസ്, അളവ്",,,false,,false
Lamp/Light,مِصْبَاح,مصباح,"വിളക്ക്, പ്രകാശം",,,false,,false
Factory,مَصْنَع,مصنع,"ഫാക്ടറി, ഉൽപാദനശാല",,,false,,false
Destiny/Fate,مَصِير,مصير,"വിധി, ഗതി",,,false,,false
Example/Model,مِثَال,مثال,"ഉദാഹരണം, മാതൃക",,,false,,false
Ocean/Sea,مُحِيط,محيط,"സമുദ്രം, കടൽ",,,false,,false
Engineer,مُهَنْدِس,مهندس,എഞ്ചിനീയർ,,,false,,false
Teacher,مُعَلِّم,معلم,അധ്യാപകൻ,,,false,,false
Learner/Student,مُتَعَلِّم,متعلم,"പഠിതാവ്, വിദ്യാർത്ഥി",,,false,,false
Kingdom/Realm,مَمْلَكَة,مملكة,"രാജ്യം, സാമ്രാജ്യം",,,false,,false
Dream/Vision,مَنَام,منام,"സ്വപ്നം, കാഴ്ച",,,false,,false
Benefit/Good,مَنْفَعَة,منفعة,"പ്രയോജനം, നന്മ",,,false,,false
Source/Origin,مَصْدَر,مصدر,"ഉറവിടം, ഉത്ഭവം",,,false,,false
Journey/Trip,رِحْلَة,رحلة,"യാത്ര, സഞ്ചാരം",,,false,,false
Enemy,عَدُوّ,عدو,ശത്രു,,,false,,false
Clothes,مَلَابِس,ملابس,വസ്ത്രങ്ങൾ,,,false,,false
Hammer,مِطْرَقَة,مطرقة,ചുറ്റിക,,,false,,false
Towel,مِنْشَفَة,منشفة,"തോർത്ത്, ടവൽ",,,false,,false
Comb,مُشْط,مشط,ചീപ്പ്,,,false,,false
Bed,سَرِير,سرير,കിടക്ക,,,false,,false
Elevator/Lift,مِصْعَد,مصعد,ലിഫ്റ്റ്,,,false,,false
Knife,سِكِّين,سكين,കത്തി,,,false,,false
Died,مَاتَ,مات,മരിക്കുക,,,false,,false
Walked,مَشَى,مشي,നടക്കുക,,,false,,false
Passed (By/Over),مَرَّ,مر,"കടന്നുപോവുക, മറികടക്കുക",,,false,,false
Extended/Spread,مَدَّ,مد,"നീട്ടുക, പരത്തുക",,,false,,false
Filled,مَلَأَ,ملا,നിറയ്ക്കുക,,,false,,false
Owned/Possessed,مَلَكَ,ملك,"ഉടമയായിരിക്കുക, കൈവശം വെക്കുക",,,false,,false
Prevented/Forbade,مَنَعَ,منع,"തടയുക, വിലക്കുക",,,false,,false
Wiped/Cleaned,مَسَحَ,مسح,"തുടയ്ക്കുക, വൃത്തിയാക്കുക",,,false,,false
Touched/Felt,مَسَّ,مس,"സ്പർശിക്കുക, തൊടുക",,,false,,false
Represented/Acted,مَثَّلَ,مثل,"പ്രതിനിധീകരിക്കുക, അഭിനയിക്കുക",,,false,,false
Stretched/Pulled,مَطَّ,مط,വലിച്ചു നീട്ടുക,,,false,,false
Recognized/Knew,عَرَفَ,عرف,"തിരിച്ചറിയുക, അറിയുക",,,false,,false
Made to die/Killed,أَمَاتَ,امات,"മരിപ്പിക്കുക, കൊല്ലുക",,,false,,false
Enabled/Empowered,مَكَّنَ,مكن,"കഴിവുള്ളവനാക്കുക, അധികാരം നൽകുക",,,false,,false
Provided/Supplied,أَمَدَّ,امد,"നൽകുക, വിതരണം ചെയ്യുക",,,false,,false
Believed,آمَنَ,امن,വിശ്വസിക്കുക,,,false,,false
Ordered/Commanded,أَمَرَ,امر,"ആജ്ഞാപിക്കുക, കൽപ്പിക്കുക",,,false,,false
Stayed/Settled,أَقَامَ,اقام,"താമസിക്കുക, സ്ഥിരമായിരിക്കുക",,,false,,false
Was able/Could,تَمَكَّنَ,تمكن,"കഴിയുക, പ്രാപ്തമാവുക",,,false,,false
Considered/Pondered,تَأَمَّلَ,تامل,"ചിന്തിക്കുക, ആലോചിക്കുക",,,false,,false
Excelled/Distinguished,اِمْتَازَ,امتاز,"മികച്ചു നിൽക്കുക, വേർതിരിക്കുക",,,false,,false
Tested/Examined,اِمْتَحَنَ,امتحن,"പരീക്ഷിക്കുക, പരിശോധിക്കുക",,,false,,false
Held/Grasped,أَمْسَكَ,امسك,"പിടിക്കുക, കൈവശം വെക്കുക",,,false,,false
Granted/Allowed,مَنَحَ,منح,"അനുവദിക്കുക, നൽകുക",,,false,,false
Signed/Sealed,خَتَمَ,ختم,"ഒപ്പിടുക, മുദ്ര വെക്കുക",,,false,,false
Walked (Made to),مَشَّى,مشي,നടത്തിക്കുക,,,false,,false
Tasted,ذَاقَ,ذاق,രുചിക്കുക,,,false,,false
Prepared/Arranged,جَهَّزَ,جهز,"ഒരുക്കുക, ക്രമീകരിക്കുക",,,false,,false
Possessed (Made to),مَلَّكَ,ملك,ഉടമസ്ഥനാക്കുക,,,false,,false
Delayed/Postponed,أَمْهَلَ,امهل,"താമസിപ്പിക്കുക, നീട്ടിവെക്കുക",,,false,,false
Reached/Arrived,بَلَغَ,بلغ,"എത്തുക, എത്തിച്ചേരുക",,,false,,false
Hoped/Wished,أَمَّلَ,امل,"പ്രത്യാശിക്കുക, ആഗ്രഹിക്കുക",,,false,,false
Practiced/Exercised,مَارَسَ,مارس,"പരിശീലിക്കുക, വ്യായാമം ചെയ്യുക",,,false,,false
Consulted,شَاوَرَ,شاور,കൂടിയാലോചിക്കുക,,,false,,false
Was silent,صَمَتَ,صمت,നിശ്ശബ്ദനായിരിക്കുക,,,false,,false
Grew/Increased,نَمَا,نما,"വളരുക, വർദ്ധിക്കുക",,,false,,false
Mixed/Blended,مَزَجَ,مزج,"കൂട്ടിക്കലർത്തുക, മിക്സ് ചെയ്യുക",,,false,,false
Light,نُور,نور,പ്രകാശം,,,false,,false
Fire,نَار,نار,"തീ, അഗ്നി",,,false,,false
Soul/Self,نَفْس,نفس,"ആത്മാവ്, മനസ്സ്",,,false,,false
River/Stream,نَهْر,نهر,"നദി, അരുവി",,,false,,false
Victory/Help,نَصْر,نصر,"വിജയം, സഹായം",,,false,,false
Order/System,نِظَام,نظام,"ക്രമം, വ്യവസ്ഥ",,,false,,false
Sleep,نَوْم,نوم,ഉറക്കം,,,false,,false
Type/Kind,نَوْع,نوع,"തരം, വർഗ്ഗം",,,false,,false
Exhale/Breath,نَفَس,نفس,"ശ്വാസം, നിശ്വാസം",,,false,,false
النيل (The Nile),نِيل,نيل,നൈൽ നദി,,,false,,false
Plant/Vegetation,نَبَات,نبات,"സസ്യം, ചെടി",,,false,,false
Prophet,نَبِيّ,نبي,പ്രവാചകൻ,,,false,,false
Scent/Odor,نَفْحَة,نفحة,"സുഗന്ധം, മണം",,,false,,false
Result/Outcome,نَتِيجَة,نتيجة,"ഫലം, പരിണതഫലം",,,false,,false
Look/Sight,نَظَر,نظر,"നോട്ടം, കാഴ്ച",,,false,,false
Example/Pattern,نَمُوذَج,نموذج,"മാതൃക, രീതി",,,false,,false
Advice/Counsel,نُصْح,نصح,"ഉപദേശം, മന്ത്രം",,,false,,false
Punishment/Torment,نَكَال,نكال,"ശിക്ഷ, വേദന",,,false,,false
Jump/Leap,نَزْوَة,نزوة,ചാട്ടം,,,false,,false
Descending/Arrival,نُزُول,نزول,"ഇറങ്ങി വരിക, എത്തിച്ചേരൽ",,,false,,false
Growth/Development,نُمُوّ,نمو,"വളർച്ച, വികസനം",,,false,,false
Blessing/Grace,نِعْمَة,نعمة,"അനുഗ്രഹം, കൃപ",,,false,,false
Grave/Tomb,قَبْر,قبر,"ശവക്കുഴി, ഖബർ",,,false,,false
Bed/Couch,سَرِير,سرير,"കിടക്ക, കട്ടിൽ",,,false,,false
People,نَاس,ناس,"ജനങ്ങൾ, മനുഷ്യർ",,,false,,false
Woman,اِمْرَأَة,امراة,സ്ത്രീ,,,false,,false
Hand,يَد,يد,കൈ,,,false,,false
Kindness/Grace,نَوَال,نوال,"ദയ, ഔദാര്യം",,,false,,false
Horn,نَبْل,نبل,കൊമ്പ്,,,false,,false
Arrow,نَبْل,نبل,"അമ്പ്, ശരം",,,false,,false
Weeping,بُكَاء,بكاء,കരച്ചിൽ,,,false,,false
Order/Command,نَهْي,نهي,"കൽപ്പന, നിർദ്ദേശം",,,false,,false
Seeds/Nuclei,نَوَى,نوي,"വിത്തുകൾ, ന്യൂക്ലിയസ്",,,false,,false
Goodness/Benefit,خَيْر,خير,"നന്മ, പ്രയോജനം",,,false,,false
Badness/Evil,شَرّ,شر,"തിന്മ, ദോഷം",,,false,,false
Gossip/Tale-bearing,نَمِيمَة,نميمة,"ഏഷണി, കുശുകുശുപ്പ്",,,false,,false
Sorrow/Grief,حُزْن,حزن,"ദുഃഖം, വിഷാദം",,,false,,false
Anxiety/Worry,هَمّ,هم,ഉത്കണ്ഠ,,,false,,false
Cough,سُعَال,سعال,ചുമ,,,false,,false
Sting/Poke,نَخْس,نخس,"കുത്ത്, മുറിവ്",,,false,,false
Vibration/Trembling,رَجْفَة,رجفة,"കമ്പനം, വിറയൽ",,,false,,false
Punishment (Name),عِقَاب,عقاب,ശിക്ഷ,,,false,,false
Planting/Sowing,غَرْس,غرس,"നടൽ, വിതയ്ക്കൽ",,,false,,false
Looked/Watched,نَظَرَ,نظر,"നോക്കുക, കാണുക",,,false,,false
Helped/Supported,نَصَرَ,نصر,"സഹായിക്കുക, പിന്തുണയ്ക്കുക",,,false,,false
Grew/Developed,نَمَا,نما,"വളരുക, വികസിക്കുക",,,false,,false
Organized/Arranged,نَظَّمَ,نظم,"ക്രമീകരിക്കുക, വ്യവസ്ഥപ്പെടുത്തുക",,,false,,false
Descended/Came down,نَزَلَ,نزل,"ഇറങ്ങുക, താഴോട്ട് വരിക",,,false,,false
Succeeded/Won,نَجَحَ,نجح,"വിജയിക്കുക, ജയിക്കുക",,,false,,false
Forgot,نَسِيَ,نسي,മറക്കുക,,,false,,false
Canceled/Annulled,نَقَضَ,نقض,"റദ്ദാക്കുക, അസാധുവാക്കുക",,,false,,false
Jumped/Leapt,نَقَزَ,نقز,"ചാടുക, കുതിക്കുക",,,false,,false
Shook/Trembled,نَفَضَ,نفض,"കുലുങ്ങുക, വിറയ്ക്കുക",,,false,,false
Benefited/Profited,نَفَعَ,نفع,"പ്രയോജനപ്പെടുക, ലാഭമുണ്ടാക്കുക",,,false,,false
Breathed,نَفَسَ,نفس,ശ്വാസമെടുക്കുക,,,false,,false
Woke up,نَبَّهَ,نبه,"ഉണരുക, ഉണർത്തുക",,,false,,false
Prophesied,تَنَبَّأَ,تنبا,പ്രവചിക്കുക,,,false,,false
Gave advice/Counseled,نَصَحَ,نصح,"ഉപദേശിക്കുക, നിർദ്ദേശിക്കുക",,,false,,false
Published/Spread,نَشَرَ,نشر,"പ്രസിദ്ധീകരിക്കുക, പരത്തുക",,,false,,false
Planted/Sowed,نَبَتَ,نبت,"നടുക, വിതയ്ക്കുക",,,false,,false
Repented,نَدِمَ,ندم,പശ്ചാത്തപിക്കുക,,,false,,false
Escaped/Saved,نَجَا,نجا,"രക്ഷപ്പെടുക, സുരക്ഷിതനാവുക",,,false,,false
Called/Proclaimed,نَادَى,نادي,"വിളിക്കുക, പ്രഖ്യാപിക്കുക",,,false,,false
Competed/Contended,نَازَعَ,نازع,"മത്സരിക്കുക, വാദിക്കുക",,,false,,false
Disputed/Quarreled,نَاقَشَ,ناقش,"തർക്കിക്കുക, കലഹിക്കുക",,,false,,false
Discussed/Debated,نَاوَلَ,ناول,"ചർച്ച ചെയ്യുക, സംവാദം നടത്തുക",,,false,,false
Handed/Passed over,نَالَ,نال,"കൈമാറുക, നൽകുക",,,false,,false
Obtained/Achieved,اِسْتَنَارَ,استنار,"നേടുക, കരസ്ഥമാക്കുക",,,false,,false
Sought light,اِسْتَنْجَدَ,استنجد,പ്രകാശം തേടുക,,,false,,false
Asked for help,اِسْتَنْجَدَ,استنجد,സഹായം അഭ്യർത്ഥിക്കുക,,,false,,false
Sought salvation,اِسْتَنْقَذَ,استنقذ,രക്ഷ തേടുക,,,false,,false
Rescued/Saved,اِسْتَنْقَى,استنقي,രക്ഷിക്കുക,,,false,,false
Purified/Refined,اِنتَقَلَ,انتقل,ശുദ്ധീകരിക്കുക,,,false,,false
Moved/Transferred,اِنْتَهَى,انتهي,"മാറുക, കൈമാറ്റം ചെയ്യുക",,,false,,false
Ended/Finished,اِنْتَبَهَ,انتبه,"അവസാനിക്കുക, പൂർത്തിയാക്കുക",,,false,,false
Noticed/Paid attention,اِنْتَقَدَ,انتقد,"ശ്രദ്ധിക്കുക, തിരിച്ചറിയുക",,,false,,false
Criticized,اِنْتَشَرَ,انتشر,വിമർശിക്കുക,,,false,,false
Spread/Diffused,اِنْتَفَخَ,انتفخ,"വ്യാപിക്കുക, പ്രചരിക്കുക",,,false,,false
Swelled/Inflated,تَنَزَّلَ,تنزل,"വീർക്കുക, വലുതാവുക",,,false,,false
Descended (Gradually),تَنَاوَلَ,تناول,സാവധാനം ഇറങ്ങുക,,,false,,false
Received/Took (Food/Drink),تَنَافَسَ,تنافس,"സ്വീകരിക്കുക, ഭക്ഷിക്കുക",,,false,,false
Competed (Mutual),أَنْجَزَ,انجز,പരസ്പരം മത്സരിക്കുക,,,false,,false
Completed/Executed,أَنْذَرَ,انذر,"പൂർത്തിയാക്കുക, നടപ്പിലാക്കുക",,,false,,false
Warned/Cautioned,أَنْفَقَ,انفق,"മുന്നറിയിപ്പ് നൽകുക, ശ്രദ്ധിപ്പിക്കുക",,,false,,false
Spent (Money),أَنْكَرَ,انكر,"ചെലവഴിക്കുക, ചിലവഴിക്കുക",,,false,,false
Denied/Rejected,أَنَارَ,انار,"നിഷേധിക്കുക, തള്ളിക്കളയുക",,,false,,false
Illuminated/Lit up,تَنَظَّرَ,تنظر,"പ്രകാശിപ്പിക്കുക, വെളിച്ചം നൽകുക",,,false,,false
Looked carefully,نَاجَى,ناجي,ശ്രദ്ധിച്ച് നോക്കുക,,,false,,false
Conversed secretly,نَاقَضَ,ناقض,രഹസ്യമായി സംസാരിക്കുക,,,false,,false
Contradicted,نَابَ,ناب,വിരുദ്ധമായി പറയുക,,,false,,false
Represented/Acted for,نَبَعَ,نبع,പ്രതിനിധീകരിക്കുക,,,false,,false
Gushed/Flowed (Water),نَبَعَ,نبع,"ഉറവെടുക്കുക, ഒഴുകുക",,,false,,false
Moon/Crescent,هِلَال,هلال,"ചന്ദ്രക്കല, അമ്പിളി",,,false,,false
Gift,هَدِيَّة,هدية,"സമ്മാനം, ദാനം",,,false,,false
Direction/Guidance,هِدَايَة,هداية,"മാർഗ്ഗനിർദ്ദേശം, വഴി",,,false,,false
Terror/Panic,هَوْل,هول,"ഭീകരത, പരിഭ്രാന്തി",,,false,,false
Destruction/Ruin,هَلَاك,هلاك,"നാശം, തകർച്ച",,,false,,false
Concern/Worry,هَمّ,هم,"ശ്രദ്ധ, ഉത്കണ്ഠ",,,false,,false
Emigration/Exodus,هِجْرَة,هجرة,"പലായനം, കുടിയേറ്റം",,,false,,false
Structure/Form,هَيْكَل,هيكل,"ഘടന, രൂപം",,,false,,false
Goal/Target,هَدَف,هدف,"ലക്ഷ്യം, ഉന്നം",,,false,,false
Downfall/Descent,هُبُوط,هبوط,"തകർച്ച, ഇറക്കം",,,false,,false
Silence,هُدُوء,هدوء,നിശ്ശബ്ദത,,,false,,false
Sarcasm/Mockery,هُزء,هزء,"പരിഹാസം, കളിയാക്കൽ",,,false,,false
Thinness/Frailty,هُزَال,هزال,"കനം കുറവ്, ദുർബ്ബലത",,,false,,false
Day,نَهَار,نهار,പകൽ,,,false,,false
Wind/Air,هَوَاء,هواء,"കാറ്റ്, വായു",,,false,,false
Voice/Sound,صَوْت,صوت,"ശബ്ദം, ഒച്ച",,,false,,false
Here (Place),هُنَا,هنا,ഇവിടെ,,,false,,false
Attack/Assault,هُجُوم,هجوم,"ആക്രമണം, കയ്യേറ്റം",,,false,,false
Structure/Figure,هَيْئَة,هيية,"രൂപം, ആകൃതി",,,false,,false
Dread/Fear,خَوْف,خوف,"ഭയം, പേടി",,,false,,false
Ease/Comfort,هُون,هون,"എളുപ്പം, ആശ്വാസം",,,false,,false
Peace/Calmness,سَلَام,سلام,"സമാധാനം, ശാന്തത",,,false,,false
Weakness/Flaw,وَهْن,وهن,"ബലഹീനത, കുറവ്",,,false,,false
Gift/Offering,هَبَة,هبة,"കാഴ്ച, സമർപ്പണം",,,false,,false
Blood,دَمّ,دم,രക്തം,,,false,,false
These (Plural),هَؤُلَاء,هولاء,ഇവ,,,false,,false
This (Masculine),هَذَا,هذا,ഇത്,,,false,,false
This (Feminine),هَذِهِ,هذه,ഇത്,,,false,,false
Laughter/Chuckling,هَلْهَلَة,هلهلة,"ചിരി, കിളിക്കൽ",,,false,,false
Rainfall,هُطُول,هطول,മഴയുടെ വീഴ്ച,,,false,,false
Destruction (Pl.),هَلَكَات,هلكات,നാശങ്ങൾ,,,false,,false
Noise/Uproar,هَرْج,هرج,"ബഹളം, ശബ്ദകോലാഹലം",,,false,,false
Slowness/Delay,تَمَهُّل,تمهل,"സാവധാനം, താമസം",,,false,,false
Silence/Stillness,سُكُوت,سكوت,"നിശ്ശബ്ദത, നിശ്ചലത",,,false,,false
A city in Yemen,هَمْدَان,همدان,യമനിലെ ഒരു നഗരം,,,false,,false
Anxiety/Pain,هُمُوم,هموم,"ഉത്കണ്ഠ, വേദന",,,false,,false
Flaw/Defect,عَيْب,عيب,"കുറവ്, ന്യൂനത",,,false,,false
Embrace/Hug,حِضْن,حضن,ആലിംഗനം,,,false,,false
Appearance/Form,مَظْهَر,مظهر,"രൂപം, കാഴ്ച",,,false,,false
Comfort/Tranquility,رَاحَة,راحة,"ആശ്വാസം, ശാന്തത",,,false,,false
Dizziness/Vertigo,دُوَار,دوار,തലകറക്കം,,,false,,false
Air (Adjective),هَوَائِيّ,هوايي,വായു സംബന്ധമായത്,,,false,,false
Emigrated/Migrated,هَاجَرَ,هاجر,"പലായനം ചെയ്യുക, കുടിയേറുക",,,false,,false
Destroyed/Perished,هَلَكَ,هلك,"നശിപ്പിക്കുക, ഇല്ലാതാക്കുക",,,false,,false
Guided/Directed,هَدَى,هدي,"മാർഗ്ഗനിർദ്ദേശം നൽകുക, വഴി കാണിക്കുക",,,false,,false
Attacked/Assaulted,هَجَمَ,هجم,"ആക്രമിക്കുക, കയ്യേറ്റം ചെയ്യുക",,,false,,false
Shook/Trembled,هَزَّ,هز,"കുലുങ്ങുക, വിറയ്ക്കുക",,,false,,false
Defeated,هَزَمَ,هزم,"തോൽപ്പിക്കുക, പരാജയപ്പെടുത്തുക",,,false,,false
Cheered/Exhilarated,هَلَّلَ,هلل,"ആർത്തുല്ലസിക്കുക, സന്തോഷം പ്രകടിപ്പിക്കുക",,,false,,false
Fell/Dropped,هَبَطَ,هبط,"വീഴുക, താഴേക്ക് പതിക്കുക",,,false,,false
Joked/Made fun of,هَزَلَ,هزل,"തമാശ പറയുക, കളിയാക്കുക",,,false,,false
Gave (A gift),وَهَبَ,وهب,"സമ്മാനം നൽകുക, ദാനം ചെയ്യുക",,,false,,false
Made easy/Facilitated,هَوَّنَ,هون,"എളുപ്പമാക്കുക, സൗകര്യപ്പെടുത്തുക",,,false,,false
Threatened,هَدَّدَ,هدد,"ഭീഷണിപ്പെടുത്തുക, പേടിപ്പിക്കുക",,,false,,false
Destroyed (Made to perish),أَهْلَكَ,اهلك,നാശമുണ്ടാക്കുക,,,false,,false
Made noise/Shouted,هَتَفَ,هتف,"ശബ്ദമുണ്ടാക്കുക, ഒച്ച വെക്കുക",,,false,,false
Wasted/Squandered,أَهْدَرَ,اهدر,"പാഴാക്കുക, ധൂർത്തടിക്കുക",,,false,,false
Prepared (A gift),أَهْدَى,اهدي,സമ്മാനം ഒരുക്കുക,,,false,,false
Became calm/Quiet,هَدَأَ,هدا,"ശാന്തമാവുക, അടങ്ങുക",,,false,,false
Emigrated (Mutual),تَهَاجَرَ,تهاجر,പരസ്പരം പലായനം ചെയ്യുക,,,false,,false
Collapsed/Fell down,اِنْهَارَ,انهار,"തകരുക, നിലംപതിക്കുക",,,false,,false
Digested,هَضَمَ,هضم,ദഹിപ്പിക്കുക,,,false,,false
Ignored/Neglected,أَهْمَلَ,اهمل,"അവഗണിക്കുക, ശ്രദ്ധിക്കാതിരിക്കുക",,,false,,false
Pleased/Appeased,هَدَّأَ,هدا,"സന്തോഷിപ്പിക്കുക, അനുരഞ്ജിപ്പിക്കുക",,,false,,false
Rushed/Hurried,هَرَعَ,هرع,"ധൃതിപ്പെടുക, വേഗത്തിലാക്കുക",,,false,,false
Flowed (Water),هَمَلَ,همل,"ഒഴുകുക, പ്രവഹിക്കുക",,,false,,false
Embraced/Hugged,عَانَقَ,عانق,ആലിംഗനം ചെയ്യുക,,,false,,false
Forgot (Made to),أَنْسَى,انسي,മറപ്പിക്കുക,,,false,,false
Wore out/Aged,هَرِمَ,هرم,"പഴകുക, ജീർണ്ണിക്കുക",,,false,,false
Felt important/Mattered,هَمَّ,هم,"പ്രധാനമാവുക, പ്രാധാന്യം നൽകുക",,,false,,false
Praised/Exalted,هَلَّ,هل,"സ്തുതിക്കുക, പുകഴ്ത്തുക",,,false,,false
Wished/Desired,هَامَ,هام,"ആഗ്രഹിക്കുക, മോഹിക്കുക",,,false,,false
Tore/Ripped,هَتَكَ,هتك,"കീറുക, വലിച്ചു കീറുക",,,false,,false
Annoyed/Agitated,أَزْعَجَ,ازعج,"ശല്യപ്പെടുത്തുക, പ്രകോപിപ്പിക്കുക",,,false,,false
Guided (Sought guidance),اِسْتَهْدَى,استهدي,മാർഗ്ഗനിർദ്ദേശം തേടുക,,,false,,false
Feared,اِسْتَهَالَ,استهال,ഭയപ്പെടുക,,,false,,false
Despised/Scorned,اِسْتَهَانَ,استهان,"പുച്ഛിക്കുക, നിസ്സാരമാക്കുക",,,false,,false
Was thin/Emaciated,هَزُلَ,هزل,"മെലിയുക, ക്ഷീണിക്കുക",,,false,,false
Prepared/Arranged,جَهَّزَ,جهز,"തയ്യാറാക്കുക, ക്രമീകരിക്കുക",,,false,,false
Spoke clearly,أَبَانَ,ابان,വ്യക്തമായി സംസാരിക്കുക,,,false,,false
Made a mistake,أَخْطَأَ,اخطا,തെറ്റ് ചെയ്യുക,,,false,,false
Warmed up/Heated,سَخَّنَ,سخن,"ചൂടാക്കുക, ചൂട് നൽകുക",,,false,,false
Shouted (Mutual),تَهَاتَفَ,تهاتف,പരസ്പരം ശബ്ദമുണ്ടാക്കുക,,,false,,false
Threatened (Mutual),تَهَادَدَ,تهادد,പരസ്പരം ഭീഷണിപ്പെടുത്തുക,,,false,,false
Wished (Made to),هَيَّمَ,هيم,മോഹിപ്പിക്കുക,,,false,,false
Prepared/Made ready,هَيَّأَ,هيا,"ഒരുക്കുക, സജ്ജമാക്കുക",,,false,,false
Was destroyed,تَهَدَّمَ,تهدم,നശിപ്പിക്കപ്പെടുക,,,false,,false
Collapsed (Itself),تَهَاوَى,تهاوي,സ്വയം തകരുക,,,false,,false
Became easy,تَهَاوَنَ,تهاون,എളുപ്പമാവുക,,,false,,false
Neglected/Was careless,هَامَ,هام,അശ്രദ്ധ കാണിക്കുക,,,false,,false
Wandered/Roved,هَامَ,هام,അലഞ്ഞുതിരിയുക,,,false,,false
Whispered,هَمَسَ,همس,മന്ത്രിക്കുക,,,false,,false
Face/Aspect,وَجْه,وجه,"മുഖം, വശം",,,false,,false
Time/Era,وَقْت,وقت,"സമയം, കാലഘട്ടം",,,false,,false
Promise,وَعْد,وعد,"വാഗ്ദാനം, പ്രതിജ്ഞ",,,false,,false
Duty/Obligation,وَاجِب,واجب,"കടമ, ബാധ്യത",,,false,,false
Middle/Center,وَسَط,وسط,"മദ്ധ്യം, കേന്ദ്രം",,,false,,false
Unity/Union,وَحْدَة,وحدة,"ഐക്യം, ചേർച്ച",,,false,,false
Descendant/Child,وَلَد,ولد,"സന്താനം, കുട്ടി",,,false,,false
Birth,وِلَادَة,ولادة,ജനനം,,,false,,false
Fear,وَجَل,وجل,"ഭയം, പേടി",,,false,,false
Weight/Burden,وِزْر,وزر,"ഭാരം, ചുമട്",,,false,,false
Minister/Vizier,وَزِير,وزير,മന്ത്രി,,,false,,false
Means/Way,وَسِيلَة,وسيلة,"മാർഗ്ഗം, വഴി",,,false,,false
Situation/State,وَضْع,وضع,"അവസ്ഥ, നില",,,false,,false
Patriotism/Loyalty,وَلَاء,ولاء,"കൂറ്, വിശ്വസ്തത",,,false,,false
Heir,وَرَثَة,ورثة,അവകാശി,,,false,,false
Rose (Flower),وَرْدَة,وردة,റോസാപ്പൂവ്,,,false,,false
Inheritance,وِرَاثَة,وراثة,അനന്തരാവകാശം,,,false,,false
Description/Recipe,وَصْفَة,وصفة,"വിവരണം, കുറിപ്പടി",,,false,,false
Vessel/Pot,وِعَاء,وعاء,പാത്രം,,,false,,false
Wasteland/Desert,وَهْدَة,وهدة,"തരിശുഭൂമി, മരുഭൂമി",,,false,,false
Comfort/Ease,رَاحَة,راحة,"ആശ്വാസം, എളുപ്പം",,,false,,false
Disease/Ailment,مَرَض,مرض,"രോഗം, അസുഖം",,,false,,false
Order/Discipline,نِظَام,نظام,"ക്രമം, ചിട്ട",,,false,,false
Deposit/Trust,وَدِيعَة,وديعة,"നിക്ഷേപം, വിശ്വാസം",,,false,,false
Whisper/Suggestion,وَسْوَسَة,وسوسة,"മന്ത്രിക്കൽ, ഉപദേശം",,,false,,false
Middle/Median,وَسْط,وسط,മദ്ധ്യഭാഗം,,,false,,false
Success/Luck,تَوْفِيق,توفيق,"വിജയം, ഭാഗ്യം",,,false,,false
Agreement/Concord,وِفَاق,وفاق,"യോജിപ്പ്, ധാരണ",,,false,,false
Guard/Protector,وَقَايَة,وقاية,"കാവൽക്കാരൻ, സംരക്ഷകൻ",,,false,,false
Respect/Dignity,وَقَار,وقار,"ബഹുമാനം, മാന്യത",,,false,,false
Father,أَب,اب,പിതാവ്,,,false,,false
Mother,أُمّ,ام,മാതാവ്,,,false,,false
Doubt/Suspicion,شَكّ,شك,"സംശയം, അവിശ്വാസം",,,false,,false
Fear/Dread,خَوْف,خوف,"ഭയം, പേടി",,,false,,false
Nation/Country,وَطَن,وطن,"രാജ്യം, രാഷ്ട്രം",,,false,,false
Connection/Link,وِصَال,وصال,"ബന്ധം, ചേർച്ച",,,false,,false
Place of arrival,وُرُود,ورود,എത്തിച്ചേരുന്ന സ്ഥലം,,,false,,false
Paper,وَرَقَة,ورقة,കടലാസ്,,,false,,false
Description (Pl.),أَوْصَاف,اوصاف,വിവരണങ്ങൾ,,,false,,false
Wills (Pl.),وَصَايَا,وصايا,ഇഷ്ടദാനങ്ങൾ,,,false,,false
Heirs (Pl.),وَرَثَة,ورثة,അവകാശികൾ,,,false,,false
Names (Pl.),أَسْمَاء,اسماء,പേരുകൾ,,,false,,false
Times (Pl.),أَوْقَات,اوقات,സമയങ്ങൾ,,,false,,false
Faces (Pl.),وُجُوه,وجوه,മുഖങ്ങൾ,,,false,,false
Union/Gathering,وِجْدَان,وجدان,"ഒത്തുചേരൽ, സമ്മേളനം",,,false,,false
Found,وَجَدَ,وجد,കണ്ടെത്തുക,,,false,,false
Arrived/Reached,وَصَلَ,وصل,"എത്തുക, എത്തിച്ചേരുക",,,false,,false
Stood/Stopped,وَقَفَ,وقف,"നിൽക്കുക, നിർത്തുക",,,false,,false
Put/Placed,وَضَعَ,وضع,"വെക്കുക, സ്ഥാപിക്കുക",,,false,,false
Promised,وَعَدَ,وعد,"വാഗ്ദാനം ചെയ്യുക, ഉറപ്പ് നൽകുക",,,false,,false
Was heavy/Weighed,وَزَنَ,وزن,"ഭാരമുള്ളതാവുക, തൂങ്ങുക",,,false,,false
Inherited,وَرِثَ,ورث,അനന്തരാവകാശം നേടുക,,,false,,false
Directed/Turned,وَجَّهَ,وجه,"തിരിയുക, നേർക്ക് തിരിക്കുക",,,false,,false
Assigned/Delegated,وَكَّلَ,وكل,"ചുമതലപ്പെടുത്തുക, ഏൽപ്പിക്കുക",,,false,,false
Taught,دَرَّسَ,درس,പഠിപ്പിക്കുക,,,false,,false
Wished/Desired,وَدَّ,ود,"ആഗ്രഹിക്കുക, മോഹിക്കുക",,,false,,false
Agreed/Concurred,وَافَقَ,وافق,"യോജിക്കുക, സമ്മതിക്കുക",,,false,,false
Faced/Confronted,وَاجَهَ,واجه,"അഭിമുഖീകരിക്കുക, നേർക്കുനേർ വരിക",,,false,,false
Made a will/Bequeathed,أَوْصَى,اوصي,"ഇഷ്ടദാനം നൽകുക, ഒസ്യത്ത് എഴുതുക",,,false,,false
Made something clear,أَوْضَحَ,اوضح,വ്യക്തമാക്കുക,,,false,,false
Lit/Kindled,أَوْقَدَ,اوقد,"തീ കൊളുത്തുക, കത്തിക്കുക",,,false,,false
Gave (A gift),وَهَبَ,وهب,"സമ്മാനിക്കുക, ദാനം ചെയ്യുക",,,false,,false
Relied on/Trusted,اِتَّكَلَ,اتكل,"ആശ്രയിക്കുക, വിശ്വസിക്കുക",,,false,,false
Connected/Joined,اِتَّصَلَ,اتصل,"ബന്ധിപ്പിക്കുക, കൂട്ടിച്ചേർക്കുക",,,false,,false
Followed/Obeyed,اِتَّبَعَ,اتبع,"പിന്തുടരുക, അനുസരിക്കുക",,,false,,false
Became united,اِتَّحَدَ,اتحد,"ഒന്നാവുക, ഐക്യപ്പെടുക",,,false,,false
Described,وَصَفَ,وصف,വിവരിക്കുക,,,false,,false
Reached (Made to),أَوْصَلَ,اوصل,എത്തിക്കുക,,,false,,false
Created,خَلَقَ,خلق,സൃഷ്ടിക്കുക,,,false,,false
Looked (Made to),نَظَرَ,نظر,നോക്കുക,,,false,,false
Was successful (Sought),اِسْتَوْفَى,استوفي,വിജയം തേടുക,,,false,,false
Completed/Fulfilled,اِسْتَوْلَى,استولي,"പൂർത്തിയാക്കുക, നിറവേറ്റുക",,,false,,false
Seized/Took over,تَوَقَّفَ,توقف,"പിടിച്ചെടുക്കുക, കൈവശപ്പെടുത്തുക",,,false,,false
Stopped/Paused,تَوَقَّعَ,توقع,"നിർത്തുക, ഇടവേള എടുക്കുക",,,false,,false
Expected/Anticipated,تَوَسَّطَ,توسط,"പ്രതീക്ഷിക്കുക, മുൻകൂട്ടി കാണുക",,,false,,false
Mediated/Intervened,تَوَفَّى,توفي,"മദ്ധ്യസ്ഥത വഹിക്കുക, ഇടപെടുക",,,false,,false
Died (Passed away),تَوَجَّهَ,توجه,മരണപ്പെടുക,,,false,,false
Directed (Itself)/Headed,تَوَاصَلَ,تواصل,ലക്ഷ്യമാക്കി നീങ്ങുക,,,false,,false
Communicated (Mutual),تَوَارَثَ,توارث,പരസ്പരം ബന്ധപ്പെടുക,,,false,,false
Inherited (Mutual),تَوَافَقَ,توافق,പരസ്പരം അവകാശമാവുക,,,false,,false
Agreed (Mutual),وَقَّعَ,وقع,പരസ്പരം യോജിക്കുക,,,false,,false
Signed,وَفَّرَ,وفر,"ഒപ്പിടുക, മുദ്ര വെക്കുക",,,false,,false
Provided/Saved,وَلَّى,ولي,"നൽകുക, സംരക്ഷിക്കുക",,,false,,false
Appointed/Turned away,وَالَى,والي,"നിയമിക്കുക, തിരിഞ്ഞു നടക്കുക",,,false,,false
Followed/Supported,وَاثَبَ,واثب,"പിന്തുടരുക, പിന്തുണയ്ക്കുക",,,false,,false
Jumped up/Attacked,وَاظَبَ,واظب,"ചാടിയെഴുന്നേൽക്കുക, ആക്രമിക്കുക",,,false,,false
Persevered/Maintained,وَاخَى,واخي,"സ്ഥിരമായി ചെയ്യുക, നിലനിർത്തുക",,,false,,false
Befriended,وَلِعَ,ولع,ചങ്ങാത്തം സ്ഥാപിക്കുക,,,false,,false
Was passionate/Fascinated,وَسِعَ,وسع,അഭിനിവേശമുള്ളവനാവുക,,,false,,false
Was wide/Vast,أَوْسَعَ,اوسع,"വിശാലമാവുക, വലുതാവുക",,,false,,false
Widened/Expanded,وَضَّحَ,وضح,"വികസിപ്പിക്കുക, വലുതാക്കുക",,,false,,false
Clarified/Explained,وَرَّطَ,ورط,"വ്യക്തമാക്കുക, വിശദീകരിക്കുക",,,false,,false
Involved/Entangled,وَثِقَ,وثق,"ഉൾപ്പെടുത്തുക, കുരുക്കിൽ പെടുത്തുക",,,false,,false
Trusted/Believed,وَثَبَ,وثب,"വിശ്വസിക്കുക, ആശ്രയിക്കുക",,,false,,false
Jumped,وَثَبَ,وثب,ചാടുക,,,false,,false
Day,يَوْم,يوم,ദിവസം,,,false,,false
Yemen (Country),الْيَمَن,اليمن,യമൻ (രാജ്യം),,,false,,false
Diamond/Ruby,يَاقُوت,ياقوت,"വജ്രം, മാണിക്യം",,,false,,false
Certainty/Conviction,يَقِين,يقين,"നിശ്ചയം, ഉറപ്പ്",,,false,,false
Left (Side),يَسَار,يسار,ഇടതുവശം,,,false,,false
Right (Side),يَمِين,يمين,വലതുവശം,,,false,,false
Ease/Facility,يُسْر,يسر,"എളുപ്പം, സൗകര്യം",,,false,,false
Despair/Hopelessness,يَأْس,ياس,"നിരാശ, പ്രതീക്ഷയില്ലായ്മ",,,false,,false
Source/Spring,يَنْبُوع,ينبوع,"ഉറവ, നീരുറവ",,,false,,false
Day (Plural),أَيَّام,ايام,ദിവസങ്ങൾ,,,false,,false
Hands (Plural),أَيْدِي,ايدي,കൈകൾ,,,false,,false
Sea/Ocean (Literary),يَمّ,يم,കടൽ (വിശാലമായ),,,false,,false
Jasmine (Flower),يَاسَمِين,ياسمين,മുല്ലപ്പൂവ്,,,false,,false
Wakefulness/Vigilance,يَقَظَة,يقظة,"ഉണർവ്വ്, ജാഗ്രത",,,false,,false
Yawn,تَثَاؤُب,تثاوب,കോട്ടുവാ,,,false,,false
Inheritor/Heir,وَارِث,وارث,അവകാശി,,,false,,false
Bird (Dove/Pigeon),يَمَامَة,يمامة,ഒരു പക്ഷി (പ്രാവ്),,,false,,false
Rest/Remains,بَقِيَّة,بقية,"ബാക്കി, ശേഷിപ്പ്",,,false,,false
River (Name),نِيل,نيل,നദി (നൈൽ),,,false,,false
Youth/Prime,صِبَا,صبا,"യൗവ്വനം, ബാല്യം",,,false,,false
Hunger,جُوع,جوع,വിശപ്പ്,,,false,,false
Evening,مَسَاء,مساء,സന്ധ്യ,,,false,,false
Earth,أَرْض,ارض,ഭൂമി,,,false,,false
Angel,مَلَاك,ملاك,മാലാഖ,,,false,,false
Demon,شَيْطَان,شيطان,പിശാച്,,,false,,false
Daybreak/Dawn,فَجْر,فجر,പ്രഭാതം,,,false,,false
Nightfall/Sunset,غُرُوب,غروب,"രാവുക, അസ്തമയം",,,false,,false
Need/Want,حَاجَة,حاجة,"ആവശ്യം, ദാരിദ്ര്യം",,,false,,false
Affliction/Trial,بَلَاء,بلاء,"കഷ്ടപ്പാട്, പരീക്ഷണം",,,false,,false
Male name (Prophet's name),يُونُس,يونس,പുരുഷനാമം,,,false,,false
Male name (Prophet's name),يَحْيَى,يحيي,പുരുഷനാമം,,,false,,false
Male name (Prophet's name),يُوسُف,يوسف,പുരുഷനാമം,,,false,,false
The Holy Day (Friday),جُمْعَة,جمعة,പുണ്യദിനം (വെള്ളി),,,false,,false
Hope/Expectation,أَمَل,امل,പ്രതീക്ഷ,,,false,,false
A river in heaven,يَاقُوتَة,ياقوتة,സ്വർഗ്ഗത്തിലെ നദി,,,false,,false
A gem/Jewel,يَمَانِيّ,يماني,"രത്നം, മാണിക്യം",,,false,,false
Yemeni (Person/Thing),يَمَانِيّ,يماني,യമനിലെ,,,false,,false
A type of plant,يُخْنَس,يخنس,ഒരു തരം സസ്യം,,,false,,false
A type of shoe/Sandal,نَعْل,نعل,ഒരു തരം ചെരിപ്പ്,,,false,,false
Became certain/Sure,يَقِنَ,يقن,"തീർച്ചയാവുക, ഉറപ്പാവുക",,,false,,false
Was easy/Facile,يَسُرَ,يسر,"എളുപ്പമാവുക, ലളിതമാവുക",,,false,,false
Despaired/Lost hope,يَئِسَ,ييس,"നിരാശനാവുക, പ്രതീക്ഷ നഷ്ടപ്പെടുക",,,false,,false
Left (Side),يَسَرَ,يسر,ഇടതുവശത്തേക്ക് പോവുക,,,false,,false
Right (Side),يَمَنَ,يمن,വലതുവശത്തേക്ക് പോവുക,,,false,,false
Woke up/Was alert,يَقِظَ,يقظ,"ഉണരുക, ജാഗ്രത പാലിക്കുക",,,false,,false
Bore fruit/Yielded,أَيْنَعَ,اينع,"ഫലം നൽകുക, വിളവ് നൽകുക",,,false,,false
Knew/Was certain of,أَيْقَنَ,ايقن,"അറിയുക, തീർച്ചപ്പെടുത്തുക",,,false,,false
Made easy/Facilitated,يَسَّرَ,يسر,"എളുപ്പമാക്കുക, ലഘൂകരിക്കുക",,,false,,false
Despaired (Made to),أَيْأَسَ,اياس,നിരാശപ്പെടുത്തുക,,,false,,false
Rabbit/Hare,أَرْنَب,ارنب,മുയൽ,,,false,,false
Snake/Viper,أَفْعَى,افعي,"പാമ്പ്, അണലി",,,false,,false
Snake (Figurative),أَفْعَى,افعي,പാമ്പ് (രൂപകം),,,false,,false
Goose (Figurative),إِوَزَّة,اوزة,വാത്ത (രൂപകം),,,false,,false
Duck,بَطَّة,بطة,താറാവ്,,,false,,false
Parrot,بَبْغَاء,ببغاء,തത്ത,,,false,,false
Goat (Male),تَيْس,تيس,മുട്ടനാട്,,,false,,false
Bull/Ox,ثَوْر,ثور,"കാള, പോത്ത്",,,false,,false
Gaur (Ox),ثَوْر,ثور,കാട്ടുപോത്ത് (കാട്ടുപശു),,,false,,false
Fox (Figurative),ثَعْلَب,ثعلب,കുറുക്കൻ (രൂപകം),,,false,,false
Snake (Large),ثُعْبَان,ثعبان,വലിയ പാമ്പ്,,,false,,false
Snake,ثُعْبَان,ثعبان,പാമ്പ്,,,false,,false
Goat (Kid),جَدْي,جدي,ആട്ടിൻകുട്ടി,,,false,,false
Locust,جَرَادَة,جرادة,വെട്ടുകിളി,,,false,,false
Horse (Figurative),حِصَان,حصان,കുതിര (രൂപകം),,,false,,false
Donkey/Ass,حِمَار,حمار,കഴുത,,,false,,false
Wild Ass,حِمَار,حمار,കാട്ടുകഴുത,,,false,,false
Donkey (Figurative),حِمَار,حمار,കഴുത (രൂപകം),,,false,,false
Snake,حَيَّة,حية,പാമ്പ്,,,false,,false
Chameleon,حِرْبَاء,حرباء,ഓന്ത്,,,false,,false
Pig/Boar,خِنْزِير,خنزير,"പന്നി, കാട്ടുപന്നി",,,false,,false
Wild Boar,خِنْزِير,خنزير,കാട്ടുപന്നി,,,false,,false
Bat,خُفَّاش,خفاش,വവ്വാൽ,,,false,,false
Bat (Figurative),خُفَّاش,خفاش,വവ്വാൽ (രൂപകം),,,false,,false
Rooster/Cock,دِيك,ديك,പൂവൻ കോഴി,,,false,,false
Insect/Worm,دُودَة,دودة,"പ്രാണികൾ, പുഴു",,,false,,false
Wolf (Figurative),ذِئْب,ذيب,ചെന്നായ (രൂപകം),,,false,,false
Fly (Small),ذُبَابَة,ذبابة,ഈച്ച (ചെറുത്),,,false,,false
Fish,سَمَكَة,سمكة,മീൻ,,,false,,false
Trout (Fish),سَمَكَة,سمكة,ഒരുതരം മീൻ,,,false,,false
Fish (Figurative),سَمَكَة,سمكة,മത്സ്യം (രൂപകം),,,false,,false
Turtle/Tortoise,سُلَحْفَاة,سلحفاة,ആമ,,,false,,false
Lizard,سِحْلِيَّة,سحلية,പല്ലി,,,false,,false
Crab,سَرَطَان,سرطان,ഞണ്ട്,,,false,,false
Seagull,نَوْرَس,نورس,കടൽക്കാക്ക,,,false,,false
Falcon/Hawk,صَقْر,صقر,"പരുന്ത്, പ്രാപ്പിടിയൻ",,,false,,false
Chick,صِيصَان,صيصان,കോഴിക്കുഞ്ഞ്,,,false,,false
Frog,ضِفْدَع,ضفدع,തവള,,,false,,false
Hyaena (Female),ضَبُع,ضبع,പെൺ കഴുതപ്പുലി,,,false,,false
Lizard (Small),ضَبّ,ضب,ചെറിയ പല്ലി,,,false,,false
Small Bird (Figurative),طَائِر,طاير,ചെറിയ പക്ഷി (രൂപകം),,,false,,false
Small Bird (Wren),طَائِر,طاير,ചെറിയ പക്ഷി,,,false,,false
Peacock,طَاوُوس,طاووس,മയിൽ,,,false,,false
Antelope,ظَبْي,ظبي,മാൻ വർഗ്ഗം,,,false,,false
Eagle/Hawk,عُقَاب,عقاب,"കഴുകൻ, പരുന്ത്",,,false,,false
Gazelle,غَزَال,غزال,"മാൻ, കലമാൻ",,,false,,false
Ram,غَنَم,غنم,മുട്ടാട്,,,false,,false
Sheep (Figurative),غَنَم,غنم,ആട് (രൂപകം),,,false,,false
Gnat,غَنَمَة,غنمة,കൊതുക് (ചെറിയ പ്രാണികൾ),,,false,,false
Mouse/Rat,فَأْر,فار,"എലി, പെരുച്ചാഴി",,,false,,false
Panther/Leopard,فَهْد,فهد,പുള്ളിപ്പുലി,,,false,,false
Butterfly,فَرَاشَة,فراشة,പൂമ്പാറ്റ,,,false,,false
Small Bird,فُرَيْخ,فريخ,ചെറിയ പക്ഷി,,,false,,false
Seal,فُقْمَة,فقمة,കടൽനായ,,,false,,false
Hippopotamus,فَرَسُ الْبَحْر,فرس البحر,ഹിപ്പോപൊട്ടാമസ്,,,true,,false
Wildcat,قِطّ,قط,കാട്ടുപൂച്ച,,,false,,false
Otter,قُنْفُذ,قنفذ,നീർനായ,,,false,,false
Partridge (Bird),قَطَاة,قطاة,കാടപ്പക്ഷി,,,false,,false
Louse,قَمْلَة,قملة,പേൻ,,,false,,false
Ram,كَبْش,كبش,ആട്ടിൻകുട്ടി,,,false,,false
Ram (Figurative),كَبْش,كبش,മുട്ടാട് (രൂപകം),,,false,,false
Kangaroo,كَنْغَر,كنغر,കംഗാരു,,,false,,false
Lion,لَيْث,ليث,സിംഹം,,,false,,false
Cow/Cattle,مَاشِيَة,ماشية,കന്നുകാലി,,,false,,false
Goat (Female),مَاعِزَة,ماعزة,പെൺകോലാട്,,,false,,false
Goat,مَاعِز,ماعز,കോലാട്,,,false,,false
Kitten,هِرَّة,هرة,പൂച്ചക്കുട്ടി,,,false,,false
Tiger,نَمِر,نمر,കടുവ,,,false,,false
Leopard (Figurative),نَمِر,نمر,പുള്ളിപ്പുലി (രൂപകം),,,false,,false
Camel (Female),نَاقَة,ناقة,പെൺ ഒട്ടകം,,,false,,false
Ostrich,نَعَامَة,نعامة,ഒട്ടകപ്പക്ഷി,,,false,,false
Vulture,نَسْر,نسر,കഴുകൻ,,,false,,false
Vulture/Eagle,نَسْر,نسر,കഴുകൻ,,,false,,false
Cat (Female),هِرَّة,هرة,പൂച്ച (പെൺ),,,false,,false
Wild Duck,وَزّ,وز,കാട്ടു താറാവ്,,,false,,false
Dove/Pigeon,يَمَامَة,يمامة,"പ്രാവ്, കപോതം",,,false,,false
Pronoun,ضَمِير,ضمير,സർവ്വനാമം,,,false,,false
I/Me,أَنَا,انا,ഞാൻ/എന്നെ,,,false,,false
You (Masculine Singular),أَنْتَ,انت,നീ/,,,false,,false
He/It (Masculine),هُوَ,هو,അവൻ/അത്,,,false,,false
She/It (Feminine),هِيَ,هي,അവൾ/അത്,,,false,,false
In/At/By,فِي,في,ഇൽ//വഴി,,,false,,false
To/For,لِـ,ل,ലേക്ക്/വേണ്ടി,,,false,,false
From/Of,مِنْ,من,നിന്ന്/ന്റെ,,,false,,false
On/Upon,عَلَى,علي,മേൽ/ഉപരി,,,false,,false
With/By means of,بِـ,ب,കൂടി/വഴി,,,false,,false
And,وَ,و,ഉം,,,false,,false
Or,أَوْ,او,അല്ലെങ്കിൽ,,,false,,false
Then/So,فَـ,ف,അപ്പോൾ/അതുകൊണ്ട്,,,false,,false
But/Rather,بَلْ,بل,പക്ഷേ/പകരം,,,false,,false
When/As,إِذْ,اذ,മ്പോൾ/സമയത്ത്,,,false,,false
The (Definite Article),الْـ,ال,നിർണ്ണായകമായ,,,false,,false
That (Masculine Singular),ذَلِكَ,ذلك,ആ,,,false,,false
This (Masculine Singular),هَذَا,هذا,ഈ,,,false,,false
